Date,Open,High,Low,Close,Volume,Dividends,Stock Splits
2016-08-18 00:00:00-04:00,24.97933722754291,25.063949811272032,24.93131170008234,24.94503402709961,87938800,0.0,0.0
2016-08-19 00:00:00-04:00,24.87413258392679,25.084524667333604,24.780372392776844,25.009057998657227,101472400,0.0,0.0
2016-08-22 00:00:00-04:00,24.89472355416963,24.9496076294832,24.663750526155635,24.81468391418457,103280800,0.0,0.0
2016-08-23 00:00:00-04:00,24.832974407753408,24.999915703376054,24.819253826785246,24.892433166503906,85030800,0.0,0.0
2016-08-24 00:00:00-04:00,24.82839498698023,24.869558463882164,24.624864946946378,24.704904556274414,94700400,0.0,0.0
2016-08-25 00:00:00-04:00,24.558548889937846,24.670604356571072,24.396182307137458,24.599712371826172,100344800,0.0,0.0
2016-08-26 00:00:00-04:00,24.563121397811965,24.686610087776163,24.311565839318675,24.455638885498047,111065200,0.0,0.0
2016-08-29 00:00:00-04:00,24.382463338384497,24.56998549165305,24.30699665914969,24.428199768066406,99881200,0.0,0.0
2016-08-30 00:00:00-04:00,24.19494806658718,24.355027360736198,24.12634165781849,24.240684509277344,99455600,0.0,0.0
2016-08-31 00:00:00-04:00,24.162929293956257,24.371032351254886,24.15835460339883,24.2635498046875,118649600,0.0,0.0
2016-09-01 00:00:00-04:00,24.272688349100076,24.42362167576079,24.1537726101486,24.40761375427246,106806000,0.0,0.0
2016-09-02 00:00:00-04:00,24.629446634180532,24.698053034948686,24.428203867184916,24.636308670043945,107210000,0.0,0.0
2016-09-06 00:00:00-04:00,24.67518229973964,24.76665690985694,24.585995034676863,24.629444122314453,107521600,0.0,0.0
2016-09-07 00:00:00-04:00,24.659173322599212,24.871851040543895,24.48537174525884,24.780376434326172,169457200,0.0,0.0
2016-09-08 00:00:00-04:00,24.526535907357516,24.531108852664694,24.066877263365704,24.130908966064453,212008000,0.0,0.0
2016-09-09 00:00:00-04:00,23.92967027841052,24.176651240451452,23.584354400634766,23.584354400634766,186228000,0.0,0.0
2016-09-12 00:00:00-04:00,23.47458241005094,24.176647288411548,23.44713950384346,24.11261558532715,181171200,0.0,0.0
2016-09-13 00:00:00-04:00,24.58599829073664,24.878715686091734,24.524252179218525,24.68661880493164,248704800,0.0,0.0
2016-09-14 00:00:00-04:00,24.864989328027217,25.848336490600545,24.835259079485677,25.560192108154297,443554800,0.0,0.0
2016-09-15 00:00:00-04:00,26.03814698558614,26.46578975844702,25.953532671086496,26.42919921875,359934400,0.0,0.0
2016-09-16 00:00:00-04:00,26.326286261433125,26.55725745562229,26.079305400688995,26.280548095703125,319547600,0.0,0.0
2016-09-19 00:00:00-04:00,26.342297456755436,26.56869573487193,25.89864679007236,25.97411346435547,188092000,0.0,0.0
2016-09-20 00:00:00-04:00,25.852910795148613,26.097604345917137,25.729420347368304,25.971826553344727,138057200,0.0,0.0
2016-09-21 00:00:00-04:00,26.03585545778515,26.06787130250994,25.713409665990444,25.96725082397461,144012800,0.0,0.0
2016-09-22 00:00:00-04:00,26.150202295608366,26.285127728976082,26.070162671440883,26.21194839477539,124296000,0.0,0.0
2016-09-23 00:00:00-04:00,26.166212094527168,26.250826414554755,25.509885384613206,25.77515983581543,209924800,0.0,0.0
2016-09-26 00:00:00-04:00,25.53046758597969,25.930667501061446,25.50988671353312,25.814037322998047,119477600,0.0,0.0
2016-09-27 00:00:00-04:00,25.841473957379012,25.882637437011933,25.69054061714738,25.8620548248291,98429600,0.0,0.0
2016-09-28 00:00:00-04:00,25.999272158841745,26.216522828883264,25.939813401197508,26.05872917175293,118564400,0.0,0.0
2016-09-29 00:00:00-04:00,25.878066233039693,26.024424893860175,25.56705364261295,25.653953552246094,143548000,0.0,0.0
2016-09-30 00:00:00-04:00,25.71798367003567,25.92608841405423,25.56705207364735,25.852909088134766,145516400,0.0,0.0
2016-10-03 00:00:00-04:00,25.775157447782696,25.852911470148342,25.67682255594942,25.731706619262695,86807200,0.0,0.0
2016-10-04 00:00:00-04:00,25.855197020048127,26.141054060318368,25.75686212840585,25.841476440429688,118947200,0.0,0.0
2016-10-05 00:00:00-04:00,25.93294870324469,25.992407450783244,25.77058212838377,25.852909088134766,85812400,0.0,0.0
2016-10-06 00:00:00-04:00,26.001562587763804,26.14792129165761,25.871211812585464,26.045013427734375,115117200,0.0,0.0
2016-10-07 00:00:00-04:00,26.141054694964502,26.198226104406544,25.958107231589743,26.08388328552246,97433600,0.0,0.0
2016-10-10 00:00:00-04:00,26.30341191463926,26.699038694670783,26.234807294597278,26.538959503173828,144944000,0.0,0.0
2016-10-11 00:00:00-04:00,26.916298399358585,27.142698433019806,26.57326994867143,26.596139907836914,256164000,0.0,0.0
2016-10-12 00:00:00-04:00,26.83625455336549,26.98032759661097,26.699043543629553,26.833967208862305,150347200,0.0,0.0
2016-10-13 00:00:00-04:00,26.708200926158003,26.856846967937212,26.46350731697683,26.751651763916016,140769600,0.0,0.0
2016-10-14 00:00:00-04:00,26.957459030571766,27.023778066721302,26.785944823377953,26.900287628173828,142608800,0.0,0.0
2016-10-17 00:00:00-04:00,26.831690749018982,26.948319187419795,26.7059129294888,26.882001876831055,94499600,0.0,0.0
2016-10-18 00:00:00-04:00,27.02606937128049,27.032929661416194,26.859128084135385,26.86370277404785,98214000,0.0,0.0
2016-10-19 00:00:00-04:00,26.813395120060363,26.930025301645205,26.02443024725678,26.783666610717773,80138400,0.0,0.0
2016-10-20 00:00:00-04:00,26.72420109018321,26.843116842219377,26.602997993473434,26.76993751525879,96503200,0.0,0.0
2016-10-21 00:00:00-04:00,26.71276910594301,26.73563906577721,26.591565995646846,26.664745330810547,92770800,0.0,0.0
2016-10-24 00:00:00-04:00,26.779083671080933,26.925442316923476,26.756215459805414,26.904861450195312,94154800,0.0,0.0
2016-10-25 00:00:00-04:00,26.973473528044174,27.06723548830231,26.827114841810193,27.04207992553711,192516000,0.0,0.0
2016-10-26 00:00:00-04:00,26.141053806189035,26.458926692300718,25.912368176196,26.43377113342285,264536800,0.0,0.0
2016-10-27 00:00:00-04:00,26.388030811250648,26.495513320643504,26.093026182725357,26.179927825927734,138248000,0.0,0.0
2016-10-28 00:00:00-04:00,26.040433412078734,26.34687131993518,25.944384121128103,26.00613021850586,151446800,0.0,0.0
2016-10-31 00:00:00-04:00,25.990125196790462,26.122763296228115,25.887215604578586,25.964969635009766,105677600,0.0,0.0
2016-11-01 00:00:00-04:00,25.94666953829954,26.017561520279223,25.276620619923364,25.496158599853516,175303200,0.0,0.0
2016-11-02 00:00:00-04:00,25.47558434052238,25.692835032144323,25.436708194818788,25.519033432006836,113326800,0.0,0.0
2016-11-03 00:00:00-04:00,25.50983966761461,25.62017138216034,25.18114010547502,25.245500564575195,107730400,0.1425,0.0
2016-11-04 00:00:00-04:00,24.94668073850706,25.34203982636608,24.85014005529243,25.01793670654297,123348000,0.0,0.0
2016-11-07 00:00:00-05:00,25.302964365588775,25.401804138645407,25.160450674251727,25.37881851196289,130240000,0.0,0.0
2016-11-08 00:00:00-05:00,25.355830121282235,25.67993323177175,25.215615524307584,25.52822494506836,97016800,0.0,0.0
2016-11-09 00:00:00-05:00,25.256990967873747,25.587989598793193,24.83634892038631,25.48685073852539,236705600,0.0,0.0
2016-11-10 00:00:00-05:00,25.535120808105646,25.535120808105646,24.32605969000553,24.77658462524414,228538000,0.0,0.0
2016-11-11 00:00:00-05:00,24.622580761255733,25.02483538436414,24.49156075416235,24.923696517944336,136575600,0.0,0.0
2016-11-14 00:00:00-05:00,24.758194790163717,24.781180415658593,23.923804484233084,24.29847526550293,204702000,0.0,0.0
2016-11-15 00:00:00-05:00,24.496152932155507,24.751297389168002,24.401911348710634,24.620277404785156,129058000,0.0,0.0
2016-11-16 00:00:00-05:00,24.526031732711335,25.33743802767343,24.503046111158728,25.282270431518555,235362000,0.0,0.0
2016-11-17 00:00:00-05:00,25.240900598535497,25.365025083873647,25.01563900764434,25.273080825805664,110528000,0.0,0.0
2016-11-18 00:00:00-05:00,25.220215064064362,25.408700011438132,25.206424038597554,25.29836654663086,113715600,0.0,0.0
2016-11-21 00:00:00-05:00,25.312157547067688,25.741994178360056,25.286872833028042,25.682231903076172,117058400,0.0,0.0
2016-11-22 00:00:00-05:00,25.732796037947203,25.840830391494627,25.606374238828955,25.698318481445312,103862000,0.0,0.0
2016-11-23 00:00:00-05:00,25.597180023140183,25.631659333849804,25.36042477859301,25.567298889160156,109705600,0.0,0.0
2016-11-25 00:00:00-05:00,25.54431185864325,25.714409326128887,25.502937035969804,25.696020126342773,45903600,0.0,0.0
2016-11-28 00:00:00-05:00,25.613277989221903,25.852332395445483,25.604083386633558,25.645458221435547,108776000,0.0,0.0
2016-11-29 00:00:00-05:00,25.46386777010459,25.751192513409958,25.300667526350065,25.62017250061035,114115200,0.0,0.0
2016-11-30 00:00:00-05:00,25.65234553282995,25.790261020175535,25.34663167085868,25.404096603393555,144649200,0.0,0.0
2016-12-01 00:00:00-05:00,25.36962276149973,25.500642756715852,25.06160976609378,25.16734504699707,148347600,0.0,0.0
2016-12-02 00:00:00-05:00,25.09378875204552,25.30525930339659,25.020233701415115,25.261587142944336,106112000,0.0,0.0
2016-12-05 00:00:00-05:00,25.2845749809842,25.29147049357029,24.882320379013997,25.079999923706055,137298000,0.0,0.0
2016-12-06 00:00:00-05:00,25.16964463153597,25.367324172590333,25.09838866453644,25.273080825805664,104782000,0.0,0.0
2016-12-07 00:00:00-05:00,25.114475106237848,25.558104464389725,25.091489483504244,25.521326065063477,119994800,0.0,0.0
2016-12-08 00:00:00-05:00,25.482255381982473,25.84313516687226,25.422491348076566,25.771879196166992,108273200,0.0,0.0
2016-12-09 00:00:00-05:00,25.81555213825206,26.364916889343522,25.81555213825206,26.192522048950195,137610400,0.0,0.0
2016-12-12 00:00:00-05:00,26.04081271248829,26.43387269604749,25.856924200952502,26.04311180114746,105497600,0.0,0.0
2016-12-13 00:00:00-05:00,26.167232723536717,26.645341417576397,26.146546188104477,26.4775447845459,174935200,0.0,0.0
2016-12-14 00:00:00-05:00,26.443065471801468,26.709701866064297,26.429274448179974,26.4775447845459,136127200,0.0,0.0
2016-12-15 00:00:00-05:00,26.521219462804925,26.831531553286478,26.486741900476627,26.622358322143555,186098000,0.0,0.0
2016-12-16 00:00:00-05:00,26.771765431323193,26.77866094325025,26.583280505990434,26.656835556030273,177404400,0.0,0.0
2016-12-19 00:00:00-05:00,26.617761155624148,26.980938246977622,26.60626746604154,26.810842514038086,111117600,0.0,0.0
2016-12-20 00:00:00-05:00,26.83382881080029,27.00852272541942,26.82003778590881,26.882099151611328,85700000,0.0,0.0
2016-12-21 00:00:00-05:00,26.8476225932117,26.985538108355716,26.843024415615375,26.907384872436523,95132800,0.0,0.0
2016-12-22 00:00:00-05:00,26.74418157253058,26.780959974316932,26.58098136040775,26.730390548706055,104343600,0.0,0.0
2016-12-23 00:00:00-05:00,26.569490683491168,26.783260345458984,26.569490683491168,26.783260345458984,56998000,0.0,0.0
2016-12-27 00:00:00-05:00,26.783258305133447,27.07748026929318,26.77636279296477,26.95335578918457,73187600,0.0,0.0
2016-12-28 00:00:00-05:00,27.01311682853819,27.128046702602873,26.709702031155068,26.838424682617188,83623600,0.0,0.0
2016-12-29 00:00:00-05:00,26.767171219208755,26.918879518839184,26.755679282191622,26.831533432006836,60158000,0.0,0.0
2016-12-30 00:00:00-05:00,26.813142350917477,26.93956417139991,26.532713152708265,26.622358322143555,122345200,0.0,0.0
2017-01-03 00:00:00-05:00,26.617757300869563,26.739582676563,26.3787029724356,26.69820785522461,115127600,0.0,0.0
2017-01-04 00:00:00-05:00,26.62925921327887,26.780967532929388,26.606273582520334,26.6683349609375,84472400,0.0,0.0
2017-01-05 00:00:00-05:00,26.645343649037947,26.861412390220124,26.620058934487233,26.80394744873047,88774400,0.0,0.0
2017-01-06 00:00:00-05:00,26.843021488191795,27.160229067489293,26.771765526438056,27.102764129638672,127007600,0.0,0.0
2017-01-09 00:00:00-05:00,27.111958815476992,27.452152042252223,27.10966148046446,27.35101318359375,134247600,0.0,0.0
2017-01-10 00:00:00-05:00,27.300445927950253,27.440660537275928,27.19241330196169,27.378599166870117,97848400,0.0,0.0
2017-01-11 00:00:00-05:00,27.29354460540982,27.56707825286981,27.261364382613422,27.52570343017578,110354400,0.0,0.0
2017-01-12 00:00:00-05:00,27.330321770252056,27.42226601138382,27.171717998142032,27.4107723236084,108344800,0.0,0.0
2017-01-13 00:00:00-05:00,27.378598888463156,27.49582786880538,27.309640252099264,27.36250877380371,104447600,0.0,0.0
2017-01-17 00:00:00-05:00,27.201601911231894,27.638335785974654,27.174019863656817,27.58316993713379,137759200,0.0,0.0
2017-01-18 00:00:00-05:00,27.583176393143425,27.69810629478152,27.516516839750395,27.58087730407715,94852000,0.0,0.0
2017-01-19 00:00:00-05:00,27.44526003359795,27.603862100561834,27.438364520298357,27.53260612487793,102389200,0.0,0.0
2017-01-20 00:00:00-05:00,27.686606122921752,27.686606122921752,27.52110857639915,27.58316993713379,130391600,0.0,0.0
2017-01-23 00:00:00-05:00,27.583177109072004,27.769362993377065,27.530308581322167,27.601566314697266,88200800,0.0,0.0
2017-01-24 00:00:00-05:00,27.479732295697268,27.606154098997923,27.468238607356017,27.57627296447754,92844000,0.0,0.0
2017-01-25 00:00:00-05:00,27.67971520794924,28.065879721349187,27.647534977973493,28.015310287475586,129510400,0.0,0.0
2017-01-26 00:00:00-05:00,27.967031589848244,28.144024555544938,27.95094147966586,28.029094696044922,105350400,0.0,0.0
2017-01-27 00:00:00-05:00,28.075068870848856,28.123339206437908,27.950944399181004,28.031394958496094,82251600,0.0,0.0
2017-01-30 00:00:00-05:00,27.796938846873953,27.957839965820312,27.734877487763406,27.957839965820312,121510000,0.0,0.0
2017-01-31 00:00:00-05:00,27.84751666921803,27.902682533252058,27.725691249034423,27.89348793029785,196804000,0.0,0.0
2017-02-01 00:00:00-05:00,29.19908896851109,29.994405388574847,29.194492544315402,29.59444808959961,447940000,0.0,0.0
2017-02-02 00:00:00-05:00,29.41744532777498,29.741546594510268,29.371472335326125,29.543867111206055,134841600,0.0,0.0
2017-02-03 00:00:00-05:00,29.49330273313571,29.695580427074365,29.458825175024025,29.67029571533203,98029200,0.0,0.0
2017-02-06 00:00:00-05:00,29.68179064850104,29.996697383730634,29.628920380671016,29.94842529296875,107383600,0.0,0.0
2017-02-07 00:00:00-05:00,30.00588943407806,30.36217273870168,29.98520289889264,30.23345184326172,152735200,0.0,0.0
2017-02-08 00:00:00-05:00,30.19207532386738,30.39205215591123,30.162192438203466,30.350675582885742,92016400,0.0,0.0
2017-02-09 00:00:00-05:00,30.392227928366967,30.57691365734262,30.269874381470395,30.569988250732422,113399600,0.1425,0.0
2017-02-10 00:00:00-05:00,30.57923197573663,30.690042031268984,30.48458003206259,30.5007381439209,80262000,0.0,0.0
2017-02-13 00:00:00-05:00,30.72236564159911,30.893200620746768,30.6461826180301,30.770843505859375,92141600,0.0,0.0
2017-02-14 00:00:00-05:00,30.812389557128682,31.186375622723208,30.761600891111218,31.170217514038086,132904800,0.0,0.0
2017-02-15 00:00:00-05:00,31.285662716827844,31.45880503012387,31.077889827318987,31.28335189819336,142492400,0.0,0.0
2017-02-16 00:00:00-05:00,31.320290222259707,31.37338621277806,31.12867897007064,31.246417999267578,90338400,0.0,0.0
2017-02-17 00:00:00-05:00,31.188682150862423,31.357206234423593,31.188682150862423,31.331811904907227,88792800,0.0,0.0
2017-02-21 00:00:00-05:00,31.449547431226442,31.569593673200263,31.391833366010356,31.55805015563965,98028800,0.0,0.0
2017-02-22 00:00:00-05:00,31.495739117881833,31.655030608403848,31.421866896569643,31.65272331237793,83347600,0.0,0.0
2017-02-23 00:00:00-05:00,31.715037616499416,31.73812113148774,31.465712405548917,31.518808364868164,83152800,0.0,0.0
2017-02-24 00:00:00-05:00,31.37568587079479,31.548828125,31.230245250034194,31.548828125,87106400,0.0,0.0
2017-02-27 00:00:00-05:00,31.659645485318602,31.728903107496215,31.461108847123583,31.611164093017578,81029600,0.0,0.0
2017-02-28 00:00:00-05:00,31.64577812636694,31.72888652502733,31.55805161595121,31.625001907348633,93931600,0.0,0.0
2017-03-01 00:00:00-05:00,31.8327861816255,32.35452033367567,31.765839381187224,32.27141189575195,145658400,0.0,0.0
2017-03-02 00:00:00-05:00,32.31987333097394,32.38451279582896,32.03361032762555,32.07978439331055,104844000,0.0,0.0
2017-03-03 00:00:00-05:00,32.038240052746666,32.28063989511755,31.99437678799724,32.26909637451172,84432400,0.0,0.0
2017-03-06 00:00:00-05:00,32.17445547003515,32.26680014395962,31.996698577585153,32.16753005981445,87000000,0.0,0.0
2017-03-07 00:00:00-05:00,32.10289187308148,32.31527934798159,32.04055965593592,32.20908737182617,69785200,0.0,0.0
2017-03-08 00:00:00-05:00,32.077491511304345,32.27372083241931,32.04748257893479,32.08903503417969,74828800,0.0,0.0
2017-03-09 00:00:00-05:00,32.02901394806746,32.040553948462716,31.638866120296644,32.015159606933594,88623600,0.0,0.0
2017-03-10 00:00:00-05:00,32.14673985398543,32.17213418795133,32.00591736973592,32.12134552001953,78451200,0.0,0.0
2017-03-13 00:00:00-04:00,32.05441050857954,32.18830411217798,32.04748509882751,32.13520812988281,69686800,0.0,0.0
2017-03-14 00:00:00-04:00,32.15828822800166,32.23908583184447,32.052092763771405,32.08672332763672,61236400,0.0,0.0
2017-03-15 00:00:00-04:00,32.18367518060828,32.49302175365911,32.09594866605252,32.42607498168945,102767200,0.0,0.0
2017-03-16 00:00:00-04:00,32.486100975279875,32.55535857439694,32.379905520288666,32.47917556762695,76928000,0.0,0.0
2017-03-17 00:00:00-04:00,32.55074866053692,32.55074866053692,32.2944979450717,32.31758499145508,175540000,0.0,0.0
2017-03-20 00:00:00-04:00,32.41222598682167,32.666169348388465,32.37298083505005,32.65693664550781,86168000,0.0,0.0
2017-03-21 00:00:00-04:00,32.80698462945579,32.966276019169946,32.257545580317036,32.28293991088867,158119600,0.0,0.0
2017-03-22 00:00:00-04:00,32.28525489030374,32.68925341438111,32.26447514618463,32.64769744873047,103440800,0.0,0.0
2017-03-23 00:00:00-04:00,32.610754994799294,32.68463069105053,32.46069983034619,32.532264709472656,81385200,0.0,0.0
2017-03-24 00:00:00-04:00,32.66616502927259,32.721571806994355,32.400681704854115,32.467628479003906,89582400,0.0,0.0
2017-03-27 00:00:00-04:00,32.179056024283945,32.60152343015169,32.00129570624854,32.523033142089844,94300400,0.0,0.0
2017-03-28 00:00:00-04:00,32.52997258774683,33.25255064482762,32.463022266468414,33.197147369384766,133499200,0.0,0.0
2017-03-29 00:00:00-04:00,33.16943400921991,33.35643058537808,33.05631666809547,33.27101135253906,116760000,0.0,0.0
2017-03-30 00:00:00-04:00,33.28717868536346,33.358743592432035,33.12788723539098,33.22715377807617,84829200,0.0,0.0
2017-03-31 00:00:00-04:00,33.178668624823224,33.305640297811806,33.01475909740384,33.164817810058594,78646800,0.0,0.0
2017-04-03 00:00:00-04:00,33.17636782480755,33.27101625175768,33.02400178739265,33.17405700683594,79942800,0.0,0.0
2017-04-04 00:00:00-04:00,33.070163735012486,33.44876791191297,33.051694808994476,33.42106628417969,79565600,0.0,0.0
2017-04-05 00:00:00-04:00,33.29409535946504,33.58035843522584,33.19944343248918,33.2479248046875,110871600,0.0,0.0
2017-04-06 00:00:00-04:00,33.310254887674894,33.36335437438955,33.1163364357947,33.164817810058594,84596000,0.0,0.0
2017-04-07 00:00:00-04:00,33.18098002721279,33.284864673395035,33.07478808581338,33.090946197509766,66688800,0.0,0.0
2017-04-10 00:00:00-04:00,33.150966820278995,33.2156063038978,32.9893645886443,33.05169677734375,75733600,0.0,0.0
2017-04-11 00:00:00-04:00,32.99860347139208,33.09325540952474,32.33373613194622,32.69618225097656,121517600,0.0,0.0
2017-04-12 00:00:00-04:00,32.689272532854254,32.816240753752176,32.55306455933689,32.735443115234375,81400000,0.0,0.0
2017-04-13 00:00:00-04:00,32.76082296364392,32.86932572163703,32.562286376953125,32.562286376953125,71291600,0.0,0.0
2017-04-17 00:00:00-04:00,32.66156182866395,32.75390650035983,32.52073928659313,32.74236297607422,66328400,0.0,0.0
2017-04-18 00:00:00-04:00,32.645386121478026,32.7908231768218,32.57612853567344,32.59690475463867,58790000,0.0,0.0
2017-04-19 00:00:00-04:00,32.75390194444348,32.78160358080456,32.423775513256935,32.476871490478516,69313600,0.0,0.0
2017-04-20 00:00:00-04:00,32.60153746712404,32.9939925989966,32.5876866482774,32.883182525634766,93278400,0.0,0.0
2017-04-21 00:00:00-04:00,32.883178261307776,32.93858152950958,32.74697386352734,32.84393310546875,69283600,0.0,0.0
2017-04-24 00:00:00-04:00,33.12787847113817,33.23176309980541,33.05400276558699,33.16019821166992,68537200,0.0,0.0
2017-04-25 00:00:00-04:00,33.2225470319488,33.451092624928684,33.2133108028367,33.36567687988281,75486000,0.0,0.0
2017-04-26 00:00:00-04:00,33.35181972629284,33.381832181324775,33.10018713089948,33.16944122314453,80164800,0.0,0.0
2017-04-27 00:00:00-04:00,33.22484048167015,33.28024726548445,33.084017988406494,33.194828033447266,56985200,0.0,0.0
2017-04-28 00:00:00-04:00,33.26408726556515,33.31256864410618,33.07478690943521,33.16250991821289,83441600,0.0,0.0
2017-05-01 00:00:00-04:00,33.497261770422504,33.98205804941861,33.46494201848943,33.83892822265625,134411600,0.0,0.0
2017-05-02 00:00:00-04:00,34.060544793553,34.187516492302215,33.898946050866904,34.053619384765625,181408800,0.0,0.0
2017-05-03 00:00:00-04:00,33.61037462315417,34.049003794817544,33.30564607768654,33.94973373413086,182788000,0.0,0.0
2017-05-04 00:00:00-04:00,33.82508146750844,33.968211311466995,33.66117186991945,33.827388763427734,93487600,0.0,0.0
2017-05-05 00:00:00-04:00,33.880468588027576,34.39296984476421,33.880468588027576,34.38835525512695,109310800,0.0,0.0
2017-05-08 00:00:00-04:00,34.40451517982148,35.48261371172281,34.40451517982148,35.32332229614258,195009600,0.0,0.0
2017-05-09 00:00:00-04:00,35.521847773904675,35.75501482585242,35.42488857785588,35.54955291748047,156521600,0.0,0.0
2017-05-10 00:00:00-04:00,35.4664540764227,35.538018964961594,35.1155515182517,35.38103485107422,103222800,0.0,0.0
2017-05-11 00:00:00-04:00,35.33931694196356,35.71485030550532,35.30686379075656,35.68703079223633,109020400,0.1575,0.0
2017-05-12 00:00:00-04:00,35.86088217624112,36.25959427924951,35.85392818328043,36.18541717529297,130108000,0.0,0.0
2017-05-15 00:00:00-04:00,36.16454597351058,36.31290369522658,35.942011159500126,36.09268569946289,104038800,0.0,0.0
2017-05-16 00:00:00-04:00,36.14833356066949,36.17614953767241,35.865526004045456,36.03938293457031,80194000,0.0,0.0
2017-05-17 00:00:00-04:00,35.60589263781273,35.830747832802935,34.70415503934131,34.82933044433594,203070800,0.0,0.0
2017-05-18 00:00:00-04:00,35.06577714728135,35.54562033107779,35.033324002179796,35.360172271728516,134272800,0.0,0.0
2017-05-19 00:00:00-04:00,35.554901172156406,35.693984589220776,35.38104424797981,35.48072052001953,107843200,0.0,0.0
2017-05-22 00:00:00-04:00,35.698617325259924,35.8330670876935,35.44594614245283,35.6963005065918,91865600,0.0,0.0
2017-05-23 00:00:00-04:00,35.907244012150436,35.907244012150436,35.53866822949923,35.65225601196289,79675600,0.0,0.0
2017-05-24 00:00:00-04:00,35.66152455835698,35.73802201469214,35.39030823342003,35.54561996459961,76712000,0.0,0.0
2017-05-25 00:00:00-04:00,35.636038207100896,35.779762360234024,35.47377242497843,35.66849136352539,76942400,0.0,0.0
2017-05-26 00:00:00-04:00,35.6986131398825,35.754248615544256,35.538664242341355,35.60820770263672,87710400,0.0,0.0
2017-05-30 00:00:00-04:00,35.56417521962942,35.79830129211459,35.54331323574162,35.622127532958984,80507600,0.0,0.0
2017-05-31 00:00:00-04:00,35.69166548354051,35.738026619591665,35.323089676811115,35.41117477416992,97804800,0.0,0.0
2017-06-01 00:00:00-04:00,35.50621284457555,35.543303163506685,35.28599482375414,35.50852966308594,65616400,0.0,0.0
2017-06-02 00:00:00-04:00,35.60126213247194,36.03474426269531,35.44131319709185,36.03474426269531,111082800,0.0,0.0
2017-06-05 00:00:00-04:00,35.77743475102646,35.80293390712862,35.57344503933726,35.68239212036133,101326800,0.0,0.0
2017-06-06 00:00:00-04:00,35.6754331617929,36.11818956652802,35.647617190689985,35.80292892456055,106499600,0.0,0.0
2017-06-07 00:00:00-04:00,35.93507371246903,36.157608628936586,35.809894726968395,36.016204833984375,84278400,0.0,0.0
2017-06-08 00:00:00-04:00,35.98837733234555,36.05560044220187,35.79133810279246,35.92810821533203,85003200,0.0,0.0
2017-06-09 00:00:00-04:00,35.974487637911324,35.974487637911324,33.8487966747132,34.534950256347656,259530800,0.0,0.0
2017-06-12 00:00:00-04:00,33.78386690536151,33.864997985851915,33.035120801670146,33.709686279296875,289229200,0.0,0.0
2017-06-13 00:00:00-04:00,34.113044202442644,34.180267317025965,33.64710542644517,33.98091125488281,136661600,0.0,0.0
2017-06-14 00:00:00-04:00,34.19185432860384,34.19185432860384,33.34343187398011,33.64942169189453,126124800,0.0,0.0
2017-06-15 00:00:00-04:00,33.2228946180029,33.49179058864316,32.96558627709412,33.44774627685547,128661600,0.0,0.0
2017-06-16 00:00:00-04:00,33.3295304773726,33.49643340429505,32.96327147313324,32.97949981689453,201444400,0.0,0.0
2017-06-19 00:00:00-04:00,33.30170765461845,34.01568035362184,33.30170765461845,33.92295455932617,130165600,0.0,0.0
2017-06-20 00:00:00-04:00,34.04581597861936,34.04581597861936,33.59842592166932,33.61465072631836,99600400,0.0,0.0
2017-06-21 00:00:00-04:00,33.7328795134011,33.86037529495847,33.52193226910873,33.81401062011719,85063200,0.0,0.0
2017-06-22 00:00:00-04:00,33.7908302237745,34.006411095665946,33.6401521119135,33.75837707519531,76425200,0.0,0.0
2017-06-23 00:00:00-04:00,33.64247838816975,34.11305089394243,33.63784121266299,33.9090576171875,141757600,0.0,0.0
2017-06-26 00:00:00-04:00,34.115365739113535,34.37267413935767,33.70042875204585,33.802425384521484,102769600,0.0,0.0
2017-06-27 00:00:00-04:00,33.61465144213694,33.88123414935827,33.292436789645436,33.317935943603516,99047600,0.0,0.0
2017-06-28 00:00:00-04:00,33.49411738215002,33.86964720809466,33.185810677504435,33.80474090576172,88329600,0.0,0.0
2017-06-29 00:00:00-04:00,33.545113643075645,33.642473090615525,32.98181540151095,33.30634689331055,125997600,0.0,0.0
2017-06-30 00:00:00-04:00,33.48483861282625,33.60306356993053,33.329526871517864,33.385162353515625,92096400,0.0,0.0
2017-07-03 00:00:00-04:00,33.58452342864035,33.681882883841496,33.171903269256724,33.264625549316406,57111200,0.0,0.0
2017-07-05 00:00:00-04:00,33.308660193167995,33.56364815781455,33.08380501536581,33.40138244628906,86278400,0.0,0.0
2017-07-06 00:00:00-04:00,33.153351065492295,33.26461848536121,33.0119473192959,33.086124420166016,96515200,0.0,0.0
2017-07-07 00:00:00-04:00,33.125537127404115,33.55438561225656,33.125537127404115,33.4222526550293,76806800,0.0,0.0
2017-07-10 00:00:00-04:00,33.406025548221365,33.83255364767231,33.23448545866642,33.626243591308594,84362400,0.0,0.0
2017-07-11 00:00:00-04:00,33.54974707837599,33.80937580737774,33.4686159744794,33.73519515991211,79127200,0.0,0.0
2017-07-12 00:00:00-04:00,33.81403402955368,33.88589437332723,33.57063700377372,33.78390121459961,99538000,0.0,0.0
2017-07-13 00:00:00-04:00,33.72824379624453,34.42135468439262,33.71433580804226,34.254451751708984,100797600,0.0,0.0
2017-07-14 00:00:00-04:00,34.300813153683656,34.616073858148916,34.152455383178136,34.54884719848633,80528400,0.0,0.0
2017-07-17 00:00:00-04:00,34.49785125121931,34.98001133617501,34.43989894381205,34.66938781738281,95174000,0.0,0.0
2017-07-18 00:00:00-04:00,34.58592381220187,34.801508156891565,34.46306524801784,34.7899169921875,71475200,0.0,0.0
2017-07-19 00:00:00-04:00,34.882652606104216,35.100553852405646,34.75979399482843,35.00783157348633,83692000,0.0,0.0
2017-07-20 00:00:00-04:00,35.119092534905725,35.17472801426754,34.81542305978523,34.85019302368164,68974800,0.0,0.0
2017-07-21 00:00:00-04:00,34.76907043902721,34.87338389337596,34.5117620318318,34.83397674560547,105010400,0.0,0.0
2017-07-24 00:00:00-04:00,34.90583254315868,35.33699783101642,34.74820043528581,35.255863189697266,85972800,0.0,0.0
2017-07-25 00:00:00-04:00,35.18864627665775,35.66153560939385,35.18864627665775,35.40654754638672,75415600,0.0,0.0
2017-07-26 00:00:00-04:00,35.54794139887237,35.68238761903824,35.48071475166183,35.57344055175781,63124000,0.0,0.0
2017-07-27 00:00:00-04:00,35.640675293399276,35.69631079161386,34.14550620802876,34.90120315551758,129905200,0.0,0.0
2017-07-28 00:00:00-04:00,34.74588106353463,34.824695343116254,34.583615329946674,34.65547561645508,68854800,0.0,0.0
2017-07-31 00:00:00-04:00,34.74820615187898,34.84788597153069,34.337906314401316,34.47698974609375,79383600,0.0,0.0
2017-08-01 00:00:00-04:00,34.56275619111648,34.82238138619338,34.402807263032315,34.78297424316406,141474400,0.0,0.0
2017-08-02 00:00:00-04:00,36.92258543799191,37.031536093192614,36.19934154570576,36.426513671875,279747200,0.0,0.0
2017-08-03 00:00:00-04:00,36.405641531663086,36.44273185865014,35.93506906154069,36.062564849853516,108389200,0.0,0.0
2017-08-04 00:00:00-04:00,36.17846647449858,36.4867696228177,36.09037783947713,36.25264358520508,82239600,0.0,0.0
2017-08-07 00:00:00-04:00,36.40795161489137,36.83911685924383,36.31754617029138,36.81361770629883,87481200,0.0,0.0
2017-08-08 00:00:00-04:00,36.7649403439506,37.51368306566703,36.68844288389249,37.10801696777344,144823600,0.0,0.0
2017-08-09 00:00:00-04:00,36.9179400889615,37.38387894784038,36.88317011611761,37.33519744873047,104526000,0.0,0.0
2017-08-10 00:00:00-04:00,37.2118601090354,37.235133487872936,35.9854304565123,36.1460075378418,163217200,0.1575,0.0
2017-08-11 00:00:00-04:00,36.44387563364396,36.90233333918181,36.32053458098837,36.64866638183594,105028400,0.0,0.0
2017-08-14 00:00:00-04:00,37.076884738262706,37.28400501989793,36.94423287479012,37.200225830078125,88490800,0.0,0.0
2017-08-15 00:00:00-04:00,37.388722159631754,37.74710868888899,37.26770700451105,37.607479095458984,117862000,0.0,0.0
2017-08-16 00:00:00-04:00,37.68661240067874,37.819260725474734,37.27004233022452,37.45621871948242,110686400,0.0,0.0
2017-08-17 00:00:00-04:00,37.35612950816326,37.40034677466663,36.73243949556655,36.73709487915039,111762400,0.0,0.0
2017-08-18 00:00:00-04:00,36.7371147660642,37.1187747531467,36.471814574446114,36.65333557128906,109712400,0.0,0.0
2017-08-21 00:00:00-04:00,36.653317774629805,36.744078228983426,36.09711836440786,36.58583068847656,105474000,0.0,0.0
2017-08-22 00:00:00-04:00,36.823213430379774,37.23512802848002,36.77434431341276,37.183929443359375,86418400,0.0,0.0
2017-08-23 00:00:00-04:00,37.018685301260895,37.344491116885266,36.97446803677965,37.2304573059082,77596400,0.0,0.0
2017-08-24 00:00:00-04:00,37.33519473960121,37.40734078109702,36.897684411571745,37.065242767333984,79275600,0.0,0.0
2017-08-25 00:00:00-04:00,37.153687739752584,37.36546345661208,37.06525669449701,37.20256042480469,101920400,0.0,0.0
2017-08-28 00:00:00-04:00,37.267707314457965,37.70056580462589,37.21883464818906,37.57722473144531,103864000,0.0,0.0
2017-08-29 00:00:00-04:00,37.25840071577374,37.961211187597634,37.23512734077837,37.9123420715332,118067600,0.0,0.0
2017-08-30 00:00:00-04:00,38.119447776919685,38.14039167581114,37.84251105485345,38.01472473144531,109078400,0.0,0.0
2017-08-31 00:00:00-04:00,38.08221739265257,38.28701168120585,38.0449814218215,38.16599655151367,107140400,0.0,0.0
2017-09-01 00:00:00-04:00,38.35218631660367,38.38476691476252,38.07990484248632,38.17764663696289,66364400,0.0,0.0
2017-09-05 00:00:00-04:00,38.10783765766105,38.224197467302766,37.36546150398379,37.71919631958008,117874000,0.0,0.0
2017-09-06 00:00:00-04:00,37.86579516412337,37.93095634650661,37.35613884039739,37.67961883544922,86606800,0.0,0.0
2017-09-07 00:00:00-04:00,37.72151613836938,37.75642620622918,37.3189122563899,37.528358459472656,87714000,0.0,0.0
2017-09-08 00:00:00-04:00,37.43526530665827,37.50275241073847,36.8930283529123,36.91630172729492,114446000,0.0,0.0
2017-09-11 00:00:00-04:00,37.35148229687576,37.71219825667535,37.20952325015532,37.58420181274414,126323200,0.0,0.0
2017-09-12 00:00:00-04:00,37.84251991794729,38.15669267896989,36.9488778457744,37.43526077270508,286856000,0.0,0.0
2017-09-13 00:00:00-04:00,37.20486984494482,37.22581730126111,36.7487415581457,37.15367126464844,179629600,0.0,0.0
2017-09-14 00:00:00-04:00,37.00008275522042,37.095495072519725,36.790633028350605,36.8348503112793,95042800,0.0,0.0
2017-09-15 00:00:00-04:00,36.87906749256494,37.46086636945778,36.769689019627606,37.20720291137695,196458400,0.0,0.0
2017-09-18 00:00:00-04:00,37.26071475190585,37.35147520381836,36.76967652463116,36.92559814453125,113077600,0.0,0.0
2017-09-19 00:00:00-04:00,37.121077002934555,37.18158633064861,36.87206904593383,36.93955612182617,83242400,0.0,0.0
2017-09-20 00:00:00-04:00,36.74640730882827,36.830186470137654,35.799240798625455,36.320533752441406,211805600,0.0,0.0
2017-09-21 00:00:00-04:00,36.25769701304835,36.25769701304835,35.54790186302663,35.696842193603516,150046800,0.0,0.0
2017-09-22 00:00:00-04:00,35.26632123764253,35.436209076440605,35.038257058745195,35.347774505615234,186581600,0.0,0.0
2017-09-25 00:00:00-04:00,34.90561204800071,35.33381523479958,34.712454365136004,35.03593444824219,177549200,0.0,0.0
2017-09-26 00:00:00-04:00,35.32216936298457,35.82018900645393,35.30122545789439,35.638668060302734,146640000,0.0,0.0
2017-09-27 00:00:00-04:00,35.79226248169732,36.00636401155548,35.731753134529605,35.892330169677734,102016800,0.0,0.0
2017-09-28 00:00:00-04:00,35.81320844544814,35.90396892040085,35.53627163568985,35.67124938964844,88022000,0.0,0.0
2017-09-29 00:00:00-04:00,35.65495009670478,35.86905157418899,35.373357987122894,35.866722106933594,105199200,0.0,0.0
2017-10-02 00:00:00-04:00,35.89930542190987,35.94352269092222,35.54091898799798,35.79458236694336,74795200,0.0,0.0
2017-10-03 00:00:00-04:00,35.8411334693977,36.09247098744628,35.81786364705247,35.95051193237305,64921200,0.0,0.0
2017-10-04 00:00:00-04:00,35.75269111586012,35.80621559638685,35.480409778810554,35.71778106689453,80655200,0.0,0.0
2017-10-05 00:00:00-04:00,35.88068510893866,36.17391390503575,35.850433993433526,36.16227722167969,85135200,0.0,0.0
2017-10-06 00:00:00-04:00,36.0645404887791,36.185555620680645,35.969124643414084,36.14133834838867,69630400,0.0,0.0
2017-10-09 00:00:00-04:00,36.260024619512244,36.474126132756396,36.185556226261895,36.267005920410156,65051600,0.0,0.0
2017-10-10 00:00:00-04:00,36.318215139542396,36.769691668700844,36.094806343290436,36.28097915649414,62468000,0.0,0.0
2017-10-11 00:00:00-04:00,36.29726179228331,36.53230721599602,36.24606321665989,36.4322395324707,67622400,0.0,0.0
2017-10-12 00:00:00-04:00,36.38569824724422,36.62306960009468,36.24140973064828,36.30424499511719,64500400,0.0,0.0
2017-10-13 00:00:00-04:00,36.47412810542701,36.602124547174284,36.39965970814911,36.534637451171875,65576800,0.0,0.0
2017-10-16 00:00:00-04:00,36.74641564414448,37.23512812114188,36.68823575645519,37.20720291137695,96486000,0.0,0.0
2017-10-17 00:00:00-04:00,37.18392066080533,37.43758405834157,37.05592422823548,37.34449768066406,75989200,0.0,0.0
2017-10-18 00:00:00-04:00,37.33285978269676,37.40035042268511,37.142031649352866,37.179264068603516,65496800,0.0,0.0
2017-10-19 00:00:00-04:00,36.47878992922829,36.555587807833106,36.07618609686236,36.29959487915039,170336800,0.0,0.0
2017-10-20 00:00:00-04:00,36.446209754589574,36.71150990600586,36.29494346381537,36.362430572509766,95896400,0.0,0.0
2017-10-23 00:00:00-04:00,36.51137322446907,36.69754959082178,36.18789316395103,36.343814849853516,87937200,0.0,0.0
2017-10-24 00:00:00-04:00,36.371735886154255,36.63471010659891,36.35079197948656,36.56024169921875,71028800,0.0,0.0
2017-10-25 00:00:00-04:00,36.516006473587225,36.66494676617571,36.1343467518907,36.3996467590332,84828400,0.0,0.0
2017-10-26 00:00:00-04:00,36.590490078000336,36.73012321400495,36.485767001505955,36.632381439208984,68002000,0.0,0.0
2017-10-27 00:00:00-04:00,37.069888165313095,38.07291220866558,36.9325845104359,37.944915771484375,177816800,0.0,0.0
2017-10-30 00:00:00-04:00,38.140410599398,39.11318025909039,38.10084869819069,38.799007415771484,178803200,0.0,0.0
2017-10-31 00:00:00-04:00,39.07360901783604,39.480868209419874,38.850200249880324,39.33890914916992,144187200,0.0,0.0
2017-11-01 00:00:00-04:00,39.532061330307975,39.548353400209294,38.54067751355543,38.838558197021484,134551200,0.0,0.0
2017-11-02 00:00:00-04:00,38.77106950931524,39.21323513193892,38.463878069668525,39.122474670410156,165573600,0.0,0.0
2017-11-03 00:00:00-04:00,40.493183169157604,40.55368894610176,39.82295003554959,40.14410400390625,237594400,0.0,0.0
2017-11-06 00:00:00-05:00,40.113858735493494,40.72358623496925,39.9625924821947,40.55137252807617,140105200,0.0,0.0
2017-11-07 00:00:00-05:00,40.47225549744198,40.784098824511965,40.40011300919636,40.68170166015625,97446000,0.0,0.0
2017-11-08 00:00:00-05:00,40.646806085808244,41.014503479003906,40.570008191879474,41.014503479003906,97638000,0.0,0.0
2017-11-09 00:00:00-05:00,40.75151481626194,40.9819084167544,40.293057083101544,40.93070983886719,117930400,0.0,0.0
2017-11-10 00:00:00-05:00,40.89801520924075,40.96107636396165,40.70182890986884,40.795249938964844,100582000,0.1575,0.0
2017-11-13 00:00:00-05:00,40.52198037012979,40.75553645295474,40.49862333633409,40.631752014160156,67928400,0.0,0.0
2017-11-14 00:00:00-05:00,40.41454649338158,40.51731174890266,39.98013199926824,40.01750183105469,99130000,0.0,0.0
2017-11-15 00:00:00-05:00,39.697530772448054,39.77927683331214,39.32617742716253,39.48966598510742,116632400,0.0,0.0
2017-11-16 00:00:00-05:00,39.98013383709953,40.14128812577622,39.7746068803929,39.96145248413086,94550000,0.0,0.0
2017-11-17 00:00:00-05:00,39.94742774333957,40.02917379150812,39.62045067823078,39.73956298828125,87598000,0.0,0.0
2017-11-20 00:00:00-05:00,39.77227289530339,39.83533404998422,39.60177791360881,39.69987106323242,65049600,0.0,0.0
2017-11-21 00:00:00-05:00,39.88670803830507,40.568691381024394,39.88670803830507,40.43790054321289,100525200,0.0,0.0
2017-11-22 00:00:00-05:00,40.48929245518663,40.87232438112121,40.41689062220264,40.86298370361328,102355600,0.0,0.0
2017-11-24 00:00:00-05:00,40.89567791956575,40.989098941782885,40.79057481484202,40.86531448364258,56106800,0.0,0.0
2017-11-27 00:00:00-05:00,40.88399784374668,40.891004241956935,40.48461532684453,40.65978240966797,82867200,0.0,0.0
2017-11-28 00:00:00-05:00,40.70883524443442,40.84196038887473,40.13895770201275,40.42156219482422,105715200,0.0,0.0
2017-11-29 00:00:00-05:00,40.31880345148558,40.386533173869445,39.041250894810226,39.583099365234375,166665600,0.0,0.0
2017-11-30 00:00:00-05:00,39.804962967086695,40.204345451649964,39.340188625783696,40.13661575317383,166108800,0.0,0.0
2017-12-01 00:00:00-05:00,39.692862534061966,40.094579352171586,39.35420686724889,39.94977569580078,159037200,0.0,0.0
2017-12-04 00:00:00-05:00,40.28375409121187,40.31645180181726,39.618121361648676,39.6578254699707,130169600,0.0,0.0
2017-12-05 00:00:00-05:00,39.485001333095546,40.05955101829121,39.33085342197184,39.62046432495117,109400800,0.0,0.0
2017-12-06 00:00:00-05:00,39.12065153613966,39.75125237053263,38.87775473048756,39.47332000732422,114240000,0.0,0.0
2017-12-07 00:00:00-05:00,39.477993500762025,39.80730850881267,39.44996790476923,39.54572677612305,102693200,0.0,0.0
2017-12-08 00:00:00-05:00,39.81898503312158,39.9380973739062,39.428946732036295,39.55739974975586,93420800,0.0,0.0
2017-12-11 00:00:00-05:00,39.51770386587847,40.37952671678825,39.42194497938085,40.32814407348633,141095200,0.0,0.0
2017-12-12 00:00:00-05:00,40.20668875490006,40.26274351240947,40.045538009155386,40.10158920288086,77636800,0.0,0.0
2017-12-13 00:00:00-05:00,40.28842759896534,40.5313243770046,40.17164954795385,40.234710693359375,95273600,0.0,0.0
2017-12-14 00:00:00-05:00,40.265068475900904,40.435566987462984,40.089901408464364,40.22303009033203,81906000,0.0,0.0
2017-12-15 00:00:00-05:00,40.55234380130759,40.67846251796855,40.279083612056354,40.631752014160156,160677200,0.0,0.0
2017-12-18 00:00:00-05:00,40.84430833628554,41.38615685305362,40.83963621454706,41.203983306884766,117684400,0.0,0.0
2017-12-19 00:00:00-05:00,40.879317258011945,40.9633975829064,40.659773989466274,40.76487350463867,109745600,0.0,0.0
2017-12-20 00:00:00-05:00,40.84196666306386,40.970423270439085,40.4636068047808,40.72052001953125,93902400,0.0,0.0
2017-12-21 00:00:00-05:00,40.67847418142717,41.11055448405394,40.6621271041095,40.87466049194336,83799600,0.0,0.0
2017-12-22 00:00:00-05:00,40.79758653485828,40.970419368665794,40.755548138512246,40.87466049194336,65397600,0.0,0.0
2017-12-26 00:00:00-05:00,39.89137864298607,40.047860786838285,39.62979341351382,39.83766174316406,132742000,0.0,0.0
2017-12-27 00:00:00-05:00,39.7278951035987,39.88671154525252,39.63680836470116,39.84467315673828,85992800,0.0,0.0
2017-12-28 00:00:00-05:00,39.93809837655512,40.136622513297105,39.81664819065001,39.956783294677734,65920800,0.0,0.0
2017-12-29 00:00:00-05:00,39.82598954750075,39.84233662230938,39.522365886617536,39.52470016479492,103999600,0.0,0.0
2018-01-02 00:00:00-05:00,39.74191415126249,40.2417241547698,39.531711484275874,40.23237991333008,102223600,0.0,0.0
2018-01-03 00:00:00-05:00,40.295443689367616,40.7672281267938,40.16231853236063,40.22537612915039,118071600,0.0,0.0
2018-01-04 00:00:00-05:00,40.29777620574446,40.51498527654076,40.19034237338912,40.4122200012207,89738400,0.0,0.0
2018-01-05 00:00:00-05:00,40.507963753798975,40.958725240509956,40.416877032641786,40.872310638427734,94640000,0.0,0.0
2018-01-08 00:00:00-05:00,40.72052001953125,41.01479951333092,40.622423291146994,40.72052001953125,82271200,0.0,0.0
2018-01-09 00:00:00-05:00,40.76722965721681,40.886342019408715,40.500975769423384,40.71584701538086,86336000,0.0,0.0
2018-01-10 00:00:00-05:00,40.44258497322732,40.70883884947029,40.405215132825184,40.70650100708008,95839600,0.0,0.0
2018-01-11 00:00:00-05:00,40.7765517417245,40.986754334414904,40.75319827394734,40.937705993652344,74670800,0.0,0.0
2018-01-12 00:00:00-05:00,41.14792141899934,41.423519533337156,41.02413694272906,41.36045837402344,101672400,0.0,0.0
2018-01-16 00:00:00-05:00,41.5496207096643,41.897620514162924,41.138563336313986,41.15024185180664,118263600,0.0,0.0
2018-01-17 00:00:00-05:00,41.14091299359858,41.86493845941443,40.88867549633279,41.82990646362305,137547200,0.0,0.0
2018-01-18 00:00:00-05:00,41.89296655774629,42.06346511753635,41.631384803459454,41.86727523803711,124773600,0.0,0.0
2018-01-19 00:00:00-05:00,41.71547481604915,41.94202462488126,41.435208076769875,41.680442810058594,129700400,0.0,0.0
2018-01-22 00:00:00-05:00,41.40950313011101,41.52160907619025,41.246014549623844,41.33943557739258,108434400,0.0,0.0
2018-01-23 00:00:00-05:00,41.409485547179536,41.909295317463354,41.29737964870172,41.348758697509766,130756400,0.0,0.0
2018-01-24 00:00:00-05:00,41.39781051333362,41.40948902877372,40.45190778320615,40.69013595581055,204420400,0.0,0.0
2018-01-25 00:00:00-05:00,40.75788033680049,40.86064560766888,39.828327905935794,39.96379089355469,166116000,0.0,0.0
2018-01-26 00:00:00-05:00,40.171656622698116,40.171656622698116,39.71855713477156,40.057212829589844,156572000,0.0,0.0
2018-01-29 00:00:00-05:00,39.74191114188095,39.74191114188095,39.0202235699117,39.22808837890625,202561600,0.0,0.0
2018-01-30 00:00:00-05:00,38.66053916545118,39.0902815143299,38.46668718373474,38.99686050415039,184192800,0.0,0.0
2018-01-31 00:00:00-05:00,38.97350298510393,39.34018775125438,38.88708837357323,39.10429382324219,129915600,0.0,0.0
2018-02-01 00:00:00-05:00,39.04356961903732,39.38222522360861,38.947810770553936,39.186038970947266,188923200,0.0,0.0
2018-02-02 00:00:00-05:00,38.77031453450521,38.95716013658482,37.392334901262075,37.485755920410156,346375200,0.0,0.0
2018-02-05 00:00:00-05:00,37.15877588220961,38.275173723461506,36.43475056721955,36.5491943359375,290954000,0.0,0.0
2018-02-06 00:00:00-05:00,36.16150399610305,38.237818306328975,35.96765193787465,38.076663970947266,272975200,0.0,0.0
2018-02-07 00:00:00-05:00,38.090660445947215,38.163062260948806,37.15176756499472,37.26153564453125,206434400,0.0,0.0
2018-02-08 00:00:00-05:00,37.436719025694984,37.602545483781824,36.208214785398454,36.23624038696289,217562000,0.0,0.0
2018-02-09 00:00:00-05:00,36.83421203161773,37.026506933214925,35.23252027704802,36.67943572998047,282690400,0.1575,0.0
2018-02-12 00:00:00-05:00,37.16957849038807,38.43357852431035,36.93741390436866,38.1568603515625,243278000,0.0,0.0
2018-02-13 00:00:00-05:00,37.9786258442686,38.63524992743858,37.90827262494443,38.539100646972656,130196800,0.0,0.0
2018-02-14 00:00:00-05:00,38.234250078417645,39.28953793684467,38.196731451859186,39.249671936035156,162579600,0.0,0.0
2018-02-15 00:00:00-05:00,39.81716693279276,40.59104512106228,39.63190693047491,40.567596435546875,204588800,0.0,0.0
2018-02-16 00:00:00-05:00,40.41986557057159,40.99675777482494,40.28150648157054,40.436279296875,160704400,0.0,0.0
2018-02-20 00:00:00-05:00,40.34716340675717,40.86542487019202,40.19942199726563,40.300262451171875,135722000,0.0,0.0
2018-02-21 00:00:00-05:00,40.53008115148343,40.83259536786897,40.10327420960197,40.117347717285156,149886400,0.0,0.0
2018-02-22 00:00:00-05:00,40.28852739775608,40.792718820717944,40.26742250916238,40.45268249511719,123967600,0.0,0.0
2018-02-23 00:00:00-05:00,40.72705740545594,41.19138285319156,40.696570180367445,41.15620803833008,135249600,0.0,0.0
2018-02-26 00:00:00-05:00,41.35554853334056,42.068452335634156,41.32271750780691,41.9699592590332,152648800,0.0,0.0
2018-02-27 00:00:00-05:00,42.00044873820776,42.32406784199246,41.7800103071155,41.833946228027344,155712400,0.0,0.0
2018-02-28 00:00:00-05:00,42.03797312163821,42.3569046783453,41.7542199707697,41.770633697509766,151128400,0.0,0.0
2018-03-01 00:00:00-05:00,41.86910966865419,42.15990124440952,40.49020331894779,41.0389518737793,195208000,0.0,0.0
2018-03-02 00:00:00-05:00,40.523037728074755,41.34381683422894,40.44095838613417,41.32271194458008,153816000,0.0,0.0
2018-03-05 00:00:00-05:00,41.0882045515956,41.68151031825082,40.926393237359996,41.465763092041016,113605600,0.0,0.0
2018-03-06 00:00:00-05:00,41.72138323820596,41.80111522190971,41.30395864315268,41.43059158325195,95154000,0.0,0.0
2018-03-07 00:00:00-05:00,41.02490035167319,41.23830385594145,40.867780151986494,41.04600524902344,126814000,0.0,0.0
2018-03-08 00:00:00-05:00,41.151524163776784,41.53611771378168,41.055378460010644,41.4939079284668,95096400,0.0,0.0
2018-03-09 00:00:00-05:00,41.73311327128927,42.21150879652509,41.59944177584291,42.206817626953125,128740800,0.0,0.0
2018-03-12 00:00:00-04:00,42.27950414137444,42.771973052888505,42.26074662437796,42.61485290527344,128828400,0.0,0.0
2018-03-13 00:00:00-04:00,42.8188823717897,43.03228584704719,42.03328148015338,42.204471588134766,126774000,0.0,0.0
2018-03-14 00:00:00-04:00,42.286545617307205,42.333446569678834,41.69792739335634,41.84566879272461,117473600,0.0,0.0
2018-03-15 00:00:00-04:00,41.859745523704035,42.267791390111284,41.75890863863255,41.894920349121094,90975200,0.0,0.0
2018-03-16 00:00:00-04:00,41.894914950049724,42.005134159904195,41.653371637810366,41.74717712402344,157618800,0.0,0.0
2018-03-19 00:00:00-04:00,41.58301796928839,41.6181927867662,40.724716639699125,41.109310150146484,133787200,0.0,0.0
2018-03-20 00:00:00-04:00,41.09526062011719,41.461093216713735,41.024907371929814,41.09526062011719,78597600,0.0,0.0
2018-03-21 00:00:00-04:00,41.04834339622222,41.06006953035237,40.16190204635174,40.164249420166016,148219600,0.0,0.0
2018-03-22 00:00:00-04:00,39.866420083077934,40.494900752679506,39.538109819601516,39.596736907958984,165963200,0.0,0.0
2018-03-23 00:00:00-04:00,39.48886659321659,39.84766413405887,38.679813385009766,38.679813385009766,164115200,0.0,0.0
2018-03-26 00:00:00-04:00,39.413814288272604,40.5933908285116,39.03156458909685,40.5160026550293,150164800,0.0,0.0
2018-03-27 00:00:00-04:00,40.72941630380633,41.07414393053354,39.1441408426636,39.477142333984375,163690400,0.0,0.0
2018-03-28 00:00:00-04:00,39.22153854365816,39.87112795674292,38.73845170572557,39.04096603393555,166674000,0.0,0.0
2018-03-29 00:00:00-04:00,39.35284108524669,40.27680444981325,39.13943765265633,39.34580612182617,153594000,0.0,0.0
2018-04-02 00:00:00-04:00,39.078473717905176,39.61784367192837,38.569590996327946,39.087852478027344,150347200,0.0,0.0
2018-04-03 00:00:00-04:00,39.31298361843127,39.57328805633437,38.66574179530286,39.48886489868164,121112000,0.0,0.0
2018-04-04 00:00:00-04:00,38.66573645802015,40.33777849821083,38.639940397345,40.24397659301758,138422000,0.0,0.0
2018-04-05 00:00:00-04:00,40.47145246165548,40.85838981728814,40.354198283789394,40.52304458618164,107732800,0.0,0.0
2018-04-06 00:00:00-04:00,40.09388303423708,40.44798926753627,39.444294062420795,39.486507415771484,140021200,0.0,0.0
2018-04-09 00:00:00-04:00,39.83828875541759,40.59105872724588,39.83125378957353,39.87815475463867,116070800,0.0,0.0
2018-04-10 00:00:00-04:00,40.56994727989296,40.80445564567269,40.22521969593166,40.62857437133789,113634400,0.0,0.0
2018-04-11 00:00:00-04:00,40.38938081183268,40.78570058116523,40.26509164584622,40.438629150390625,89726400,0.0,0.0
2018-04-12 00:00:00-04:00,40.66610539000041,41.03897291367779,40.579334842586235,40.83729553222656,91557200,0.0,0.0
2018-04-13 00:00:00-04:00,40.98736165959085,41.23593989277432,40.769270651413485,40.97563552856445,100497200,0.0,0.0
2018-04-16 00:00:00-04:00,41.04599859592581,41.318029156505595,40.99909763886708,41.23126220703125,86313600,0.0,0.0
2018-04-17 00:00:00-04:00,41.388377501912366,41.96292220935366,41.36961640563792,41.79876708984375,106421600,0.0,0.0
2018-04-18 00:00:00-04:00,41.69792490586436,41.9347806054284,41.47983388010552,41.704959869384766,83018000,0.0,0.0
2018-04-19 00:00:00-04:00,40.748170603828946,41.13042036873271,40.49021355951167,40.52304458618164,139235200,0.0,0.0
2018-04-20 00:00:00-04:00,40.00713013182585,40.152524178994675,38.79471868641738,38.862728118896484,261964400,0.0,0.0
2018-04-23 00:00:00-04:00,39.123031478455985,39.14413637278911,38.48047726168653,38.75016403198242,146062000,0.0,0.0
2018-04-24 00:00:00-04:00,38.85100323747827,39.005779628477015,37.8074416526787,38.21079635620117,134768000,0.0,0.0
2018-04-25 00:00:00-04:00,38.135753093228,38.79237729841982,38.08650833536919,38.377296447753906,113528400,0.0,0.0
2018-04-26 00:00:00-04:00,38.48751498482302,38.86507362764552,38.31163369614759,38.51096725463867,111852000,0.0,0.0
2018-04-27 00:00:00-04:00,38.459379210220455,38.53676741485826,37.66908701419298,38.065406799316406,142623200,0.0,0.0
2018-04-30 00:00:00-04:00,38.020843523315335,39.22386903924131,37.9528340915333,38.754852294921875,169709600,0.0,0.0
2018-05-01 00:00:00-04:00,39.024544439194806,39.678821313082864,38.757205001282635,39.655372619628906,214277600,0.0,0.0
2018-05-02 00:00:00-04:00,41.0928987187872,41.6838607850088,40.75755348322687,41.407142639160156,266157600,0.0,0.0
2018-05-03 00:00:00-04:00,41.24533319861876,41.6252356123869,40.90764057379652,41.48218536376953,136272800,0.0,0.0
2018-05-04 00:00:00-04:00,41.80112285694862,43.20817327569584,41.782361755300954,43.10968017578125,224805200,0.0,0.0
2018-05-07 00:00:00-04:00,43.42624596981667,44.01017293433306,43.32540911679665,43.42155838012695,169805600,0.0,0.0
2018-05-08 00:00:00-04:00,43.38170126079182,43.67014553139931,43.07214851901718,43.630279541015625,113611200,0.0,0.0
2018-05-09 00:00:00-04:00,43.74754114603787,43.946871131806425,43.43564455597334,43.93749237060547,92844800,0.0,0.0
2018-05-10 00:00:00-04:00,44.026597421096504,44.64335192738503,44.00548895079558,44.56596374511719,111957200,0.0,0.0
2018-05-11 00:00:00-04:00,44.60835031424025,44.74253367480774,44.12810643235804,44.39647674560547,104848800,0.1825,0.0
2018-05-14 00:00:00-04:00,44.49533216755297,44.617747719662084,44.22460912696327,44.292877197265625,83115200,0.0,0.0
2018-05-15 00:00:00-04:00,43.97037452197802,44.03864620212648,43.574882993810874,43.89033508300781,94780800,0.0,0.0
2018-05-16 00:00:00-04:00,43.80322487148432,44.36586085034503,43.78674426502064,44.29994201660156,76732400,0.0,0.0
2018-05-17 00:00:00-04:00,44.2575866959749,44.47181311070607,43.87151001954558,44.01982116699219,69176000,0.0,0.0
2018-05-18 00:00:00-04:00,44.06690171148546,44.21285642880138,43.81736483654692,43.859737396240234,73190800,0.0,0.0
2018-05-21 00:00:00-04:00,44.25758035606822,44.556555441924544,44.00098141717452,44.17047882080078,73603200,0.0,0.0
2018-05-22 00:00:00-04:00,44.34703725408873,44.46474358200202,43.970375567921366,44.05983352661133,60962800,0.0,0.0
2018-05-23 00:00:00-04:00,43.86915275622062,44.375288562931686,43.73025655007666,44.34233093261719,80233600,0.0,0.0
2018-05-24 00:00:00-04:00,44.43883544512648,44.45531245846386,43.83617979183702,44.292877197265625,92936000,0.0,0.0
2018-05-25 00:00:00-04:00,44.311711973096195,44.645997428617896,44.17517223625868,44.394107818603516,69844000,0.0,0.0
2018-05-29 00:00:00-04:00,44.16341076203586,44.43413384930617,43.99155695605987,44.234031677246094,90056400,0.0,0.0
2018-05-30 00:00:00-04:00,44.19166075774655,44.25757600911459,43.97037230296309,44.139869689941406,74762000,0.0,0.0
2018-05-31 00:00:00-04:00,44.073953934274336,44.31171940312337,43.819707856715965,43.99155807495117,109931200,0.0,0.0
2018-06-01 00:00:00-04:00,44.25522600978311,44.789610146728236,44.19872567980173,44.78490447998047,93770000,0.0,0.0
2018-06-04 00:00:00-04:00,45.11447360388858,45.53350777316066,45.04620552575139,45.159202575683594,105064800,0.0,0.0
2018-06-05 00:00:00-04:00,45.451121214441805,45.65592906665708,45.28397665552099,45.50761795043945,86264000,0.0,0.0
2018-06-06 00:00:00-04:00,45.582948159321724,45.68888312315127,45.18039098623548,45.665340423583984,83734400,0.0,0.0
2018-06-07 00:00:00-04:00,45.703013301022914,45.717137485771346,45.279269798009615,45.54293441772461,85388800,0.0,0.0
2018-06-08 00:00:00-04:00,45.003828861818356,45.19922176194681,44.67425263998206,45.128597259521484,106627200,0.0,0.0
2018-06-11 00:00:00-04:00,45.04619628670962,45.19215092927452,44.77782610309409,45.0179443359375,73234000,0.0,0.0
2018-06-12 00:00:00-04:00,45.05562723197043,45.34283095420171,44.99912690244376,45.26514434814453,67644400,0.0,0.0
2018-06-13 00:00:00-04:00,45.298106191637146,45.406397601947454,44.83199010402392,44.89319610595703,86553600,0.0,0.0
2018-06-14 00:00:00-04:00,45.09329226949185,45.098001528120655,44.78019302474528,44.91673278808594,86440400,0.0,0.0
2018-06-15 00:00:00-04:00,44.735460044424904,44.76606483460539,44.31877869980678,44.455318450927734,246876800,0.0,0.0
2018-06-18 00:00:00-04:00,44.22933055748837,44.54478265155956,44.06924808496244,44.431785583496094,73939600,0.0,0.0
2018-06-19 00:00:00-04:00,43.58429795860175,43.86443958736214,43.18645000462183,43.713775634765625,134314000,0.0,0.0
2018-06-20 00:00:00-04:00,43.869142821715926,44.069241391842866,43.723184555851674,43.90445327758789,82514800,0.0,0.0
2018-06-21 00:00:00-04:00,44.08101686710727,44.33997220811124,43.53721424311076,43.659629821777344,102847600,0.0,0.0
2018-06-22 00:00:00-04:00,43.815018682741396,43.822080777679254,43.48073301793347,43.53252410888672,108801600,0.0,0.0
2018-06-25 00:00:00-04:00,43.17468845592623,43.53251677162518,42.546136967603,42.8851318359375,126652400,0.0,0.0
2018-06-26 00:00:00-04:00,43.07817256800714,43.911531970662125,42.972233976115426,43.41716384887695,98276800,0.0,0.0
2018-06-27 00:00:00-04:00,43.60548924535381,44.08808595262717,43.32299475079041,43.353599548339844,101141200,0.0,0.0
2018-06-28 00:00:00-04:00,43.33947202308176,43.836192877993625,43.2688475068545,43.66904830932617,69460800,0.0,0.0
2018-06-29 00:00:00-04:00,43.85501370278321,44.066887207854,43.0593215205996,43.57722854614258,90950800,0.0,0.0
2018-07-02 00:00:00-04:00,43.27356150413788,44.09279664258604,43.17939427481984,44.064544677734375,70925200,0.0,0.0
2018-07-03 00:00:00-04:00,44.208145997523516,44.245812888772036,43.207642098451544,43.29710006713867,55819200,0.0,0.0
2018-07-05 00:00:00-04:00,43.6125501822098,43.88327690941216,43.381846770178385,43.6455078125,66416800,0.0,0.0
2018-07-06 00:00:00-04:00,43.650215786400146,44.35880661283061,43.59842471288167,44.250518798828125,69940800,0.0,0.0
2018-07-09 00:00:00-04:00,44.61069456513132,44.88847975166625,44.56361275630815,44.86494064331055,79026400,0.0,0.0
2018-07-10 00:00:00-04:00,44.895535875608076,45.02971918178721,44.770763900233106,44.810787200927734,63756400,0.0,0.0
2018-07-11 00:00:00-04:00,44.375282843511165,44.67661073672415,44.16576573663476,44.22932815551758,75326000,0.0,0.0
2018-07-12 00:00:00-04:00,44.617759623255736,45.06033655826407,44.5659685524734,44.97087860107422,72164400,0.0,0.0
2018-07-13 00:00:00-04:00,44.982639313107995,45.161551593060615,44.94026317789405,45.0414924621582,50055600,0.0,0.0
2018-07-16 00:00:00-04:00,45.086236457750054,45.3522503374858,44.827281078772934,44.94263458251953,60172400,0.0,0.0
2018-07-17 00:00:00-04:00,44.669539604986646,45.168613153601065,44.54006196017316,45.069740295410156,62138000,0.0,0.0
2018-07-18 00:00:00-04:00,45.147433749220426,45.15214300759659,44.711918948272675,44.82256317138672,65573600,0.0,0.0
2018-07-19 00:00:00-04:00,44.65541674710549,45.32869692797151,44.65541674710549,45.17097091674805,81147200,0.0,0.0
2018-07-20 00:00:00-04:00,45.14743750979245,45.30045429470257,44.76842300145352,45.06739807128906,82704800,0.0,0.0
2018-07-23 00:00:00-04:00,44.888478631479195,45.189810103073654,44.62481763495967,45.10741424560547,63957600,0.0,0.0
2018-07-24 00:00:00-04:00,45.30515750434939,45.590008351958474,45.21099389422537,45.434635162353516,74791600,0.0,0.0
2018-07-25 00:00:00-04:00,45.448777106389755,45.87016786783943,45.300465949977394,45.86310577392578,66839600,0.0,0.0
2018-07-26 00:00:00-04:00,45.813657492271,46.131466017243845,45.578244834398404,45.7194938659668,76304000,0.0,0.0
2018-07-27 00:00:00-04:00,45.90311735619619,45.950199171301655,44.75194955512328,44.959110260009766,96096000,0.0,0.0
2018-07-30 00:00:00-04:00,45.17569090930291,45.24631543024671,44.50947619991051,44.70722198486328,84118000,0.0,0.0
2018-07-31 00:00:00-04:00,44.799025431663516,45.23218382059381,44.57302772015845,44.796669006347656,157492000,0.0,0.0
2018-08-01 00:00:00-04:00,46.87770041127553,47.496832951106924,46.44924786269419,47.43562698364258,271742800,0.0,0.0
2018-08-02 00:00:00-04:00,47.21907165683549,49.05529111870741,47.16492775096106,48.82223129272461,249616000,0.0,0.0
2018-08-03 00:00:00-04:00,48.73748036513408,49.140037574875436,48.37259004128553,48.963478088378906,133789600,0.0,0.0
2018-08-06 00:00:00-04:00,48.96583818020829,49.260104034656656,48.74690610871269,49.21773147583008,101701600,0.0,0.0
2018-08-07 00:00:00-04:00,49.2765691420758,49.31894168757005,48.673909844415014,48.75630569458008,102349600,0.0,0.0
2018-08-08 00:00:00-04:00,48.50677405071217,48.921098994216976,48.14659300734389,48.789268493652344,90102000,0.0,0.0
2018-08-09 00:00:00-04:00,49.32601713645395,49.384870304763766,48.77750517675299,49.17300033569336,93970400,0.0,0.0
2018-08-10 00:00:00-04:00,48.98635970869857,49.397415528202615,48.82335475260716,49.026519775390625,98444800,0.1825,0.0
2018-08-13 00:00:00-04:00,49.447027835372424,49.834458423570865,49.06668410634087,49.343082427978516,103563600,0.0,0.0
2018-08-14 00:00:00-04:00,49.6478419970933,49.74233587521669,49.19898706423124,49.55098342895508,82992000,0.0,0.0
2018-08-15 00:00:00-04:00,49.425764958794105,49.78484809362196,49.21551306896723,49.66672897338867,115230400,0.0,0.0
2018-08-16 00:00:00-04:00,50.023444767005195,50.51009493981501,49.957298351557796,50.39434051513672,114001600,0.0,0.0
2018-08-17 00:00:00-04:00,50.42269248155154,51.488125687654055,50.356546060158145,51.400718688964844,141708000,0.0,0.0
2018-08-20 00:00:00-04:00,51.523575131826234,51.77870932595863,50.817221310825,50.899906158447266,121150800,0.0,0.0
2018-08-21 00:00:00-04:00,51.216456087953674,51.308588866242836,50.5620750907815,50.80067443847656,104639200,0.0,0.0
2018-08-22 00:00:00-04:00,50.578610122385655,51.11250726288701,50.5171858711542,50.803035736083984,76072400,0.0,0.0
2018-08-23 00:00:00-04:00,50.708539549833304,51.27551351969438,50.696730520954475,50.906982421875,75532800,0.0,0.0
2018-08-24 00:00:00-04:00,51.16920724931565,51.240075841735475,50.81721095322185,51.06526184082031,73905600,0.0,0.0
2018-08-27 00:00:00-04:00,51.29915232248001,51.67477400972474,51.10543876480082,51.485782623291016,82100400,0.0,0.0
2018-08-28 00:00:00-04:00,51.738545300195106,52.09998958647139,51.717284719757714,51.90155029296875,91107200,0.0,0.0
2018-08-29 00:00:00-04:00,52.00785590995711,52.796894504886076,51.83304188973848,52.67641067504883,109019200,0.0,0.0
2018-08-30 00:00:00-04:00,52.74019031767683,53.923742675038724,52.53938635946585,53.16069412231445,195175200,0.0,0.0
2018-08-31 00:00:00-04:00,53.51032449768809,54.06784690966644,53.38984428836114,53.7749137878418,173360400,0.0,0.0
2018-09-04 00:00:00-04:00,53.95917744010946,54.141078290113896,53.53867365991013,53.947364807128906,109560400,0.0,0.0
2018-09-05 00:00:00-04:00,54.09620264370011,54.25684293673854,53.177235919309275,53.595375061035156,133332000,0.0,0.0
2018-09-06 00:00:00-04:00,53.444192603882854,53.708781965959,52.27953944967642,52.704769134521484,137160000,0.0,0.0
2018-09-07 00:00:00-04:00,52.4094536918725,53.24100968075021,52.14014224911029,52.27952194213867,150479200,0.0,0.0
2018-09-10 00:00:00-04:00,52.19684302288819,52.40945962051581,51.13849662341598,51.57789993286133,158066000,0.0,0.0
2018-09-11 00:00:00-04:00,51.50230096312733,52.98824161403199,51.15975621240195,52.881935119628906,142996000,0.0,0.0
2018-09-12 00:00:00-04:00,53.13944944749156,53.1536231702499,51.934632547081584,52.2252082824707,197114800,0.0,0.0
2018-09-13 00:00:00-04:00,52.80397358083536,53.94500473781186,52.57954796881852,53.48670196533203,166825600,0.0,0.0
2018-09-14 00:00:00-04:00,53.330778243927675,53.58827703897856,52.567729801516954,52.87956237792969,127997200,0.0,0.0
2018-09-17 00:00:00-04:00,52.48033058839213,52.66932192659372,51.327490274311316,51.471595764160156,148780400,0.0,0.0
2018-09-18 00:00:00-04:00,51.45033432804287,52.40946478981779,51.292055110199634,51.556644439697266,126286800,0.0,0.0
2018-09-19 00:00:00-04:00,51.61806106604274,51.88264677017388,50.86209933658958,51.58734893798828,108495200,0.0,0.0
2018-09-20 00:00:00-04:00,52.02911525185576,52.51103971221684,51.77161281099577,51.9795036315918,106435200,0.0,0.0
2018-09-21 00:00:00-04:00,52.1566749925256,52.293693595499825,51.332202290127185,51.419612884521484,384986800,0.0,0.0
2018-09-24 00:00:00-04:00,51.221183555265625,52.27007844864043,51.17629770710372,52.1590461730957,110773600,0.0,0.0
2018-09-25 00:00:00-04:00,51.91335848542905,52.63861168577063,51.901545851293584,52.48978042602539,98217600,0.0,0.0
2018-09-26 00:00:00-04:00,52.20865864637607,52.85831390102555,51.91572188840217,52.07164001464844,95938800,0.0,0.0
2018-09-27 00:00:00-04:00,52.87484553269253,53.49378857882078,52.80869550800178,53.14179229736328,120724800,0.0,0.0
2018-09-28 00:00:00-04:00,53.10400092790325,53.35205184075627,52.92210004922642,53.32843017578125,91717600,0.0,0.0
2018-10-01 00:00:00-04:00,53.850520264056215,54.19779085665743,53.472541143372936,53.68751525878906,94403200,0.0,0.0
2018-10-02 00:00:00-04:00,53.68514003040311,54.334795190286975,53.53867347513633,54.164703369140625,99152800,0.0,0.0
2018-10-03 00:00:00-04:00,54.34661966348506,55.154554187596624,54.282834315481175,54.823822021484375,114619200,0.0,0.0
2018-10-04 00:00:00-04:00,54.51906562598968,54.88996142629786,53.56229994728196,53.859962463378906,128168000,0.0,0.0
2018-10-05 00:00:00-04:00,53.85289108948282,53.95919761663915,52.10945106715992,52.98589324951172,134322000,0.0,0.0
2018-10-08 00:00:00-04:00,52.49450978403178,53.10636606409156,52.01966853422493,52.863040924072266,118655600,0.0,0.0
2018-10-09 00:00:00-04:00,52.83232645968275,53.689872531684166,52.50395540918603,53.595375061035156,107564000,0.0,0.0
2018-10-10 00:00:00-04:00,53.26228031441347,53.47253222410703,51.03927739644141,51.112510681152344,167962400,0.0,0.0
2018-10-11 00:00:00-04:00,50.67784288571244,51.854308651260354,50.158119328600904,50.66130447387695,212497600,0.0,0.0
2018-10-12 00:00:00-04:00,52.071635376118714,52.652783065490866,51.225901996474846,52.47087860107422,161351600,0.0,0.0
2018-10-15 00:00:00-04:00,52.24646498756588,52.404744221133875,51.32749811495075,51.348758697509766,123164000,0.0,0.0
2018-10-16 00:00:00-04:00,51.71965140479342,52.678781969991945,51.20701470538468,52.48033905029297,116736000,0.0,0.0
2018-10-17 00:00:00-04:00,52.51576847933284,52.59608862651848,51.816501609567986,52.253543853759766,91541600,0.0,0.0
2018-10-18 00:00:00-04:00,51.46686978304842,51.9109988853349,50.31875164361143,51.03219223022461,130325200,0.0,0.0
2018-10-19 00:00:00-04:00,51.51411607530205,52.27007781096182,51.36528481315141,51.80941390991211,132314800,0.0,0.0
2018-10-22 00:00:00-04:00,51.92281529140717,52.766187767619336,51.722014895673645,52.125980377197266,115168400,0.0,0.0
2018-10-23 00:00:00-04:00,50.98730513181056,52.74019262431789,50.72035473904034,52.617347717285156,155071200,0.0,0.0
2018-10-24 00:00:00-04:00,52.58664026806459,52.97170619640665,50.68255678665356,50.8124885559082,163702000,0.0,0.0
2018-10-25 00:00:00-04:00,51.43143757260694,52.2984316284464,51.204647237524014,51.925174713134766,119423200,0.0,0.0
2018-10-26 00:00:00-04:00,51.00383780130841,52.017301933671156,50.240789247146296,51.09833526611328,189033600,0.0,0.0
2018-10-29 00:00:00-04:00,51.78107281741949,51.89919196573982,48.68634968954274,50.139217376708984,183742000,0.0,0.0
2018-10-30 00:00:00-04:00,49.88169975873189,50.8337395169499,49.4375743470066,50.38961410522461,146640000,0.0,0.0
2018-10-31 00:00:00-04:00,51.235351399048334,52.07872005381638,51.17392714872992,51.703102111816406,153435600,0.0,0.0
2018-11-01 00:00:00-04:00,51.7479932575457,52.52994134683256,51.218818240233645,52.49686813354492,233292800,0.0,0.0
2018-11-02 00:00:00-04:00,49.503724364174225,50.472298994177216,48.5304203553,49.01470947265625,365314800,0.0,0.0
2018-11-05 00:00:00-05:00,48.26348697130372,48.28474755386058,46.815344991977874,47.6232795715332,264654800,0.0,0.0
2018-11-06 00:00:00-05:00,47.70122910815629,48.362696958228696,47.64689531758217,48.13827133178711,127531600,0.0,0.0
2018-11-07 00:00:00-05:00,48.65798983895871,49.62420336069003,48.22331234911946,49.59821701049805,133697600,0.0,0.0
2018-11-08 00:00:00-05:00,49.77838793052821,49.8115765392993,49.01267698848203,49.425167083740234,101450400,0.1825,0.0
2018-11-09 00:00:00-05:00,48.72819972871447,48.83724645780114,47.94589272105692,48.472171783447266,137463200,0.0,0.0
2018-11-12 00:00:00-05:00,47.1754539935757,47.376958635940824,45.940356345152274,46.03044128417969,204542000,0.0,0.0
2018-11-13 00:00:00-05:00,45.42829078480157,46.74398484568346,45.38561765122714,45.570526123046875,187531600,0.0,0.0
2018-11-14 00:00:00-05:00,45.96642905840981,46.10392577764723,44.0770401608399,44.283287048339844,243204000,0.0,0.0
2018-11-15 00:00:00-05:00,44.6602144819987,45.50889886088742,44.3069899736933,45.37614440917969,185915200,0.0,0.0
2018-11-16 00:00:00-05:00,45.16042002511673,46.2200900127269,44.913876541520615,45.878719329833984,147713200,0.0,0.0
2018-11-19 00:00:00-05:00,45.04188265017564,45.20782570490304,43.854200625676015,44.06044387817383,167701200,0.0,0.0
2018-11-20 00:00:00-05:00,42.28485054583868,43.019745978740524,41.60685143343039,41.9553337097168,271300800,0.0,0.0
2018-11-21 00:00:00-05:00,42.60724693877204,42.7352627289544,41.85338983967159,41.90791320800781,124496800,0.0,0.0
2018-11-23 00:00:00-05:00,41.47172767156233,41.86525241632078,40.798470823102626,40.843509674072266,94496000,0.0,0.0
2018-11-26 00:00:00-05:00,41.30578126736825,41.47409365729359,40.36226968529681,41.3958625793457,179994000,0.0,0.0
2018-11-27 00:00:00-05:00,40.658587651286105,41.43141370833802,40.509240737589266,41.30577087402344,165549600,0.0,0.0
2018-11-28 00:00:00-05:00,41.89606521990837,42.97706991484424,41.46935188841063,42.894100189208984,184250000,0.0,0.0
2018-11-29 00:00:00-05:00,43.30185140230018,43.33504001855677,42.126019422817734,42.5645866394043,167080000,0.0,0.0
2018-11-30 00:00:00-05:00,42.73999242509973,42.749476949868594,41.9671700516089,42.334617614746094,158126000,0.0,0.0
2018-12-03 00:00:00-05:00,43.72856114282213,43.84235015808843,42.95810782751556,43.81390380859375,163210000,0.0,0.0
2018-12-04 00:00:00-05:00,42.89646264806565,43.2378332586359,41.78701178099935,41.88657760620117,165377200,0.0,0.0
2018-12-06 00:00:00-05:00,40.71786790117009,41.43379791374435,40.40020490851023,41.41957473754883,172393600,0.0,0.0
2018-12-07 00:00:00-05:00,41.12798162215356,41.36504416362529,39.89762645314932,39.94266891479492,169126400,0.0,0.0
2018-12-10 00:00:00-05:00,39.11531021944765,40.321957405947316,38.719416301603985,40.2057991027832,248104000,0.0,0.0
2018-12-11 00:00:00-05:00,40.69416374537951,40.72497942132242,39.589451243722934,39.97586441040039,189126800,0.0,0.0
2018-12-12 00:00:00-05:00,40.3954587070733,40.75579481048931,40.06831483459586,40.0872802734375,142510800,0.0,0.0
2018-12-13 00:00:00-05:00,40.416786406967034,40.90987683469424,40.193947081069616,40.52583312988281,127594400,0.0,0.0
2018-12-14 00:00:00-05:00,40.063568031120994,40.08253346781374,39.1816951199879,39.22910690307617,162814800,0.0,0.0
2018-12-17 00:00:00-05:00,39.22199972246695,39.909483314980214,38.57718927162782,38.864036560058594,177151600,0.0,0.0
2018-12-18 00:00:00-05:00,39.20540286647577,39.71508586552915,38.97070965657398,39.36897659301758,135366000,0.0,0.0
2018-12-19 00:00:00-05:00,39.35238091263852,39.69612086582762,37.714277923367106,38.1409912109375,196189200,0.0,0.0
2018-12-20 00:00:00-05:00,38.02483942939825,38.430218065260014,36.81582234497566,37.17852783203125,259092000,0.0,0.0
2018-12-21 00:00:00-05:00,37.185627752379936,37.4938097578085,35.47166671241152,35.7324333190918,382978400,0.0,0.0
2018-12-24 00:00:00-05:00,35.12082020348033,35.926835155569904,34.751003152988105,34.807899475097656,148676800,0.0,0.0
2018-12-26 00:00:00-05:00,35.15637725808617,37.273344115545655,34.781817991073616,37.25912094116211,234330000,0.0,0.0
2018-12-27 00:00:00-05:00,36.94383371504013,37.164303808057454,35.57598515454274,37.0173225402832,212468400,0.0,0.0
2018-12-28 00:00:00-05:00,37.337348194676096,37.579152986301054,36.638014459884026,37.036277770996094,169165600,0.0,0.0
2018-12-31 00:00:00-05:00,37.5815191228161,37.778281438629776,37.095540257713566,37.39424133300781,140014000,0.0,0.0
2019-01-02 00:00:00-05:00,36.71861339400552,37.657382560104914,36.56215126344113,37.436912536621094,148158800,0.0,0.0
2019-01-03 00:00:00-05:00,34.132268116287044,34.54475829394252,33.66288523639479,33.70792770385742,365248800,0.0,0.0
2019-01-04 00:00:00-05:00,34.26265396297282,35.21564653531297,34.089599294610764,35.14689636230469,234428400,0.0,0.0
2019-01-07 00:00:00-05:00,35.2511960750127,35.28201536020964,34.587420294153034,35.06865692138672,219111200,0.0,0.0
2019-01-08 00:00:00-05:00,35.455066224870585,35.99082977941127,35.208522821319015,35.7371711730957,164101200,0.0,0.0
2019-01-09 00:00:00-05:00,35.86519539069432,36.63327943614389,35.471674265217295,36.34406280517578,180396400,0.0,0.0
2019-01-10 00:00:00-05:00,36.152042085783165,36.50052435461603,35.7632596139456,36.46022415161133,143122800,0.0,0.0
2019-01-11 00:00:00-05:00,36.2421149502893,36.43650431282502,35.91733687635287,36.10224533081055,108092800,0.0,0.0
2019-01-14 00:00:00-05:00,35.7608918481196,35.860457698224735,35.37447868293772,35.55938720703125,129756800,0.0,0.0
2019-01-15 00:00:00-05:00,35.623401960705934,36.36303619917637,35.57124789339957,36.28717803955078,114843600,0.0,0.0
2019-01-16 00:00:00-05:00,36.289539840039474,36.95331578127012,36.27057439974284,36.73047637939453,122278800,0.0,0.0
2019-01-17 00:00:00-05:00,36.55503044271233,37.37526814219723,36.33219115255746,36.94855499267578,119284800,0.0,0.0
2019-01-18 00:00:00-05:00,37.33735590651915,37.42744084338128,36.97701977635849,37.17615509033203,135004000,0.0,0.0
2019-01-22 00:00:00-05:00,37.07895474729043,37.15481288318813,36.180485646601795,36.34169006347656,121576000,0.0,0.0
2019-01-23 00:00:00-05:00,36.54318608659887,36.777879284107165,35.96238363485609,36.48866271972656,92522400,0.0,0.0
2019-01-24 00:00:00-05:00,36.53371051743065,36.621422505300714,35.971873419279106,36.1994514465332,101766000,0.0,0.0
2019-01-25 00:00:00-05:00,36.85848448845611,37.48670242020263,36.58349467789878,37.39898681640625,134142000,0.0,0.0
2019-01-28 00:00:00-05:00,36.93197130900929,37.05998710557618,36.4270305613809,37.05287551879883,104768400,0.0,0.0
2019-01-29 00:00:00-05:00,37.041032344974525,37.48671120368152,36.53371851066929,36.66884231567383,166348800,0.0,0.0
2019-01-30 00:00:00-05:00,38.70045083373469,39.38793059611769,37.98452111328113,39.17457580566406,244439200,0.0,0.0
2019-01-31 00:00:00-05:00,39.37845685855858,40.06356742305423,39.01100921494888,39.456687927246094,162958400,0.0,0.0
2019-02-01 00:00:00-05:00,39.57995887212942,40.05882254527424,39.33578115515661,39.475650787353516,130672400,0.0,0.0
2019-02-04 00:00:00-05:00,39.68663518647969,40.694150841774515,39.65581590302126,40.596954345703125,125982000,0.0,0.0
2019-02-05 00:00:00-05:00,40.97862902443456,41.504908129697604,40.85772843652332,41.29154968261719,144406400,0.0,0.0
2019-02-06 00:00:00-05:00,41.402963748878,41.621064429829325,40.976254147130874,41.30577087402344,112958400,0.0,0.0
2019-02-07 00:00:00-05:00,40.86957342612514,41.23465170067158,40.38122525640805,40.52346420288086,126966800,0.0,0.0
2019-02-08 00:00:00-05:00,40.23301477598845,40.630606697540095,40.09730785633489,40.57108688354492,95280000,0.1825,0.0
2019-02-11 00:00:00-05:00,40.72344788488403,40.76154142875453,40.29490459834161,40.3377571105957,83973600,0.0,0.0
2019-02-12 00:00:00-05:00,40.497286553447424,40.71155645006401,40.402052662772235,40.685367584228516,89134000,0.0,0.0
2019-02-13 00:00:00-05:00,40.804400566797696,41.06390606505326,40.4544237953591,40.51632308959961,89960800,0.0,0.0
2019-02-14 00:00:00-05:00,40.40443489478929,40.77345486056133,40.325868299005165,40.6639404296875,87342800,0.0,0.0
2019-02-15 00:00:00-05:00,40.77107347735558,40.87820841832707,40.41395458558312,40.57346725463867,98507200,0.0,0.0
2019-02-19 00:00:00-05:00,40.40443569287842,40.81631182485076,40.35205796132108,40.694889068603516,75891200,0.0,0.0
2019-02-20 00:00:00-05:00,40.75678236242413,41.263892264881214,40.70916724485647,40.95676803588867,104457600,0.0,0.0
2019-02-21 00:00:00-05:00,40.90201766804449,41.03772095743167,40.54489877740289,40.72583770751953,68998800,0.0,0.0
2019-02-22 00:00:00-05:00,40.84964624668983,41.18771841275426,40.80203111381347,41.18057632446289,75652800,0.0,0.0
2019-02-25 00:00:00-05:00,41.463889012500914,41.8710025541568,41.413890764380966,41.480552673339844,87493600,0.0,0.0
2019-02-26 00:00:00-05:00,41.35675221185204,41.735297384970416,41.22818736975056,41.50436019897461,68280800,0.0,0.0
2019-02-27 00:00:00-05:00,41.23770671972961,41.66386696049311,41.12342606902132,41.63291549682617,111341600,0.0,0.0
2019-02-28 00:00:00-05:00,41.501982779664566,41.642448686195074,41.16866960038352,41.223426818847656,112861600,0.0,0.0
2019-03-01 00:00:00-05:00,41.49245157272372,41.69957935859273,41.1615215591532,41.6567268371582,103544800,0.0,0.0
2019-03-04 00:00:00-05:00,41.82813265476162,42.31857519532725,41.41863616534176,41.86622619628906,109744800,0.0,0.0
2019-03-05 00:00:00-05:00,41.8876638710685,41.90194804483561,41.554350741031215,41.7900505065918,78949600,0.0,0.0
2019-03-06 00:00:00-05:00,41.58530531623897,41.780532059793444,41.41150846773898,41.54959487915039,83241600,0.0,0.0
2019-03-07 00:00:00-05:00,41.39483960253065,41.53054652391406,40.95439515303267,41.06867218017578,99185600,0.0,0.0
2019-03-08 00:00:00-05:00,40.54966580330091,41.204383840899425,40.35443904470858,41.166290283203125,95997600,0.0,0.0
2019-03-11 00:00:00-04:00,41.78054044694519,42.644765893188115,41.747209488037775,42.59238815307617,128044000,0.0,0.0
2019-03-12 00:00:00-04:00,42.854273633241505,43.48994492286504,42.70428251302859,43.070926666259766,129870400,0.0,0.0
2019-03-13 00:00:00-04:00,43.389951908070735,43.639935896652894,43.0733060069069,43.261390686035156,124130000,0.0,0.0
2019-03-14 00:00:00-04:00,43.78276352498082,43.83038227132776,43.46373826813808,43.74229049682617,94318000,0.0,0.0
2019-03-15 00:00:00-04:00,44.00895556463961,44.599391151169385,43.74468742331031,44.31131362915039,156171600,0.0,0.0
2019-03-18 00:00:00-04:00,44.23512421911368,44.851748588606974,44.23274110168336,44.7636604309082,104879200,0.0,0.0
2019-03-19 00:00:00-04:00,44.8422339518956,44.99460454615995,44.26369941100965,44.40892791748047,126585600,0.0,0.0
2019-03-20 00:00:00-04:00,44.337513509115745,45.113654465670976,43.98039450686342,44.7970085144043,124140800,0.0,0.0
2019-03-21 00:00:00-04:00,45.23982413911908,46.74210375942547,45.189825893725065,46.44688415527344,204136800,0.0,0.0
2019-03-22 00:00:00-04:00,46.50640098152946,47.06588868608585,45.42076015573601,45.485042572021484,169630800,0.0,0.0
2019-03-25 00:00:00-04:00,45.594562296617404,45.706459850538906,44.42559577501445,44.93508529663086,175381200,0.0,0.0
2019-03-26 00:00:00-04:00,45.63026979507093,45.92072676985604,43.9446682740036,44.470821380615234,199202000,0.0,0.0
2019-03-27 00:00:00-04:00,44.937458102492236,45.17791683539124,44.413684482957166,44.87079620361328,119393600,0.0,0.0
2019-03-28 00:00:00-04:00,44.98507795541089,45.13030645740991,44.647005823321656,44.930320739746094,83121600,0.0,0.0
2019-03-29 00:00:00-04:00,45.194583813551674,45.254103625195796,44.88745955109944,45.22315216064453,94256000,0.0,0.0
2019-04-01 00:00:00-04:00,45.6255113221176,45.63503289451936,44.849374206925575,45.53028106689453,111448000,0.0,0.0
2019-04-02 00:00:00-04:00,45.49456831370297,46.29689795003126,45.485046741025556,46.192142486572266,91062800,0.0,0.0
2019-04-03 00:00:00-04:00,46.00882111856958,46.782578782918094,45.98501173731516,46.5087890625,93087200,0.0,0.0
2019-04-04 00:00:00-04:00,46.37546339734885,46.75162911226927,45.98263402115057,46.58973693847656,76457200,0.0,0.0
2019-04-05 00:00:00-04:00,46.770674624732635,46.92542833904499,46.64687237984307,46.90161895751953,74106400,0.0,0.0
2019-04-08 00:00:00-04:00,46.76353008781775,47.67061153128953,46.744483310155175,47.63966369628906,103526800,0.0,0.0
2019-04-09 00:00:00-04:00,47.692037644042145,48.294377862741904,47.432528497673395,47.49681091308594,143072800,0.0,0.0
2019-04-10 00:00:00-04:00,47.30157258957565,47.792018781487386,47.18253299240099,47.76344680786133,86781200,0.0,0.0
2019-04-11 00:00:00-04:00,47.81822423539419,47.853934673821236,47.24445230598995,47.36587142944336,83603200,0.0,0.0
2019-04-12 00:00:00-04:00,47.42539124332817,47.64918634491624,46.71353653021887,47.346824645996094,111042800,0.0,0.0
2019-04-15 00:00:00-04:00,47.277779385224925,47.58014105940189,47.142072464719895,47.43252944946289,70146400,0.0,0.0
2019-04-16 00:00:00-04:00,47.487296069627796,47.942024745778596,47.273022532160425,47.43729782104492,102785600,0.0,0.0
2019-04-17 00:00:00-04:00,47.50633470465432,48.42056183866063,47.28492273304426,48.36104202270508,115627200,0.0,0.0
2019-04-18 00:00:00-04:00,48.35867106687405,48.60389247965797,48.21582565233705,48.53485107421875,96783200,0.0,0.0
2019-04-22 00:00:00-04:00,48.28961339420896,48.791960743297345,48.17295325708763,48.6943473815918,77758000,0.0,0.0
2019-04-23 00:00:00-04:00,48.67054780323138,49.46097279452284,48.54436606939777,49.396690368652344,93292000,0.0,0.0
2019-04-24 00:00:00-04:00,49.36811836306549,49.63476598723901,49.29431436943186,49.32050323486328,70162400,0.0,0.0
2019-04-25 00:00:00-04:00,49.24193312050334,49.46334508558559,48.83481599293768,48.87290954589844,74172800,0.0,0.0
2019-04-26 00:00:00-04:00,48.78244041242512,48.80624979227358,48.12058034001254,48.63959503173828,74596400,0.0,0.0
2019-04-29 00:00:00-04:00,48.66339592546426,49.0371820815589,48.5348347323877,48.71339416503906,88818800,0.0,0.0
2019-04-30 00:00:00-04:00,48.34436933918975,48.42531540799,47.4039570785258,47.775360107421875,186139600,0.0,0.0
2019-05-01 00:00:00-04:00,49.96806706898253,51.26083546947412,49.8133133987399,50.12043762207031,259309200,0.0,0.0
2019-05-02 00:00:00-04:00,49.95855246647943,50.62755462484601,49.55143895467689,49.79427719116211,127985200,0.0,0.0
2019-05-03 00:00:00-04:00,50.20854358720607,50.434718196346275,50.051410376846924,50.413291931152344,83569600,0.0,0.0
2019-05-06 00:00:00-04:00,48.63721663178776,49.72047812954347,48.44913559082613,49.634769439697266,129772400,0.0,0.0
2019-05-07 00:00:00-04:00,49.01576096722364,49.38240144232554,47.8134599345925,48.29676055908203,155054800,0.0,0.0
2019-05-08 00:00:00-04:00,48.06819897946514,48.88719217828683,48.03248854519136,48.306278228759766,105358000,0.0,0.0
2019-05-09 00:00:00-04:00,47.71107867635127,48.01581981569588,46.82066463565413,47.78726577758789,139634400,0.0,0.0
2019-05-10 00:00:00-04:00,47.18260833059418,47.524374640553994,46.07127795478432,47.125247955322266,164834800,0.1925,0.0
2019-05-13 00:00:00-04:00,44.86197147628552,45.28499206018932,43.70044997525722,44.38636779785156,229722400,0.0,0.0
2019-05-14 00:00:00-04:00,44.551263298573964,45.33755885279071,44.31226720167281,45.08900451660156,146118800,0.0,0.0
2019-05-15 00:00:00-04:00,44.51780099992997,45.82749850185416,44.458051979718945,45.62913131713867,106178800,0.0,0.0
2019-05-16 00:00:00-04:00,45.38775397079813,45.99958345378855,45.132026372240446,45.428382873535156,132125600,0.0,0.0
2019-05-17 00:00:00-04:00,44.675530176376924,45.62434479299866,44.63490128521863,45.17025375366211,131516400,0.0,0.0
2019-05-20 00:00:00-04:00,43.860567465632776,44.05893467607337,43.08621875043243,43.75779724121094,154449200,0.0,0.0
2019-05-21 00:00:00-04:00,44.26685628541341,44.93126512693006,44.14257729693959,44.59667205810547,113459200,0.0,0.0
2019-05-22 00:00:00-04:00,44.133029747383624,44.383976433179555,43.62874772714694,43.6837158203125,118994400,0.0,0.0
2019-05-23 00:00:00-04:00,42.97150481396772,43.14835961585324,42.49590120341213,42.938045501708984,146118800,0.0,0.0
2019-05-24 00:00:00-04:00,43.067100347137895,43.53075340614285,42.68948603770904,42.773136138916016,94858800,0.0,0.0
2019-05-28 00:00:00-04:00,42.76117939821549,43.16030242542194,42.51979466347363,42.59627151489258,111792800,0.0,0.0
2019-05-29 00:00:00-04:00,42.16369717944017,42.863957742691476,42.06331924159227,42.39313507080078,113924800,0.0,0.0
2019-05-30 00:00:00-04:00,42.52935649566115,42.83527122076542,42.22344177055687,42.613006591796875,84873600,0.0,0.0
2019-05-31 00:00:00-04:00,42.118281900211706,42.53891737233829,41.8219290686219,41.84104919433594,108174400,0.0,0.0
2019-06-03 00:00:00-04:00,41.96770614858801,42.522175065927414,40.69385681577377,41.41801452636719,161584400,0.0,0.0
2019-06-04 00:00:00-04:00,41.92947519408972,42.978667897856404,41.70959922585788,42.933258056640625,123872000,0.0,0.0
2019-06-05 00:00:00-04:00,44.04219726486092,44.21188608599536,43.29174972065366,43.6263427734375,119093600,0.0,0.0
2019-06-06 00:00:00-04:00,43.75539433630706,44.32659471161677,43.53312612838685,44.266845703125,90105200,0.0,0.0
2019-06-07 00:00:00-04:00,44.57516459850568,45.86813447046718,44.39830980535762,45.44511032104492,122737600,0.0,0.0
2019-06-10 00:00:00-04:00,45.841847050596854,46.692672688774024,45.79643720247085,46.025875091552734,104883600,0.0,0.0
2019-06-11 00:00:00-04:00,46.57078461142005,46.843240045404315,46.26965080968736,46.558834075927734,107731600,0.0,0.0
2019-06-12 00:00:00-04:00,46.353291785136825,46.83606491698479,46.21945455574318,46.41065216064453,73012800,0.0,0.0
2019-06-13 00:00:00-04:00,46.53254876798576,47.032049836512535,46.26965519618882,46.401100158691406,86698400,0.0,0.0
2019-06-14 00:00:00-04:00,45.77970385867657,46.26725429994497,45.48095873253902,46.064109802246094,75046000,0.0,0.0
2019-06-17 00:00:00-04:00,46.102347467348565,46.59468250985322,45.927881330772394,46.33895492553711,58676400,0.0,0.0
2019-06-18 00:00:00-04:00,46.85517529467477,47.86851619029772,46.65441949234837,47.42876434326172,106204000,0.0,0.0
2019-06-19 00:00:00-04:00,47.722747376441426,47.77054952176629,47.156327692900156,47.290164947509766,84496800,0.0,0.0
2019-06-20 00:00:00-04:00,47.88764204137815,47.94500241181626,47.32839210507154,47.67015838623047,86056000,0.0,0.0
2019-06-21 00:00:00-04:00,47.51242178135948,48.002364478306184,47.35707214014717,47.50764083862305,191202400,0.0,0.0
2019-06-24 00:00:00-04:00,47.45029223813148,47.837468466439844,47.36186483291884,47.45985412597656,72881600,0.0,0.0
2019-06-25 00:00:00-04:00,47.4239923880106,47.622359580324556,46.67354481128587,46.7404670715332,84281200,0.0,0.0
2019-06-26 00:00:00-04:00,47.26626485281565,48.03583267016002,47.165886917526144,47.751426696777344,104270000,0.0,0.0
2019-06-27 00:00:00-04:00,47.86852837567722,48.17444674582689,47.69645453473033,47.737083435058594,83598800,0.0,0.0
2019-06-28 00:00:00-04:00,47.483740662644806,47.67971920381685,47.09417952190008,47.30210494995117,124442400,0.0,0.0
2019-07-01 00:00:00-04:00,48.556838818217976,48.87231543119535,47.9545676050374,48.1696662902832,109012000,0.0,0.0
2019-07-02 00:00:00-04:00,48.13619489864344,48.547268392910226,48.124244366886444,48.45166778564453,67740800,0.0,0.0
2019-07-03 00:00:00-04:00,48.58312842208585,48.86036478190862,48.44212159394522,48.85319519042969,45448000,0.0,0.0
2019-07-05 00:00:00-04:00,48.59986274236455,49.013325011259084,48.49231157030816,48.810176849365234,69062000,0.0,0.0
2019-07-08 00:00:00-04:00,47.99280233879046,48.133809151047075,47.419213204341766,47.80399703979492,101354400,0.0,0.0
2019-07-09 00:00:00-04:00,47.60802314605108,48.160103562324515,47.51481481144376,48.095577239990234,82312000,0.0,0.0
2019-07-10 00:00:00-04:00,48.241362495353016,48.690672667251185,48.17205158666198,48.57117462158203,71588400,0.0,0.0
2019-07-11 00:00:00-04:00,48.590301633564366,48.84841788640936,48.207910021298474,48.21746826171875,80767200,0.0,0.0
2019-07-12 00:00:00-04:00,48.38476154708042,48.75520624546054,48.32501251981883,48.58790969848633,70380800,0.0,0.0
2019-07-15 00:00:00-04:00,48.776721106125294,49.20213394156513,48.75521232885727,49.04439926147461,67789600,0.0,0.0
2019-07-16 00:00:00-04:00,48.89620741100897,49.259482475783514,48.63570255755212,48.874698638916016,67467200,0.0,0.0
2019-07-17 00:00:00-04:00,48.7671538673035,49.01570820127691,48.58073720512569,48.599857330322266,56430000,0.0,0.0
2019-07-18 00:00:00-04:00,48.75520120218422,49.20451500768722,48.68350164752872,49.15193557739258,74162400,0.0,0.0
2019-07-19 00:00:00-04:00,49.18301120924729,49.35270006344837,48.36325624678891,48.4182243347168,83717200,0.0,0.0
2019-07-22 00:00:00-04:00,48.67155480779176,49.52716129222279,48.661996568281346,49.52477264404297,89111600,0.0,0.0
2019-07-23 00:00:00-04:00,49.821125495815984,49.928673004733994,49.541496867121964,49.91194152832031,73420800,0.0,0.0
2019-07-24 00:00:00-04:00,49.63232270243721,49.98603593109381,49.51282464508648,49.87131881713867,59966400,0.0,0.0
2019-07-25 00:00:00-04:00,49.92389988411229,50.00754998570546,49.40766738427243,49.47697830200195,55638400,0.0,0.0
2019-07-26 00:00:00-04:00,49.58690653571559,50.124647725241516,49.50564874230592,49.6490478515625,70475600,0.0,0.0
2019-07-29 00:00:00-04:00,49.821129523719435,50.34213928080888,49.8163485805303,50.112701416015625,86693600,0.0,0.0
2019-07-30 00:00:00-04:00,49.89282495285342,50.22742168380975,49.546281334227054,49.897605895996094,135742800,0.0,0.0
2019-07-31 00:00:00-04:00,51.72353753914433,52.906567550868054,50.49987862645295,50.91572952270508,277125600,0.0,0.0
2019-08-01 00:00:00-04:00,51.1212623066255,52.10831732750633,49.41005306995918,49.8139533996582,216071600,0.0,0.0
2019-08-02 00:00:00-04:00,49.12087352988322,49.33596858476301,48.18879009634884,48.75999069213867,163448400,0.0,0.0
2019-08-05 00:00:00-04:00,47.3188422121064,47.476576876746385,46.02587235225602,46.2075080871582,209572000,0.0,0.0
2019-08-06 00:00:00-04:00,46.91731792774056,47.33795334497197,46.37479582762902,47.08222579956055,143299200,0.0,0.0
2019-08-07 00:00:00-04:00,46.70222514662527,47.6940574258256,46.3222222523882,47.56977844238281,133457600,0.0,0.0
2019-08-08 00:00:00-04:00,47.84702393793063,48.642881479152365,47.65343765837779,48.618980407714844,108038000,0.0,0.0
2019-08-09 00:00:00-04:00,48.29271153651943,48.64296958479051,47.810501798191915,48.21834182739258,98478800,0.1925,0.0
2019-08-12 00:00:00-04:00,47.889667686680966,48.47263670436005,47.776912437595854,48.095985412597656,89927600,0.0,0.0
2019-08-13 00:00:00-04:00,48.225533277199396,50.893266254855526,48.09598298618555,50.13277053833008,188874000,0.0,0.0
2019-08-14 00:00:00-04:00,48.738921717537906,49.52580693537661,48.60217461253329,48.640560150146484,146189600,0.0,0.0
2019-08-15 00:00:00-04:00,48.810889738894396,49.21392686930711,47.9016511510091,48.39825439453125,108909600,0.0,0.0
2019-08-16 00:00:00-04:00,49.00762317772249,49.69854835341414,48.90206475803103,49.54021072387695,110481600,0.0,0.0
2019-08-19 00:00:00-04:00,50.52860433163702,51.034802168744775,50.38706178009625,50.46383285522461,97654400,0.0,0.0
2019-08-20 00:00:00-04:00,50.590987294947006,51.18355082625258,50.4566415593816,50.46623611450195,107537200,0.0,0.0
2019-08-21 00:00:00-04:00,51.09719348410533,51.255527463503284,50.76372681466608,51.01322555541992,86141600,0.0,0.0
2019-08-22 00:00:00-04:00,51.14516455142714,51.4450447285328,50.55979786001343,50.970035552978516,89014800,0.0,0.0
2019-08-23 00:00:00-04:00,50.2431331866759,50.87168465912164,48.22074260469428,48.61418533325195,187272000,0.0,0.0
2019-08-26 00:00:00-04:00,49.38667048720254,49.70574345904227,49.194746427216245,49.537811279296875,104174400,0.0,0.0
2019-08-27 00:00:00-04:00,49.866484637260236,50.0320191125947,48.82769906450178,48.97883987426758,103493200,0.0,0.0
2019-08-28 00:00:00-04:00,48.96443018322548,49.353073668970715,48.77730527078176,49.307491302490234,63755200,0.0,0.0
2019-08-29 00:00:00-04:00,50.02002612084865,50.21674932361464,49.57860326769011,50.14237594604492,83962000,0.0,0.0
2019-08-30 00:00:00-04:00,50.418262059397264,50.48783265913524,49.708144094052756,50.077598571777344,84573600,0.0,0.0
2019-09-03 00:00:00-04:00,49.52341468933475,49.65536271132292,48.99322853822822,49.34828567504883,80092000,0.0,0.0
2019-09-04 00:00:00-04:00,49.99363803420186,50.25513274380747,49.73694243376405,50.18556213378906,76752400,0.0,0.0
2019-09-05 00:00:00-04:00,50.859682455783634,51.33229394881414,50.74212809831234,51.1667594909668,95654800,0.0,0.0
2019-09-06 00:00:00-04:00,51.35148311214848,51.4402464746383,50.982028677859134,51.161956787109375,77449200,0.0,0.0
2019-09-09 00:00:00-04:00,51.54101108118064,51.924859218012465,50.63657499459651,51.38027572631836,109237600,0.0,0.0
2019-09-10 00:00:00-04:00,51.305897723756836,52.00641734866052,50.790105305142255,51.98722457885742,127111600,0.0,0.0
2019-09-11 00:00:00-04:00,52.315906424379826,53.668965856636916,52.23433622087792,53.640174865722656,177158400,0.0,0.0
2019-09-12 00:00:00-04:00,53.93045177370637,54.31909531176275,53.465037153213494,53.52021408081055,128906800,0.0,0.0
2019-09-13 00:00:00-04:00,52.77891078404018,52.968433443898334,52.06399747203743,52.47903060913086,159053200,0.0,0.0
2019-09-16 00:00:00-04:00,52.234333171895095,52.810105368157046,52.19354990284835,52.75492477416992,84632400,0.0,0.0
2019-09-17 00:00:00-04:00,52.76931927731361,52.9756369959949,52.56779700604228,52.94684600830078,73274800,0.0,0.0
2019-09-18 00:00:00-04:00,53.03320563124097,53.46263606774207,52.64456211762363,53.443443298339844,101360000,0.0,0.0
2019-09-19 00:00:00-04:00,53.261108874880726,53.68094105738263,52.86766629027621,53.009212493896484,88242400,0.0,0.0
2019-09-20 00:00:00-04:00,53.10998156197395,53.393066700070236,52.17195546286078,52.23432922363281,221652400,0.0,0.0
2019-09-23 00:00:00-04:00,52.52701683843027,52.74053140147138,52.21514068797828,52.471839904785156,76662000,0.0,0.0
2019-09-24 00:00:00-04:00,53.02603170966942,53.37629349645591,52.10480034423236,52.22235107421875,124763200,0.0,0.0
2019-09-25 00:00:00-04:00,52.43104739925435,53.13876383787783,52.092781703491944,53.02600860595703,87613600,0.0,0.0
2019-09-26 00:00:00-04:00,52.778911116876884,53.00442159553428,52.49822371066928,52.75252151489258,75334000,0.0,0.0
2019-09-27 00:00:00-04:00,52.90846232712596,53.00922529663117,52.1263760760949,52.49583053588867,101408000,0.0,0.0
2019-09-30 00:00:00-04:00,52.99481963756266,53.87766871925499,52.96843003744191,53.731327056884766,103909600,0.0,0.0
2019-10-01 00:00:00-04:00,53.99522635512258,54.75092292917973,53.78650726482421,53.880069732666016,139223200,0.0,0.0
2019-10-02 00:00:00-04:00,53.51301607875295,53.63776725465984,52.28230668763537,52.52941131591797,138449200,0.0,0.0
2019-10-03 00:00:00-04:00,52.402261102678956,53.00922196273818,51.61058034563439,52.97563552856445,114426000,0.0,0.0
2019-10-04 00:00:00-04:00,54.131976230110034,54.57580040442291,53.712143936815686,54.46064376831055,138478800,0.0,0.0
2019-10-07 00:00:00-04:00,54.28311450360741,55.161160934101474,54.17995381280001,54.47263717651367,122306000,0.0,0.0
2019-10-08 00:00:00-04:00,54.175151178670255,54.712534075004065,53.817692715154585,53.8344841003418,111820000,0.0,0.0
2019-10-09 00:00:00-04:00,54.46544647216797,54.64777233374476,54.13197980362061,54.46544647216797,74770400,0.0,0.0
2019-10-10 00:00:00-04:00,54.68134917544705,55.28351091299054,54.530212055651084,55.19954299926758,113013600,0.0,0.0
2019-10-11 00:00:00-04:00,55.88567285866777,57.01082394508319,55.73213434401569,56.667762756347656,166795600,0.0,0.0
2019-10-14 00:00:00-04:00,56.35348195750364,57.128374978236515,56.298305029368485,56.58618927001953,96427600,0.0,0.0
2019-10-15 00:00:00-04:00,56.7109382267624,57.013216118499486,56.34868430138051,56.45424270629883,87360000,0.0,0.0
2019-10-16 00:00:00-04:00,55.98643706861519,56.43506037247949,55.94565379747248,56.226341247558594,73903200,0.0,0.0
2019-10-17 00:00:00-04:00,56.3990739912021,56.65337184168017,56.022426324167796,56.44465637207031,67585200,0.0,0.0
2019-10-18 00:00:00-04:00,56.279116685052266,56.99643144981467,56.20714470406706,56.71574401855469,97433600,0.0,0.0
2019-10-21 00:00:00-04:00,56.98203358379018,57.81450126035305,56.93405348688718,57.699344635009766,87247200,0.0,0.0
2019-10-22 00:00:00-04:00,57.85528996983772,58.104788693598735,57.48583550156147,57.567405700683594,82293600,0.0,0.0
2019-10-23 00:00:00-04:00,58.08080006310815,58.35429066597053,57.869683225583834,58.33989334106445,75828800,0.0,0.0
2019-10-24 00:00:00-04:00,58.65897263620099,58.72854690180575,58.01123205028258,58.43586349487305,69275200,0.0,0.0
2019-10-25 00:00:00-04:00,58.33509163394323,59.19154751127854,58.26791876751091,59.15556335449219,73477200,0.0,0.0
2019-10-28 00:00:00-04:00,59.357097221749996,59.79612235070389,59.189165012473325,59.74814224243164,96572800,0.0,0.0
2019-10-29 00:00:00-04:00,59.72894099440109,59.916065952572374,58.19355578359902,58.36628341674805,142839600,0.0,0.0
2019-10-30 00:00:00-04:00,58.71894132571627,58.84849162305364,57.867284479823844,58.35908508300781,124522000,0.0,0.0
2019-10-31 00:00:00-04:00,59.31390665702909,59.7769199351258,56.919660471431264,59.678558349609375,139162000,0.0,0.0
2019-11-01 00:00:00-04:00,59.86568616480788,61.39867369524902,59.77452506763022,61.37228775024414,151125200,0.0,0.0
2019-11-04 00:00:00-05:00,61.73452740702055,61.859282241976885,61.26671873981368,61.77531433105469,103272000,0.0,0.0
2019-11-05 00:00:00-05:00,61.667361337070204,61.940855593414504,61.49223598607557,61.68655776977539,79897600,0.0,0.0
2019-11-06 00:00:00-05:00,61.60019639769865,61.77292770781891,61.26433199504674,61.71295166015625,75864400,0.0,0.0
2019-11-07 00:00:00-05:00,62.259150929671776,62.64656000743047,62.10755639243026,62.4251823425293,94940400,0.1925,0.0
2019-11-08 00:00:00-05:00,62.24713427287051,62.66822702461764,61.804386203655085,62.59604263305664,69986400,0.0,0.0
2019-11-11 00:00:00-05:00,62.153294578801074,63.15670179993988,62.148484733219185,63.09173583984375,81821200,0.0,0.0
2019-11-12 00:00:00-05:00,62.93530156134261,63.23368077605803,62.78371437532705,63.033958435058594,87388800,0.0,0.0
2019-11-13 00:00:00-05:00,62.834251020126196,63.71252861529015,62.819814143525335,63.637935638427734,102734400,0.0,0.0
2019-11-14 00:00:00-05:00,63.464698561953334,63.73660536483951,63.06766968889383,63.197608947753906,89182800,0.0,0.0
2019-11-15 00:00:00-05:00,63.447827162802454,63.95313976898309,63.28661295972906,63.94832992553711,100206400,0.0,0.0
2019-11-18 00:00:00-05:00,63.95797391868933,64.3501929351306,63.580199124620194,64.27079010009766,86703200,0.0,0.0
2019-11-19 00:00:00-05:00,64.46326074161394,64.48732464483736,63.85929862735795,64.07585906982422,76167200,0.0,0.0
2019-11-20 00:00:00-05:00,63.8954250386282,64.0253569677477,62.6586117144653,63.3299560546875,106234400,0.0,0.0
2019-11-21 00:00:00-05:00,63.45026785998437,63.52726945371506,62.846298083028294,63.0460205078125,121395200,0.0,0.0
2019-11-22 00:00:00-05:00,63.18555533818893,63.32752284181442,62.76446267135501,62.99065017700195,65325200,0.0,0.0
2019-11-25 00:00:00-05:00,63.214444588644916,64.11197639359949,63.16872535757396,64.09513092041016,84020400,0.0,0.0
2019-11-26 00:00:00-05:00,64.23227289237668,64.28521054996122,63.16390005259661,63.59461975097656,105207600,0.0,0.0
2019-11-27 00:00:00-05:00,63.905016230980486,64.482520587069,63.84005029539335,64.4488296508789,65235600,0.0,0.0
2019-11-29 00:00:00-05:00,64.15048034055641,64.48735310453695,63.98204028692839,64.306884765625,46617600,0.0,0.0
2019-12-02 00:00:00-05:00,64.31169299395302,64.54750759444755,63.39251319176383,63.5633544921875,94487200,0.0,0.0
2019-12-03 00:00:00-05:00,62.15568877645392,62.449250841018284,61.66963012734118,62.43000411987305,114430400,0.0,0.0
2019-12-04 00:00:00-05:00,62.819815271136704,63.35881158930754,62.72596822827263,62.98102951049805,67181600,0.0,0.0
2019-12-05 00:00:00-05:00,63.47429793360581,63.979610526043295,63.21923671572948,63.90501022338867,74424400,0.0,0.0
2019-12-06 00:00:00-05:00,64.36220755924087,65.20920267737617,64.31888959281135,65.13941955566406,106075600,0.0,0.0
2019-12-09 00:00:00-05:00,64.96859034566656,65.161086935307,63.7438129866393,64.22747039794922,128042400,0.0,0.0
2019-12-10 00:00:00-05:00,64.63170272694757,64.98542081982103,63.9723870058688,64.60282897949219,90420400,0.0,0.0
2019-12-11 00:00:00-05:00,64.68224783580021,65.23327979738657,64.60765485527283,65.15386962890625,78756800,0.0,0.0
2019-12-12 00:00:00-05:00,64.4344044431603,65.58458883328302,64.323719270287,65.31990051269531,137310400,0.0,0.0
2019-12-13 00:00:00-05:00,65.31989720038126,66.24389400998982,65.19236656282973,66.20780181884766,133587600,0.0,0.0
2019-12-16 00:00:00-05:00,66.65298114531323,67.56494998316613,66.64817129927935,67.3411636352539,128186000,0.0,0.0
2019-12-17 00:00:00-05:00,67.27137184882572,67.80074117462817,67.08608634301142,67.47349548339844,114158400,0.0,0.0
2019-12-18 00:00:00-05:00,67.3267156265506,67.83202842109593,67.16309276912453,67.3122787475586,116028400,0.0,0.0
2019-12-19 00:00:00-05:00,67.25453186379887,67.6587791659251,67.12219135736983,67.37965393066406,98369200,0.0,0.0
2019-12-20 00:00:00-05:00,67.91144131901756,68.01249947600941,67.02834635450061,67.24009704589844,275978000,0.0,0.0
2019-12-23 00:00:00-05:00,67.50235159527494,68.39747451056897,67.46385081638057,68.33731842041016,98572000,0.0,0.0
2019-12-24 00:00:00-05:00,68.50334817492838,68.55147598321106,68.07744571038954,68.40228271484375,48478800,0.0,0.0
2019-12-26 00:00:00-05:00,68.53465245449213,69.7762754042592,68.50577869758881,69.75942993164062,93121200,0.0,0.0
2019-12-27 00:00:00-05:00,70.05057427415741,70.73635528399755,69.32870107290967,69.73294830322266,146266000,0.0,0.0
2019-12-30 00:00:00-05:00,69.65114955957583,70.4283691578937,68.63090426605163,70.14683532714844,144114400,0.0,0.0
2019-12-31 00:00:00-05:00,69.76421701643756,70.66655834165601,69.66556015035431,70.65933990478516,100805600,0.0,0.0
2020-01-02 00:00:00-05:00,71.28256770874596,72.3316938789073,71.02991503384398,72.27153778076172,135480400,0.0,0.0
2020-01-03 00:00:00-05:00,71.50151891326733,72.326858611121,71.34511456584144,71.56889343261719,146322800,0.0,0.0
2020-01-06 00:00:00-05:00,70.6930355770511,72.17768382474937,70.4427841766351,72.1391830444336,118387200,0.0,0.0
2020-01-07 00:00:00-05:00,72.14880477383014,72.40386599931632,71.58093482826389,71.7999038696289,108872000,0.0,0.0
2020-01-08 00:00:00-05:00,71.50396043802937,73.25570609117467,71.50396043802937,72.95492553710938,132079200,0.0,0.0
2020-01-09 00:00:00-05:00,73.9294436077337,74.69703608624071,73.67919950094557,74.5045394897461,170108400,0.0,0.0
2020-01-10 00:00:00-05:00,74.73794692643483,75.23604124225797,74.17247806619659,74.6729736328125,140644800,0.0,0.0
2020-01-13 00:00:00-05:00,74.98817927043977,76.29476778625667,74.87026834030729,76.26829528808594,121532000,0.0,0.0
2020-01-14 00:00:00-05:00,76.20574087506732,76.41508290193035,75.11571277328815,75.2384262084961,161954400,0.0,0.0
2020-01-15 00:00:00-05:00,75.03872116096186,75.91699875877144,74.48528063092401,74.91600036621094,121923600,0.0,0.0
2020-01-16 00:00:00-05:00,75.45740996278018,75.96513130059404,75.09647333767747,75.85443878173828,108829200,0.0,0.0
2020-01-17 00:00:00-05:00,76.10226501476049,76.69660748800922,75.7966747158336,76.69420623779297,137816400,0.0,0.0
2020-01-21 00:00:00-05:00,76.32365494902595,76.76399437532534,76.0373113220916,76.17446899414062,110843200,0.0,0.0
2020-01-22 00:00:00-05:00,76.65810098336361,76.99738219270716,76.35251070725963,76.44635772705078,101832400,0.0,0.0
2020-01-23 00:00:00-05:00,76.49932724037184,76.89394751401544,75.95310504727735,76.81454467773438,104472000,0.0,0.0
2020-01-24 00:00:00-05:00,77.05998219911793,77.80110229414466,76.40307478925112,76.59317016601562,146537600,0.0,0.0
2020-01-27 00:00:00-05:00,74.60799376962629,75.01945939831474,73.3615612587431,74.34090423583984,161940000,0.0,0.0
2020-01-28 00:00:00-05:00,75.2192223842577,76.61484158805526,75.1205654551585,76.44400024414062,162234000,0.0,0.0
2020-01-29 00:00:00-05:00,78.07059329235672,78.88871482326161,77.33187458625076,78.04412078857422,216229200,0.0,0.0
2020-01-30 00:00:00-05:00,77.12975418029563,77.9839679399373,76.69903440937786,77.9310302734375,126743200,0.0,0.0
2020-01-31 00:00:00-05:00,77.22358883501371,77.64468154540367,74.18210016247106,74.47566223144531,199588400,0.0,0.0
2020-02-03 00:00:00-05:00,73.22202218961303,75.43336162333348,72.72152653053286,74.27114868164062,173788400,0.0,0.0
2020-02-04 00:00:00-05:00,75.8712937858949,76.91320175349885,75.4670464773754,76.72310638427734,136616400,0.0,0.0
2020-02-05 00:00:00-05:00,77.8468190226948,78.14519833259766,76.74717087270234,77.3487319946289,118826800,0.0,0.0
2020-02-06 00:00:00-05:00,77.61823424457238,78.25588759836752,77.06239232642683,78.25347900390625,105425600,0.0,0.0
2020-02-07 00:00:00-05:00,77.75417767052507,78.00260869481056,76.70015470961765,77.18978118896484,117684000,0.1925,0.0
2020-02-10 00:00:00-05:00,75.77878713871854,77.556396484375,75.69919587638071,77.556396484375,109348800,0.0,0.0
2020-02-11 00:00:00-05:00,78.05085298718184,78.12320868151228,76.87140364468625,77.0884780883789,94323200,0.0,0.0
2020-02-12 00:00:00-05:00,77.53710627398911,78.92398019498478,77.53710627398911,78.91915893554688,113730400,0.0,0.0
2020-02-13 00:00:00-05:00,78.19315895415963,78.68278545723169,77.99055564537478,78.35717010498047,94747600,0.0,0.0
2020-02-14 00:00:00-05:00,78.32581612373606,78.62490351773702,77.86996050397198,78.37647247314453,80113600,0.0,0.0
2020-02-18 00:00:00-05:00,76.06339782410153,77.12224944183446,75.88250122650535,76.94135284423828,152531200,0.0,0.0
2020-02-19 00:00:00-05:00,77.18256041371585,78.28482562119284,77.18256041371585,78.0556869506836,93984000,0.0,0.0
2020-02-20 00:00:00-05:00,77.81687221021221,78.30408426291646,76.75078531541655,77.2548828125,100566000,0.0,0.0
2020-02-21 00:00:00-05:00,76.84971694338334,77.2911088758147,74.89121045948235,75.50625610351562,129554000,0.0,0.0
2020-02-24 00:00:00-05:00,71.6977667682717,73.36683527541466,69.76096746559567,71.91966247558594,222195200,0.0,0.0
2020-02-25 00:00:00-05:00,72.58779705787798,72.96888275320897,69.0132775682206,69.48360443115234,230673600,0.0,0.0
2020-02-26 00:00:00-05:00,69.10974593206521,71.84731631381621,69.10251036153399,70.58586120605469,198054800,0.0,0.0
2020-02-27 00:00:00-05:00,67.80006024068396,68.98191678336323,65.83672522986622,65.97179412841797,320605600,0.0,0.0
2020-02-28 00:00:00-05:00,62.04996979820484,67.15125422909904,61.83530222470277,65.93321228027344,426510000,0.0,0.0
2020-03-02 00:00:00-05:00,68.08465633915449,72.7059623843327,66.98480559511727,72.07161712646484,341397200,0.0,0.0
2020-03-03 00:00:00-05:00,73.24382523248129,73.32341649193845,68.93365637610123,69.78266906738281,319475600,0.0,0.0
2020-03-04 00:00:00-05:00,71.49997996726277,73.1786982425022,70.70162361460446,73.0195083618164,219178400,0.0,0.0
2020-03-05 00:00:00-05:00,71.27809579631553,72.2501134253378,70.28678576484225,70.65099334716797,187572800,0.0,0.0
2020-03-06 00:00:00-05:00,68.01713389438318,70.14448006147832,67.8314160013331,69.71273803710938,226176800,0.0,0.0
2020-03-09 00:00:00-04:00,63.61532393782106,67.07406711242609,63.4344272820737,64.19902038574219,286744800,0.0,0.0
2020-03-10 00:00:00-04:00,66.84493210656007,69.08804757078283,64.9708381447339,68.8227310180664,285290000,0.0,0.0
2020-03-11 00:00:00-04:00,66.90522837411211,67.82900397076429,65.57141009124467,66.43247985839844,255598800,0.0,0.0
2020-03-12 00:00:00-04:00,61.73157079868094,65.12277860691059,59.81647812782899,59.871952056884766,418474000,0.0,0.0
2020-03-13 00:00:00-04:00,63.89027147674693,67.51543909047871,61.01039330045894,67.04510498046875,370732000,0.0,0.0
2020-03-16 00:00:00-04:00,58.35724302986641,62.488918914128035,57.88691260105301,58.41995620727539,322423600,0.0,0.0
2020-03-17 00:00:00-04:00,59.69829586216656,62.13436816241869,57.5010047474182,60.98869323730469,324056000,0.0,0.0
2020-03-18 00:00:00-04:00,57.83144203035199,60.29887079269061,57.19227179173887,59.495689392089844,300233600,0.0,0.0
2020-03-19 00:00:00-04:00,59.669353459047855,60.98386817289122,58.51643928547833,59.039833068847656,271857200,0.0,0.0
2020-03-20 00:00:00-04:00,59.61870468799079,60.740266023209095,54.99257655004273,55.29166030883789,401693200,0.0,0.0
2020-03-23 00:00:00-04:00,55.01186023215794,55.11316188237845,51.28056622079162,54.11702346801758,336752800,0.0,0.0
2020-03-24 00:00:00-04:00,57.008967128821915,59.74171251843163,56.51210499986582,59.54634475708008,287531200,0.0,0.0
2020-03-25 00:00:00-04:00,60.479754763228684,62.28872050888856,58.92404495803123,59.21830368041992,303602000,0.0,0.0
2020-03-26 00:00:00-04:00,59.459503438935364,62.392437317540725,59.42091128360293,62.33455276489258,252087200,0.0,0.0
2020-03-27 00:00:00-04:00,60.962160830090674,61.71468959022156,59.58734725663957,59.7537727355957,204216800,0.0,0.0
2020-03-30 00:00:00-04:00,60.477366294133525,61.63028059072722,60.154161498746404,61.45903015136719,167976400,0.0,0.0
2020-03-31 00:00:00-04:00,61.649564437343955,63.31139742053906,60.78125926146835,61.333595275878906,197002000,0.0,0.0
2020-04-01 00:00:00-04:00,59.454689089589124,59.99014337906341,57.67707948194542,58.106407165527344,176218400,0.0,0.0
2020-04-02 00:00:00-04:00,57.968928946530895,59.1290787799157,57.139215789585435,59.07601547241211,165934000,0.0,0.0
2020-04-03 00:00:00-04:00,58.56226659383969,59.26173205327884,57.638487411525155,58.22700500488281,129880000,0.0,0.0
2020-04-06 00:00:00-04:00,60.51594604650854,63.460940873525914,60.14933155714907,63.30657958984375,201820400,0.0,0.0
2020-04-07 00:00:00-04:00,65.31572880710591,65.53281061360002,62.4696252718209,62.57333755493164,202887200,0.0,0.0
2020-04-08 00:00:00-04:00,63.3717110057614,64.4884474840079,63.007510761837494,64.17489624023438,168895200,0.0,0.0
2020-04-09 00:00:00-04:00,64.80924699848376,65.13968372309436,63.84446480191953,64.63799285888672,161834800,0.0,0.0
2020-04-13 00:00:00-04:00,64.71517076301717,66.01521817669068,64.11700321080237,65.90667724609375,131022800,0.0,0.0
2020-04-14 00:00:00-04:00,67.53473560751405,69.5245983530926,67.06440146882377,69.23516082763672,194994800,0.0,0.0
2020-04-15 00:00:00-04:00,68.1136219235753,69.06151866956002,67.68670844945419,68.6032485961914,131154400,0.0,0.0
2020-04-16 00:00:00-04:00,69.31477144908467,69.51255354700056,68.10155824756667,69.14834594726562,157125200,0.0,0.0
2020-04-17 00:00:00-04:00,68.66596138703994,69.21106568283508,66.77739611765809,68.21009826660156,215250000,0.0,0.0
2020-04-20 00:00:00-04:00,67.04029751693926,67.93995209285313,66.77498097363504,66.79427337646484,130015200,0.0,0.0
2020-04-21 00:00:00-04:00,66.6374787843657,66.87143866583018,64.02050667372501,64.72962188720703,180991600,0.0,0.0
2020-04-22 00:00:00-04:00,65.99347359056304,67.0282039760379,65.6533945347586,66.59405517578125,116862400,0.0,0.0
2020-04-23 00:00:00-04:00,66.53858656789843,67.95681696931808,66.29739112168969,66.33598327636719,124814400,0.0,0.0
2020-04-24 00:00:00-04:00,66.8593881429372,68.2607332539519,66.81114610399659,68.25108337402344,126161200,0.0,0.0
2020-04-27 00:00:00-04:00,67.96888765338052,68.62976831599522,67.5226818754922,68.29933166503906,117087600,0.0,0.0
2020-04-28 00:00:00-04:00,68.76002418855134,68.94092085113884,67.10060498674002,67.19225311279297,112004800,0.0,0.0
2020-04-29 00:00:00-04:00,68.67560621679193,69.86711272922732,68.47300285396169,69.3991928100586,137280800,0.0,0.0
2020-04-30 00:00:00-04:00,69.93705315982548,71.03931848812404,69.54873189331651,70.86324310302734,183064000,0.0,0.0
2020-05-01 00:00:00-04:00,69.04223121290346,72.1174746992424,68.94575445802198,69.72240447998047,240616800,0.0,0.0
2020-05-04 00:00:00-04:00,69.74650229526233,70.83670324791197,69.05909368437592,70.70886993408203,133568000,0.0,0.0
2020-05-05 00:00:00-04:00,71.16716033947453,72.5998625344933,71.02244153337789,71.77014923095703,147751200,0.0,0.0
2020-05-06 00:00:00-04:00,72.4695983843977,73.14012158473827,72.0860984199546,72.51060485839844,142333600,0.0,0.0
2020-05-07 00:00:00-04:00,73.13530790467281,73.6056421260466,72.8338134962802,73.26072692871094,115215200,0.0,0.0
2020-05-08 00:00:00-04:00,73.91857350395145,75.05767778640492,73.59207657746659,75.00447082519531,133838400,0.205,0.0
2020-05-11 00:00:00-04:00,74.51349610684939,76.67803493373073,74.30550263769149,76.1846694946289,145946400,0.0,0.0
2020-05-12 00:00:00-04:00,76.86667320446085,77.31651506334359,75.19308642093533,75.31401062011719,162301200,0.0,0.0
2020-05-13 00:00:00-04:00,75.49295772589451,76.4119858446997,73.33083297953847,74.4046401977539,200622400,0.0,0.0
2020-05-14 00:00:00-04:00,73.64524321049535,74.92220219963244,72.92453247252323,74.86174011230469,158929200,0.0,0.0
2020-05-15 00:00:00-04:00,72.63917339112623,74.46512598393333,72.60531107010586,74.41917419433594,166348400,0.0,0.0
2020-05-18 00:00:00-04:00,75.73968112913077,76.54503320734271,75.05041158146969,76.1725845336914,135178400,0.0,0.0
2020-05-19 00:00:00-04:00,76.18950390013767,77.03355248472863,75.70097277157296,75.73241424560547,101729600,0.0,0.0
2020-05-20 00:00:00-04:00,76.58854343128702,77.27539194682277,76.5498468046985,77.20526123046875,111504800,0.0,0.0
2020-05-21 00:00:00-04:00,77.06742956137252,77.60675427308676,76.3926703052991,76.62968444824219,102688800,0.0,0.0
2020-05-22 00:00:00-04:00,76.368473598234,77.20527445284804,76.26690139409212,77.123046875,81803200,0.0,0.0
2020-05-26 00:00:00-04:00,78.23797358104541,78.41693907225796,76.54503443091458,76.60066223144531,125522000,0.0,0.0
2020-05-27 00:00:00-04:00,76.45796813210207,77.07951300360745,75.72032597361274,76.93440246582031,112945200,0.0,0.0
2020-05-28 00:00:00-04:00,76.610323390573,78.22345564249268,76.33462002234297,76.96826171875,133560800,0.0,0.0
2020-05-29 00:00:00-04:00,77.21008551765564,77.66959590522207,76.53774740179506,76.89326477050781,153532400,0.0,0.0
2020-06-01 00:00:00-04:00,76.84731793304262,77.9598218875062,76.71671774944491,77.83889770507812,80791200,0.0,0.0
2020-06-02 00:00:00-04:00,77.57288559423814,78.22345847540862,77.13271967080152,78.19927215576172,87642800,0.0,0.0
2020-06-03 00:00:00-04:00,78.5185049118518,78.89095352620157,77.94773883188212,78.62975311279297,104491200,0.0,0.0
2020-06-04 00:00:00-04:00,78.45320362768672,78.75067242701921,77.58012709236915,77.95257568359375,87560400,0.0,0.0
2020-06-05 00:00:00-04:00,78.20169664703894,80.23322212138686,78.17267601436136,80.17276000976562,137250400,0.0,0.0
2020-06-08 00:00:00-04:00,79.87042779704282,80.68062134923207,79.16181381231353,80.64675903320312,95654400,0.0,0.0
2020-06-09 00:00:00-04:00,80.3275377952439,83.5852289286094,80.2960963197302,83.19343566894531,147712400,0.0,0.0
2020-06-10 00:00:00-04:00,84.13903931497238,85.80053629513817,83.70129439282721,85.33377075195312,166651600,0.0,0.0
2020-06-11 00:00:00-04:00,84.48006542527774,84.90330013235034,81.13530524486026,81.23687744140625,201662400,0.0,0.0
2020-06-12 00:00:00-04:00,83.36997815286581,84.11486795424553,80.83057003176687,81.938232421875,200146000,0.0,0.0
2020-06-15 00:00:00-04:00,80.59597529574442,83.60214898703789,80.43393362831908,82.95157623291016,138808800,0.0,0.0
2020-06-16 00:00:00-04:00,85.00002619954361,85.42084738289208,83.3699705447458,85.14997100830078,165428800,0.0,0.0
2020-06-17 00:00:00-04:00,85.89245860360263,85.95292070417966,84.91055468068187,85.03147888183594,114406400,0.0,0.0
2020-06-18 00:00:00-04:00,84.9879677448257,85.48134066707664,84.45831902990098,85.06536102294922,96820400,0.0,0.0
2020-06-19 00:00:00-04:00,85.76913649426004,86.23348137776418,83.47398972123017,84.57923889160156,264476000,0.0,0.0
2020-06-22 00:00:00-04:00,84.97099651794542,86.93480389547132,84.92504474201495,86.7921142578125,135445200,0.0,0.0
2020-06-23 00:00:00-04:00,88.0328001728494,90.05949054454209,87.6143998666509,88.6446762084961,212155600,0.0,0.0
2020-06-24 00:00:00-04:00,88.27467257128609,89.19128014209528,86.70749216559717,87.07994079589844,192623200,0.0,0.0
2020-06-25 00:00:00-04:00,87.23472854623947,88.27467380594872,86.47774180640029,88.23597717285156,137522400,0.0,0.0
2020-06-26 00:00:00-04:00,88.13197433577965,88.35205726047579,85.37731757939976,85.52484893798828,205256800,0.0,0.0
2020-06-29 00:00:00-04:00,85.43295906251363,87.5902503350082,84.95651735369147,87.49592590332031,130646000,0.0,0.0
2020-06-30 00:00:00-04:00,87.08475563938902,88.51166689112543,87.06541101774955,88.22628021240234,140223200,0.0,0.0
2020-07-01 00:00:00-04:00,88.30369462192029,88.84543272516727,88.01106009800148,88.0594253540039,110737200,0.0,0.0
2020-07-02 00:00:00-04:00,88.96394347072363,89.59758515519175,87.94576368111557,88.0594253540039,114041600,0.0,0.0
2020-07-06 00:00:00-04:00,89.48389845748481,90.88178176519018,89.45245698793732,90.4150161743164,118655600,0.0,0.0
2020-07-07 00:00:00-04:00,90.79231898432114,91.56865036942912,90.0232427568075,90.13449096679688,112424400,0.0,0.0
2020-07-08 00:00:00-04:00,91.10912534007682,92.26516034352021,91.02205608216732,92.23371887207031,117092000,0.0,0.0
2020-07-09 00:00:00-04:00,93.1237442552239,93.17695121032608,91.58559163057215,92.63037872314453,125642800,0.0,0.0
2020-07-10 00:00:00-04:00,92.22644940084874,92.85042228036532,91.6169942125863,92.79237365722656,90257200,0.0,0.0
2020-07-13 00:00:00-04:00,94.09351780316075,96.69580839278001,92.15147586145397,92.36430358886719,191649200,0.0,0.0
2020-07-14 00:00:00-04:00,91.74759804361886,94.08385428390145,90.81648768360292,93.8927993774414,170989200,0.0,0.0
2020-07-15 00:00:00-04:00,95.7622883592816,96.01139191075474,93.34380441075506,94.53853607177734,153198000,0.0,0.0
2020-07-16 00:00:00-04:00,93.41394840131093,94.22897636244912,92.77788590184623,93.37525177001953,110577600,0.0,0.0
2020-07-17 00:00:00-04:00,93.82509068603153,93.97986982567868,92.71500002379474,93.18660736083984,92186800,0.0,0.0
2020-07-20 00:00:00-04:00,93.27366748344572,95.28826123103211,92.9302395381322,95.15040588378906,90318000,0.0,0.0
2020-07-21 00:00:00-04:00,95.93884432011826,96.01381673517915,93.58807752951296,93.8371810913086,103433200,0.0,0.0
2020-07-22 00:00:00-04:00,93.53969429469112,94.78037765198125,93.45263242150494,94.10078430175781,89001600,0.0,0.0
2020-07-23 00:00:00-04:00,93.83476371071059,93.91215697447913,89.00989228366163,89.81766510009766,197004400,0.0,0.0
2020-07-24 00:00:00-04:00,88.02073328072413,89.93858943355201,86.23830426873995,89.59516143798828,185438800,0.0,0.0
2020-07-27 00:00:00-04:00,90.65445070078177,91.81048572351438,90.43195431248509,91.71858215332031,121214000,0.0,0.0
2020-07-28 00:00:00-04:00,91.29052545592491,91.46707746354134,90.20704185281049,90.21188354492188,103625600,0.0,0.0
2020-07-29 00:00:00-04:00,90.69315474979174,92.12490060025137,90.6568789640174,91.94109344482422,90329200,0.0,0.0
2020-07-30 00:00:00-04:00,91.11640331382533,93.15760481726485,90.71009969017368,93.0536117553711,158130000,0.0,0.0
2020-07-31 00:00:00-04:00,99.53029641393837,102.94519477180637,97.53746050279906,102.79524993896484,374336800,0.0,0.0
2020-08-03 00:00:00-04:00,104.67199645721692,107.99741233494379,104.37452761502963,105.38545227050781,308151200,0.0,0.0
2020-08-04 00:00:00-04:00,105.57407987592546,107.17753592025956,104.85336899973937,106.08921813964844,173071600,0.0,0.0
2020-08-05 00:00:00-04:00,105.8111002305475,106.7930041847868,105.34674803582895,106.47376251220703,121776800,0.0,0.0
2020-08-06 00:00:00-04:00,106.80508849601155,110.68191802624929,106.21739865938491,110.18854522705078,202428800,0.0,0.0
2020-08-07 00:00:00-04:00,109.71125415700284,110.16675013813993,106.88864159432606,107.68333435058594,198045600,0.205,0.0
2020-08-10 00:00:00-04:00,109.12491431547922,110.26365418298434,106.60515752548201,109.24848175048828,212403600,0.0,0.0
2020-08-11 00:00:00-04:00,108.51436454798494,109.01104473075696,105.74020453823464,105.99945068359375,187902400,0.0,0.0
2020-08-12 00:00:00-04:00,107.08729946496186,109.77908349339258,106.89347486656195,109.52226257324219,165598000,0.0,0.0
2020-08-13 00:00:00-04:00,110.8984466622293,112.46118443380263,110.41145251692377,111.4605484008789,210082000,0.0,0.0
2020-08-14 00:00:00-04:00,111.28609846459923,111.45085012066804,109.55618389407232,111.3612060546875,165565200,0.0,0.0
2020-08-17 00:00:00-04:00,112.48056244330753,112.50479236850128,110.44537442392807,111.07046508789062,119561600,0.0,0.0
2020-08-18 00:00:00-04:00,110.82333863803461,112.41999238397445,110.4889848914492,111.9959945678711,105633600,0.0,0.0
2020-08-19 00:00:00-04:00,112.40299654957069,113.54657917906331,112.04199517044582,112.13648223876953,145538000,0.0,0.0
2020-08-20 00:00:00-04:00,112.17769677241944,114.73864510178977,112.16073508691606,114.62477111816406,126907200,0.0,0.0
2020-08-21 00:00:00-04:00,115.58178541828921,121.01380564130231,115.56967415425338,120.53166198730469,338054800,0.0,0.0
2020-08-24 00:00:00-04:00,124.72560677695705,124.81041520723647,120.11251616944286,121.97325897216797,345937600,0.0,0.0
2020-08-25 00:00:00-04:00,120.84905806633049,121.31666526163795,119.25482230830535,120.97261810302734,211495600,0.0,0.0
2020-08-26 00:00:00-04:00,122.28580830184438,123.07323276693351,121.22217601375844,122.61773681640625,163022400,0.0,0.0
2020-08-27 00:00:00-04:00,123.21861805256327,123.55054660251213,120.01076655415024,121.15193176269531,155552400,0.0,0.0
2020-08-28 00:00:00-04:00,122.12346328551597,122.54019279849011,120.73275303132817,120.95565795898438,187630000,0.0,0.0
2020-08-31 00:00:00-04:00,123.64259283625631,126.95704208405934,122.11135345489677,125.05752563476562,225702700,0.0,4.0
2020-09-01 00:00:00-04:00,128.66273593650766,130.6397854362347,126.50156266667052,130.03890991210938,151948100,0.0,0.0
2020-09-02 00:00:00-04:00,133.34364518172669,133.7216082722021,123.08048105831436,127.34468078613281,200119000,0.0,0.0
2020-09-03 00:00:00-04:00,122.99328312594758,124.86371200273943,116.7811062092152,117.14937591552734,257599600,0.0,0.0
2020-09-04 00:00:00-04:00,116.36437378387909,119.88234128870778,107.46768860387866,117.2269058227539,332607200,0.0,0.0
2020-09-08 00:00:00-04:00,110.4332501967872,115.3177056334054,109.20244843470786,109.33812713623047,231366600,0.0,0.0
2020-09-09 00:00:00-04:00,113.64108811318515,115.46306431680152,111.7028127244271,113.69923400878906,176940500,0.0,0.0
2020-09-10 00:00:00-04:00,116.6454372541948,116.78111596753853,109.02801283276419,109.98745727539062,182274400,0.0,0.0
2020-09-11 00:00:00-04:00,111.03410239684672,111.67373680721721,106.6051435470581,108.54341888427734,180860300,0.0,0.0
2020-09-14 00:00:00-04:00,111.17949601605923,112.35215193447013,109.31875310720565,111.79974365234375,140150100,0.0,0.0
2020-09-15 00:00:00-04:00,114.67806184681399,115.16263068004423,110.10373087809108,111.97416687011719,184642000,0.0,0.0
2020-09-16 00:00:00-04:00,111.67375141580924,112.41998426492623,108.58219948246469,108.66941833496094,154679000,0.0,0.0
2020-09-17 00:00:00-04:00,106.33379357166754,108.73725101622504,105.3549623880546,106.93465423583984,178011000,0.0,0.0
2020-09-18 00:00:00-04:00,106.99280653960918,107.45798850796619,102.81581790836313,103.54267120361328,287104900,0.0,0.0
2020-09-21 00:00:00-04:00,101.31365455629135,106.7892839596042,99.91809392274271,106.68267822265625,195713800,0.0,0.0
2020-09-22 00:00:00-04:00,109.20245128230411,109.37689638794417,105.79108936459673,108.35929870605469,183055400,0.0,0.0
2020-09-23 00:00:00-04:00,108.17516907584385,108.65004455027305,103.47484460570544,103.81404876708984,150718700,0.0,0.0
2020-09-24 00:00:00-04:00,101.92422311648544,106.8474450340975,101.75947146104525,104.88009643554688,167743300,0.0,0.0
2020-09-25 00:00:00-04:00,105.08360247419822,108.96984677207095,104.34705574231214,108.81478118896484,149981400,0.0,0.0
2020-09-28 00:00:00-04:00,111.46053107152444,111.76096139819123,109.29935070600561,111.41207122802734,137672400,0.0,0.0
2020-09-29 00:00:00-04:00,111.01472616815981,111.75126549437508,110.06496797160435,110.56891632080078,99382200,0.0,0.0
2020-09-30 00:00:00-04:00,110.27821483813538,113.64112490955164,110.11346315128938,112.23587036132812,142675200,0.0,0.0
2020-10-01 00:00:00-04:00,114.00938127075119,114.0869140768239,112.25524404848423,113.18561553955078,116120400,0.0,0.0
2020-10-02 00:00:00-04:00,109.40595140972307,111.80941609420873,108.7566309427858,109.53193664550781,144712000,0.0,0.0
2020-10-05 00:00:00-04:00,110.39450032404892,113.0499360657336,110.04561009300302,112.9045639038086,106243800,0.0,0.0
2020-10-06 00:00:00-04:00,112.12923647353072,112.53627995429564,108.78571414124006,109.66763305664062,161498200,0.0,0.0
2020-10-07 00:00:00-04:00,111.08257124183804,111.98386964245861,110.60768842209468,111.52837371826172,96849000,0.0,0.0
2020-10-08 00:00:00-04:00,112.66227875286972,112.80765091391855,111.05350632008391,111.42178344726562,83477200,0.0,0.0
2020-10-09 00:00:00-04:00,111.72219366663035,113.38911170550134,111.37330350063716,113.36003875732422,100506900,0.0,0.0
2020-10-12 00:00:00-04:00,116.35468329215739,121.31667154926015,115.59875698215505,120.56074523925781,240226800,0.0,0.0
2020-10-13 00:00:00-04:00,121.40388985664498,121.5201890553274,115.957340112208,117.36258697509766,262330500,0.0,0.0
2020-10-14 00:00:00-04:00,117.26568290980406,119.23303161360833,115.9282753037238,117.44982147216797,150712000,0.0,0.0
2020-10-15 00:00:00-04:00,115.0560520589753,117.459509897586,114.50364375467132,116.98463439941406,112559200,0.0,0.0
2020-10-16 00:00:00-04:00,117.53704016435405,117.79871153091253,115.1432684327753,115.34678649902344,115393800,0.0,0.0
2020-10-19 00:00:00-04:00,116.25776062422946,116.703563090536,112.09047284235501,112.40059661865234,120639300,0.0,0.0
2020-10-20 00:00:00-04:00,112.6138091614312,115.30801845057066,112.06140091237076,113.88338470458984,124423700,0.0,0.0
2020-10-21 00:00:00-04:00,113.06931343655647,115.04635557719843,112.8561019222811,113.26314544677734,89946000,0.0,0.0
2020-10-22 00:00:00-04:00,113.82521198702308,114.39700703508096,111.05347776637647,112.17768096923828,101988000,0.0,0.0
2020-10-23 00:00:00-04:00,112.7979355425483,112.95300112257948,110.75305441797342,111.4896011352539,82572600,0.0,0.0
2020-10-26 00:00:00-04:00,110.49141665682858,112.95302786819327,109.39628607186555,111.49932098388672,111850700,0.0,0.0
2020-10-27 00:00:00-04:00,111.92572130525396,113.66047883675716,111.00504336225823,113.00146484375,92276800,0.0,0.0
2020-10-28 00:00:00-04:00,111.49930623671789,111.86757593688382,107.67120751132958,107.76811981201172,143937800,0.0,0.0
2020-10-29 00:00:00-04:00,108.90203981270788,113.32130673033669,108.73728073317889,111.76099395751953,146129200,0.0,0.0
2020-10-30 00:00:00-04:00,107.63245134560678,108.53374987611883,104.39553435267372,105.50035095214844,190272600,0.0,0.0
2020-11-02 00:00:00-05:00,105.74263480892598,107.26418098664796,104.00787711431103,105.41312408447266,122866900,0.0,0.0
2020-11-03 00:00:00-05:00,106.27565178371685,108.0491682897085,105.37435335866708,107.03157806396484,107624400,0.0,0.0
2020-11-04 00:00:00-05:00,110.61739783333208,112.02264481194184,108.88264012828803,111.40239715576172,138235500,0.0,0.0
2020-11-05 00:00:00-05:00,114.3098203094192,115.92828633454072,113.26315692390712,115.35649108886719,126387100,0.0,0.0
2020-11-06 00:00:00-05:00,114.86624621911295,115.7205564071113,112.74016981356988,115.22544860839844,114457900,0.205,0.0
2020-11-09 00:00:00-05:00,116.98256825674697,118.42907262853805,112.66246807633155,112.9245834350586,154515300,0.0,0.0
2020-11-10 00:00:00-05:00,112.17708523408758,114.15753088265224,110.79852956756876,112.58482360839844,138023400,0.0,0.0
2020-11-11 00:00:00-05:00,113.7691943770842,116.13796507649292,113.04108708119541,116.0020523071289,112295000,0.0,0.0
2020-11-12 00:00:00-05:00,116.12827545684921,117.011708557713,115.10892216454586,115.73023986816406,103162300,0.0,0.0
2020-11-13 00:00:00-05:00,115.95352413531403,116.17680624012897,114.42935305539847,115.77877807617188,81581900,0.0,0.0
2020-11-16 00:00:00-05:00,115.44869936969526,117.45827535475047,114.70117908437909,116.78842163085938,91183000,0.0,0.0
2020-11-17 00:00:00-05:00,116.06030900690259,117.14761119066519,115.48752740079281,115.90497589111328,74271000,0.0,0.0
2020-11-18 00:00:00-05:00,115.14774244040137,116.32242132257835,114.55554791373581,114.58467102050781,76322100,0.0,0.0
2020-11-19 00:00:00-05:00,114.15750389315893,115.58459527254094,113.40027354655376,115.1768569946289,74113000,0.0,0.0
2020-11-20 00:00:00-05:00,115.17687350645622,115.3030761134196,113.86628176431465,113.9148178100586,73604300,0.0,0.0
2020-11-23 00:00:00-05:00,113.75951725004242,114.18667602451636,110.42963862000234,110.52671813964844,127959300,0.0,0.0
2020-11-24 00:00:00-05:00,110.5849439032423,112.46830981108012,109.3034679028236,111.80815887451172,113874200,0.0,0.0
2020-11-25 00:00:00-05:00,112.17708942095175,113.34205836437563,111.80817691040372,112.64307403564453,76499200,0.0,0.0
2020-11-27 00:00:00-05:00,113.1673164909398,114.06045987456068,112.82753448702884,113.18672943115234,46691300,0.0,0.0
2020-11-30 00:00:00-05:00,113.55562680437811,117.43886611768262,113.40029367663415,115.57491302490234,169410200,0.0,0.0
2020-12-01 00:00:00-05:00,117.47771042124693,119.86590193418374,116.50690050184049,119.1377944946289,127728200,0.0,0.0
2020-12-02 00:00:00-05:00,118.45821829004096,119.76881755329892,117.36120579212971,119.4872817993164,89004200,0.0,0.0
2020-12-03 00:00:00-05:00,119.91443587941438,120.16684852789926,118.64267727747634,119.35137176513672,78967600,0.0,0.0
2020-12-04 00:00:00-05:00,119.0212852595791,119.27369789260959,117.97280885162905,118.68150329589844,78260400,0.0,0.0
2020-12-07 00:00:00-05:00,118.73974211450027,120.93377429658472,118.68149589769769,120.13771057128906,86712000,0.0,0.0
2020-12-08 00:00:00-05:00,120.7396105898644,121.3318051265446,119.49696789528441,120.74931335449219,82225500,0.0,0.0
2020-12-09 00:00:00-05:00,120.89494675486756,122.27349493369557,117.46798924542293,118.2252197265625,115089200,0.0,0.0
2020-12-10 00:00:00-05:00,116.98259162067868,120.2542236129108,116.64280964087811,119.64260864257812,81312200,0.0,0.0
2020-12-11 00:00:00-05:00,118.8562278147655,119.1765967824479,117.03110830740295,118.8368148803711,86939800,0.0,0.0
2020-12-14 00:00:00-05:00,119.021283489644,119.74939086099992,117.99222744160214,118.2252197265625,79184500,0.0,0.0
2020-12-15 00:00:00-05:00,120.71048072938689,124.16656847506606,120.50661157074111,124.14714813232422,157243700,0.0,0.0
2020-12-16 00:00:00-05:00,123.69089034743503,124.62285953660047,122.86569602420569,124.07920837402344,98208600,0.0,0.0
2020-12-17 00:00:00-05:00,125.13738104904724,125.79753943581208,124.30248400346319,124.94322204589844,94359800,0.0,0.0
2020-12-18 00:00:00-05:00,125.1956339798523,125.33154675459895,122.43853039208297,122.9627685546875,192541500,0.0,0.0
2020-12-21 00:00:00-05:00,121.37064729644923,124.56461267355205,119.84647608918172,124.48694610595703,121251600,0.0,0.0
2020-12-22 00:00:00-05:00,127.7682574980973,130.48652745671254,125.86546408305279,128.03038024902344,168904800,0.0,0.0
2020-12-23 00:00:00-05:00,128.30222925734495,128.5643372428869,126.9625069666015,127.13726043701172,88223700,0.0,0.0
2020-12-24 00:00:00-05:00,127.48676208852152,129.56429466422506,127.27318272727676,128.11778259277344,54930100,0.0,0.0
2020-12-28 00:00:00-05:00,130.07878347656896,133.33098674453512,129.61278420351022,132.69996643066406,124486200,0.0,0.0
2020-12-29 00:00:00-05:00,134.02028815847115,134.7386778886634,130.41857748936,130.93310546875,121047300,0.0,0.0
2020-12-30 00:00:00-05:00,131.62237216405273,132.020407669835,129.50599945561927,129.81666564941406,96452100,0.0,0.0
2020-12-31 00:00:00-05:00,130.16618225748783,130.80692029298538,127.87507049302144,128.81675720214844,99116600,0.0,0.0
2021-01-04 00:00:00-05:00,129.62251281946894,129.70988213559124,123.05983729876496,125.63248443603516,143301900,0.0,0.0
2021-01-05 00:00:00-05:00,125.12765639008194,127.89446984433803,124.6810774289331,127.1857681274414,97664900,0.0,0.0
2021-01-06 00:00:00-05:00,123.99182776037331,127.22462614380248,122.69093878823239,122.9045181274414,155088000,0.0,0.0
2021-01-07 00:00:00-05:00,124.61315591365346,127.78770834669253,124.1277509770645,127.09842681884766,109578200,0.0,0.0
2021-01-08 00:00:00-05:00,128.56434751676753,128.75852134682515,126.42856870658443,128.19544982910156,105158200,0.0,0.0
2021-01-11 00:00:00-05:00,125.41891104549275,126.37030043054156,124.74904996348562,125.21503448486328,100384500,0.0,0.0
2021-01-12 00:00:00-05:00,124.74904496331433,125.90431086268742,123.15691766682359,125.04029083251953,91951100,0.0,0.0
2021-01-13 00:00:00-05:00,125.00144560094915,127.61292593794164,124.73933766024427,127.06927490234375,88636800,0.0,0.0
2021-01-14 00:00:00-05:00,126.98192465387714,127.17608365097323,125.00146436870398,125.1470947265625,90221800,0.0,0.0
2021-01-15 00:00:00-05:00,125.02088418474625,126.41885265934873,123.29284393513538,123.42875671386719,111598500,0.0,0.0
2021-01-19 00:00:00-05:00,124.0500664749991,124.95292722948219,123.23458985463955,124.0986099243164,90757300,0.0,0.0
2021-01-20 00:00:00-05:00,124.90437114467832,128.62257382285637,124.79758149233558,128.17599487304688,104319500,0.0,0.0
2021-01-21 00:00:00-05:00,129.89431728816726,135.59296445439338,129.69044077021863,132.87469482421875,120150900,0.0,0.0
2021-01-22 00:00:00-05:00,132.30197582810843,135.7677743821565,131.07876065141238,135.0105438232422,114459400,0.0,0.0
2021-01-25 00:00:00-05:00,138.89375351472623,140.85477848015867,132.55435242559187,138.7481231689453,157611700,0.0,0.0
2021-01-26 00:00:00-05:00,139.40832944748692,140.08789352147755,137.24341236503608,138.98117065429688,98390600,0.0,0.0
2021-01-27 00:00:00-05:00,139.24325862387312,140.0878733207545,136.31142335408737,137.9132537841797,140843800,0.0,0.0
2021-01-28 00:00:00-05:00,135.44739349341899,137.8452949915903,132.7097026247184,133.08831787109375,142621100,0.0,0.0
2021-01-29 00:00:00-05:00,131.8650760774745,132.7485164111063,126.40913060377333,128.10804748535156,177523800,0.0,0.0
2021-02-01 00:00:00-05:00,129.84579582479762,131.42822035718712,127.10810539305974,130.2244110107422,106239800,0.0,0.0
2021-02-02 00:00:00-05:00,131.7680267032869,132.33109823624255,130.68072432979122,131.0496368408203,83305400,0.0,0.0
2021-02-03 00:00:00-05:00,131.79715512438477,131.806872704572,129.70991963118382,130.03028869628906,89880900,0.0,0.0
2021-02-04 00:00:00-05:00,132.32136807732365,133.38924988354398,130.66127693474024,133.37954711914062,84183100,0.0,0.0
2021-02-05 00:00:00-05:00,133.5399993993488,133.6080499269068,132.09132576396362,132.9663543701172,75693800,0.205,0.0
2021-02-08 00:00:00-05:00,132.25661898979965,133.16082913582426,131.1774090425887,133.11221313476562,71297200,0.0,0.0
2021-02-09 00:00:00-05:00,132.83020097423812,134.0552584795755,132.08157120488215,132.23712158203125,76774200,0.0,0.0
2021-02-10 00:00:00-05:00,132.6940833002521,133.1899455543724,130.67178006992634,131.6343231201172,73046600,0.0,0.0
2021-02-11 00:00:00-05:00,132.13017580944882,132.6065887223786,130.0592713492993,131.3815460205078,64280000,0.0,0.0
2021-02-12 00:00:00-05:00,130.62320365664934,131.77046392162595,129.98150816834826,131.61489868164062,60145100,0.0,0.0
2021-02-16 00:00:00-05:00,131.73156315096224,132.2371278628611,129.10644827799214,129.495361328125,80576300,0.0,0.0
2021-02-17 00:00:00-05:00,127.6091940358472,128.55228793289643,125.87857148643107,127.21056365966797,97918500,0.0,0.0
2021-02-18 00:00:00-05:00,125.61605324019762,126.39386460486962,123.8757134782661,126.1119155883789,96856700,0.0,0.0
2021-02-19 00:00:00-05:00,126.62719484726894,127.08415840410441,125.22713755275306,126.26744842529297,87668800,0.0,0.0
2021-02-22 00:00:00-05:00,124.4590755242555,126.12164769737448,122.1159313080217,122.50483703613281,103916400,0.0,0.0
2021-02-23 00:00:00-05:00,120.32696770808406,123.19513336260104,115.10592588579131,122.36871337890625,158273000,0.0,0.0
2021-02-24 00:00:00-05:00,121.47422557501572,122.07702231944482,118.83940058972168,121.87284851074219,111039900,0.0,0.0
2021-02-25 00:00:00-05:00,121.2214246130711,122.95204690459941,117.19626722871075,117.63378143310547,148199500,0.0,0.0
2021-02-26 00:00:00-05:00,119.18939428483608,121.38670478117784,117.83795297430818,117.89629364013672,164560400,0.0,0.0
2021-03-01 00:00:00-05:00,120.31724465842385,124.38129410804099,119.38387540817448,124.24517822265625,116307900,0.0,0.0
2021-03-02 00:00:00-05:00,124.84797657824923,125.14937496490815,121.54228933610958,121.64923858642578,102260900,0.0,0.0
2021-03-03 00:00:00-05:00,121.34784230356715,122.22287832128721,118.46022715397075,118.67412567138672,112966300,0.0,0.0
2021-03-04 00:00:00-05:00,118.37271017337518,120.17139052818686,115.32953762534804,116.79764556884766,178155000,0.0,0.0
2021-03-05 00:00:00-05:00,117.62409786604603,118.55746720916116,114.30868545617739,118.05188751220703,153766600,0.0,0.0
2021-03-08 00:00:00-05:00,117.57545493676041,117.64351287063639,112.98638448752729,113.1322250366211,154376600,0.0,0.0
2021-03-09 00:00:00-05:00,115.72817884872909,118.67412730069942,115.49483838005335,117.73103332519531,129525800,0.0,0.0
2021-03-10 00:00:00-05:00,118.31438961434448,118.78107052799325,116.13652062478559,116.65182495117188,111943300,0.0,0.0
2021-03-11 00:00:00-05:00,119.14080957092585,119.79222236399583,117.89631724453561,118.57689666748047,103026500,0.0,0.0
2021-03-12 00:00:00-05:00,117.06016228897577,117.80879958845243,115.85456138090896,117.67268371582031,88105100,0.0,0.0
2021-03-15 00:00:00-04:00,118.04217872930988,120.56033045819379,117.07963526631563,120.55060577392578,92403800,0.0,0.0
2021-03-16 00:00:00-04:00,122.21313740579694,123.69097746560344,121.26032630464678,122.08674621582031,115227900,0.0,0.0
2021-03-17 00:00:00-04:00,120.60890560077927,122.3686945512962,118.94633378896354,121.29920959472656,111932600,0.0,0.0
2021-03-18 00:00:00-04:00,119.47136458953443,119.76304569936237,116.98238014530207,117.18655395507812,121229700,0.0,0.0
2021-03-19 00:00:00-04:00,116.5740372845451,118.0615946863235,116.36013878430732,116.66153717041016,185549500,0.0,0.0
2021-03-22 00:00:00-04:00,116.99210932461362,120.4339124312078,116.92405138540522,119.96722412109375,111912300,0.0,0.0
2021-03-23 00:00:00-04:00,119.90889482634996,120.79364806529563,118.75190240381558,119.14080810546875,95467100,0.0,0.0
2021-03-24 00:00:00-04:00,119.41302514045037,119.49080775473756,116.73930897083474,116.75875091552734,88530500,0.0,0.0
2021-03-25 00:00:00-04:00,116.22401924724316,118.28521414548541,115.6989976953015,117.24488830566406,98844700,0.0,0.0
2021-03-26 00:00:00-04:00,117.01154219770642,118.11020123971099,115.6212094750368,117.84768676757812,94071200,0.0,0.0
2021-03-29 00:00:00-04:00,118.27547960128655,119.17968207349621,117.38100181008681,118.02268981933594,80819200,0.0,0.0
2021-03-30 00:00:00-04:00,116.7782094597697,117.06016589541106,115.56288383257017,116.57403564453125,85671900,0.0,0.0
2021-03-31 00:00:00-04:00,118.27548932601961,120.09361168317854,117.78935908416811,118.7616195678711,118323800,0.0,0.0
2021-04-01 00:00:00-04:00,120.22975405327205,120.73532632120784,119.09220346933651,119.58805847167969,75089100,0.0,0.0
2021-04-05 00:00:00-04:00,120.43392024929994,122.66039785902176,119.65610882120376,122.40760803222656,88651200,0.0,0.0
2021-04-06 00:00:00-04:00,122.99094842847227,123.6034698490668,122.16452851942161,122.70899200439453,80171300,0.0,0.0
2021-04-07 00:00:00-04:00,122.33954050731289,124.37156139198876,121.66867838856395,124.35211944580078,83466700,0.0,0.0
2021-04-08 00:00:00-04:00,125.37298279315496,126.77304022302052,124.95491791825974,126.7438735961914,88844600,0.0,0.0
2021-04-09 00:00:00-04:00,126.19942288071834,129.34953758105655,125.87857511762488,129.31065368652344,106686700,0.0,0.0
2021-04-12 00:00:00-04:00,128.84396428623276,129.16481202818863,127.0063925535893,127.59947204589844,91420000,0.0,0.0
2021-04-13 00:00:00-04:00,128.76621465236119,130.9246346798754,128.27035218071617,130.7010040283203,91266500,0.0,0.0
2021-04-14 00:00:00-04:00,131.19683535032675,131.25516860713591,128.00782207026887,128.3675537109375,87222800,0.0,0.0
2021-04-15 00:00:00-04:00,130.10789773924117,131.2551579244961,129.93288314753977,130.76902770996094,89347100,0.0,0.0
2021-04-16 00:00:00-04:00,130.57456189416538,130.93429345955573,129.58285222938275,130.43844604492188,84922400,0.0,0.0
2021-04-19 00:00:00-04:00,129.8065463844029,131.71218426085653,129.64126381298215,131.0996551513672,94264200,0.0,0.0
2021-04-20 00:00:00-04:00,131.2746547075029,131.77050236465828,128.15369107517074,129.41763305664062,94812300,0.0,0.0
2021-04-21 00:00:00-04:00,128.68837675651753,130.03981801008018,127.657783189335,129.7967529296875,68847100,0.0,0.0
2021-04-22 00:00:00-04:00,129.349506750087,130.4287163012516,127.76473251290152,128.280029296875,84566500,0.0,0.0
2021-04-23 00:00:00-04:00,128.49395363729542,131.37183646308597,128.49395363729542,130.5940399169922,78657500,0.0,0.0
2021-04-26 00:00:00-04:00,131.08987465502372,131.31349039844014,129.85509976347652,130.98292541503906,66905100,0.0,0.0
2021-04-27 00:00:00-04:00,131.2648602486865,131.65377327736235,130.38983189631728,130.6620635986328,66015800,0.0,0.0
2021-04-28 00:00:00-04:00,130.58431883810096,131.2746303918658,129.38844245381026,129.87457275390625,107760100,0.0,0.0
2021-04-29 00:00:00-04:00,132.6843927517533,133.26775499092827,128.77590135452442,129.77732849121094,151101000,0.0,0.0
2021-04-30 00:00:00-04:00,128.1244930393449,129.8551156172827,127.4341963624076,127.8133773803711,109839500,0.0,0.0
2021-05-03 00:00:00-04:00,128.37727305832388,130.35097557067442,128.1731066561789,128.8634033203125,75135100,0.0,0.0
2021-05-04 00:00:00-04:00,127.55086673903944,127.84254787757098,123.18541143255057,124.30351257324219,137564700,0.0,0.0
2021-05-05 00:00:00-04:00,125.6160551149203,126.83138075425876,124.4201788397563,124.54657745361328,84000900,0.0,0.0
2021-05-06 00:00:00-04:00,124.34239490228468,126.15080002789722,123.60347484441658,126.14108276367188,78128300,0.0,0.0
2021-05-07 00:00:00-04:00,127.43639821291805,127.83569086092047,126.1021285936208,126.81309509277344,78973300,0.22,0.0
2021-05-10 00:00:00-04:00,126.03396084545095,126.16055930554575,123.50178359349738,123.54074096679688,88071200,0.0,0.0
2021-05-11 00:00:00-04:00,120.2781354744355,122.97586852300613,119.56717642454035,122.6252670288086,126142800,0.0,0.0
2021-05-12 00:00:00-04:00,120.18072314838845,121.38837175558095,119.06072304066647,119.56715393066406,112172300,0.0,0.0
2021-05-13 00:00:00-04:00,121.32996037075966,122.85900193405529,121.01830882379365,121.70978546142578,105861300,0.0,0.0
2021-05-14 00:00:00-04:00,122.95638491442686,124.55359993393608,122.56681864446786,124.12507629394531,81918000,0.0,0.0
2021-05-17 00:00:00-04:00,123.51152281141687,123.61865372868071,121.90456648281831,122.97586822509766,74244600,0.0,0.0
2021-05-18 00:00:00-04:00,123.25829164809352,123.67707407576847,121.5247295992301,121.59290313720703,63342900,0.0,0.0
2021-05-19 00:00:00-04:00,119.94700386173781,121.66108360866002,119.65482729355216,121.43708801269531,92612000,0.0,0.0
2021-05-20 00:00:00-04:00,121.96300011967811,124.38803886132331,121.83638680726905,123.98873138427734,76857100,0.0,0.0
2021-05-21 00:00:00-04:00,124.4854481634368,124.6607526440569,121.94353690962528,122.15779876708984,79295400,0.0,0.0
2021-05-24 00:00:00-04:00,122.72265728570756,124.60230780549196,122.65448374065255,123.78421783447266,63092900,0.0,0.0
2021-05-25 00:00:00-04:00,124.48542900111524,124.9723924215316,123.02456103094238,123.58943176269531,72009500,0.0,0.0
2021-05-26 00:00:00-04:00,123.64787188578073,124.06665436080144,123.12195849177618,123.54074096679688,56575900,0.0,0.0
2021-05-27 00:00:00-04:00,123.14142966400581,124.31012103497811,121.816908814046,122.01168823242188,94625600,0.0,0.0
2021-05-28 00:00:00-04:00,122.29412358918856,122.51812660764142,121.30073666690714,121.35916900634766,71311100,0.0,0.0
2021-06-01 00:00:00-04:00,121.81689796777825,122.07985090220888,120.70663903510166,121.03776550292969,67637100,0.0,0.0
2021-06-02 00:00:00-04:00,121.03776661351102,121.97272112169325,120.81377104330335,121.79741668701172,59278900,0.0,0.0
2021-06-03 00:00:00-04:00,121.42734431379967,121.59290756486408,119.91777779316642,120.31708526611328,76229200,0.0,0.0
2021-06-04 00:00:00-04:00,120.83325448650514,122.86873431142617,120.61899267015994,122.60577392578125,75169300,0.0,0.0
2021-06-07 00:00:00-04:00,122.878461975424,123.02455024570587,121.57342360305104,122.61550903320312,71057600,0.0,0.0
2021-06-08 00:00:00-04:00,123.2972466766342,125.10873085926178,122.91742162506401,123.43359375,74403800,0.0,0.0
2021-06-09 00:00:00-04:00,123.89134552998598,124.41725890545642,123.21934386738059,123.81343078613281,56877900,0.0,0.0
2021-06-10 00:00:00-04:00,123.7063015458541,124.84578425664763,122.65448221103098,122.8200454711914,71186400,0.0,0.0
2021-06-11 00:00:00-04:00,123.22907955985254,124.1153430132604,122.81029711830921,124.0276870727539,53522400,0.0,0.0
2021-06-14 00:00:00-04:00,124.48543994424124,127.1344745215217,123.75500589494463,127.07604217529297,96906500,0.0,0.0
2021-06-15 00:00:00-04:00,126.5501187512876,127.19290419262148,126.01446421684268,126.25794219970703,62746300,0.0,0.0
2021-06-16 00:00:00-04:00,126.96892342391395,127.47536190763753,125.10876249421726,126.7546615600586,91815000,0.0,0.0
2021-06-17 00:00:00-04:00,126.41377710106734,129.0920350275276,126.26768138864819,128.3518524169922,96721700,0.0,0.0
2021-06-18 00:00:00-04:00,127.30001939569985,128.07913695617995,126.8422796555246,127.0565414428711,108953300,0.0,0.0
2021-06-21 00:00:00-04:00,126.90071755171388,128.95567215813708,125.83915719739741,128.84854125976562,79663300,0.0,0.0
2021-06-22 00:00:00-04:00,128.68299766370282,130.58212309669915,128.18629303149916,130.48472595214844,74783600,0.0,0.0
2021-06-23 00:00:00-04:00,130.28017130808425,130.8158257112719,129.75425067196795,130.2119903564453,60214200,0.0,0.0
2021-06-24 00:00:00-04:00,130.94245782977737,131.12750347675475,129.46210751467535,129.92959594726562,68711000,0.0,0.0
2021-06-25 00:00:00-04:00,129.978280483212,130.3970554405537,129.34522887186355,129.6374053955078,70783700,0.0,0.0
2021-06-28 00:00:00-04:00,129.9295852246422,131.72157948620062,129.87115289056985,131.2638397216797,62111300,0.0,0.0
2021-06-29 00:00:00-04:00,131.28333809814853,132.92925172484664,130.84508067855094,132.77342224121094,64556100,0.0,0.0
2021-06-30 00:00:00-04:00,132.6176097807272,133.8252661428457,132.32543317658508,133.3870086669922,63261400,0.0,0.0
2021-07-01 00:00:00-04:00,133.03635418614581,133.74730561970333,132.21825700237508,133.68887329101562,52485800,0.0,0.0
2021-07-02 00:00:00-04:00,134.30247489528134,136.34769628382654,134.15639402212219,136.30874633789062,78852600,0.0,0.0
2021-07-06 00:00:00-04:00,136.4158617440288,139.41549764354806,136.4158617440288,138.3149871826172,108181800,0.0,0.0
2021-07-07 00:00:00-04:00,139.79530375392193,141.11009072715532,138.9382714107099,140.79844665527344,104911600,0.0,0.0
2021-07-08 00:00:00-04:00,137.88646110200742,140.30175867225685,137.00019762598444,139.50315856933594,105575500,0.0,0.0
2021-07-09 00:00:00-04:00,139.02592340594762,141.8502619651795,138.92852627188464,141.32435607910156,99890800,0.0,0.0
2021-07-12 00:00:00-04:00,142.39568172270836,142.50281263838897,140.24332963884083,140.73028564453125,76299700,0.0,0.0
2021-07-13 00:00:00-04:00,140.27253162136344,143.61305721006948,139.88297280050324,141.8405303955078,100827100,0.0,0.0
2021-07-14 00:00:00-04:00,144.2363309791151,145.66798238945225,143.82727498126442,145.25892639160156,127050800,0.0,0.0
2021-07-15 00:00:00-04:00,145.3466279214185,146.08679566961968,143.25270826705687,144.6064453125,106820300,0.0,0.0
2021-07-16 00:00:00-04:00,144.58697348148013,145.85304711779946,142.0742788872529,142.5709686279297,93251400,0.0,0.0
2021-07-19 00:00:00-04:00,139.9998224538897,140.3114813657128,137.97408410918416,138.73373413085938,121434600,0.0,0.0
2021-07-20 00:00:00-04:00,139.71743864780393,143.26247815428886,139.23048258998614,142.33724975585938,96350000,0.0,0.0
2021-07-21 00:00:00-04:00,141.7334095777614,142.31776271135624,140.85689473808662,141.60679626464844,74993500,0.0,0.0
2021-07-22 00:00:00-04:00,142.13271101540525,144.33374665171397,142.00609770767423,142.97027587890625,77338200,0.0,0.0
2021-07-23 00:00:00-04:00,143.70069581628857,144.84017089255983,143.0871265980212,144.68434143066406,71447400,0.0,0.0
2021-07-26 00:00:00-04:00,144.40197716362837,145.92127793479057,143.84684003377652,145.1031951904297,72434100,0.0,0.0
2021-07-27 00:00:00-04:00,145.22977037782812,145.3174337626536,141.7529118418177,142.9410858154297,104818600,0.0,0.0
2021-07-28 00:00:00-04:00,141.0321906538661,143.13584408542147,138.82140631068384,141.19775390625,118931200,0.0,0.0
2021-07-29 00:00:00-04:00,140.91531705042755,142.72679380278865,140.80818614558353,141.8405303955078,56699500,0.0,0.0
2021-07-30 00:00:00-04:00,140.61342392407167,142.51254941417247,140.35046351445212,142.0548095703125,70440600,0.0,0.0
2021-08-02 00:00:00-04:00,142.54179179711645,143.11639643503634,141.4607486484721,141.7237091064453,62880000,0.0,0.0
2021-08-03 00:00:00-04:00,142.00613442329242,144.17795445175804,141.39256498653242,143.5157012939453,64786600,0.0,0.0
2021-08-04 00:00:00-04:00,143.42803778640976,143.93446137395492,142.46385946656952,143.1163787841797,56368300,0.0,0.0
2021-08-05 00:00:00-04:00,143.14558074057953,143.98314564998552,142.35671440302508,143.22349548339844,46397700,0.0,0.0
2021-08-06 00:00:00-04:00,142.74557545925379,143.48685218422662,142.0433070322341,142.54074096679688,54126800,0.22,0.0
2021-08-09 00:00:00-04:00,142.59925003312128,143.08693557693016,141.93600483737242,142.49195861816406,48908700,0.0,0.0
2021-08-10 00:00:00-04:00,142.83334623786462,144.0720717018618,141.72142377939727,142.0140380859375,69023100,0.0,0.0
2021-08-11 00:00:00-04:00,142.45293150602257,143.1064282624458,141.94573444022404,142.26760864257812,48493500,0.0,0.0
2021-08-12 00:00:00-04:00,142.58949314109574,145.37905487994794,142.24810732768088,145.22299194335938,72282600,0.0,0.0
2021-08-13 00:00:00-04:00,145.30102293180235,145.7594485046543,144.61826619020815,145.42782592773438,59375000,0.0,0.0
2021-08-16 00:00:00-04:00,144.88158214673783,147.46632387605632,142.86257218964874,147.39804077148438,103296000,0.0,0.0
2021-08-17 00:00:00-04:00,146.52997508674613,147.94426000150526,145.41805278817236,146.490966796875,92229700,0.0,0.0
2021-08-18 00:00:00-04:00,146.11058891263426,147.0079285089272,142.55047558587256,142.75531005859375,86326000,0.0,0.0
2021-08-19 00:00:00-04:00,141.45809163231115,144.35494544436725,140.94114605885855,143.0869598388672,86960300,0.0,0.0
2021-08-20 00:00:00-04:00,143.80872432514332,144.84261535990314,143.16497579607238,144.54025268554688,60549600,0.0,0.0
2021-08-23 00:00:00-04:00,144.65729855503196,146.4910011515847,144.24764444190524,146.0228271484375,60131800,0.0,0.0
2021-08-24 00:00:00-04:00,145.76918628216262,147.1444629009486,145.47657201899844,145.93499755859375,48606400,0.0,0.0
2021-08-25 00:00:00-04:00,146.12035519130814,146.61780402195117,144.15986446266652,144.70606994628906,58991300,0.0,0.0
2021-08-26 00:00:00-04:00,144.69632845972228,145.4473535938561,143.87700531241939,143.90626525878906,48597200,0.0,0.0
2021-08-27 00:00:00-04:00,143.847714105832,145.08643947056316,143.21372889495123,144.9401397705078,55802400,0.0,0.0
2021-08-30 00:00:00-04:00,145.3302621099701,149.7096827488744,144.94986805949804,149.34878540039062,90956700,0.0,0.0
2021-08-31 00:00:00-04:00,148.90016654739884,149.03671791602926,147.5638979226051,148.09060668945312,86453100,0.0,0.0
2021-09-01 00:00:00-04:00,149.06597111930256,151.1630130890743,148.58803390921838,148.75384521484375,80313700,0.0,0.0
2021-09-02 00:00:00-04:00,150.08033599159282,150.9094073223183,148.6465393833382,149.86575317382812,71115500,0.0,0.0
2021-09-03 00:00:00-04:00,149.97306236375573,150.82164538297303,149.3195654805312,150.49977111816406,57808700,0.0,0.0
2021-09-07 00:00:00-04:00,151.1532776856572,153.3868712092461,150.58756059759483,152.83091735839844,82278300,0.0,0.0
2021-09-08 00:00:00-04:00,153.11376479693286,153.1722846868866,150.1876512353804,151.28982543945312,74420200,0.0,0.0
2021-09-09 00:00:00-04:00,151.6604308143289,152.2651560265842,150.1583512521099,150.27540588378906,57305700,0.0,0.0
2021-09-10 00:00:00-04:00,151.18251158621138,151.65068551937273,145.03767104191758,145.301025390625,140893200,0.0,0.0
2021-09-13 00:00:00-04:00,146.9201321568595,147.69066866511997,145.08642999338122,145.86672973632812,102404300,0.0,0.0
2021-09-14 00:00:00-04:00,146.64704249063803,147.34931083330153,143.29176371635268,144.47195434570312,109296300,0.0,0.0
2021-09-15 00:00:00-04:00,144.9011172737186,145.7594485393446,142.76505234502355,145.3595428466797,83281300,0.0,0.0
2021-09-16 00:00:00-04:00,144.78408681235823,145.301032298818,143.59413289330473,145.12545776367188,68034100,0.0,0.0
2021-09-17 00:00:00-04:00,145.15474141357228,145.15474141357228,142.17009319848557,142.46270751953125,129868800,0.0,0.0
2021-09-20 00:00:00-04:00,140.25836010441694,141.272739448902,137.79067253613061,139.41954040527344,123478900,0.0,0.0
2021-09-21 00:00:00-04:00,140.38514645685206,141.03865814980705,139.2634757155347,139.8974609375,75834000,0.0,0.0
2021-09-22 00:00:00-04:00,140.89234513594866,142.82357564689215,140.16081684875996,142.25787353515625,76404300,0.0,0.0
2021-09-23 00:00:00-04:00,143.03815533417017,143.45757261545157,142.05303595354863,143.21372985839844,64838200,0.0,0.0
2021-09-24 00:00:00-04:00,142.0725514999574,143.8379707289355,141.97500844122595,143.301513671875,53477900,0.0,0.0
2021-09-27 00:00:00-04:00,141.88723117083788,142.3651683544505,140.2778748536838,141.78968811035156,74150700,0.0,0.0
2021-09-28 00:00:00-04:00,139.72187989437663,141.18493622834916,138.20030368832178,138.41488647460938,108972300,0.0,0.0
2021-09-29 00:00:00-04:00,138.961106448078,140.89233684538155,138.53194083023718,139.31224060058594,74602000,0.0,0.0
2021-09-30 00:00:00-04:00,140.12180436567434,140.8240726910163,137.80041657451724,138.01499938964844,89056700,0.0,0.0
2021-10-01 00:00:00-04:00,138.40517505038864,139.40005789714257,135.68389579904266,139.13670349121094,94639600,0.0,0.0
2021-10-04 00:00:00-04:00,138.26857120239484,138.70750000671873,134.86453634124737,135.71310424804688,98322000,0.0,0.0
2021-10-05 00:00:00-04:00,136.0545015739937,138.73677173382114,135.92769858570284,137.6345977783203,80861100,0.0,0.0
2021-10-06 00:00:00-04:00,136.035013031244,138.64900052233625,134.96209883237336,138.50270080566406,83221100,0.0,0.0
2021-10-07 00:00:00-04:00,139.5366245646865,140.66805891569803,139.20500187376496,139.76095581054688,61732700,0.0,0.0
2021-10-08 00:00:00-04:00,140.48272854170557,140.62902828496263,139.048931525846,139.38055419921875,58773200,0.0,0.0
2021-10-11 00:00:00-04:00,138.76604603984862,141.24348200456123,138.31736879996546,139.29273986816406,64452200,0.0,0.0
2021-10-12 00:00:00-04:00,139.7023736818469,139.72188526761755,137.56630897082442,138.0247344970703,73035900,0.0,0.0
2021-10-13 00:00:00-04:00,137.76141892529833,137.91746698955632,135.77165355544514,137.43954467773438,78762700,0.0,0.0
2021-10-14 00:00:00-04:00,138.60998871817293,140.3363997461316,138.024760100328,140.21934509277344,69907100,0.0,0.0
2021-10-15 00:00:00-04:00,140.22911148485912,141.3312707409973,139.97550546602724,141.2727508544922,67940300,0.0,0.0
2021-10-18 00:00:00-04:00,139.91698682828363,143.22349439217342,139.63413574665708,142.94064331054688,85589200,0.0,0.0
2021-10-19 00:00:00-04:00,143.389246838349,145.49605120438505,142.94058463332686,145.0961456298828,76378900,0.0,0.0
2021-10-20 00:00:00-04:00,145.03770255984122,146.0618453536086,144.4719854463032,145.5839080810547,58418800,0.0,0.0
2021-10-21 00:00:00-04:00,145.14498028007083,145.95454013073487,144.2281290062348,145.79847717285156,61421000,0.0,0.0
2021-10-22 00:00:00-04:00,146.0033099939033,146.481232332848,144.97916730862042,145.02793884277344,58883400,0.0,0.0
2021-10-25 00:00:00-04:00,145.0181953145529,145.69120388157359,143.98430413512364,144.97918701171875,50720600,0.0,0.0
2021-10-26 00:00:00-04:00,145.65220441024096,147.12500978003416,145.34007843670338,145.6424560546875,60893400,0.0,0.0
2021-10-27 00:00:00-04:00,145.68148561320874,146.04236830014796,144.83291718370828,145.18405151367188,56094900,0.0,0.0
2021-10-28 00:00:00-04:00,146.1301073675776,149.39759166799496,146.03256430303534,148.8123779296875,100077900,0.0,0.0
2021-10-29 00:00:00-04:00,143.59410645366754,146.2471165175258,142.80405839843382,146.11056518554688,124953200,0.0,0.0
2021-11-01 00:00:00-04:00,145.32053496464482,146.0130400607468,144.15984105888933,145.29127502441406,74588300,0.0,0.0
2021-11-02 00:00:00-04:00,144.99868985144568,147.8370236875447,144.98892661408803,146.3251953125,69122000,0.0,0.0
2021-11-03 00:00:00-04:00,146.68610345694702,148.2271920465664,146.1301495011083,147.75901794433594,54511500,0.0,0.0
2021-11-04 00:00:00-04:00,147.84677558220335,148.6758322133497,146.92992422765454,147.24205017089844,60394600,0.0,0.0
2021-11-05 00:00:00-04:00,148.36537673506885,148.66818076925497,146.5778402798623,147.76953125,65463900,0.22,0.0
2021-11-08 00:00:00-05:00,147.8964818732159,148.0527725947036,146.67548855791236,146.94898986816406,55020900,0.0,0.0
2021-11-09 00:00:00-05:00,146.71457936674102,147.9160328251653,146.57782868777164,147.3104248046875,56787900,0.0,0.0
2021-11-10 00:00:00-05:00,146.53874739869644,146.64619541359409,144.41910465453822,144.4874725341797,65187100,0.0,0.0
2021-11-11 00:00:00-05:00,145.50333134171993,145.96241109507744,144.25302053135974,144.43861389160156,41000000,0.0,0.0
2021-11-12 00:00:00-05:00,144.9856178095641,146.90990439693277,144.05766590459464,146.50942993164062,63804000,0.0,0.0
2021-11-15 00:00:00-05:00,146.88060480284193,148.3555742437889,145.9624154592678,146.51919555664062,59222800,0.0,0.0
2021-11-16 00:00:00-05:00,146.4606021824879,147.97463697406297,145.87451939068316,147.49600219726562,59256200,0.0,0.0
2021-11-17 00:00:00-05:00,147.49598349597346,151.40316186672771,147.48622091573952,149.92820739746094,88807000,0.0,0.0
2021-11-18 00:00:00-05:00,150.14308917571017,154.9879815498081,149.49840122848465,154.20654296875,137827700,0.0,0.0
2021-11-19 00:00:00-05:00,153.9916581394781,157.28346597858675,152.89765298958213,156.82437133789062,117305600,0.0,0.0
2021-11-22 00:00:00-05:00,157.92816624213555,161.85488526610547,157.26395297389544,157.2834930419922,117467900,0.0,0.0
2021-11-23 00:00:00-05:00,157.38116514595987,158.04539332554327,155.36897034832776,157.66444396972656,96041900,0.0,0.0
2021-11-24 00:00:00-05:00,157.0197711747025,158.37751541168896,155.9355283016625,158.18215942382812,69463600,0.0,0.0
2021-11-26 00:00:00-05:00,155.8671359816053,156.72670517440085,152.7316184657377,153.17117309570312,76959800,0.0,0.0
2021-11-29 00:00:00-05:00,155.67173929364688,157.4495124904144,155.1051966783485,156.5215606689453,88748200,0.0,0.0
2021-11-30 00:00:00-05:00,156.27736517799391,161.67903783874624,156.20898240534294,161.46414184570312,174048100,0.0,0.0
2021-12-01 00:00:00-05:00,163.5935775451036,166.34814584365344,160.71203606659066,160.94647216796875,152052500,0.0,0.0
2021-12-02 00:00:00-05:00,155.0563862894109,160.38967666927002,154.13819694441963,159.9598846435547,136739200,0.0,0.0
2021-12-03 00:00:00-05:00,160.21389314884243,161.13208267929107,156.0136723737617,158.08447265625,118023100,0.0,0.0
2021-12-06 00:00:00-05:00,160.47760654451426,163.98431110380426,160.46784396248754,161.4837188720703,107497000,0.0,0.0
2021-12-07 00:00:00-05:00,165.15644279486372,167.598429443289,164.4336093812365,167.20770263671875,120405400,0.0,0.0
2021-12-08 00:00:00-05:00,168.13567063026588,171.87679598965886,166.7388465074218,171.0172119140625,116998900,0.0,0.0
2021-12-09 00:00:00-05:00,170.85114615502485,172.64844463234323,169.8841141404718,170.50926208496094,108923700,0.0,0.0
2021-12-10 00:00:00-05:00,171.14419733842757,175.46162790674452,170.63625994665398,175.28579711914062,115402700,0.0,0.0
2021-12-13 00:00:00-05:00,176.91705651666257,177.90362873179458,171.45677755961725,171.6619110107422,153237000,0.0,0.0
2021-12-14 00:00:00-05:00,171.1832561903654,173.6154801461527,168.21380712036787,170.28460693359375,139380400,0.0,0.0
2021-12-15 00:00:00-05:00,171.04648048892548,175.33460762233094,168.31145298797125,175.13925170898438,131063300,0.0,0.0
2021-12-16 00:00:00-05:00,175.11973661793166,176.9365751900634,166.78767978084602,168.26263427734375,150185800,0.0,0.0
2021-12-17 00:00:00-05:00,165.98671202152144,169.44457351876034,165.75229083845704,167.16864013671875,195432700,0.0,0.0
2021-12-20 00:00:00-05:00,164.375008447403,166.62163920449956,163.5740445559153,165.81089782714844,107499100,0.0,0.0
2021-12-21 00:00:00-05:00,167.57886880713295,169.1808112556796,165.19548774606798,168.97569274902344,91185900,0.0,0.0
2021-12-22 00:00:00-05:00,169.02456703895956,171.77913555211592,168.15522025592128,171.56423950195312,92135300,0.0,0.0
2021-12-23 00:00:00-05:00,171.76933180091095,172.74612637491737,171.20278915942293,172.18934631347656,68356600,0.0,0.0
2021-12-27 00:00:00-05:00,172.9805356564393,176.2332631531054,172.9610104976855,176.14535522460938,74919600,0.0,0.0
2021-12-28 00:00:00-05:00,175.97935346537145,177.1222015844957,174.38717318344425,175.12953186035156,79144300,0.0,0.0
2021-12-29 00:00:00-05:00,175.16856451921535,176.43840038673264,174.0061766459811,175.2174072265625,62348900,0.0,0.0
2021-12-30 00:00:00-05:00,175.30536819408863,176.37984846199373,173.95738656793606,174.06483459472656,59773000,0.0,0.0
2021-12-31 00:00:00-05:00,173.9573701608435,175.07091555859822,173.14662874511,173.44944763183594,64062300,0.0,0.0
2022-01-03 00:00:00-05:00,173.70336783595081,178.63618304508262,173.58615726537937,177.78636169433594,104487900,0.0,0.0
2022-01-04 00:00:00-05:00,178.39201490568885,178.69481886787932,174.96345608354855,175.52999877929688,99310400,0.0,0.0
2022-01-05 00:00:00-05:00,175.44206970266174,175.98907226585013,170.58739959731207,170.86090087890625,94537600,0.0,0.0
2022-01-06 00:00:00-05:00,168.69248149767625,171.23215427857738,167.6570812562145,168.00872802734375,96904000,0.0,0.0
2022-01-07 00:00:00-05:00,168.8780523594411,170.09904585932276,167.06121343542898,168.1747589111328,86709100,0.0,0.0
2022-01-10 00:00:00-05:00,165.1564429133354,168.4970788622131,164.2675561955421,168.19427490234375,106765600,0.0,0.0
2022-01-11 00:00:00-05:00,168.32126400156088,171.1148824378415,166.85607200254188,171.0172119140625,76138300,0.0,0.0
2022-01-12 00:00:00-05:00,172.03304652412405,173.06844633316717,170.76322556870227,171.4567413330078,74805200,0.0,0.0
2022-01-13 00:00:00-05:00,171.70096415486904,172.52146809219963,167.80354809549323,168.19427490234375,84505800,0.0,0.0
2022-01-14 00:00:00-05:00,167.36399798657283,169.74737940608347,167.11979931497876,169.05386352539062,80440800,0.0,0.0
2022-01-18 00:00:00-05:00,167.53003637041928,168.53613361538314,165.47877665458643,165.85972595214844,90956700,0.0,0.0
2022-01-19 00:00:00-05:00,166.0550783276264,167.11001826086033,162.08929472408371,162.37255859375,94815000,0.0,0.0
2022-01-20 00:00:00-05:00,163.10515822088573,165.74250066133902,160.3701303584997,160.69247436523438,91420500,0.0,0.0
2022-01-21 00:00:00-05:00,160.60457194151562,162.470253269675,158.5337720868401,158.64122009277344,122848900,0.0,0.0
2022-01-24 00:00:00-05:00,156.30669005524535,158.53378075020058,151.11013516388041,157.8695526123047,162294600,0.0,0.0
2022-01-25 00:00:00-05:00,155.2908420181254,158.98312538106185,153.37633244719146,156.07228088378906,115798400,0.0,0.0
2022-01-26 00:00:00-05:00,159.70591419723806,160.575260779249,154.15772812433738,155.9843292236328,108275300,0.0,0.0
2022-01-27 00:00:00-05:00,158.68028043462846,160.03802433796415,154.60704872462142,155.52523803710938,121954600,0.0,0.0
2022-01-28 00:00:00-05:00,161.86466955096992,166.3969967339565,159.02219316405643,166.37745666503906,179935700,0.0,0.0
2022-01-31 00:00:00-05:00,166.2113655240236,170.9390476064095,165.57644011866424,170.72415161132812,115541600,0.0,0.0
2022-02-01 00:00:00-05:00,169.97202274767105,170.78276405312576,168.31147491088436,170.55810546875,86213900,0.0,0.0
2022-02-02 00:00:00-05:00,170.69483434355706,171.7986168687593,169.30778797894317,171.75953674316406,84914300,0.0,0.0
2022-02-03 00:00:00-05:00,170.4311703757622,172.1503389427803,168.12593381020304,168.88783264160156,89418100,0.0,0.0
2022-02-04 00:00:00-05:00,167.90975737649003,170.27662529840396,166.93171820745542,168.6041717529297,82465400,0.22,0.0
2022-02-07 00:00:00-05:00,169.06382633955357,170.129885294368,167.19576822143142,167.8901824951172,77251200,0.0,0.0
2022-02-08 00:00:00-05:00,167.9586430232075,171.49915455646115,167.6652283214683,170.99057006835938,74829200,0.0,0.0
2022-02-09 00:00:00-05:00,172.18379236064646,172.77060688626915,171.05903840340724,172.4087371826172,71285000,0.0,0.0
2022-02-10 00:00:00-05:00,170.31571564595043,171.62628436106874,167.78259814649985,168.34007263183594,90865900,0.0,0.0
2022-02-11 00:00:00-05:00,168.545490327705,169.27901969811438,164.34969397169522,164.9365234375,98670700,0.0,0.0
2022-02-14 00:00:00-05:00,163.69441590726865,165.8558891027738,162.9022065441299,165.1712646484375,86185500,0.0,0.0
2022-02-15 00:00:00-05:00,167.21533801275692,169.15185115822308,166.5111487010071,168.995361328125,62527400,0.0,0.0
2022-02-16 00:00:00-05:00,168.07604144255788,169.5333102903167,166.31556790878483,168.7606658935547,61177400,0.0,0.0
2022-02-17 00:00:00-05:00,167.27404295611913,168.1347222265384,164.7702649952927,165.1712646484375,69589300,0.0,0.0
2022-02-18 00:00:00-05:00,166.09060878011084,166.7947832093295,162.54032203615824,163.62594604492188,82772700,0.0,0.0
2022-02-22 00:00:00-05:00,161.35687442039574,163.02932772220805,158.58902218443671,160.7113800048828,91162800,0.0,0.0
2022-02-23 00:00:00-05:00,161.90460945584556,162.50121399005073,156.24176881453315,156.55474853515625,90009200,0.0,0.0
2022-02-24 00:00:00-05:00,149.22922517438823,159.27369208830245,148.66196063900136,159.16610717773438,141147500,0.0,0.0
2022-02-25 00:00:00-05:00,160.2419073795577,161.49379611504713,157.33713033388693,161.229736328125,91974200,0.0,0.0
2022-02-28 00:00:00-05:00,159.479061922758,161.78723492110947,158.86289248069977,161.4938201904297,95056600,0.0,0.0
2022-03-01 00:00:00-05:00,161.08304074169718,162.94132403155473,158.41299811175085,159.61598205566406,83474400,0.0,0.0
2022-03-02 00:00:00-05:00,160.77986315221446,163.68464076398826,159.37148431939156,162.90220642089844,79724800,0.0,0.0
2022-03-03 00:00:00-05:00,164.77021930839055,165.20055882427715,161.9143474309581,162.57940673828125,76678400,0.0,0.0
2022-03-04 00:00:00-05:00,160.87764280753723,161.9143617747294,158.54013016070306,159.5866241455078,83737200,0.0,0.0
2022-03-07 00:00:00-05:00,159.7724878532729,161.39603654297554,155.5473512521712,155.80165100097656,96418800,0.0,0.0
2022-03-08 00:00:00-05:00,155.33215089914594,159.302986589477,152.37846913530916,153.98245239257812,131148300,0.0,0.0
2022-03-09 00:00:00-05:00,157.9337716080875,159.82139509337992,155.90923815043413,159.37149047851562,91454900,0.0,0.0
2022-03-10 00:00:00-05:00,156.68187121650197,156.86770104560523,152.55454474714313,155.0387725830078,105342000,0.0,0.0
2022-03-11 00:00:00-05:00,155.43974670100266,155.78206635482195,151.1070406596988,151.3319854736328,96970100,0.0,0.0
2022-03-14 00:00:00-04:00,148.12404550887342,150.7354085874783,146.80370143921206,147.31227111816406,108732100,0.0,0.0
2022-03-15 00:00:00-04:00,147.58611061794517,152.15356685525754,147.07754097449947,151.68409729003906,92964300,0.0,0.0
2022-03-16 00:00:00-04:00,153.60103819497576,156.48625045296393,151.06792059745445,156.0852508544922,102300200,0.0,0.0
2022-03-17 00:00:00-04:00,155.12678288189394,157.4642957434988,154.16830873861088,157.09263610839844,75615400,0.0,0.0
2022-03-18 00:00:00-04:00,156.98503345512586,160.86784945274542,156.25150421008976,160.3788299560547,123511700,0.0,0.0
2022-03-21 00:00:00-04:00,159.91919485399893,162.69683770871782,159.43017522147943,161.74813842773438,95811400,0.0,0.0
2022-03-22 00:00:00-04:00,161.87525716684658,165.6993938917205,161.28844262082922,165.11257934570312,81532000,0.0,0.0
2022-03-23 00:00:00-04:00,164.30079784879288,168.84867380689857,163.9682532045546,166.4720458984375,98062700,0.0,0.0
2022-03-24 00:00:00-04:00,167.3034064993506,170.31576944635216,166.47208201761543,170.247314453125,90131400,0.0,0.0
2022-03-25 00:00:00-04:00,170.06147670026667,171.4307257382337,168.95628752581777,170.88302612304688,80546200,0.0,0.0
2022-03-28 00:00:00-04:00,168.38901573521346,171.87083307439428,168.22275085370143,171.7436981201172,90371900,0.0,0.0
2022-03-29 00:00:00-04:00,172.80975399507543,175.07879724912362,172.46743429498167,175.0299072265625,100589400,0.0,0.0
2022-03-30 00:00:00-04:00,174.6288971925018,175.66561632731086,172.81951875433577,173.86602783203125,92633200,0.0,0.0
2022-03-31 00:00:00-04:00,173.9345145849757,174.12034444944086,170.57005683003788,170.77545166015625,103049300,0.0,0.0
2022-04-01 00:00:00-04:00,170.208175340956,171.0395147015426,168.1640768197994,170.48202514648438,78751300,0.0,0.0
2022-04-04 00:00:00-04:00,170.73630961524591,174.57022147286082,170.60915974417932,174.5213165283203,76468400,0.0,0.0
2022-04-05 00:00:00-04:00,173.60191735499444,174.38435151654375,170.5895555334283,171.2154998779297,73401800,0.0,0.0
2022-04-06 00:00:00-04:00,168.57481703992445,169.81693085468368,166.39379406221198,168.05645751953125,89058800,0.0,0.0
2022-04-07 00:00:00-04:00,167.401190693142,169.55287391806212,166.11996174699982,168.3596649169922,77594700,0.0,0.0
2022-04-08 00:00:00-04:00,168.00761007397873,168.00761007397873,165.4842665840367,166.35472106933594,76575500,0.0,0.0
2022-04-11 00:00:00-04:00,165.00495667225465,165.31792137375717,161.8654450981865,162.10995483398438,72246700,0.0,0.0
2022-04-12 00:00:00-04:00,164.33013728303388,166.13950070260202,162.9804385205217,163.97804260253906,79265200,0.0,0.0
2022-04-13 00:00:00-04:00,163.71395993382896,167.28379658301122,163.10758048377514,166.65785217285156,70618900,0.0,0.0
2022-04-14 00:00:00-04:00,166.87304601950618,167.50878046321276,161.4155854111937,161.66009521484375,75329400,0.0,0.0
2022-04-18 00:00:00-04:00,160.3201618914843,162.94131434841603,159.97785717263437,161.44491577148438,69023900,0.0,0.0
2022-04-19 00:00:00-04:00,161.3960167105301,164.13452917950872,160.31039271090148,163.72373962402344,67723800,0.0,0.0
2022-04-20 00:00:00-04:00,165.0538631380032,165.1712379709988,162.45229063171516,163.55746459960938,67929800,0.0,0.0
2022-04-21 00:00:00-04:00,165.20059691129774,167.7630547165198,162.266479452362,162.76527404785156,87227800,0.0,0.0
2022-04-22 00:00:00-04:00,162.80440987833427,164.18343379206294,157.95332893712188,158.23695373535156,84882400,0.0,0.0
2022-04-25 00:00:00-04:00,157.5816959947762,159.58667965590095,154.9801226542558,159.3030548095703,96046400,0.0,0.0
2022-04-26 00:00:00-04:00,158.68684707978605,158.77486701882205,153.2782919448604,153.35653686523438,95623200,0.0,0.0
2022-04-27 00:00:00-04:00,152.48609759207858,156.2808795981602,151.967738002025,153.13160705566406,88063200,0.0,0.0
2022-04-28 00:00:00-04:00,155.7527344180899,160.9070049099631,155.43975472715812,160.04632568359375,130216800,0.0,0.0
2022-04-29 00:00:00-04:00,158.28585264208988,162.55010393809633,153.79665651995063,154.1878662109375,131747600,0.0,0.0
2022-05-02 00:00:00-04:00,153.268494371806,154.7551028690703,149.90403790928826,154.4910430908203,123055300,0.0,0.0
2022-05-03 00:00:00-04:00,154.67688255687574,157.18067526746918,152.88708408047324,155.97767639160156,88966500,0.0,0.0
2022-05-04 00:00:00-04:00,156.163485086847,162.82392827829534,155.7624855158091,162.37403869628906,108256500,0.0,0.0
2022-05-05 00:00:00-04:00,160.25174474333807,160.47668960295778,151.5471860479713,153.3272247314453,130525300,0.0,0.0
2022-05-06 00:00:00-04:00,152.80803283291047,156.16764300878287,151.01559010660912,154.05197143554688,116124600,0.23,0.0
2022-05-09 00:00:00-04:00,151.7502553954864,152.6317930294346,148.3808694909006,148.9391632080078,131577900,0.0,0.0
2022-05-10 00:00:00-04:00,152.32816310530018,153.52312542416914,149.7913080506125,151.33888244628906,115366700,0.0,0.0
2022-05-11 00:00:00-04:00,150.3495886480442,152.25956414663153,142.81741468212965,143.49325561523438,142689800,0.0,0.0
2022-05-12 00:00:00-04:00,139.83980605277625,143.19940187956024,135.95128476595931,139.6341094970703,182602000,0.0,0.0
2022-05-13 00:00:00-04:00,141.62245981596948,145.0604308345469,140.17283922837782,144.0907440185547,113990900,0.0,0.0
2022-05-16 00:00:00-04:00,142.56273706460962,144.49230601105745,141.22084476017127,142.5529327392578,86643800,0.0,0.0
2022-05-17 00:00:00-04:00,145.80484195458106,146.69616897048812,143.6695758585412,146.1770477294922,78336300,0.0,0.0
2022-05-18 00:00:00-04:00,143.83608013972986,144.33560760113403,137.0287088681347,137.92984008789062,109742900,0.0,0.0
2022-05-19 00:00:00-04:00,137.00914057415054,138.75260707730666,133.7964597180681,134.53106689453125,136095600,0.0,0.0
2022-05-20 00:00:00-04:00,136.2353120090451,137.8122689524701,129.88831177177445,134.76609802246094,137426100,0.0,0.0
2022-05-23 00:00:00-04:00,134.9620011760451,140.31973647724712,134.82487512400195,140.17282104492188,117726300,0.0,0.0
2022-05-24 00:00:00-04:00,137.92003986063096,139.05623582746938,134.51146690573626,137.47927856445312,104132700,0.0,0.0
2022-05-25 00:00:00-04:00,135.5888849437953,138.87992561613757,135.50073567160547,137.63600158691406,92482700,0.0,0.0
2022-05-26 00:00:00-04:00,134.57023400738558,141.37759058232152,134.3253649583187,140.82908630371094,90601500,0.0,0.0
2022-05-27 00:00:00-04:00,142.40607296312103,146.6080201361109,142.2787362487316,146.56884765625,90978500,0.0,0.0
2022-05-31 00:00:00-04:00,146.01052282850958,147.56788638378129,143.82628016379354,145.7852325439453,103718400,0.0,0.0
2022-06-01 00:00:00-04:00,146.82346195823692,148.62570934761555,144.649023812494,145.65789794921875,74286600,0.0,0.0
2022-06-02 00:00:00-04:00,144.7959487531145,148.16534881431244,143.84585577263883,148.10658264160156,72348100,0.0,0.0
2022-06-03 00:00:00-04:00,143.8850177275583,144.93306421639832,141.49510885340763,142.39622497558594,88570300,0.0,0.0
2022-06-06 00:00:00-04:00,144.01237341190438,145.52077501341512,141.92608448379778,143.14064025878906,71598400,0.0,0.0
2022-06-07 00:00:00-04:00,141.3873815394989,145.94193944320352,141.1425125135875,145.65789794921875,67808200,0.0,0.0
2022-06-08 00:00:00-04:00,145.5305644824367,146.79408210793065,144.4335560047601,144.9232940673828,53950200,0.0,0.0
2022-06-09 00:00:00-04:00,144.06138663984123,144.91352630119295,139.60476615648915,139.71250915527344,69473000,0.0,0.0
2022-06-10 00:00:00-04:00,137.40091085996173,137.87105521943323,134.24699651333503,134.31556701660156,91437900,0.0,0.0
2022-06-13 00:00:00-04:00,130.1429657001856,132.42514647480579,128.74232225475177,129.1732940673828,122207100,0.0,0.0
2022-06-14 00:00:00-04:00,130.39766413988795,131.1420606306549,128.7815195311164,130.03524780273438,84784300,0.0,0.0
2022-06-15 00:00:00-04:00,131.5338494146611,134.52125474775525,129.4475753177957,132.65045166015625,91533000,0.0,0.0
2022-06-16 00:00:00-04:00,129.36920136755154,129.67283655853572,126.39158573948599,127.39065551757812,108123900,0.0,0.0
2022-06-17 00:00:00-04:00,127.40048374314352,130.34870189215334,127.14581035148301,128.85989379882812,134520300,0.0,0.0
2022-06-21 00:00:00-04:00,130.68169231513036,134.2469845261448,130.58375367786297,133.08140563964844,81000500,0.0,0.0
2022-06-22 00:00:00-04:00,132.0235937967665,134.93263938077834,131.16166488175563,132.57211303710938,73409200,0.0,0.0
2022-06-23 00:00:00-04:00,134.0119221215175,135.74558399228505,132.84634321517927,135.43215942382812,72433800,0.0,0.0
2022-06-24 00:00:00-04:00,137.0287064173905,138.99746302987265,136.90138468183136,138.75259399414062,89116800,0.0,0.0
2022-06-27 00:00:00-04:00,139.7712426067131,140.5450371291734,138.0767530642211,138.75259399414062,70207900,0.0,0.0
2022-06-28 00:00:00-04:00,139.21296287932694,140.47648065381134,134.50168455265504,134.6192169189453,67083400,0.0,0.0
2022-06-29 00:00:00-04:00,134.63877479951915,137.78288432606877,133.86498040570075,136.3724365234375,66242400,0.0,0.0
2022-06-30 00:00:00-04:00,134.43309207438057,135.5301005021527,131.02451949836083,133.91397094726562,98964500,0.0,0.0
2022-07-01 00:00:00-04:00,133.2479128863371,136.18634098386156,132.87572215700436,136.07859802246094,71051600,0.0,0.0
2022-07-05 00:00:00-04:00,134.94240992218974,138.70359409768392,134.1196387404863,138.6546173095703,73353800,0.0,0.0
2022-07-06 00:00:00-04:00,138.44895512148898,141.16209320483665,138.18449238511542,139.98672485351562,74064300,0.0,0.0
2022-07-07 00:00:00-04:00,140.34911940865916,143.54222096010838,140.33933002838788,143.34632873535156,66253700,0.0,0.0
2022-07-08 00:00:00-04:00,142.27870461467543,144.5217134378149,142.02404618814074,144.0221710205078,64547800,0.0,0.0
2022-07-11 00:00:00-04:00,142.68031255423233,143.63040577238007,140.82910292265402,141.896728515625,63141600,0.0,0.0
2022-07-12 00:00:00-04:00,142.76844044820817,145.40323372369386,142.07302074051665,142.86639404296875,77588800,0.0,0.0
2022-07-13 00:00:00-04:00,140.05532229787818,143.4443019452147,139.20316774910646,142.50401306152344,71185600,0.0,0.0
2022-07-14 00:00:00-04:00,141.1229362743088,145.89298070687983,140.30996921418316,145.42283630371094,78140700,0.0,0.0
2022-07-15 00:00:00-04:00,146.7059412883577,147.76377735798872,145.1583671279135,147.0879364013672,76259900,0.0,0.0
2022-07-18 00:00:00-04:00,147.64625063740658,148.4592176926782,143.68915834296686,144.05157470703125,81420900,0.0,0.0
2022-07-19 00:00:00-04:00,144.88410592104603,148.1261694879342,143.8948404199678,147.90089416503906,82982400,0.0,0.0
2022-07-20 00:00:00-04:00,148.01845513052425,150.56509951384282,147.2838478982926,149.8990478515625,64823400,0.0,0.0
2022-07-21 00:00:00-04:00,151.3290755894941,152.37712231601844,148.82161886422966,152.16163635253906,65086600,0.0,0.0
2022-07-22 00:00:00-04:00,152.20078156045275,153.0725146399616,150.26142318216912,150.92745971679688,66675400,0.0,0.0
2022-07-25 00:00:00-04:00,150.84909422530328,151.85795331530994,149.15460492057616,149.81085205078125,53623900,0.0,0.0
2022-07-26 00:00:00-04:00,149.13502930916428,149.94799628582763,147.70500253719806,148.48858642578125,55138700,0.0,0.0
2022-07-27 00:00:00-04:00,149.44849566558014,154.1010080911438,149.03711741300498,153.57208251953125,78620700,0.0,0.0
2022-07-28 00:00:00-04:00,153.75814339733685,154.4046011657363,151.24089776552904,154.1205596923828,81378700,0.0,0.0
2022-07-29 00:00:00-04:00,157.93074338059327,160.27169083424704,156.22644946059978,159.17466735839844,101786900,0.0,0.0
2022-08-01 00:00:00-04:00,157.70546755749734,160.2325181068246,157.58793518866128,158.19520568847656,67829400,0.0,0.0
2022-08-02 00:00:00-04:00,156.81414688340993,159.07673453265352,156.35379186998745,156.72598266601562,59907000,0.0,0.0
2022-08-03 00:00:00-04:00,157.53891577890045,163.1709027619496,157.450766526114,162.72035217285156,82507500,0.0,0.0
2022-08-04 00:00:00-04:00,162.60282888470158,163.75861850349844,161.05525478751719,162.4069366455078,55474100,0.0,0.0
2022-08-05 00:00:00-04:00,160.08237587686597,162.67178435198056,159.876393569881,162.18136596679688,56697000,0.23,0.0
2022-08-08 00:00:00-04:00,163.18179581085533,164.59420304327227,161.05338198319762,161.71054077148438,60276900,0.0,0.0
2022-08-09 00:00:00-04:00,160.87685067478762,162.64235984823435,160.12160217379457,161.7595977783203,63135500,0.0,0.0
2022-08-10 00:00:00-04:00,164.46666283077084,166.09485506907728,163.70161153159125,165.9967803955078,70170500,0.0,0.0
2022-08-11 00:00:00-04:00,166.8010905635419,167.71327649760102,164.9669306824805,165.2611846923828,57149200,0.0,0.0
2022-08-12 00:00:00-04:00,166.56566536252754,168.8706222095757,166.15370085284405,168.80197143554688,68039400,0.0,0.0
2022-08-15 00:00:00-04:00,168.2330984181666,170.0672580774187,168.06635799154176,169.87109375,54091700,0.0,0.0
2022-08-16 00:00:00-04:00,169.46896318920653,170.38114909928223,168.3704308785935,169.71417236328125,56377100,0.0,0.0
2022-08-17 00:00:00-04:00,169.45915949271176,172.7743773350279,169.26299514755854,171.20504760742188,79542000,0.0,0.0
2022-08-18 00:00:00-04:00,170.42035446304044,171.5483105348056,169.8024226331564,170.81268310546875,62290100,0.0,0.0
2022-08-19 00:00:00-04:00,169.71418188591318,170.4105825645676,168.02714147630917,168.23312377929688,70346300,0.0,0.0
2022-08-22 00:00:00-04:00,166.43816395511286,166.6049043800519,163.9370276482697,164.35879516601562,69026800,0.0,0.0
2022-08-23 00:00:00-04:00,163.87819481513557,165.47696339789675,163.4564272588674,164.0253143310547,54147100,0.0,0.0
2022-08-24 00:00:00-04:00,164.11362798077442,164.8884825026039,163.0641253734546,164.31959533691406,53841500,0.0,0.0
2022-08-25 00:00:00-04:00,165.5456215718219,166.87956011908489,165.1238689631101,166.77166748046875,51218200,0.0,0.0
2022-08-26 00:00:00-04:00,167.30132415112922,167.77212157949262,160.42564926256463,160.4844970703125,78961000,0.0,0.0
2022-08-29 00:00:00-04:00,158.0618570691757,159.77832160747866,156.75735719048248,158.28746032714844,73314000,0.0,0.0
2022-08-30 00:00:00-04:00,159.02304111055471,159.44479366035216,154.69754815714236,155.86474609375,77906200,0.0,0.0
2022-08-31 00:00:00-04:00,157.23790413486398,157.5027341926007,154.12865408316875,154.20712280273438,87991100,0.0,0.0
2022-09-01 00:00:00-04:00,153.6382414104045,155.38412932683354,151.70599214901193,154.93295288085938,74229900,0.0,0.0
2022-09-02 00:00:00-04:00,156.68860961884462,157.28692040133373,152.00021298217607,152.82411193847656,76957800,0.0,0.0
2022-09-06 00:00:00-04:00,153.47150522336744,154.07961913097643,150.74478065092995,151.5686798095703,73714800,0.0,0.0
2022-09-07 00:00:00-04:00,151.85312983190147,153.6676685648947,150.66631095885003,152.97128295898438,87449600,0.0,0.0
2022-09-08 00:00:00-04:00,151.67658920142858,153.36362955067995,149.75414265238146,151.5000457763672,84923800,0.0,0.0
2022-09-09 00:00:00-04:00,152.49067960307377,154.79565178409123,151.78447599724632,154.35426330566406,68028800,0.0,0.0
2022-09-12 00:00:00-04:00,156.53173198406338,161.11223777090294,156.24729591423596,160.2981414794922,104956000,0.0,0.0
2022-09-13 00:00:00-04:00,156.8357744463717,157.46350930410847,150.43091231518306,150.89190673828125,122656600,0.0,0.0
2022-09-14 00:00:00-04:00,151.8237313927598,154.08947711736784,150.66635107863272,152.33377075195312,87965400,0.0,0.0
2022-09-15 00:00:00-04:00,151.6863795720259,152.26508456095567,148.47905455230304,149.4500732421875,90481100,0.0,0.0
2022-09-16 00:00:00-04:00,148.31232430924803,148.44964084888636,145.52673670084437,147.8120880126953,162278800,0.0,0.0
2022-09-19 00:00:00-04:00,146.44872924023372,151.5981220543988,146.24276190884032,151.5196533203125,81474200,0.0,0.0
2022-09-20 00:00:00-04:00,150.46032156880005,155.05064442927653,150.1464616536784,153.89324951171875,107689800,0.0,0.0
2022-09-21 00:00:00-04:00,154.32480845556432,155.69798850992015,150.65648959208787,150.77418518066406,101696800,0.0,0.0
2022-09-22 00:00:00-04:00,149.45988650515864,151.50983141556574,148.0180554999838,149.81298828125,86652500,0.0,0.0
2022-09-23 00:00:00-04:00,148.29270193451399,148.5673350111051,145.7130966439831,147.54725646972656,96029900,0.0,0.0
2022-09-26 00:00:00-04:00,146.79200808789446,150.82324708343862,146.77238716545008,147.8807373046875,93339400,0.0,0.0
2022-09-27 00:00:00-04:00,149.8130376047974,151.75509052950036,147.07649419753142,148.851806640625,84442700,0.0,0.0
2022-09-28 00:00:00-04:00,144.81071412247172,147.75322390412563,142.06436866631904,146.9685516357422,146691400,0.0,0.0
2022-09-29 00:00:00-04:00,143.30027345445623,143.9083875278427,137.98412442041132,139.7496337890625,128138200,0.0,0.0
2022-09-30 00:00:00-04:00,138.5726303244555,140.35776059275875,135.35548662233668,135.55165100097656,124925300,0.0,0.0
2022-10-03 00:00:00-04:00,135.56144631438175,140.32831325471835,135.05140704196927,139.72018432617188,114311700,0.0,0.0
2022-10-04 00:00:00-04:00,142.25071445031105,143.41791226395273,141.49546616506458,143.3002166748047,87830100,0.0,0.0
2022-10-05 00:00:00-04:00,141.30917618434017,144.55574385560058,140.26947652199397,143.59451293945312,79471000,0.0,0.0
2022-10-06 00:00:00-04:00,143.0158044200555,144.7126478104947,142.43711432828448,142.64308166503906,68402200,0.0,0.0
2022-10-07 00:00:00-04:00,139.80842665549343,140.35770766147775,136.77764549427565,137.40538024902344,85925600,0.0,0.0
2022-10-10 00:00:00-04:00,137.72909545898438,139.1709266873786,135.91455644051044,137.72909545898438,74899000,0.0,0.0
2022-10-11 00:00:00-04:00,137.2190028003739,138.64122751644086,135.5712048751416,136.31663513183594,77033700,0.0,0.0
2022-10-12 00:00:00-04:00,136.46381898254117,137.67024396939837,135.51240615749046,135.68894958496094,70433700,0.0,0.0
2022-10-13 00:00:00-04:00,132.4031536839207,140.8383404618952,131.7950247428473,140.24984741210938,113224000,0.0,0.0
2022-10-14 00:00:00-04:00,141.5445499741852,141.75053227831364,135.5418338120233,135.7281951904297,88598000,0.0,0.0
2022-10-17 00:00:00-04:00,138.36665154683308,140.16156968133146,137.5819791306435,139.68096923828125,85250900,0.0,0.0
2022-10-18 00:00:00-04:00,142.70194639396894,143.88875049899616,137.91545818930572,140.9952850341797,99136600,0.0,0.0
2022-10-19 00:00:00-04:00,138.97476591255997,142.1722884311379,138.78840452952474,141.10317993164062,61758300,0.0,0.0
2022-10-20 00:00:00-04:00,140.2792613677454,143.09425775385319,139.91634163141597,140.6421661376953,64522000,0.0,0.0
2022-10-21 00:00:00-04:00,140.1321395849877,145.0167173026428,139.9163543059083,144.4478302001953,86548600,0.0,0.0
2022-10-24 00:00:00-04:00,144.36934369172494,147.35108041478094,143.20214572577777,146.58602905273438,75981900,0.0,0.0
2022-10-25 00:00:00-04:00,147.2137417287175,149.56775822916157,146.49773529844836,149.42062377929688,74732300,0.0,0.0
2022-10-26 00:00:00-04:00,148.06710843299678,149.07736899312695,145.20305222207165,146.4879608154297,88194300,0.0,0.0
2022-10-27 00:00:00-04:00,145.23247083964995,146.19368643958677,141.3679725525205,142.02513122558594,109180200,0.0,0.0
2022-10-28 00:00:00-04:00,145.36000606754794,154.48179100593666,144.98729827273644,152.75552368164062,164762400,0.0,0.0
2022-10-31 00:00:00-04:00,150.22496108445085,151.2842665764986,149.0087181195706,150.40150451660156,97943200,0.0,0.0
2022-11-01 00:00:00-04:00,152.10816072803473,152.47106552613408,146.27218522217615,147.76304626464844,80379300,0.0,0.0
2022-11-02 00:00:00-04:00,146.0956258102425,149.25392123210702,142.2213237765035,142.25074768066406,93604600,0.0,0.0
2022-11-03 00:00:00-04:00,139.33763513663766,140.06345955714755,136.09106861510674,136.2185821533203,97918500,0.0,0.0
2022-11-04 00:00:00-04:00,139.59828641105477,140.1681172493776,132.0234984378513,135.95335388183594,140814800,0.23,0.0
2022-11-07 00:00:00-05:00,134.7055842324109,136.70980337190065,133.29083425573356,136.4838409423828,83374600,0.0,0.0
2022-11-08 00:00:00-05:00,137.94774130575934,138.9498435557623,135.0789489012502,137.05369567871094,89908500,0.0,0.0
2022-11-09 00:00:00-05:00,136.07123106652006,136.12035725287217,132.2297941583769,132.5048828125,74917800,0.0,0.0
2022-11-10 00:00:00-05:00,138.7631733571785,144.29443359375,137.05368118428237,144.29443359375,118854000,0.0,0.0
2022-11-11 00:00:00-05:00,143.26284999283982,147.37935990276293,141.83826577346156,147.07479858398438,93979700,0.0,0.0
2022-11-14 00:00:00-05:00,146.35765103704608,147.64467637079764,144.8446482085248,145.67974853515625,73374100,0.0,0.0
2022-11-15 00:00:00-05:00,149.55062261259357,150.89659305740093,145.95480194485347,147.40884399414062,89868300,0.0,0.0
2022-11-16 00:00:00-05:00,146.51485052076237,147.2418642338074,144.707105498184,146.18080139160156,64218300,0.0,0.0
2022-11-17 00:00:00-05:00,143.8621718356149,148.8236171893066,143.5870831617381,148.0769500732422,80389400,0.0,0.0
2022-11-18 00:00:00-05:00,149.63903422199823,150.022194440957,147.3400729082456,148.6369171142578,74829600,0.0,0.0
2022-11-21 00:00:00-05:00,147.52674987775407,147.73305885560603,145.12953609848137,145.41444396972656,58724100,0.0,0.0
2022-11-22 00:00:00-05:00,145.53236323934706,147.7821986794849,144.3533947208252,147.54640197753906,51804100,0.0,0.0
2022-11-23 00:00:00-05:00,146.82922050043365,149.16748927839564,146.72114887646376,148.4208221435547,58301400,0.0,0.0
2022-11-25 00:00:00-05:00,145.7092003283938,146.2692118769101,144.54006603549058,145.51271057128906,35195900,0.0,0.0
2022-11-28 00:00:00-05:00,142.59476743015247,144.06846284178744,140.86563687733454,141.69090270996094,69246000,0.0,0.0
2022-11-29 00:00:00-05:00,141.75967888062996,142.2705641956943,137.88878454429147,138.69439697265625,83763800,0.0,0.0
2022-11-30 00:00:00-05:00,138.92037287256267,146.11201495746124,138.0852876520207,145.43411254882812,111380900,0.0,0.0
2022-12-01 00:00:00-05:00,145.61099111367253,146.51485616417156,144.03904277032873,145.709228515625,71250400,0.0,0.0
2022-12-02 00:00:00-05:00,143.40043783526434,145.40465760065473,143.09586143280922,145.21798706054688,65447400,0.0,0.0
2022-12-05 00:00:00-05:00,145.17867816271277,148.27343309869434,143.21375058654476,144.0586700439453,68826400,0.0,0.0
2022-12-06 00:00:00-05:00,144.49095300364328,144.71691547188212,139.43125562304482,140.40390014648438,64727200,0.0,0.0
2022-12-07 00:00:00-05:00,139.69650913090823,140.85580904494128,137.54491133359693,138.4684295654297,69721100,0.0,0.0
2022-12-08 00:00:00-05:00,139.86354485762612,141.0032064446931,138.62564588690643,140.14845275878906,62128300,0.0,0.0
2022-12-09 00:00:00-05:00,139.84388950557997,143.01725827820258,138.42913927736055,139.66705322265625,76097000,0.0,0.0
2022-12-12 00:00:00-05:00,140.1975885864345,141.9660265170688,138.58634846990296,141.95620727539062,70462700,0.0,0.0
2022-12-13 00:00:00-05:00,146.87834983755218,147.34010905974955,141.71059523341404,142.9190216064453,93886200,0.0,0.0
2022-12-14 00:00:00-05:00,142.801141695283,144.08816707629325,138.68461532986467,140.69866943359375,82291200,0.0,0.0
2022-12-15 00:00:00-05:00,138.63543512859985,139.31333739130548,133.64451838807022,134.1062774658203,98931900,0.0,0.0
2022-12-16 00:00:00-05:00,134.2929782040358,135.23613504981998,131.38487878191776,132.1511993408203,160156900,0.0,0.0
2022-12-19 00:00:00-05:00,132.74069295008061,132.82911109974094,129.01716151047765,130.04873657226562,79592600,0.0,0.0
2022-12-20 00:00:00-05:00,129.08593469778208,130.91331820064397,127.61223880809378,129.97998046875,77432800,0.0,0.0
2022-12-21 00:00:00-05:00,130.64805042002772,134.4108891056121,130.42208791158035,133.07473754882812,85928000,0.0,0.0
2022-12-22 00:00:00-05:00,131.99401195090732,132.20032094511618,128.0150307307424,129.9111785888672,77852100,0.0,0.0
2022-12-23 00:00:00-05:00,128.6241804492717,130.09787639620362,127.36662777385332,129.54769897460938,63814900,0.0,0.0
2022-12-27 00:00:00-05:00,129.07611099897005,129.1055837164495,126.4627534469259,127.7497787475586,69007800,0.0,0.0
2022-12-28 00:00:00-05:00,127.39608344761355,128.73223486036684,123.66272537894751,123.82974243164062,85438400,0.0,0.0
2022-12-29 00:00:00-05:00,125.74555630862793,128.19188939568883,125.49012108364987,127.33715057373047,75703700,0.0,0.0
2022-12-30 00:00:00-05:00,126.15818552945343,127.67117324976594,125.19536766637758,127.65151977539062,77034200,0.0,0.0
2023-01-03 00:00:00-05:00,127.9953746812147,128.6044974020352,121.99252063798394,122.87673950195312,112117500,0.0,0.0
2023-01-04 00:00:00-05:00,124.66483150899292,126.4037966398773,122.886574422074,124.14412689208984,89113600,0.0,0.0
2023-01-05 00:00:00-05:00,124.90062068574457,125.52939692056383,122.57218626779334,122.82762145996094,80962700,0.0,0.0
2023-01-06 00:00:00-05:00,123.80026688503307,128.00520329992693,122.699904718632,127.34695434570312,87754700,0.0,0.0
2023-01-09 00:00:00-05:00,128.18204084518473,131.07048653770673,127.6122100970975,127.86764526367188,70790800,0.0,0.0
2023-01-10 00:00:00-05:00,127.97575597684494,128.95821998247737,125.87328360443998,128.43751525878906,63896200,0.0,0.0
2023-01-11 00:00:00-05:00,128.94836939344688,131.1687321095965,128.17222961380043,131.1490936279297,69458900,0.0,0.0
2023-01-12 00:00:00-05:00,131.53227009080283,131.90559617413024,129.13505580606935,131.0705108642578,71379600,0.0,0.0
2023-01-13 00:00:00-05:00,129.71466811603167,132.55398732492168,129.3511613806362,132.39678955078125,57809700,0.0,0.0
2023-01-17 00:00:00-05:00,132.4655864864573,134.88243886666353,131.77786487384603,133.55612182617188,63646600,0.0,0.0
2023-01-18 00:00:00-05:00,134.4207108763407,136.17931456809228,132.66209219338052,132.8389434814453,69672800,0.0,0.0
2023-01-19 00:00:00-05:00,131.72872356322017,133.86066781311564,131.42416224055012,132.89785766601562,58280400,0.0,0.0
2023-01-20 00:00:00-05:00,132.90772297331753,135.59967961374403,131.8663135769454,135.45230102539062,80223600,0.0,0.0
2023-01-23 00:00:00-05:00,135.69792523903192,140.8067501207088,135.48178195598197,138.635498046875,81760300,0.0,0.0
2023-01-24 00:00:00-05:00,137.84950755371702,140.64953566811175,137.8396883115422,140.03057861328125,66435100,0.0,0.0
2023-01-25 00:00:00-05:00,138.41930821894437,139.93229570032543,136.37578195167205,139.37229919433594,65799300,0.0,0.0
2023-01-26 00:00:00-05:00,140.65934626942868,141.72040901629467,139.41161299424252,141.4355010986328,54105100,0.0,0.0
2023-01-27 00:00:00-05:00,140.64951214628343,144.64813175929368,140.57091324840124,143.3709259033203,70555800,0.0,0.0
2023-01-30 00:00:00-05:00,142.41794502488958,142.9975950119405,140.34494601130174,140.4923095703125,64015300,0.0,0.0
2023-01-31 00:00:00-05:00,140.19756045993424,141.8088002532181,139.78492752410364,141.75967407226562,65874500,0.0,0.0
2023-02-01 00:00:00-05:00,141.44531098955775,144.03901475780756,138.84178798038548,142.87969970703125,77663600,0.0,0.0
2023-02-02 00:00:00-05:00,146.2888275489756,148.52884341135578,145.57163330132713,148.1751708984375,118339000,0.0,0.0
2023-02-03 00:00:00-05:00,145.43409313083382,154.6201342687517,145.23760339877686,151.79063415527344,154357300,0.0,0.0
2023-02-06 00:00:00-05:00,149.89454080308164,150.4152455277008,148.1359218347776,149.0692596435547,69858300,0.0,0.0
2023-02-07 00:00:00-05:00,147.99834440627268,152.50784959474223,147.99834440627268,151.93801879882812,83322600,0.0,0.0
2023-02-08 00:00:00-05:00,151.18152542311802,151.8692470443083,148.51904208604415,149.25588989257812,64120100,0.0,0.0
2023-02-09 00:00:00-05:00,151.083246261921,151.62360422246954,147.78216807435706,148.22427368164062,56007100,0.0,0.0
2023-02-10 00:00:00-05:00,147.06324691592152,148.913088785703,146.82709018156558,148.58837890625,57450700,0.23,0.0
2023-02-13 00:00:00-05:00,148.52932389765635,151.7862414824205,148.49980618651492,151.38282775878906,62199000,0.0,0.0
2023-02-14 00:00:00-05:00,149.68057287811524,151.30412220458746,148.44078385852455,150.74325561523438,61707600,0.0,0.0
2023-02-15 00:00:00-05:00,150.6546952720313,153.00636811059493,150.42838780610393,152.83909606933594,65573800,0.0,0.0
2023-02-16 00:00:00-05:00,151.0482818929642,153.82306709582505,150.8908590911332,151.24508666992188,68167900,0.0,0.0
2023-02-17 00:00:00-05:00,149.90690894964015,150.5464794908576,148.4309630722788,150.10369873046875,59144100,0.0,0.0
2023-02-21 00:00:00-05:00,147.79135689260553,148.87372305726493,146.03006833094608,146.09893798828125,58867200,0.0,0.0
2023-02-22 00:00:00-05:00,146.48271250078488,147.54539539799444,144.80014250744384,146.52207946777344,51011300,0.0,0.0
2023-02-23 00:00:00-05:00,147.6831183102613,147.92910925221886,144.8788305804024,147.00418090820312,48394200,0.0,0.0
2023-02-24 00:00:00-05:00,144.75090982195374,144.82962872471046,143.38320079150859,144.35733032226562,55469600,0.0,0.0
2023-02-27 00:00:00-05:00,145.34131909727375,146.77789803104127,145.08547886576312,145.54794311523438,44998500,0.0,0.0
2023-02-28 00:00:00-05:00,144.69188448050687,146.68932985809187,144.47541123636594,145.04611206054688,50547000,0.0,0.0
2023-03-01 00:00:00-05:00,144.47538049709883,144.86895994047165,142.68455949733774,142.97975158691406,55479000,0.0,0.0
2023-03-02 00:00:00-05:00,142.0647267151534,144.3573646302391,141.59241318636302,143.5701904296875,52238100,0.0,0.0
2023-03-03 00:00:00-05:00,145.6660203114201,148.68679692265323,144.96741429678426,148.6080780029297,70732300,0.0,0.0
2023-03-06 00:00:00-05:00,151.32380747304748,153.7935665673354,150.9991125857975,151.36317443847656,87558000,0.0,0.0
2023-03-07 00:00:00-05:00,151.2352451910372,151.55995507278075,148.70646582947896,149.16893005371094,56182000,0.0,0.0
2023-03-08 00:00:00-05:00,150.3594826497808,151.0089022608483,149.39520247867964,150.41851806640625,47204800,0.0,0.0
2023-03-09 00:00:00-05:00,151.09746808583355,152.0617483379844,147.8208670608722,148.1750946044922,53833600,0.0,0.0
2023-03-10 00:00:00-05:00,147.80120650188752,148.5194958597798,145.242894659562,146.11862182617188,68572400,0.0,0.0
2023-03-13 00:00:00-04:00,145.43968998615728,150.6842189540097,145.33145336527863,148.05703735351562,84457100,0.0,0.0
2023-03-14 00:00:00-04:00,148.85403055723415,150.94002884188114,147.6929605728649,150.1430206298828,73695900,0.0,0.0
2023-03-15 00:00:00-04:00,148.76549840164833,150.79246155107444,147.51586009545082,150.53663635253906,77167900,0.0,0.0
2023-03-16 00:00:00-04:00,149.71994010489203,153.9509875803486,149.20827470890512,153.35076904296875,76161100,0.0,0.0
2023-03-17 00:00:00-04:00,153.5770871091514,154.2265068856699,151.80594908869074,152.514404296875,98944600,0.0,0.0
2023-03-20 00:00:00-04:00,152.58327776546486,155.28917828804447,151.67801783277878,154.8759002685547,73641400,0.0,0.0
2023-03-21 00:00:00-04:00,154.79722327478603,156.84385517693187,154.02971754385752,156.7257843017578,73938300,0.0,0.0
2023-03-22 00:00:00-04:00,156.74542384346483,159.53987720924363,155.27931249330243,155.2989959716797,75701800,0.0,0.0
2023-03-23 00:00:00-04:00,156.28297554136526,158.9593583364734,155.15140813839363,156.38136291503906,67622100,0.0,0.0
2023-03-24 00:00:00-04:00,156.31249715364865,157.76875944157217,155.31869907440637,157.68020629882812,59196500,0.0,0.0
2023-03-27 00:00:00-04:00,157.37517430078694,158.19186606543823,155.33836200567538,155.74179077148438,52390300,0.0,0.0
2023-03-28 00:00:00-04:00,155.43676283008696,155.94842821050446,153.47866946121147,155.12188720703125,45992200,0.0,0.0
2023-03-29 00:00:00-04:00,156.81432081388166,158.4673879613573,156.79465234617297,158.19187927246094,51305700,0.0,0.0
2023-03-30 00:00:00-04:00,158.93967116064357,159.86459953343115,158.68384597812414,159.75636291503906,49501700,0.0,0.0
2023-03-31 00:00:00-04:00,159.8350728342002,162.3540176143248,159.31357325147573,162.255615234375,68749800,0.0,0.0
2023-04-03 00:00:00-04:00,161.63575413574327,163.62335040456196,161.58655293789977,163.50527954101562,56976200,0.0,0.0
2023-04-04 00:00:00-04:00,163.92836877990578,164.16451047380076,162.46225736922722,162.9739227294922,46278300,0.0,0.0
2023-04-05 00:00:00-04:00,162.09822184489292,162.40324825832465,159.20536551321473,161.13392639160156,51511700,0.0,0.0
2023-04-06 00:00:00-04:00,159.8252203026454,162.31466233453045,159.40212310856722,162.01947021484375,45390100,0.0,0.0
2023-04-10 00:00:00-04:00,158.8314373555464,159.43165588378906,157.51292944566782,159.43165588378906,47716900,0.0,0.0
2023-04-11 00:00:00-04:00,159.7465675495636,159.75640178486614,157.93606230921543,158.22142028808594,47644200,0.0,0.0
2023-04-12 00:00:00-04:00,158.6346733983191,159.46119953470492,157.21776287074414,157.5326385498047,50133100,0.0,0.0
2023-04-13 00:00:00-04:00,159.03805912639,163.14118599216286,158.8314201412513,162.905029296875,68445600,0.0,0.0
2023-04-14 00:00:00-04:00,161.9506011686896,163.65286938363687,161.19295983913122,162.5606689453125,49386500,0.0,0.0
2023-04-17 00:00:00-04:00,162.44255269866937,162.73774479162446,161.3995536491091,162.58030700683594,41516200,0.0,0.0
2023-04-18 00:00:00-04:00,163.4363837761115,164.72537387764507,162.99358808032773,163.80044555664062,49923000,0.0,0.0
2023-04-19 00:00:00-04:00,163.14122346923992,165.4633789570219,162.885383237049,164.94187927246094,47720200,0.0,0.0
2023-04-20 00:00:00-04:00,163.4265370188754,165.17799130758831,162.9050374280842,163.97755432128906,52456400,0.0,0.0
2023-04-21 00:00:00-04:00,162.40322071444277,163.78076396537094,161.85220341407148,162.3737030029297,58337300,0.0,0.0
2023-04-24 00:00:00-04:00,162.35400113354166,162.9443853251193,161.26180088898863,162.6787109375,41949600,0.0,0.0
2023-04-25 00:00:00-04:00,162.54099521393778,163.6430299514636,161.10440134757968,161.14376831054688,48714100,0.0,0.0
2023-04-26 00:00:00-04:00,160.44515464932056,162.62955575633885,160.18932943478703,161.13392639160156,45498800,0.0,0.0
2023-04-27 00:00:00-04:00,162.54097091629146,165.85692388096987,162.54097091629146,165.70933532714844,64902300,0.0,0.0
2023-04-28 00:00:00-04:00,165.78809511844986,167.12628672150765,165.18787649470852,166.95899963378906,55275900,0.0,0.0
2023-05-01 00:00:00-04:00,166.56539597816914,167.71663185783257,165.9356597273935,166.87042236328125,52472900,0.0,0.0
2023-05-02 00:00:00-04:00,167.36241202489828,167.6182522416185,164.8533011388869,165.83726501464844,48425700,0.0,0.0
2023-05-03 00:00:00-04:00,166.78186884038578,168.17909567440717,164.47939708632646,164.76473999023438,65136000,0.0,0.0
2023-05-04 00:00:00-04:00,162.2457710884036,164.3612870012041,161.67507035057545,163.13133239746094,81235400,0.0,0.0
2023-05-05 00:00:00-04:00,168.23814318555767,171.50491053581004,168.02166992672903,170.78662109375,113453200,0.0,0.0
2023-05-08 00:00:00-04:00,169.71408033203093,171.06212101363838,169.35001851271124,170.7177276611328,55962800,0.0,0.0
2023-05-09 00:00:00-04:00,170.27494492179522,170.7570775926942,168.84820036158354,169.01547241210938,45326900,0.0,0.0
2023-05-10 00:00:00-04:00,170.24546046425388,171.23925872825046,169.14341054242746,170.77679443359375,53724500,0.0,0.0
2023-05-11 00:00:00-04:00,171.06211698775132,171.79024060925457,169.40904995436452,170.96371459960938,49514700,0.0,0.0
2023-05-12 00:00:00-04:00,171.0720697527437,171.50561502670146,168.4905238476374,170.03749084472656,45533100,0.24,0.0
2023-05-15 00:00:00-04:00,170.61883064941935,170.66809989196608,168.95362948142878,169.54483032226562,37266700,0.0,0.0
2023-05-16 00:00:00-04:00,169.46600254116325,170.5991199454283,169.27878844040285,169.54483032226562,42110300,0.0,0.0
2023-05-17 00:00:00-04:00,169.19011716888295,170.39219951568867,167.91903983890595,170.15573120117188,57951600,0.0,0.0
2023-05-18 00:00:00-04:00,170.46119076780954,172.6683237371227,170.04735615510018,172.48110961914062,65496700,0.0,0.0
2023-05-19 00:00:00-04:00,173.80145343851697,173.80145343851697,172.37273538217633,172.58950805664062,55809500,0.0,0.0
2023-05-22 00:00:00-04:00,171.42679729660153,172.1460951955022,170.9045763773169,171.64356994628906,43570900,0.0,0.0
2023-05-23 00:00:00-04:00,170.58931050155752,170.83564173486545,168.7664533611328,169.04234313964844,50747300,0.0,0.0
2023-05-24 00:00:00-04:00,168.57919800904358,169.88968165407772,168.0175707525213,169.3181915283203,45143500,0.0,0.0
2023-05-25 00:00:00-04:00,169.87983433539839,171.34795850917342,169.17039935195018,170.45132446289062,56058300,0.0,0.0
2023-05-26 00:00:00-04:00,170.7764786518407,173.19052108114823,170.5695538562492,172.85549926757812,54835000,0.0,0.0
2023-05-30 00:00:00-04:00,174.36309800636275,176.36330631715728,173.9788219031772,174.69810485839844,55964400,0.0,0.0
2023-05-31 00:00:00-04:00,174.72766202276017,176.71802248155805,174.16601962684186,174.64883422851562,99625300,0.0,0.0
2023-06-01 00:00:00-04:00,175.09221783191245,177.47670209655325,174.33351350934285,177.4471435546875,68901800,0.0,0.0
2023-06-02 00:00:00-04:00,178.37338346821156,179.11237721788427,176.62935400922137,178.2945556640625,61996900,0.0,0.0
2023-06-05 00:00:00-04:00,179.94983840555687,182.23578368352,175.42718701740114,176.94459533691406,121946500,0.0,0.0
2023-06-06 00:00:00-04:00,177.3289349437502,177.47672767437876,174.82620111609043,176.58009338378906,64848400,0.0,0.0
2023-06-07 00:00:00-04:00,175.82137635899298,178.55073052308683,174.71781728969785,175.21047973632812,61944600,0.0,0.0
2023-06-08 00:00:00-04:00,175.28930462040762,178.18616241252352,174.85577426667564,177.92013549804688,50214900,0.0,0.0
2023-06-09 00:00:00-04:00,178.83645110058313,179.55573399442156,177.9792233362159,178.30438232421875,48900000,0.0,0.0
2023-06-12 00:00:00-04:00,178.60982685528654,181.19137296447727,178.31422641468646,181.09283447265625,54274900,0.0,0.0
2023-06-13 00:00:00-04:00,180.11737806569877,181.4475575367352,179.76266053311636,180.61988830566406,54929100,0.0,0.0
2023-06-14 00:00:00-04:00,180.67901332162722,181.684048880549,179.34883379218707,181.25050354003906,57462900,0.0,0.0
2023-06-15 00:00:00-04:00,181.26035439367692,183.78278344228747,181.08298811392547,183.28025817871094,65433200,0.0,0.0
2023-06-16 00:00:00-04:00,183.98971928038128,184.245913383536,181.56582838117956,182.20628356933594,101256200,0.0,0.0
2023-06-20 00:00:00-04:00,181.70376647980103,183.3689679486228,181.70376647980103,182.29495239257812,49799100,0.0,0.0
2023-06-21 00:00:00-04:00,182.1865227468729,182.68904794337553,179.91042519875955,181.2603302001953,49515700,0.0,0.0
2023-06-22 00:00:00-04:00,181.04359886716716,184.30502181445038,180.9746189088309,184.25575256347656,51245300,0.0,0.0
2023-06-23 00:00:00-04:00,182.82703803401998,184.80753566864925,182.29495416898448,183.94044494628906,53117000,0.0,0.0
2023-06-26 00:00:00-04:00,184.08825189117624,185.29034946556595,182.51172604562308,182.5511474609375,48088700,0.0,0.0
2023-06-27 00:00:00-04:00,183.1620330683905,185.6253451571229,182.94526040179295,185.30018615722656,50730800,0.0,0.0
2023-06-28 00:00:00-04:00,185.17208134019785,187.11317238738192,184.84693738882143,186.47271728515625,51216800,0.0,0.0
2023-06-29 00:00:00-04:00,186.30525942009777,187.28073661729,186.16731451659385,186.80776977539062,46347300,0.0,0.0
2023-06-30 00:00:00-04:00,188.81778728912292,191.62595381515632,188.45320690668942,191.12344360351562,85213200,0.0,0.0
2023-07-03 00:00:00-04:00,190.93622568872084,191.03476417603324,188.94586551693624,189.63560485839844,31458200,0.0,0.0
2023-07-05 00:00:00-04:00,188.75871546570897,190.14801227448265,187.82264469773918,188.52223205566406,46920300,0.0,0.0
2023-07-06 00:00:00-04:00,187.05408684814694,189.2021030796526,186.42347947497262,188.99517822265625,45094300,0.0,0.0
2023-07-07 00:00:00-04:00,188.60099643398274,189.8425000907618,187.4481683880748,187.88169860839844,46815000,0.0,0.0
2023-07-10 00:00:00-04:00,186.48257243692333,187.20187038994513,184.29515010539157,185.8421173095703,59922200,0.0,0.0
2023-07-11 00:00:00-04:00,186.3840531601648,186.52199803845542,183.86162393721375,185.3199005126953,46638100,0.0,0.0
2023-07-12 00:00:00-04:00,186.89640150427806,188.88676181703667,185.70416691161034,186.98509216308594,60750200,0.0,0.0
2023-07-13 00:00:00-04:00,187.7043680387378,188.38424453327508,186.99493300399138,187.7437744140625,41342300,0.0,0.0
2023-07-14 00:00:00-04:00,187.43834550769154,188.37440112570727,186.8471596075647,187.8916015625,41616200,0.0,0.0
2023-07-17 00:00:00-04:00,189.08383285312058,191.46833222271863,188.99515722491665,191.14317321777344,50520200,0.0,0.0
2023-07-18 00:00:00-04:00,190.5125649317522,191.47817907078496,189.5962050071137,190.88697814941406,48288200,0.0,0.0
2023-07-19 00:00:00-04:00,190.26622781119138,195.32093388898534,189.82281961650222,192.23687744140625,80507300,0.0,0.0
2023-07-20 00:00:00-04:00,192.22703531122195,193.5867885139367,189.67504737311495,190.29580688476562,59581200,0.0,0.0
2023-07-21 00:00:00-04:00,191.25151956273768,192.10874719252732,188.42362760855806,189.1232147216797,71951700,0.0,0.0
2023-07-24 00:00:00-04:00,190.5717048030419,192.04969224832402,189.4287242369893,189.92138671875,45377800,0.0,0.0
2023-07-25 00:00:00-04:00,190.49282690419068,191.58653792745972,190.08884016702333,190.778564453125,37283200,0.0,0.0
2023-07-26 00:00:00-04:00,190.82783906853456,192.76892999363082,190.4829844332044,191.64566040039062,47471900,0.0,0.0
2023-07-27 00:00:00-04:00,193.1433729163405,194.30604897209747,189.72429463258098,190.38446044921875,47460200,0.0,0.0
2023-07-28 00:00:00-04:00,191.8131810983056,193.74442436278966,191.29096014596897,192.95616149902344,48291400,0.0,0.0
2023-07-31 00:00:00-04:00,193.1827862905988,193.60648379116893,192.39452340931743,193.5670623779297,38824100,0.0,0.0
2023-08-01 00:00:00-04:00,193.3601086864926,193.8429081275952,192.41419043671152,192.73934936523438,35175100,0.0,0.0
2023-08-02 00:00:00-04:00,192.17776662675897,192.31571151477112,189.03459274742033,189.75387573242188,50389300,0.0,0.0
2023-08-03 00:00:00-04:00,188.7586713954234,189.54691917513858,187.89158079590146,188.36453247070312,61235200,0.0,0.0
2023-08-04 00:00:00-04:00,182.79745486603875,184.6301595328746,179.25027969317492,179.3192596435547,115956800,0.0,0.0
2023-08-07 00:00:00-04:00,179.45720585194456,180.44253062568194,174.74735463626894,176.225341796875,97576100,0.0,0.0
2023-08-08 00:00:00-04:00,177.05300588853657,177.62449604499406,174.97397007455905,177.16139221191406,67823000,0.0,0.0
2023-08-09 00:00:00-04:00,178.21567520898486,178.27479228591488,174.41232123291388,175.57501220703125,60378500,0.0,0.0
2023-08-10 00:00:00-04:00,176.84608080013524,178.0974474344709,174.99368050557445,175.35824584960938,54686900,0.0,0.0
2023-08-11 00:00:00-04:00,174.953720563952,176.23636037713308,174.19399178686675,175.4174346923828,52036700,0.24,0.0
2023-08-14 00:00:00-04:00,175.59506357405235,177.29211207450308,174.9438673937282,177.065185546875,43675600,0.0,0.0
2023-08-15 00:00:00-04:00,176.4929565709016,177.0849408911762,174.68737503648362,175.08203125,43622600,0.0,0.0
2023-08-16 00:00:00-04:00,174.76630032742042,176.15747319458026,174.1447025205994,174.21377563476562,46964900,0.0,0.0
2023-08-17 00:00:00-04:00,174.7761369036864,175.1411945839284,171.1649745274817,171.67803955078125,66062900,0.0,0.0
2023-08-18 00:00:00-04:00,170.00075151281027,172.76339001893962,169.66529224450343,172.16152954101562,61172200,0.0,0.0
2023-08-21 00:00:00-04:00,172.7337554755455,173.77960771425435,171.4215020828672,173.49346923828125,46311900,0.0,0.0
2023-08-22 00:00:00-04:00,174.69719959083847,175.30892111024494,173.89801113995804,174.86492919921875,42038900,0.0,0.0
2023-08-23 00:00:00-04:00,176.13773826499084,179.1273031269572,175.95027131734813,178.70303344726562,52722800,0.0,0.0
2023-08-24 00:00:00-04:00,178.25903609639087,178.68330576322634,173.66121814414575,174.0262908935547,54945800,0.0,0.0
2023-08-25 00:00:00-04:00,175.01294998434398,176.7593193055493,173.47376987845638,176.22653198242188,51449600,0.0,0.0
2023-08-28 00:00:00-04:00,177.6867593505913,178.1800870283186,176.1673167274641,177.78543090820312,43820700,0.0,0.0
2023-08-29 00:00:00-04:00,177.30194937146643,182.4325537749521,177.1046213280948,181.6629638671875,53003900,0.0,0.0
2023-08-30 00:00:00-04:00,182.4720764804315,185.34324769153272,182.27474838508303,185.14590454101562,60813900,0.0,0.0
2023-08-31 00:00:00-04:00,185.33334709899387,186.59626480914432,184.97815055206615,185.36294555664062,60794500,0.0,0.0
2023-09-01 00:00:00-04:00,186.96134589549212,187.38560051082152,185.76748618147488,186.93174743652344,45766500,0.0,0.0
2023-09-05 00:00:00-04:00,185.7674844117445,187.44479564304942,185.1064270757959,187.1685333251953,45280000,0.0,0.0
2023-09-06 00:00:00-04:00,185.88585963952747,186.32986658571798,179.04834537431464,180.46913146972656,81755800,0.0,0.0
2023-09-07 00:00:00-04:00,172.84230680208358,175.8318868790433,171.22419235116297,175.1905517578125,112488800,0.0,0.0
2023-09-08 00:00:00-04:00,175.97000602806156,177.83478423163749,175.41746632815568,175.80226135253906,65551300,0.0,0.0
2023-09-11 00:00:00-04:00,177.66702357259294,177.89395007164453,174.9734438173143,176.96649169921875,58953100,0.0,0.0
2023-09-12 00:00:00-04:00,177.09479044187466,177.72624932161176,172.4871113411862,173.94735717773438,90370200,0.0,0.0
2023-09-13 00:00:00-04:00,174.15454941477398,174.93401565723292,171.65831231126361,171.88525390625,84267900,0.0,0.0
2023-09-14 00:00:00-04:00,171.67803539320033,173.75001770449512,171.26364194197464,173.3948211669922,60895800,0.0,0.0
2023-09-15 00:00:00-04:00,174.1249606133089,174.1446979390041,171.50046839224674,172.67457580566406,109259500,0.0,0.0
2023-09-18 00:00:00-04:00,174.12495542511192,176.98626535892447,173.81909463420754,175.59507751464844,67257600,0.0,0.0
2023-09-19 00:00:00-04:00,175.1510553991506,177.23289871202428,174.7662604292434,176.6803741455078,51826900,0.0,0.0
2023-09-20 00:00:00-04:00,176.86785847407558,177.3019893003594,173.05936766417838,173.14817810058594,58436200,0.0,0.0
2023-09-21 00:00:00-04:00,172.22069958579337,173.94734650075085,171.53990496478352,171.6089630126953,63149100,0.0,0.0
2023-09-22 00:00:00-04:00,172.33907993619778,174.71692282922322,171.72735846610487,172.4574737548828,56725400,0.0,0.0
2023-09-25 00:00:00-04:00,171.87536866413782,174.60840835340898,171.82603288281885,173.73028564453125,46172700,0.0,0.0
2023-09-26 00:00:00-04:00,172.4871029695211,172.8620217812148,169.3692683155077,169.66526794433594,64588900,0.0,0.0
2023-09-27 00:00:00-04:00,170.31643241476104,170.730825832551,166.79408083596385,168.15565490722656,66921800,0.0,0.0
2023-09-28 00:00:00-04:00,167.0802102082604,169.73431545858824,165.38316183381656,168.41220092773438,56294400,0.0,0.0
2023-09-29 00:00:00-04:00,169.72445084440017,170.7604419321708,168.06686209293406,168.92526245117188,51861100,0.0,0.0
2023-10-02 00:00:00-04:00,168.9351141150612,171.97401410977108,168.64897565996583,171.4313507080078,52164500,0.0,0.0
2023-10-03 00:00:00-04:00,169.96127983577614,171.31300817848214,168.54050848834052,170.0994110107422,49594600,0.0,0.0
2023-10-04 00:00:00-04:00,168.80687858022958,171.88525384459265,168.68848474300435,171.34259033203125,53020300,0.0,0.0
2023-10-05 00:00:00-04:00,171.47083294671847,173.10868450108188,170.3756448658088,172.57589721679688,48527900,0.0,0.0
2023-10-06 00:00:00-04:00,171.48069938400815,175.61478762599208,170.86896284182788,175.1214599609375,57266700,0.0,0.0
2023-10-09 00:00:00-04:00,174.45053908507856,176.66065260372454,173.45402254968238,176.60145568847656,42390800,0.0,0.0
2023-10-10 00:00:00-04:00,175.72336746855896,177.3217447145954,175.57536009622658,176.00949096679688,43698000,0.0,0.0
2023-10-11 00:00:00-04:00,175.82198018511957,177.4499705441094,175.22999600880442,177.400634765625,47551100,0.0,0.0
2023-10-12 00:00:00-04:00,177.6670336186698,179.906730392158,176.6507647716162,178.29849243164062,56743100,0.0,0.0
2023-10-13 00:00:00-04:00,178.99902980590412,179.5022186651883,175.76280113660414,176.4633331298828,51427100,0.0,0.0
2023-10-16 00:00:00-04:00,174.39134016768617,176.69024903281087,174.15453745424634,176.33505249023438,52517000,0.0,0.0
2023-10-17 00:00:00-04:00,174.29265257502803,176.03903666999224,172.46734930467605,174.78598022460938,57549400,0.0,0.0
2023-10-18 00:00:00-04:00,173.23694427289632,175.21025492862336,172.77321506438722,173.49346923828125,54764400,0.0,0.0
2023-10-19 00:00:00-04:00,173.69080766680926,175.46679037407037,172.85215962113486,173.11856079101562,59302900,0.0,0.0
2023-10-20 00:00:00-04:00,172.97056355030566,173.0790962513972,170.3361953203569,170.572998046875,64244000,0.0,0.0
2023-10-23 00:00:00-04:00,168.62926966195786,171.68789221712717,167.66233657820504,170.69137573242188,55980100,0.0,0.0
2023-10-24 00:00:00-04:00,170.74072378645857,171.35244533043914,169.16206908920728,171.12551879882812,43816600,0.0,0.0
2023-10-25 00:00:00-04:00,169.58633193718455,170.75057806188605,168.3727349771656,168.81674194335938,57157000,0.0,0.0
2023-10-26 00:00:00-04:00,168.0964590692853,169.09299056011605,163.45918215856796,164.66290283203125,70625300,0.0,0.0
2023-10-27 00:00:00-04:00,164.68264263448572,166.70528904611524,164.60370840247674,165.97515869140625,58499100,0.0,0.0
2023-10-30 00:00:00-04:00,166.76450604315932,168.88580920893756,166.61649869462795,168.01754760742188,51131000,0.0,0.0
2023-10-31 00:00:00-04:00,167.09010101577766,168.61940486913602,165.65943861592592,168.49114990234375,44846000,0.0,0.0
2023-11-01 00:00:00-04:00,168.71806981976965,171.90496247869652,167.849808268541,171.6484375,56934900,0.0,0.0
2023-11-02 00:00:00-04:00,173.17776232760195,175.40759814141026,173.118565411641,175.20040893554688,77334800,0.0,0.0
2023-11-03 00:00:00-04:00,171.91486569633807,174.46043878115682,171.03674287311975,174.29269409179688,79829200,0.0,0.0
2023-11-06 00:00:00-05:00,174.02626772873157,177.03555436857033,173.858538133294,176.83822631835938,63841300,0.0,0.0
2023-11-07 00:00:00-05:00,176.78892234542403,180.00542885763969,176.5817331247381,179.39370727539062,70530000,0.0,0.0
2023-11-08 00:00:00-05:00,179.91664500198718,181.00195707049215,179.1667771510238,180.44943237304688,49340300,0.0,0.0
2023-11-09 00:00:00-05:00,180.51846299464347,181.66297171772456,179.38380034968415,179.97579956054688,53763500,0.0,0.0
2023-11-10 00:00:00-05:00,181.75412225306079,184.32281184408907,181.3194195461175,184.15484619140625,66133400,0.24,0.0
2023-11-13 00:00:00-05:00,183.58186108306094,183.7893232540613,181.9912524470517,182.5741424560547,43627500,0.0,0.0
2023-11-14 00:00:00-05:00,185.43920547847273,185.8442707665973,184.05607409829287,185.18234252929688,60108400,0.0,0.0
2023-11-15 00:00:00-05:00,185.5874067506803,187.21752694473682,185.51824264456812,185.74546813964844,53790500,0.0,0.0
2023-11-16 00:00:00-05:00,187.2866746678448,188.6599317940755,186.37774261703024,187.42498779296875,54412900,0.0,0.0
2023-11-17 00:00:00-05:00,187.9584954748911,188.08693448765234,186.29873780998344,187.40524291992188,50922700,0.0,0.0
2023-11-20 00:00:00-05:00,187.6028350817968,189.59850904887813,187.592960955599,189.14404296875,46505100,0.0,0.0
2023-11-21 00:00:00-05:00,189.10452557023848,189.21320125507725,187.45464204586924,188.3437957763672,38134500,0.0,0.0
2023-11-22 00:00:00-05:00,189.18356183514956,190.60620477415247,188.53150773289747,189.00572204589844,39617700,0.0,0.0
2023-11-24 00:00:00-05:00,188.57102324664504,188.60066069963858,186.97054048498805,187.68186950683594,24048300,0.0,0.0
2023-11-27 00:00:00-05:00,187.6324520630897,188.37341847212542,186.62473352580105,187.50401306152344,40552600,0.0,0.0
2023-11-28 00:00:00-05:00,187.49414676130317,188.77849160556613,187.11871894105684,188.10667419433594,38415400,0.0,0.0
2023-11-29 00:00:00-05:00,188.6006511365786,189.77632029571453,186.69390474066958,187.08908081054688,43014200,0.0,0.0
2023-11-30 00:00:00-05:00,187.55341843722022,188.02764780463457,185.92329832735996,187.66209411621094,48794400,0.0,0.0
2023-12-01 00:00:00-05:00,188.0375111237308,189.2526917735191,186.95075439627809,188.93655395507812,45704800,0.0,0.0
2023-12-04 00:00:00-05:00,187.69173962433385,187.76090372984268,185.1922139752508,187.1483612060547,43389500,0.0,0.0
2023-12-05 00:00:00-05:00,187.91895861640964,192.0584780958342,187.88930609245244,191.0902862548828,66628400,0.0,0.0
2023-12-06 00:00:00-05:00,192.1079050949125,192.41416882595195,189.79609331061306,190.00357055664062,41089700,0.0,0.0
2023-12-07 00:00:00-05:00,191.29777821822415,192.6512720749557,191.2582515665674,191.93006896972656,47477700,0.0,0.0
2023-12-08 00:00:00-05:00,191.86090014217592,193.62934842275146,191.33728508312288,193.35272216796875,53406400,0.0,0.0
2023-12-11 00:00:00-05:00,190.78404615931,191.15947399253523,189.11439931154695,190.8531951904297,60943700,0.0,0.0
2023-12-12 00:00:00-05:00,190.75440470261375,192.3746507369947,189.4107849369075,192.36477661132812,52696900,0.0,0.0
2023-12-13 00:00:00-05:00,192.74018081786602,195.61513413450965,192.50308121236986,195.57562255859375,70404200,0.0,0.0
2023-12-14 00:00:00-05:00,195.6349188149913,197.21563829918102,193.79732129680679,195.7238311767578,66831600,0.0,0.0
2023-12-15 00:00:00-05:00,195.1507962246044,196.01031245444227,194.62718115642724,195.19032287597656,128538400,0.0,0.0
2023-12-18 00:00:00-05:00,193.72813612536964,194.26164038796966,192.0486152607036,193.53054809570312,55751900,0.0,0.0
2023-12-19 00:00:00-05:00,193.79731295132126,194.5777909959987,193.53056080250687,194.5679168701172,40714100,0.0,0.0
2023-12-20 00:00:00-05:00,194.5283816611859,195.2989855460905,192.4833221435547,192.4833221435547,52242800,0.0,0.0
2023-12-21 00:00:00-05:00,193.73802319308166,194.70621508029078,191.16933361068988,192.33511352539062,46482500,0.0,0.0
2023-12-22 00:00:00-05:00,192.829067964765,193.05630849032943,190.6456956495467,191.2681121826172,37149600,0.0,0.0
2023-12-26 00:00:00-05:00,191.27801448490152,191.55464074590694,190.5074106042434,190.72476196289062,28919300,0.0,0.0
2023-12-27 00:00:00-05:00,190.17149315937536,191.16932243864449,188.78834689776542,190.8235321044922,48087700,0.0,0.0
2023-12-28 00:00:00-05:00,191.80163510638113,192.31537606668746,190.84331729052167,191.24838256835938,34049900,0.0,0.0
2023-12-29 00:00:00-05:00,191.56452296375952,192.0585006042798,189.4206618129017,190.21102905273438,42672100,0.0,0.0
2024-01-02 00:00:00-05:00,184.89582930034302,186.17030008579113,181.6751004330507,183.40402221679688,82488700,0.0,0.0
2024-01-03 00:00:00-05:00,182.00113952243032,183.64114905512682,181.22064633789287,182.03077697753906,58414500,0.0,0.0
2024-01-04 00:00:00-05:00,179.956063262062,180.88474371487789,178.70137080560033,179.71896362304688,71983600,0.0,0.0
2024-01-05 00:00:00-05:00,179.79798286255345,180.55869755734878,177.99989705667167,178.9977264404297,62379700,0.0,0.0
2024-01-08 00:00:00-05:00,179.89676064456035,183.36449308108033,179.3138706884217,183.32496643066406,59144500,0.0,0.0
2024-01-09 00:00:00-05:00,181.7047275700206,182.9199083051763,180.52905841182087,182.9100341796875,42841800,0.0,0.0
2024-01-10 00:00:00-05:00,182.12952346414278,184.154819300754,181.70469494439152,183.94735717773438,46792900,0.0,0.0
2024-01-11 00:00:00-05:00,184.29316874581366,184.7970355796361,181.4083411771675,183.3546142578125,49128400,0.0,0.0
2024-01-12 00:00:00-05:00,183.81894667336306,184.49076406507768,182.95943045197853,183.68063354492188,40477800,0.0,0.0
2024-01-16 00:00:00-05:00,179.96594785640553,182.04064501968628,178.75075193755313,181.41824340820312,65603000,0.0,0.0
2024-01-17 00:00:00-05:00,179.08665457169852,180.72664884969066,178.12833676151584,180.4796600341797,47317400,0.0,0.0
2024-01-18 00:00:00-05:00,183.84860201119264,186.86186875433015,183.59173905481111,186.35801696777344,78005800,0.0,0.0
2024-01-19 00:00:00-05:00,187.04954979006996,189.6379874512041,186.54569809210085,189.252685546875,68903000,0.0,0.0
2024-01-22 00:00:00-05:00,189.98379650311966,192.97729968749402,189.94426985134535,191.5546417236328,60133900,0.0,0.0
2024-01-23 00:00:00-05:00,192.67102493067515,193.39222799671276,191.49535584528522,192.82908630371094,42355600,0.0,0.0
2024-01-24 00:00:00-05:00,193.06620457832125,194.0146482092326,191.999211146671,192.15728759765625,53631300,0.0,0.0
2024-01-25 00:00:00-05:00,192.86862433386716,193.90598035718745,190.78403816176663,191.83126831054688,54822100,0.0,0.0
2024-01-26 00:00:00-05:00,191.93006387634745,192.41415228379137,189.6281264159501,190.1023406982422,44594000,0.0,0.0
2024-01-29 00:00:00-05:00,189.69728055859,189.88499446653958,187.29655655692048,189.420654296875,47145600,0.0,0.0
2024-01-30 00:00:00-05:00,188.6401800108733,189.4898221386195,185.21197404804863,185.7751007080078,55859400,0.0,0.0
2024-01-31 00:00:00-05:00,184.7871410441138,184.846431021382,182.12955411744667,182.17893981933594,55467800,0.0,0.0
2024-02-01 00:00:00-05:00,181.77390231724044,184.69824158324056,181.6059517240919,184.6093292236328,64885400,0.0,0.0
2024-02-02 00:00:00-05:00,177.69365314728918,185.07368095456727,177.0909997696198,183.61151123046875,102551700,0.0,0.0
2024-02-05 00:00:00-05:00,185.8837890630235,186.97054595458332,183.6016146657499,185.41944885253906,69668800,0.0,0.0
2024-02-06 00:00:00-05:00,184.60931480628852,187.02980210381148,184.5204024536245,187.01992797851562,43490800,0.0,0.0
2024-02-07 00:00:00-05:00,188.3437971267345,188.74886241631054,186.33824908078662,187.1286163330078,53439000,0.0,0.0
2024-02-08 00:00:00-05:00,187.10883150171134,187.25701874915856,185.09340956143063,186.05172729492188,40962000,0.0,0.0
2024-02-09 00:00:00-05:00,186.61557552858977,187.94113632063826,185.97259122428568,186.8134307861328,45155200,0.24,0.0
2024-02-12 00:00:00-05:00,186.38806813077576,186.63537211912902,184.7756412965565,185.1317596435547,41781900,0.0,0.0
2024-02-13 00:00:00-05:00,183.76664838776776,184.2019058140478,181.53101071537256,183.0445098876953,56529500,0.0,0.0
2024-02-14 00:00:00-05:00,183.3215042025078,183.5292310959524,180.472557481369,182.1641082763672,54630500,0.0,0.0
2024-02-15 00:00:00-05:00,181.57057328309747,182.50043860227981,179.3943014199978,181.87722778320312,65434500,0.0,0.0
2024-02-16 00:00:00-05:00,181.44199396902647,182.8565806751117,179.71086599707365,180.34396362304688,49752500,0.0,0.0
2024-02-20 00:00:00-05:00,179.82952039574,180.4626178573417,178.05883088561825,179.6020050048828,53665600,0.0,0.0
2024-02-21 00:00:00-05:00,179.9779444437335,180.91769653606136,178.71174929095213,180.35385131835938,41371400,0.0,0.0
2024-02-22 00:00:00-05:00,181.50131240098546,182.9653626660908,180.4923231436991,182.3817138671875,52292200,0.0,0.0
2024-02-23 00:00:00-05:00,183.0148038625669,183.04447912807765,180.26478523418197,180.55166625976562,45119700,0.0,0.0
2024-02-26 00:00:00-05:00,180.2746995194681,180.78908088671756,178.70183486744935,179.2063446044922,40867400,0.0,0.0
2024-02-27 00:00:00-05:00,179.1470231922399,181.93660445629962,177.6236221032545,180.6605224609375,54318900,0.0,0.0
2024-02-28 00:00:00-05:00,180.54178846123017,181.14521076395337,178.1874648834917,179.4635467529297,48953900,0.0,0.0
2024-02-29 00:00:00-05:00,179.31516246277232,180.6011460945577,177.59392143922238,178.80076599121094,136682600,0.0,0.0
2024-03-01 00:00:00-05:00,177.6137198257161,178.5831471920378,175.46712311031385,177.7225341796875,73563100,0.0,0.0
2024-03-04 00:00:00-05:00,174.25038035125658,174.99229230011673,171.9158301484072,173.2117156982422,81510100,0.0,0.0
2024-03-05 00:00:00-05:00,168.91849794898403,170.1846930657021,167.7907924514621,168.285400390625,95132400,0.0,0.0
2024-03-06 00:00:00-05:00,169.21526961759642,169.39333632878757,166.86093094295472,167.2961883544922,68587700,0.0,0.0
2024-03-07 00:00:00-05:00,167.32588185679398,168.88884496206234,166.67301076258389,167.17750549316406,71765100,0.0,0.0
2024-03-08 00:00:00-05:00,167.1774852017091,171.82679686006907,167.11813466346086,168.88882446289062,76267000,0.0,0.0
2024-03-11 00:00:00-04:00,171.07502316349817,172.49949666610803,170.19462149789052,170.88706970214844,60139500,0.0,0.0
2024-03-12 00:00:00-04:00,171.28272310113206,172.15323790323208,169.16580172767317,171.3618621826172,59825400,0.0,0.0
2024-03-13 00:00:00-04:00,170.90681338658084,171.32228220007605,168.91848002185432,169.2845001220703,52488700,0.0,0.0
2024-03-14 00:00:00-04:00,171.04532782778392,172.43022407386235,170.19460153541087,171.1343536376953,72913500,0.0,0.0
2024-03-15 00:00:00-04:00,169.32407812222547,170.75843811035156,168.4535633292171,170.75843811035156,121752700,0.0,0.0
2024-03-18 00:00:00-04:00,173.67664359575858,175.79356502758816,171.64874797271588,171.84658813476562,75604200,0.0,0.0
2024-03-19 00:00:00-04:00,172.45991109697533,174.7054356079408,171.1640405724947,174.18115234375,55215200,0.0,0.0
2024-03-20 00:00:00-04:00,173.82502584048726,176.7432098388672,173.2018149693641,176.7432098388672,53423100,0.0,0.0
2024-03-21 00:00:00-04:00,175.14068113790177,175.57593855649498,168.99764365136926,169.5219268798828,106181300,0.0,0.0
2024-03-22 00:00:00-04:00,169.90770741812418,171.18380430580046,168.22604350725265,170.42210388183594,71160100,0.0,0.0
2024-03-25 00:00:00-04:00,168.73057383883838,170.085794876263,167.6226416976105,169.00755310058594,54288300,0.0,0.0
2024-03-26 00:00:00-04:00,168.16671829054096,169.57140318495337,167.75124938607289,167.87985229492188,57388400,0.0,0.0
2024-03-27 00:00:00-04:00,168.5722893771007,171.72789059246503,168.27552158079686,171.44100952148438,60273300,0.0,0.0
2024-03-28 00:00:00-04:00,169.89782982249778,170.37264922530974,168.67119667981044,169.6307373046875,65672700,0.0,0.0
2024-04-01 00:00:00-04:00,169.3438900607447,169.40324060587884,167.6523240532299,168.19639587402344,46240500,0.0,0.0
2024-04-02 00:00:00-04:00,167.25662806803024,167.51381877100314,166.41578850586058,167.0192108154297,49329500,0.0,0.0
2024-04-03 00:00:00-04:00,166.969723660667,168.83934086761522,166.76199680113655,167.82044982910156,47691700,0.0,0.0
2024-04-04 00:00:00-04:00,168.45355351894443,170.06598011820813,166.99942016601562,166.99942016601562,53704400,0.0,0.0
2024-04-05 00:00:00-04:00,167.76110742740823,168.55248310289795,167.12800990586356,167.751220703125,42104800,0.0,0.0
2024-04-08 00:00:00-04:00,167.2071852220754,167.37535013675048,166.4257111957336,166.63343811035156,37425500,0.0,0.0
2024-04-09 00:00:00-04:00,166.8807454739117,168.24586846008486,166.53452891117558,167.8402862548828,42373800,0.0,0.0
2024-04-10 00:00:00-04:00,166.97966188332379,167.26652787853376,165.30788444762385,165.9706573486328,49709300,0.0,0.0
2024-04-11 00:00:00-04:00,166.5246002673459,173.5678277091418,166.34654865134516,173.15234375,91070300,0.0,0.0
2024-04-12 00:00:00-04:00,172.38077455594663,176.43656618963917,172.33132583138607,174.64608764648438,101670900,0.0,0.0
2024-04-15 00:00:00-04:00,173.46888692512982,174.72519524382946,170.6397290741028,170.8276824951172,73531800,0.0,0.0
2024-04-16 00:00:00-04:00,169.89781183493915,171.88613013777277,166.45534511410173,167.55337524414062,73711200,0.0,0.0
2024-04-17 00:00:00-04:00,167.780901063059,168.80967890645843,166.18826293945312,166.18826293945312,50901200,0.0,0.0
2024-04-18 00:00:00-04:00,166.21794611620325,166.8213684176903,164.75391081370103,165.23861694335938,43122900,0.0,0.0
2024-04-19 00:00:00-04:00,164.41758473594675,164.60552308162337,162.31054999578998,163.2206268310547,68149400,0.0,0.0
2024-04-22 00:00:00-04:00,163.73501821268977,165.45624419964858,162.99310629576294,164.0515594482422,48116400,0.0,0.0
2024-04-23 00:00:00-04:00,163.56687071664174,165.24853488832454,163.14149999003314,165.1001434326172,49537800,0.0,0.0
2024-04-24 00:00:00-04:00,164.74402954196006,167.47427542099652,164.4176015378687,167.19729614257812,48251800,0.0,0.0
2024-04-25 00:00:00-04:00,167.70175828470067,168.77011319134087,166.33663561051003,168.05787658691406,50558300,0.0,0.0
2024-04-26 00:00:00-04:00,168.04799015720317,169.49223681731962,167.35552700029277,167.4742431640625,44838400,0.0,0.0
2024-04-29 00:00:00-04:00,171.50034913417457,174.1316669492416,171.2332717193323,171.6289520263672,68169400,0.0,0.0
2024-04-30 00:00:00-04:00,171.46079655206535,173.10289859543835,168.1667057400835,168.49314880371094,65934800,0.0,0.0
2024-05-01 00:00:00-04:00,167.75122238913238,170.84747276952126,167.28628974114312,167.4742431640625,50383100,0.0,0.0
2024-05-02 00:00:00-04:00,170.64963546996492,171.54982559320527,169.04711048582428,171.16403198242188,94214900,0.0,0.0
2024-05-03 00:00:00-04:00,184.63716076188317,184.98339240032777,180.69019857365393,181.40243530273438,163224100,0.0,0.0
2024-05-06 00:00:00-04:00,180.38352481626606,182.21356516877455,178.47433028646978,179.75042724609375,78569700,0.0,0.0
2024-05-07 00:00:00-04:00,181.47164781905605,182.9060078076493,179.36462828599997,180.43296813964844,77305800,0.0,0.0
2024-05-08 00:00:00-04:00,180.87813197889614,181.09576068278213,179.4932206728727,180.76931762695312,45057100,0.0,0.0
2024-05-09 00:00:00-04:00,180.59127127419717,182.6686309202814,180.1461270912472,182.57960510253906,48983000,0.0,0.0
2024-05-10 00:00:00-04:00,183.15411695720846,183.34232534295325,180.41028294678514,181.32159423828125,50759500,0.25,0.0
2024-05-13 00:00:00-04:00,183.68900761377958,185.3333368917867,182.87674310968822,184.5210723876953,72044800,0.0,0.0
2024-05-14 00:00:00-04:00,185.7394637127145,186.52201273815805,184.53098214319476,185.66021728515625,52393600,0.0,0.0
2024-05-15 00:00:00-04:00,186.13568203158255,188.849800179078,185.6007724639543,187.9285888671875,70400000,0.0,0.0
2024-05-16 00:00:00-04:00,188.6715262803227,189.29558246787192,187.86917696187996,188.04747009277344,52845200,0.0,0.0
2024-05-17 00:00:00-04:00,187.72057759120682,189.00830557822601,187.39369174809892,188.07717895507812,41282900,0.0,0.0
2024-05-20 00:00:00-04:00,187.54226949481966,190.10781001398533,187.22528381236822,189.23611450195312,44361300,0.0,0.0
2024-05-21 00:00:00-04:00,189.28565540299905,190.91016932460286,189.11726241831752,190.5337677001953,42309400,0.0,0.0
2024-05-22 00:00:00-04:00,190.45453220558076,190.99934196064652,188.47341681604038,189.0974578857422,34648500,0.0,0.0
2024-05-23 00:00:00-04:00,189.1766947549615,189.19651013997458,184.86777806929078,185.11541748046875,51005900,0.0,0.0
2024-05-24 00:00:00-04:00,187.03710655742805,188.78048261582597,186.26445766907554,188.18614196777344,36327000,0.0,0.0
2024-05-28 00:00:00-04:00,189.70169698060212,191.17763337385156,187.31446444482384,188.19606018066406,52280100,0.0,0.0
2024-05-29 00:00:00-04:00,187.81963788738682,190.43470949642946,187.72057607583483,188.4932098388672,53068000,0.0,0.0
2024-05-30 00:00:00-04:00,188.95875509095092,190.365345015264,188.82999288588945,189.48374938964844,49889100,0.0,0.0
2024-05-31 00:00:00-04:00,189.63235836586054,190.7516933437122,188.11680637508078,190.43470764160156,75158300,0.0,0.0
2024-06-03 00:00:00-04:00,191.07855630297723,193.14883318833753,190.7021546904014,192.19789123535156,50080500,0.0,0.0
2024-06-04 00:00:00-04:00,192.80214765697744,193.47573474401025,191.20734917579057,192.514892578125,47471400,0.0,0.0
2024-06-05 00:00:00-04:00,193.5549597642067,195.04079624688396,193.02996541617088,194.02052307128906,54156800,0.0,0.0
2024-06-06 00:00:00-04:00,193.84224299284628,194.64459232913165,192.33659102362645,192.64366149902344,41181800,0.0,0.0
2024-06-07 00:00:00-04:00,192.81202934049514,195.08041469163098,192.30685040959915,195.0308837890625,53103900,0.0,0.0
2024-06-10 00:00:00-04:00,195.04081589339742,195.43704806418344,190.33566655763516,191.2965087890625,97010200,0.0,0.0
2024-06-11 00:00:00-04:00,191.82148694435384,205.2039307530545,191.80168667352532,205.1940155029297,172373300,0.0,0.0
2024-06-12 00:00:00-04:00,205.41193016487838,218.1207863262847,204.94636687125956,211.05812072753906,198134300,0.0,0.0
2024-06-13 00:00:00-04:00,212.71235034689784,214.70336573665497,209.60200000148347,212.21707153320312,97862700,0.0,0.0
2024-06-14 00:00:00-04:00,211.8307404302917,213.13826855094433,209.30481562722255,210.48358154296875,70122700,0.0,0.0
2024-06-17 00:00:00-04:00,211.35527186274084,216.88258512602053,210.71141546378874,214.62411499023438,93728300,0.0,0.0
2024-06-18 00:00:00-04:00,215.5354139875743,216.56560230529576,210.9887584540523,212.26657104492188,79943300,0.0,0.0
2024-06-20 00:00:00-04:00,211.90998899500866,212.2170745602359,206.87796947703916,207.7001190185547,86172500,0.0,0.0
2024-06-21 00:00:00-04:00,208.40341856791886,209.88925500861833,205.1543907600995,205.5308074951172,241805100,0.0,0.0
2024-06-24 00:00:00-04:00,205.75863496180304,210.69160779538842,204.63929998769706,206.17466735839844,80727000,0.0,0.0
2024-06-25 00:00:00-04:00,207.1751175381149,209.38407188516823,206.64022308060072,207.09588623046875,55549700,0.0,0.0
2024-06-26 00:00:00-04:00,209.5029437835443,212.83121810497767,208.6510635966682,211.23641967773438,66213200,0.0,0.0
2024-06-27 00:00:00-04:00,212.66282504623206,213.70291360533915,210.34492376459474,212.07839965820312,49772700,0.0,0.0
2024-06-28 00:00:00-04:00,213.73263728250333,214.02980761283354,208.3142855019514,208.63125610351562,82542700,0.0,0.0
2024-07-01 00:00:00-04:00,210.0873668962765,215.4561875080808,209.91897391071575,214.703369140625,60402900,0.0,0.0
2024-07-02 00:00:00-04:00,214.1090169642201,218.29908645117231,213.0689435868198,218.19012451171875,58046200,0.0,0.0
2024-07-03 00:00:00-04:00,217.92267103394255,219.45803833007812,216.96182895702523,219.45803833007812,37369800,0.0,0.0
2024-07-05 00:00:00-04:00,219.55708698216947,224.3117665065084,219.55708698216947,224.2028045654297,60412400,0.0,0.0
2024-07-08 00:00:00-04:00,224.94572057418634,225.69855401964364,221.14198303770854,225.66883850097656,59085900,0.0,0.0
2024-07-09 00:00:00-04:00,225.7778183894468,227.23393947620644,224.23255073363126,226.52073669433594,48076100,0.0,0.0
2024-07-10 00:00:00-04:00,227.13489091066097,230.87919792745691,227.08536000113173,230.78013610839844,62627700,0.0,0.0
2024-07-11 00:00:00-04:00,229.20511032654306,230.19566787410835,223.63818174593294,225.4211883544922,64710600,0.0,0.0
2024-07-12 00:00:00-04:00,226.75846058686048,230.44333633793113,226.52072130415218,228.3631591796875,53046500,0.0,0.0
2024-07-15 00:00:00-04:00,234.24706826366577,234.9899864993383,230.88907844301437,232.18670654296875,62631300,0.0,0.0
2024-07-16 00:00:00-04:00,232.781045805997,234.03905824310993,230.1362587163494,232.60275268554688,43234300,0.0,0.0
2024-07-17 00:00:00-04:00,227.28348215160557,229.2745129851908,224.50001717688707,226.7188720703125,57345900,0.0,0.0
2024-07-18 00:00:00-04:00,228.10560948409145,228.26410233218343,220.17124832102243,222.06320190429688,66034600,0.0,0.0
2024-07-19 00:00:00-04:00,222.6971801635164,224.65848009632384,221.1717129043359,222.19198608398438,49151500,0.0,0.0
2024-07-22 00:00:00-04:00,224.86646431913928,225.6291978658938,220.98348053112068,221.84527587890625,48201800,0.0,0.0
2024-07-23 00:00:00-04:00,222.25141967209163,224.7971601400939,220.57737479075328,222.8853759765625,39960300,0.0,0.0
2024-07-24 00:00:00-04:00,221.88492258576645,222.67737176080064,215.07979609138368,216.47647094726562,61777600,0.0,0.0
2024-07-25 00:00:00-04:00,216.86276105080302,218.7646448818125,212.59346035218633,215.43637084960938,51391200,0.0,0.0
2024-07-26 00:00:00-04:00,216.6349499920164,217.41749898154802,213.9703475571551,215.90194702148438,41601300,0.0,0.0
2024-07-29 00:00:00-04:00,214.91137828370984,217.22927938341869,213.7127969665886,216.17929077148438,36311800,0.0,0.0
2024-07-30 00:00:00-04:00,217.1203409396055,218.24957609355639,214.07932159795172,216.73402404785156,41643800,0.0,0.0
2024-07-31 00:00:00-04:00,219.34910640080292,221.70663863761098,218.54675705693774,219.98306274414062,50036300,0.0,0.0
2024-08-01 00:00:00-04:00,222.25138675562792,222.36034868782315,214.9707980252656,216.2981414794922,62501000,0.0,0.0
2024-08-02 00:00:00-04:00,217.08069402896655,223.46980270062375,215.65430376795194,217.78399658203125,105568600,0.0,0.0
2024-08-05 00:00:00-04:00,197.21012147966275,211.4840610296135,194.14930192882554,207.29400634765625,119548600,0.0,0.0
2024-08-06 00:00:00-04:00,203.36148541473497,208.00720313955475,199.17143085232243,205.27325439453125,69660500,0.0,0.0
2024-08-07 00:00:00-04:00,204.94639470682978,211.62275945732517,204.4412156900116,207.83883666992188,63516400,0.0,0.0
2024-08-08 00:00:00-04:00,211.097744151489,212.17744837655164,206.8581585633277,211.2958526611328,47161100,0.0,0.0
2024-08-09 00:00:00-04:00,210.09728825409005,214.7330909034816,209.96851092003678,214.1981964111328,42201600,0.0,0.0
2024-08-12 00:00:00-04:00,214.27753840147545,217.68898821235913,213.81143620679725,215.7254180908203,38028100,0.25,0.0
2024-08-13 00:00:00-04:00,217.19314118814535,220.04925425523973,217.19314118814535,219.4344024658203,44155300,0.0,0.0
2024-08-14 00:00:00-04:00,218.74022238953546,221.1798064675701,217.87742936780526,219.88067626953125,41960600,0.0,0.0
2024-08-15 00:00:00-04:00,222.73678951211636,223.4805677293667,220.91204211865187,222.8557891845703,46414000,0.0,0.0
2024-08-16 00:00:00-04:00,222.0624088054674,224.94827173921567,221.7946444270254,224.17474365234375,44340200,0.0,0.0
2024-08-19 00:00:00-04:00,223.84747960195193,224.115243980586,221.18970440160442,224.0160675048828,40687800,0.0,0.0
2024-08-20 00:00:00-04:00,223.8970537532744,225.28543353253482,223.57970115675508,224.6309051513672,30299000,0.0,0.0
2024-08-21 00:00:00-04:00,224.64083485973637,226.08871448701353,223.1830285060583,224.52182006835938,34765500,0.0,0.0
2024-08-22 00:00:00-04:00,225.90029338876204,226.4457337259973,222.04256465043304,222.66734313964844,43695300,0.0,0.0
2024-08-23 00:00:00-04:00,223.78795679469894,226.32671693712516,222.46898849072514,224.95816040039062,38677300,0.0,0.0
2024-08-26 00:00:00-04:00,224.8788199493514,225.39451032680955,222.0326339780686,225.2953338623047,30602200,0.0,0.0
2024-08-27 00:00:00-04:00,224.12511711921985,226.95147973754254,223.0243250094966,226.13827514648438,35934600,0.0,0.0
2024-08-28 00:00:00-04:00,226.02921369079436,227.95312221094204,223.80779089178384,224.611083984375,38052200,0.0,0.0
2024-08-29 00:00:00-04:00,228.19113851748892,230.98773644426686,226.98125820388418,227.88369750976562,51906300,0.0,0.0
2024-08-30 00:00:00-04:00,228.28038060324323,228.4886300006117,225.59285569982603,227.10025024414062,52990800,0.0,0.0
2024-09-03 00:00:00-04:00,226.65398476754012,227.10024860517055,219.33520335446548,220.92193603515625,50190600,0.0,0.0
2024-09-04 00:00:00-04:00,219.82116129878526,219.94016096302124,215.67582978550038,219.01788330078125,43840200,0.0,0.0
2024-09-05 00:00:00-04:00,219.79139340374425,223.60944526365165,219.6823053430495,220.53517150878906,36615400,0.0,0.0
2024-09-06 00:00:00-04:00,222.09216799264019,223.3714749735505,217.94685141211724,218.98814392089844,48423000,0.0,0.0
2024-09-09 00:00:00-04:00,218.98812757352732,219.4343914347755,214.91222272734436,219.07737731933594,67180000,0.0,0.0
2024-09-10 00:00:00-04:00,217.1038662465979,219.6426263973432,214.93203178151688,218.28399658203125,51591000,0.0,0.0
2024-09-11 00:00:00-04:00,219.62279381512946,221.23926118740866,216.08240296027674,220.81283569335938,44587100,0.0,0.0
2024-09-12 00:00:00-04:00,220.65417167969628,221.69546405563682,217.99641184157417,220.92193603515625,37455600,0.0,0.0
2024-09-13 00:00:00-04:00,221.72523244234597,222.18140791181287,220.06908820245332,220.65419006347656,36766600,0.0,0.0
2024-09-16 00:00:00-04:00,214.7436126542421,215.41797935337752,212.14535259122513,214.52545166015625,59357400,0.0,0.0
2024-09-17 00:00:00-04:00,213.96018092212807,215.1006346980314,212.72055067344832,214.99154663085938,45519300,0.0,0.0
2024-09-18 00:00:00-04:00,215.7452565018275,220.86245391858552,215.7353297749969,218.8592071533203,59894900,0.0,0.0
2024-09-19 00:00:00-04:00,223.12351184232415,227.9134444812765,222.76649775953877,226.9713134765625,66781300,0.0,0.0
2024-09-20 00:00:00-04:00,228.0622053540531,231.1563174701668,225.73169454082358,226.306884765625,318679900,0.0,0.0
2024-09-23 00:00:00-04:00,225.4540253555904,227.54652178723228,223.9367191660146,224.59124755859375,54146000,0.0,0.0
2024-09-24 00:00:00-04:00,226.75316007712865,227.44736512534206,223.85738561877668,225.48377990722656,43556100,0.0,0.0
2024-09-25 00:00:00-04:00,223.06400902085235,225.40443143928672,222.16156973744518,224.4920654296875,42308700,0.0,0.0
2024-09-26 00:00:00-04:00,225.4143769570366,226.60441901953834,223.54005654723983,225.63255310058594,36636700,0.0,0.0
2024-09-27 00:00:00-04:00,226.5647695239617,227.61597365379234,225.41438891191032,225.9003143310547,34026000,0.0,0.0
2024-09-30 00:00:00-04:00,228.13162655878588,231.06707763671875,227.74486252768645,231.06707763671875,54541900,0.0,0.0
2024-10-01 00:00:00-04:00,227.615942887257,227.74485413807125,221.88389405688537,224.33340454101562,63285000,0.0,0.0
2024-10-02 00:00:00-04:00,224.01608068964856,225.4837987967651,221.16989422947793,224.89869689941406,32880600,0.0,0.0
2024-10-03 00:00:00-04:00,223.2722952944607,224.92843958391967,221.46740141968138,223.7978973388672,34044200,0.0,0.0
2024-10-04 00:00:00-04:00,226.00938361911108,226.10856009308668,222.27066963907552,224.91851806640625,37245100,0.0,0.0
2024-10-07 00:00:00-04:00,222.63757729885364,223.81770763530983,219.49387702101052,219.85089111328125,39505400,0.0,0.0
2024-10-08 00:00:00-04:00,222.43925780658088,224.10531361949606,221.3979653574062,223.89706420898438,31855700,0.0,0.0
2024-10-09 00:00:00-04:00,223.36153007501719,227.84403724277382,222.96485445261254,227.63577270507812,33591100,0.0,0.0
2024-10-10 00:00:00-04:00,225.89039642732237,227.59612897487835,225.28545621996582,227.1399383544922,28183500,0.0,0.0
2024-10-11 00:00:00-04:00,227.39779019694814,227.5068782710055,225.45404318616428,225.6623077392578,31759200,0.0,0.0
2024-10-14 00:00:00-04:00,226.80274288926017,229.8076053434174,226.70358155060512,229.3811798095703,39882100,0.0,0.0
2024-10-15 00:00:00-04:00,231.67201972311165,235.51983687729248,230.44230106244424,231.9100341796875,64751400,0.0,0.0
2024-10-16 00:00:00-04:00,229.67867825777722,230.1943535005289,227.93326933706737,229.857177734375,34082200,0.0,0.0
2024-10-17 00:00:00-04:00,231.49351658619665,231.91004568892726,228.6076687095473,230.22413635253906,32993800,0.0,0.0
2024-10-18 00:00:00-04:00,234.22066437649204,234.22066437649204,232.0686683201459,233.0504608154297,46431500,0.0,0.0
2024-10-21 00:00:00-04:00,232.5050454306036,234.88514457730523,232.5050454306036,234.51820373535156,36254500,0.0,0.0
2024-10-22 00:00:00-04:00,231.9496772340994,234.26034966164363,230.67038557078126,233.90333557128906,38846600,0.0,0.0
2024-10-23 00:00:00-04:00,232.1381071008503,233.18931106897517,225.87052966736016,228.84564208984375,52287000,0.0,0.0
2024-10-24 00:00:00-04:00,228.07212485007065,228.90516786821388,226.51515714412935,228.65724182128906,31109500,0.0,0.0
2024-10-25 00:00:00-04:00,227.83413589840254,231.28526239164006,227.6655479946858,229.4902801513672,38802300,0.0,0.0
2024-10-28 00:00:00-04:00,231.38443735420992,232.78272881287972,230.62082086290692,231.46376037597656,36087100,0.0,0.0
2024-10-29 00:00:00-04:00,231.1662428522856,232.38603471678388,230.39271482775456,231.73150634765625,35417200,0.0,0.0
2024-10-30 00:00:00-04:00,230.68031899274527,231.53318522639518,227.64570650368097,228.19114685058594,47070900,0.0,0.0
2024-10-31 00:00:00-04:00,227.43742665071557,227.92336713292326,223.5003599556127,224.035888671875,64370100,0.0,0.0
2024-11-01 00:00:00-04:00,219.13685215826953,223.48052087870693,218.44266232747447,221.06076049804688,65276700,0.0,0.0
2024-11-04 00:00:00-05:00,219.15671602208408,220.94177147156717,217.88733586004025,220.16824340820312,44944500,0.0,0.0
2024-11-05 00:00:00-05:00,219.9599923572388,222.09215031274817,219.3054639601429,221.59629821777344,28111300,0.0,0.0
2024-11-06 00:00:00-05:00,220.76324165989845,224.19454436967803,219.355023708917,220.87232971191406,54561100,0.0,0.0
2024-11-07 00:00:00-05:00,222.7665171269793,225.9895557457087,222.7070172967094,225.59286499023438,42137700,0.0,0.0
2024-11-08 00:00:00-05:00,225.53329235935942,227.01256271730918,224.77877343219782,225.32481384277344,38328800,0.25,0.0
2024-11-11 00:00:00-05:00,223.3789126974454,224.07386628495595,219.9041296110407,222.6144561767578,42005600,0.0,0.0
2024-11-12 00:00:00-05:00,222.93215790182094,223.964658210572,221.750729228627,222.6144561767578,40398300,0.0,0.0
2024-11-13 00:00:00-05:00,222.39607398240116,225.0170530189228,221.15507983350162,223.49807739257812,48566200,0.0,0.0
2024-11-14 00:00:00-05:00,223.398802697962,227.22105551450989,223.3789425502784,226.57574462890625,44923900,0.0,0.0
2024-11-15 00:00:00-05:00,224.76884409236825,225.28510187679902,222.65420045885568,223.37893676757812,47923700,0.0,0.0
2024-11-18 00:00:00-05:00,223.62713486361545,228.08479108540536,223.54770942404784,226.37718200683594,44633700,0.0,0.0
2024-11-19 00:00:00-05:00,225.34466282087314,228.50175961033486,225.02697621656037,226.6352996826172,36211800,0.0,0.0
2024-11-20 00:00:00-05:00,226.4168829534927,228.27340522879027,224.26251907255318,227.35011291503906,35169600,0.0,0.0
2024-11-21 00:00:00-05:00,227.2309725554499,228.50174921258224,224.08381355701644,226.87356567382812,42108300,0.0,0.0
2024-11-22 00:00:00-05:00,226.41689485035167,229.05773399756174,226.41689485035167,228.21385192871094,38168300,0.0,0.0
2024-11-25 00:00:00-05:00,229.79237007092468,231.569466708358,228.08476121597957,231.19219970703125,90152800,0.0,0.0
2024-11-26 00:00:00-05:00,231.64893863936055,233.87280565588551,231.64893863936055,233.36647033691406,45986200,0.0,0.0
2024-11-27 00:00:00-05:00,232.78068842055708,233.99189975911068,232.12543996222107,233.23736572265625,33498400,0.0,0.0
2024-11-29 00:00:00-05:00,233.1182385238603,236.0966241243161,232.28429419145726,235.62008666992188,28481400,0.0,0.0
2024-12-02 00:00:00-05:00,235.5605381566453,239.0551666028684,235.45133007089746,237.8638153076172,48137100,0.0,0.0
2024-12-03 00:00:00-05:00,238.08224409194108,241.01098726633802,237.1787967118795,240.9017791748047,38861000,0.0,0.0
2024-12-04 00:00:00-05:00,241.12019505186365,242.35126670496282,239.5118714775545,241.25918579101562,44383900,0.0,0.0
2024-12-05 00:00:00-05:00,242.23213863223197,242.77816394602775,240.38553870781277,241.28897094726562,40033900,0.0,0.0
2024-12-06 00:00:00-05:00,241.15989600483465,242.86750503393802,240.33587413565135,241.09039306640625,36870600,0.0,0.0
2024-12-09 00:00:00-05:00,240.08767817050534,245.45870413211114,240.0082527322972,244.97222900390625,44649200,0.0,0.0
2024-12-10 00:00:00-05:00,245.11119868483894,246.42169557945553,243.57236314301568,245.98486328125,36914800,0.0,0.0
2024-12-11 00:00:00-05:00,246.17352158557497,248.9930565140259,244.48575750906295,244.714111328125,45205800,0.0,0.0
2024-12-12 00:00:00-05:00,245.11120954102955,246.9478867446912,243.90992066775823,246.1735076904297,32777500,0.0,0.0
2024-12-13 00:00:00-05:00,246.03455153835694,247.4939467696469,244.46593306347833,246.34231567382812,33155300,0.0,0.0
2024-12-16 00:00:00-05:00,246.20327957624434,249.56885459541954,245.86571770543418,249.23129272460938,51694800,0.0,0.0
2024-12-17 00:00:00-05:00,248.27824960945253,252.00123197197036,247.98040799068028,251.65374755859375,51356400,0.0,0.0
2024-12-18 00:00:00-05:00,250.34326772719038,252.4479889260113,245.95511429725673,246.26287841796875,56774100,0.0,0.0
2024-12-19 00:00:00-05:00,245.71681628677703,250.18439476471843,245.30976661195103,247.9903106689453,60882300,0.0,0.0
2024-12-20 00:00:00-05:00,246.2529371403228,253.16279902630112,243.919877297432,252.65647888183594,147495300,0.0,0.0
2024-12-23 00:00:00-05:00,252.93444954402884,253.80809906094288,251.62395254537785,253.43084716796875,40858800,0.0,0.0
2024-12-24 00:00:00-05:00,253.64930053302467,256.34969006633503,253.4507293352449,256.33978271484375,23234700,0.0,0.0
2024-12-26 00:00:00-05:00,256.32980188696064,258.2260444048055,255.77383898408218,257.15380859375,27237100,0.0,0.0
2024-12-27 00:00:00-05:00,255.97238682838486,256.836144148833,251.2367643772991,253.74853515625,42355300,0.0,0.0
2024-12-30 00:00:00-05:00,250.41273247360002,251.67358663649517,248.94339979921563,250.38294982910156,35557500,0.0,0.0
2024-12-31 00:00:00-05:00,250.6212497119267,251.4551941340452,247.63292614272083,248.6157989501953,39480700,0.0,0.0
2025-01-02 00:00:00-05:00,247.13651085819407,247.30529937932678,240.07775127221439,242.09312438964844,55740700,0.0,0.0
2025-01-03 00:00:00-05:00,241.6066436767578,242.42072787413275,240.14723350152744,241.6066436767578,40244100,0.0,0.0
2025-01-06 00:00:00-05:00,242.5498168429892,245.54806288478193,241.4478134561986,243.23484802246094,45045600,0.0,0.0
2025-01-07 00:00:00-05:00,241.22939201717418,243.78088314896328,239.61114601786818,240.46495056152344,40856000,0.0,0.0
2025-01-08 00:00:00-05:00,240.17703689438372,241.9541489627904,238.32051453305579,240.951416015625,37628900,0.0,0.0
2025-01-10 00:00:00-05:00,238.28079154222544,238.4297199246896,231.32130202918376,235.14356994628906,61710900,0.0,0.0
2025-01-13 00:00:00-05:00,231.84748509521594,232.9792711307645,228.06493742769467,232.71121215820312,49630700,0.0,0.0
2025-01-14 00:00:00-05:00,233.05868390458076,234.41880854341963,230.7951119565212,231.59927368164062,39435300,0.0,0.0
2025-01-15 00:00:00-05:00,232.94947976770305,237.2383625727966,232.74098609709984,236.1562042236328,39832000,0.0,0.0
2025-01-16 00:00:00-05:00,235.63995285298606,236.29518618874627,226.38709407905125,226.6154327392578,71759100,0.0,0.0
2025-01-17 00:00:00-05:00,230.44762501944012,230.61639839146835,226.83385097126646,228.3230438232422,68488300,0.0,0.0
2025-01-21 00:00:00-05:00,222.38613659782595,222.8031087860845,217.79942737812888,221.0359344482422,98070400,0.0,0.0
2025-01-22 00:00:00-05:00,218.2064601780486,222.5052654056773,218.2064601780486,222.2173614501953,64126500,0.0,0.0
2025-01-23 00:00:00-05:00,223.1208199792776,225.394314538592,220.69839703644928,222.04859924316406,60234800,0.0,0.0
2025-01-24 00:00:00-05:00,223.16053267311034,224.00441476166836,219.8148172645265,221.17494201660156,54697900,0.0,0.0
2025-01-27 00:00:00-05:00,222.4059977899183,230.47741293083342,222.36627749626697,228.20391845703125,94863400,0.0,0.0
2025-01-28 00:00:00-05:00,229.18679454547646,238.4594987479956,229.147074251248,236.54339599609375,75707600,0.0,0.0
2025-01-29 00:00:00-05:00,232.43321505583046,238.1318651456976,232.3240069742682,237.63546752929688,45486100,0.0,0.0
2025-01-30 00:00:00-05:00,236.95044029141235,239.05516137192973,235.50096771104396,235.8782196044922,55658300,0.0,0.0
2025-01-31 00:00:00-05:00,245.40906406001392,245.40906406001392,231.75812916176676,234.2996826171875,100959800,0.0,0.0
2025-02-03 00:00:00-05:00,228.33299411580026,230.15973381299622,224.0738938399255,226.36724853515625,73063300,0.0,0.0
2025-02-04 00:00:00-05:00,225.61273982041166,231.45038123633566,225.01705656002386,231.1227569580078,45067300,0.0,0.0
2025-02-05 00:00:00-05:00,226.88350440739822,230.99367626573292,226.625383087866,230.7951202392578,39620300,0.0,0.0
2025-02-06 00:00:00-05:00,229.6235855767699,232.11551112022605,228.76978113438386,231.53968811035156,29925300,0.0,0.0
2025-02-07 00:00:00-05:00,230.92419948813392,232.31410688860944,225.622660920367,225.99000549316406,39707200,0.0,0.0
2025-02-10 00:00:00-05:00,228.16660736242451,229.1803610121675,225.81108525741098,226.25833129882812,33115600,0.25,0.0
2025-02-11 00:00:00-05:00,226.80497424991785,233.79199753404617,226.7354100570617,231.1979522705078,53718400,0.0,0.0
2025-02-12 00:00:00-05:00,229.78663009476247,235.51142789245534,229.26980470124647,235.42196655273438,45243300,0.0,0.0
2025-02-13 00:00:00-05:00,235.4617298072221,240.85852795215618,234.1299251101732,240.05348205566406,53614100,0.0,0.0
2025-02-14 00:00:00-05:00,239.77517912233392,244.04889519264196,239.51677402617887,243.10470581054688,40896200,0.0,0.0
2025-02-18 00:00:00-05:00,242.65747382373942,243.6811760890431,240.3615975750387,242.97552490234375,48822500,0.0,0.0
2025-02-19 00:00:00-05:00,243.16435439309654,244.50609250836237,241.6735241546838,243.37306213378906,32204200,0.0,0.0
2025-02-20 00:00:00-05:00,243.4426355672204,245.27138364211797,242.7966000469895,244.3271942138672,32316900,0.0,0.0
2025-02-21 00:00:00-05:00,244.44645306890683,247.1697083342209,243.72091995824803,244.0489044189453,53197400,0.0,0.0
2025-02-24 00:00:00-05:00,243.43269920852308,247.33868242018207,242.92582237394555,245.58944702148438,51326400,0.0,0.0
2025-02-25 00:00:00-05:00,246.48392314447185,248.4716967182176,243.41281661275679,245.52978515625,48013300,0.0,0.0
2025-02-26 00:00:00-05:00,242.83637220684057,243.48239258336395,237.66816369812489,238.89064025878906,44433600,0.0,0.0
2025-02-27 00:00:00-05:00,237.94645181292123,240.9778097055873,235.61081167459415,235.84934997558594,41153600,0.0,0.0
2025-02-28 00:00:00-05:00,235.5014815283524,240.61005923211764,228.7927454203557,240.36158752441406,56833400,0.0,0.0
2025-03-03 00:00:00-05:00,240.31189930334125,242.53821134874983,234.66662916873,236.57489013671875,47184000,0.0,0.0
2025-03-04 00:00:00-05:00,236.25684921580154,238.60242278275774,233.24535811530478,234.4877166748047,53798100,0.0,0.0
2025-03-05 00:00:00-05:00,233.9808533299346,235.10395038542654,227.82869096216822,234.2989044189453,47227600,0.0,0.0
2025-03-06 00:00:00-05:00,233.00682927336524,236.4059203890797,231.73465535282332,233.89138793945312,45170400,0.0,0.0
2025-03-07 00:00:00-05:00,233.67273718007357,239.89446338205195,233.32487071745646,237.60853576660156,46273600,0.0,0.0
2025-03-10 00:00:00-04:00,234.10009611136832,234.71631625547707,222.84930513729455,226.08937072753906,72071200,0.0,0.0
2025-03-11 00:00:00-04:00,222.4418047589131,224.4593937721428,216.1206840338927,219.48995971679688,76137400,0.0,0.0
2025-03-12 00:00:00-04:00,218.7942660196618,220.39442456790263,213.5962416730392,215.65357971191406,62547500,0.0,0.0
2025-03-13 00:00:00-04:00,214.6298526174969,215.5144112677834,207.14588618522245,208.39817810058594,61368300,0.0,0.0
2025-03-14 00:00:00-04:00,209.9585940343847,212.64208545758027,208.2988048386841,212.18490600585938,60107600,0.0,0.0
2025-03-17 00:00:00-04:00,212.00598815128762,213.904315554563,208.6864099217596,212.6917724609375,48073400,0.0,0.0
2025-03-18 00:00:00-04:00,212.85080057479257,213.83473880015984,210.19712464056028,211.38978576660156,42432400,0.0,0.0
2025-03-19 00:00:00-04:00,212.91044076829724,217.4226803637017,212.443312738742,213.92420959472656,54385400,0.0,0.0
2025-03-20 00:00:00-04:00,212.6818553101102,216.16045933121794,210.92267131595005,212.7911834716797,48862900,0.0,0.0
2025-03-21 00:00:00-04:00,210.26668206389348,217.50217651661012,209.98839498228966,216.9356689453125,94127800,0.0,0.0
2025-03-24 00:00:00-04:00,219.64896889973502,220.12603028720216,217.24376481580705,219.380615234375,44299500,0.0,0.0
2025-03-25 00:00:00-04:00,219.4203781558929,222.7300227946097,218.73459388406312,222.3821563720703,34493600,0.0,0.0
2025-03-26 00:00:00-04:00,222.1436424317859,223.64442126802376,219.12223310716143,220.17575073242188,34466100,0.0,0.0
2025-03-27 00:00:00-04:00,220.03661426059983,223.61461307047793,219.21168633594712,222.48158264160156,37094800,0.0,0.0
2025-03-28 00:00:00-04:00,220.31488968867507,222.44180687800483,216.34927581514728,216.56793212890625,39818600,0.0,0.0
2025-03-31 00:00:00-04:00,215.683368745432,224.24073468961828,214.90813825561798,220.77207946777344,65299300,0.0,0.0
2025-04-01 00:00:00-04:00,218.46627993939285,222.31261744007998,217.56183920876018,221.82562255859375,36412700,0.0,0.0
2025-04-02 00:00:00-04:00,219.9670353213626,223.8133724100327,219.66886624627372,222.5213165283203,35905900,0.0,0.0
2025-04-03 00:00:00-04:00,204.28348559152053,206.22157697816277,200.0197179050274,201.94786071777344,103419000,0.0,0.0
2025-04-04 00:00:00-04:00,192.70471987275084,198.65810753704542,186.19475800144227,187.22840881347656,125910900,0.0,0.0
2025-04-07 00:00:00-04:00,176.11674047268428,192.96311894309866,173.55251067175698,180.3507080078125,160466300,0.0,0.0
2025-04-08 00:00:00-04:00,185.55865310846366,189.17640027021665,168.17558356470508,171.36595153808594,120859500,0.0,0.0
2025-04-09 00:00:00-04:00,170.89883496621582,199.38363475051753,170.83920418374143,197.6343994140625,184395900,0.0,0.0
2025-04-10 00:00:00-04:00,187.9141823452429,193.58926741380884,181.88128226075605,189.25592041015625,121880000,0.0,0.0
2025-04-11 00:00:00-04:00,184.96233608452022,198.32016168749274,184.92257212057936,196.93865966796875,87435900,0.0,0.0
2025-04-14 00:00:00-04:00,210.14743595954587,211.63826622013798,199.9302804535287,201.28196716308594,101352900,0.0,0.0
2025-04-15 00:00:00-04:00,200.6259945192588,202.26590170954893,198.57859009217825,200.90428161621094,51343900,0.0,0.0
2025-04-16 00:00:00-04:00,197.1473753495745,199.4730666932086,191.19398828729797,193.08238220214844,59732400,0.0,0.0
2025-04-17 00:00:00-04:00,195.9944894564487,197.61452992177487,193.2314851467638,195.7758331298828,52164700,0.0,0.0
2025-04-21 00:00:00-04:00,192.08851517151226,192.6152739871965,188.64966000796989,191.97918701171875,46742500,0.0,0.0
2025-04-22 00:00:00-04:00,194.9211009149487,200.3576636647513,194.77202394084523,198.51898193359375,52976400,0.0,0.0
2025-04-23 00:00:00-04:00,204.74067860292737,206.7284521815966,201.56024391015845,203.3492431640625,52929200,0.0,0.0
2025-04-24 00:00:00-04:00,203.6374845300284,207.5534013078127,201.69940812530302,207.09620666503906,47311000,0.0,0.0
2025-04-25 00:00:00-04:00,205.10841141990002,208.46775361357263,204.9394524859384,208.00062561035156,38222300,0.0,0.0
2025-04-28 00:00:00-04:00,208.71624889674396,210.2070792460064,206.1917828448175,208.8553924560547,38743100,0.0,0.0
2025-04-29 00:00:00-04:00,207.41425458581946,210.94255602883885,207.096203506044,209.91885375976562,36827600,0.0,0.0
2025-04-30 00:00:00-04:00,208.0205233254963,212.2743578831654,205.4065960245207,211.20095825195312,52286500,0.0,0.0
2025-05-01 00:00:00-04:00,207.80185982414434,213.2483553954001,207.62295230903422,212.0159454345703,57365700,0.0,0.0
2025-05-02 00:00:00-04:00,204.83013207172814,205.72463931330321,200.92416412992952,204.09466552734375,101010600,0.0,0.0
2025-05-05 00:00:00-04:00,201.85843431656065,202.8523212109494,196.99832800962005,197.67416381835938,69018500,0.0,0.0
2025-05-06 00:00:00-04:00,196.9983091053983,199.42338015596502,195.81558138809015,197.2964630126953,51216500,0.0,0.0
2025-05-07 00:00:00-04:00,197.95242524507105,198.22077891807172,192.0686174137577,195.05027770996094,68536700,0.0,0.0
2025-05-08 00:00:00-04:00,196.51128929096475,198.82704723676696,193.4898650803139,196.28269958496094,50478900,0.0,0.0
2025-05-09 00:00:00-04:00,197.78348851905432,199.3140676367793,196.33240700583877,197.3163604736328,36453900,0.0,0.0
2025-05-12 00:00:00-04:00,209.95526516858178,210.2538252478288,205.75556156059073,209.776123046875,63775800,0.26,0.0
2025-05-13 00:00:00-04:00,209.4178625594749,212.3735786127325,207.99474788922345,211.9058380126953,51909300,0.0,0.0
2025-05-14 00:00:00-04:00,211.40824098508043,212.91098786371114,209.56714827780408,211.30873107910156,49325800,0.0,0.0
2025-05-15 00:00:00-04:00,209.9353730316401,211.93571508448807,208.53215118256114,210.43296813964844,45029500,0.0,0.0
2025-05-16 00:00:00-04:00,211.33859654598928,211.54759317457453,208.76105751069144,210.24388122558594,54737900,0.0,0.0
2025-05-19 00:00:00-04:00,206.90999202317107,208.47243269467637,203.2775387890809,207.7758026123047,46140500,0.0,0.0
2025-05-20 00:00:00-04:00,206.67113760639387,207.46729276724128,204.04383620537516,205.8650360107422,42496600,0.0,0.0
2025-05-21 00:00:00-04:00,204.1831685508297,206.04416933851562,199.74462882701684,201.11798095703125,59211800,0.0,0.0
2025-05-22 00:00:00-04:00,199.7446272097534,201.77480849030061,198.7394754118135,200.39149475097656,46742400,0.0,0.0
2025-05-23 00:00:00-04:00,192.73846975457602,196.74908474491085,192.52948833207407,194.33078002929688,78432900,0.0,0.0
2025-05-27 00:00:00-04:00,197.34620772495165,199.77447409530296,196.48038197740732,199.2470245361328,56288500,0.0,0.0
2025-05-28 00:00:00-04:00,199.6251894151235,201.75489573800118,198.9385057789635,199.4560089111328,45339700,0.0,0.0
2025-05-29 00:00:00-04:00,202.60081106845576,202.8297005493605,197.55518975609246,198.98826599121094,51396800,0.0,0.0
2025-05-30 00:00:00-04:00,198.4110493394953,200.98860329086406,195.83351057352263,199.88394165039062,70819900,0.0,0.0
2025-06-02 00:00:00-04:00,199.31669015009302,201.15779807678393,199.15745607510846,200.7298583984375,35423300,0.0,0.0
2025-06-03 00:00:00-04:00,200.38153417950807,202.78989241693247,199.99341064507593,202.29229736328125,46381600,0.0,0.0
2025-06-04 00:00:00-04:00,201.9340306292736,205.24801554678163,201.1279290627925,201.84446716308594,43604000,0.0,0.0
2025-06-05 00:00:00-04:00,202.52119947175674,203.76518718349973,199.18730633012683,199.66500854492188,55126100,0.0,0.0
2025-06-06 00:00:00-04:00,202.0236053289331,204.7106157617459,201.07817770068002,202.93917846679688,46607700,0.0,0.0
2025-06-09 00:00:00-04:00,203.40692547634254,205.0091823144686,199.05794913802782,200.48106384277344,72862600,0.0,0.0
2025-06-10 00:00:00-04:00,199.63513956616538,203.36710243054736,199.60528507808198,201.69517517089844,54672600,0.0,0.0
2025-06-11 00:00:00-04:00,202.5211970741936,203.51638723180633,197.45568281643992,197.8238983154297,60989900,0.0,0.0
2025-06-12 00:00:00-04:00,198.12246436103902,198.71956936233477,196.4107360236097,198.24188232421875,43904600,0.0,0.0
2025-06-13 00:00:00-04:00,198.769334334526,199.40625545491926,194.7587190445596,195.50511169433594,51447300,0.0,0.0
2025-06-16 00:00:00-04:00,196.35101387226533,197.73432753277095,195.61456771612566,197.4656219482422,43020700,0.0,0.0
2025-06-17 00:00:00-04:00,196.25149936947125,197.4357781067605,194.27108064091922,194.69900512695312,38856200,0.0,0.0
2025-06-18 00:00:00-04:00,194.9975546383106,196.6197193940347,194.13174409281177,195.6344757080078,45394700,0.0,0.0
2025-06-20 00:00:00-04:00,197.28651411005004,200.72986375748766,195.9131467510872,200.03323364257812,96813500,0.0,0.0
2025-06-23 00:00:00-04:00,200.6602023375907,201.3269779408771,198.00304635957568,200.53082275390625,55814300,0.0,0.0
2025-06-24 00:00:00-04:00,201.61555699715424,202.4614746491071,199.23705328583006,199.33657836914062,54064000,0.0,0.0
2025-06-25 00:00:00-04:00,200.4810436177515,202.6903668657116,199.65503400834336,200.59051513671875,39525700,0.0,0.0
2025-06-26 00:00:00-04:00,200.461158146952,201.66534499125092,198.5006473897771,200.03323364257812,50799100,0.0,0.0
2025-06-27 00:00:00-04:00,200.91894034324127,202.24254507531293,199.03803155248616,200.1128387451172,73188600,0.0,0.0
2025-06-30 00:00:00-04:00,201.03834688076608,206.39247448465787,198.30157410241034,204.1831512451172,91912800,0.0,0.0
2025-07-01 00:00:00-04:00,205.67592638082795,209.17899961843958,205.1484768676989,206.82040405273438,78788900,0.0,0.0
2025-07-02 00:00:00-04:00,207.9051626163094,212.31384736812728,207.1388620051612,211.41818237304688,67941800,0.0,0.0
2025-07-03 00:00:00-04:00,211.12959751601144,213.61757304735917,210.79123648824356,212.5228729248047,34955800,0.0,0.0
2025-07-07 00:00:00-04:00,211.65703516300363,215.18996325511674,207.79570768244494,208.94017028808594,50229000,0.0,0.0
2025-07-08 00:00:00-04:00,209.08947184941582,210.41306148236814,207.44739887083225,208.99989318847656,42848900,0.0,0.0
2025-07-09 00:00:00-04:00,208.52217876921287,210.3135239719546,206.22329208627588,210.1244354248047,48749400,0.0,0.0
2025-07-10 00:00:00-04:00,209.49746585002458,212.45318170934252,209.01977884626095,211.38833618164062,44443600,0.0,0.0
2025-07-11 00:00:00-04:00,209.55718962168862,211.1096837700706,208.85059795908091,210.14434814453125,39765800,0.0,0.0
2025-07-14 00:00:00-04:00,208.92025854176603,209.89555581124029,206.54175471753558,207.61656188964844,38840100,0.0,0.0
2025-07-15 00:00:00-04:00,208.2137043224775,210.8708604550018,207.915144211828,208.10423278808594,42296300,0.0,0.0
2025-07-16 00:00:00-04:00,209.28849593835915,211.37838618562168,207.63647661047767,209.149169921875,47490500,0.0,0.0
2025-07-17 00:00:00-04:00,209.5571995447156,210.78127919114968,208.58190225319882,209.0098419189453,48068100,0.0,0.0
2025-07-18 00:00:00-04:00,209.85575432940058,210.77132749863404,208.6913836081342,210.1642608642578,48974600,0.0,0.0
2025-07-21 00:00:00-04:00,211.07983063398711,214.74212298846783,210.61209006251647,211.45799255371094,51377400,0.0,0.0
2025-07-22 00:00:00-04:00,212.11484021935428,213.91613206526756,211.20921348603295,213.3687744140625,46404100,0.0,0.0
2025-07-23 00:00:00-04:00,213.96588230147148,214.11515474984876,211.38834345684663,213.11996459960938,46989300,0.0,0.0
2025-07-24 00:00:00-04:00,212.87116805528336,214.65256693634578,212.50295255730364,212.73184204101562,46022600,0.0,0.0
2025-07-25 00:00:00-04:00,213.6673206036272,214.2047317845148,212.37357038101962,212.8512725830078,40268800,0.0,0.0
2025-07-28 00:00:00-04:00,213.00055398053098,213.81661722083774,212.03521828670327,213.0204620361328,37858000,0.0,0.0
2025-07-29 00:00:00-04:00,213.14982178903043,213.7767964509494,209.80599741985404,210.2538299560547,51411700,0.0,0.0
2025-07-30 00:00:00-04:00,210.88077731884883,211.36842593737322,206.72088996610802,208.04449462890625,45512500,0.0,0.0
2025-07-31 00:00:00-04:00,207.48719786288635,208.83069544134486,206.16359315375274,206.57162475585938,80698400,0.0,0.0
2025-08-01 00:00:00-04:00,209.8557561748323,212.5527283441607,200.530828701964,201.40660095214844,104434500,0.0,0.0
2025-08-04 00:00:00-04:00,203.52634207300898,206.88014336875773,200.70995198839026,202.37193298339844,75109300,0.0,0.0
2025-08-05 00:00:00-04:00,202.42165671427045,204.35232790405936,201.18763073057525,201.9439697265625,44155100,0.0,0.0
2025-08-06 00:00:00-04:00,204.6409599471833,214.3440641251077,204.60114383647723,212.22430419921875,108483100,0.0,0.0
2025-08-07 00:00:00-04:00,217.8272171299369,219.78774287041324,215.5382768294147,218.9716796875,90224800,0.0,0.0
2025-08-08 00:00:00-04:00,219.76784743364436,229.88892965735022,218.19544514014734,228.2468719482422,113854000,0.0,0.0
2025-08-11 00:00:00-04:00,227.08116933177635,228.71513292468896,223.9327956372812,226.34388732910156,61806100,0.26,0.0
2025-08-12 00:00:00-04:00,227.17081559543826,229.95055565919736,226.23428798669784,228.80477905273438,55626200,0.0,0.0
2025-08-13 00:00:00-04:00,230.2195756343437,234.1351043372746,229.58191650034667,232.47125244140625,69878500,0.0,0.0
2025-08-14 00:00:00-04:00,233.1985666998313,234.25466305951576,230.0003892485326,231.92327880859375,51916300,0.0,0.0
2025-08-15 00:00:00-04:00,233.1387895567921,233.417757832359,228.49593650929467,230.73765563964844,56038700,0.0,0.0
2025-08-18 00:00:00-04:00,230.8472538899505,232.26202593201924,229.26310933608104,230.0402374267578,37476200,0.0,0.0
2025-08-19 00:00:00-04:00,230.42880766374827,232.0129522601839,228.50591803460907,229.71145629882812,39402600,0.0,0.0
2025-08-20 00:00:00-04:00,229.13358225147155,229.6217843388592,224.93908515924198,225.17819213867188,42263900,0.0,0.0
2025-08-21 00:00:00-04:00,225.43723377620466,225.6863136691638,222.95639256938466,224.072265625,30621200,0.0,0.0
2025-08-22 00:00:00-04:00,225.33759321802492,228.2468445109381,224.5803958248437,226.92173767089844,42477800,0.0,0.0
2025-08-25 00:00:00-04:00,225.6464693442017,228.45609804536198,225.3973894325087,226.323974609375,30983100,0.0,0.0
2025-08-26 00:00:00-04:00,226.03502689374838,228.6453946309622,223.86305742355088,228.46604919433594,54575100,0.0,0.0
2025-08-27 00:00:00-04:00,227.76862267507164,230.05018785299507,227.41990473660533,229.64170837402344,31259500,0.0,0.0
2025-08-28 00:00:00-04:00,229.9704999102399,232.55096405412047,228.4959359400532,231.70408630371094,38074700,0.0,0.0
2025-08-29 00:00:00-04:00,231.65426265633033,232.52107103838586,230.51845893056873,231.28562927246094,39418400,0.0,0.0
2025-09-02 00:00:00-04:00,228.4062708029861,230.00038826150748,226.1346633063032,228.87454223632812,44075600,0.0,0.0
2025-09-03 00:00:00-04:00,236.33698891571112,237.9709525201245,233.49747185558658,237.59234619140625,66427800,0.0,0.0
2025-09-04 00:00:00-04:00,237.57241502764154,239.01707546456905,235.86871695735925,238.89752197265625,47549400,0.0,0.0
2025-09-05 00:00:00-04:00,239.11668743272676,240.43183651086895,237.61225041390915,238.80783081054688,54870400,0.0,0.0
2025-09-08 00:00:00-04:00,238.41927329094256,239.2661357937392,235.4701607098454,237.00450134277344,48999500,0.0,0.0
2025-09-09 00:00:00-04:00,236.12774389612645,237.90119155812317,232.5011411802574,233.4875030517578,66313900,0.0,0.0
2025-09-10 00:00:00-04:00,231.33547301291114,231.56462228661692,225.11843262708078,225.95533752441406,83440800,0.0,0.0
2025-09-11 00:00:00-04:00,226.04499474029723,229.60184779162614,225.81583028738913,229.1833953857422,50208600,0.0,0.0
2025-09-12 00:00:00-04:00,228.37638560886936,233.6469097348115,228.17712472443904,233.2085418701172,55824200,0.0,0.0
2025-09-15 00:00:00-04:00,236.12775635652346,237.31337916896246,234.16500543557729,235.828857421875,42699500,0.0,0.0
2025-09-16 00:00:00-04:00,236.30708253667353,240.33222235518573,235.45026224943368,237.2735137939453,63421100,0.0,0.0
2025-09-17 00:00:00-04:00,238.09051246512186,239.21635855568803,236.85507060288438,238.11044311523438,46508000,0.0,0.0
2025-09-18 00:00:00-04:00,239.0868055705458,240.31227437025743,235.77901734043184,237.00450134277344,44249600,0.0,0.0
2025-09-19 00:00:00-04:00,240.342162048153,245.3935094903633,239.32592704772566,244.59645080566406,163741300,0.0,0.0
2025-09-22 00:00:00-04:00,247.38616206443075,255.69547916115815,247.2068166293636,255.13751220703125,105517400,0.0,0.0
2025-09-23 00:00:00-04:00,254.9382669065294,256.3928850249964,252.64672876089196,253.49359130859375,60275200,0.0,0.0
2025-09-24 00:00:00-04:00,254.2807025242173,254.79879299943292,250.11607847800005,251.38140869140625,42303700,0.0,0.0
2025-09-25 00:00:00-04:00,252.27811828759639,256.2235509944071,250.78363873545524,255.9246368408203,55202100,0.0,0.0
2025-09-26 00:00:00-04:00,253.16481067495934,256.6519291955366,252.84598111295833,254.51980590820312,46076300,0.0,0.0
2025-09-29 00:00:00-04:00,253.62311772285494,254.06150078407975,252.07881928540593,253.49359130859375,40127700,0.0,0.0
2025-09-30 00:00:00-04:00,253.92202035086734,254.97811672142575,252.17846100632588,253.69287109375,37704300,0.0,0.0
2025-10-01 00:00:00-04:00,254.10136246357334,257.8375764362911,253.99176669154556,254.50985717773438,48713900,0.0,0.0
2025-10-02 00:00:00-04:00,255.63566078088252,257.229778167004,253.21461153357077,256.18365478515625,42630200,0.0,0.0
2025-10-03 00:00:00-04:00,253.73271197999827,258.2858846694617,253.01536064819075,257.07037353515625,49155600,0.0,0.0
2025-10-06 00:00:00-04:00,257.0404883747525,258.1165305885388,254.1113214696764,255.7452850341797,44664100,0.0,0.0
2025-10-07 00:00:00-04:00,255.86482860124664,256.45265350411205,254.48990271764998,255.5360565185547,31955800,0.0,0.0
2025-10-08 00:00:00-04:00,255.57591915435188,257.5685585594684,255.16742442767125,257.1102600097656,36496900,0.0,0.0
2025-10-09 00:00:00-04:00,256.8611554198282,257.0504585775582,252.2083446799687,253.1050262451172,38322000,0.0,0.0
2025-10-10 00:00:00-04:00,254.00171816056968,255.436420799504,243.10197943699816,244.3673095703125,61999100,0.0,0.0
2025-10-13 00:00:00-04:00,248.46217548947354,248.77103211910116,244.6562274921306,246.74850463867188,38142900,0.0,0.0
2025-10-14 00:00:00-04:00,245.69241642712313,247.93413549962378,243.79940008876653,246.8581085205078,35478000,0.0,0.0
2025-10-15 00:00:00-04:00,248.57178982967116,250.89321639065437,246.559219921403,248.42233276367188,33893600,0.0,0.0
2025-10-16 00:00:00-04:00,247.33635013275978,248.1234359576197,244.22783772705108,246.53929138183594,39777000,0.0,0.0
2025-10-17 00:00:00-04:00,247.10719170360767,252.44746537322095,246.35995200283696,251.36146545410156,49147000,0.0,0.0
2025-10-20 00:00:00-04:00,254.94822099113512,263.4069798400544,254.68918336894043,261.27484130859375,90483000,0.0,0.0
2025-10-21 00:00:00-04:00,260.91620875530236,264.3136625920602,260.86637452698056,261.80291748046875,46695900,0.0,0.0
2025-10-22 00:00:00-04:00,261.6833338430701,261.882609922878,254.4899051977633,257.4988098144531,45015300,0.0,0.0
2025-10-23 00:00:00-04:00,258.98332466328685,259.6608147081683,257.0604350924048,258.6246337890625,32754900,0.0,0.0
2025-10-24 00:00:00-04:00,260.2287163700197,263.15789839957887,258.22610426270086,261.85272216796875,38253700,0.0,0.0
2025-10-27 00:00:00-04:00,263.90514984178776,268.1295353654346,263.67598537979285,267.8206787109375,44888200,0.0,0.0
2025-10-28 00:00:00-04:00,268.00000632210845,268.89671830922975,267.1631014853557,268.0099792480469,41534800,0.0,0.0
2025-10-29 00:00:00-04:00,268.28892986747474,270.4110953948544,266.1269030442272,268.7073974609375,51086700,0.0,0.0
2025-10-30 00:00:00-04:00,270.98894793982623,273.1310593223432,267.49188695276854,270.401123046875,69886500,0.0,0.0
2025-10-31 00:00:00-04:00,275.9705701844509,276.29937269597025,268.16940070155243,269.37493896484375,86167100,0.0,0.0
2025-11-03 00:00:00-05:00,269.424736694289,269.8531467885877,265.2700709373508,268.05975341796875,50194600,0.0,0.0
2025-11-04 00:00:00-05:00,267.3424445625432,270.49081837885313,266.6350661079627,269.0461730957031,49274800,0.0,0.0
2025-11-05 00:00:00-05:00,267.6214146886098,270.7000692568828,265.94760492323326,269.14581298828125,43683100,0.0,0.0
2025-11-06 00:00:00-05:00,266.90407480138714,272.3937751745226,266.90407480138714,268.7771301269531,51204000,0.0,0.0
2025-11-07 00:00:00-05:00,268.80702532983145,271.2878818962731,265.7881780523408,267.48193359375,48227400,0.0,0.0
2025-11-10 00:00:00-05:00,268.22988302493957,272.9869540449525,266.7339548671466,268.6986083984375,41312400,0.26,0.0
2025-11-11 00:00:00-05:00,269.07757258136417,275.16101963639426,269.0675899882029,274.5028076171875,46208300,0.0,0.0
2025-11-12 00:00:00-05:00,274.2535066981436,274.9815360542478,270.9624767916609,272.7276611328125,48398000,0.0,0.0
2025-11-13 00:00:00-05:00,273.36590026791555,275.9488963676571,271.3513946141157,272.2090759277344,49602800,0.0,0.0
2025-11-14 00:00:00-05:00,270.31417782757546,275.21085247368256,268.8681323529343,271.6705017089844,47431300,0.0,0.0
2025-11-17 00:00:00-05:00,268.09027174019775,269.7557213346742,265.00866346949266,266.73394775390625,45018300,0.0,0.0
2025-11-18 00:00:00-05:00,269.2570854665072,269.9751321987233,264.59977951795884,266.7140197753906,45677300,0.0,0.0
2025-11-19 00:00:00-05:00,264.80918960656476,271.47104873805114,264.77927226211665,267.8309631347656,40424500,0.0,0.0
2025-11-20 00:00:00-05:00,270.09480618650156,274.68232536305425,265.1981613886433,265.5272521972656,45823600,0.0,0.0
2025-11-21 00:00:00-05:00,265.2280517805383,272.5879921198442,264.9488130991126,270.75299072265625,59030800,0.0,0.0
2025-11-24 00:00:00-05:00,270.16459800357205,276.24804478801667,270.16459800357205,275.1709899902344,65585800,0.0,0.0
2025-11-25 00:00:00-05:00,274.52277261748515,279.6189174225992,274.50283786370125,276.2181701660156,46914200,0.0,0.0
2025-11-26 00:00:00-05:00,276.2081750495132,278.7712060098946,275.8790842359358,276.79656982421875,33431400,0.0,0.0
2025-11-28 00:00:00-05:00,276.50736791500816,278.242634823177,275.2407959413455,278.0930480957031,20135600,0.0,0.0
2025-12-01 00:00:00-05:00,277.2553332443013,282.65065109438723,275.3904143522869,282.3315124511719,46587700,0.0,0.0
2025-12-02 00:00:00-05:00,282.231773534172,286.619823290159,281.86278279875575,285.4131164550781,53669500,0.0,0.0
2025-12-03 00:00:00-05:00,285.4231155973949,287.8365294074879,282.5309633672564,283.378662109375,43538700,0.0,0.0
2025-12-04 00:00:00-05:00,283.3287830094401,283.95707766942763,277.83373081751637,279.9380187988281,43989100,0.0,0.0
2025-12-05 00:00:00-05:00,279.77845592816414,280.37683325787106,277.2951945750906,278.0232238769531,47265800,0.0,0.0
2025-12-08 00:00:00-05:00,277.374989388386,278.9108174051644,275.4003533668138,277.1356506347656,38211800,0.0,0.0
2025-12-09 00:00:00-05:00,277.4049018876359,279.26982065807096,276.16827776921565,276.42755126953125,32193300,0.0,0.0
2025-12-10 00:00:00-05:00,276.9960211276047,278.9905919368044,275.68957968235776,278.0232238769531,33038300,0.0,0.0
2025-12-11 00:00:00-05:00,278.34237127554803,278.8310314000742,273.0667227973629,277.2752685546875,33248000,0.0,0.0
2025-12-12 00:00:00-05:00,277.14562382282355,278.4620479370953,276.0685689150702,277.52459716796875,39532900,0.0,0.0
2025-12-15 00:00:00-05:00,279.3894873363706,279.3894873363706,272.0993337942639,273.3658752441406,50409100,0.0,0.0
2025-12-16 00:00:00-05:00,272.07941349564567,274.752131096348,271.0522107383373,273.8645324707031,37648600,0.0,0.0
2025-12-17 00:00:00-05:00,274.2634587890498,275.41033087528734,270.9026119684932,271.10205078125,50138700,0.0,0.0
2025-12-18 00:00:00-05:00,272.8672697170699,272.88723490520505,266.22537510199504,271.4511413574219,51630700,0.0,0.0
2025-12-19 00:00:00-05:00,271.4112306527045,273.8545921928022,269.1673383776201,272.9271240234375,144632000,0.0,0.0
2025-12-22 00:00:00-05:00,272.1192896847017,273.13654030849926,269.7756932559407,270.23443603515625,36571800,0.0,0.0
2025-12-23 00:00:00-05:00,270.1048034873943,271.7603010837797,268.8282792538215,271.62066650390625,29642000,0.0,0.0
2025-12-24 00:00:00-05:00,271.60070067851706,274.6823088952694,271.46109654935304,273.06671142578125,17910600,0.0,0.0
2025-12-26 00:00:00-05:00,273.41578359787746,274.6224904749486,272.11929424741834,272.6578369140625,21521800,0.0,0.0
2025-12-29 00:00:00-05:00,271.9497734782625,273.61522314661676,271.6107000753325,273.0168762207031,23715200,0.0,0.0
2025-12-30 00:00:00-05:00,272.0694584675055,273.3360001129787,271.54089836280934,272.3387145996094,22139600,0.0,0.0
2025-12-31 00:00:00-05:00,272.3187639976345,272.9370761103812,271.0123224859311,271.12200927734375,27293600,0.0,0.0
2026-01-02 00:00:00-05:00,271.52092924369913,277.0857683126949,268.2697691424855,270.2743225097656,37838100,0.0,0.0
2026-01-05 00:00:00-05:00,269.9053450243044,270.7729784841199,265.41756056202854,266.5345153808594,45647200,0.0,0.0
2026-01-06 00:00:00-05:00,266.27521573774703,266.82371056256306,261.40845786144683,261.6477966308594,52352100,0.0,0.0
2026-01-07 00:00:00-05:00,262.48552563718374,262.964203143993,259.1047135716701,259.623291015625,48309800,0.0,0.0
2026-01-08 00:00:00-05:00,256.3222864925608,258.58614386359903,255.00587765735156,258.3368225097656,50419300,0.0,0.0
2026-01-09 00:00:00-05:00,258.3767027680543,259.5036402038468,255.52448097015204,258.6659240722656,39997000,0.0,0.0
2026-01-12 00:00:00-05:00,258.4565110528425,260.59068617382866,256.1029014720883,259.5435485839844,45263800,0.0,0.0
2026-01-13 00:00:00-05:00,258.01770778709204,261.0993163539261,257.68861696081353,260.34136962890625,45730800,0.0,0.0
2026-01-14 00:00:00-05:00,258.78557762508564,261.1092696408236,256.0131254420647,259.2543029785156,40019400,0.0,0.0
2026-01-15 00:00:00-05:00,259.9424426175537,260.3313985459844,256.35220896361545,257.5090637207031,39388600,0.0,0.0
2026-01-16 00:00:00-05:00,257.1999111311508,258.1971965798445,254.23797213114116,254.8363494873047,72142800,0.0,0.0
2026-01-20 00:00:00-05:00,252.04394930256512,254.09835490933511,242.75922413209136,246.0303192138672,80267500,0.0,0.0
2026-01-21 00:00:00-05:00,248.02489020045314,250.87712721718017,244.51444112970407,246.9777374267578,54641700,0.0,0.0
2026-01-22 00:00:00-05:00,248.52352576906395,250.31864258405668,247.47637302553753,247.67584228515625,39708300,0.0,0.0
2026-01-23 00:00:00-05:00,246.64863719927277,248.73296007338791,244.0157890837153,247.36666870117188,41689000,0.0,0.0
2026-01-26 00:00:00-05:00,250.7973351598156,255.86354695988197,249.12190294519746,254.7166748046875,55969200,0.0,0.0
2026-01-27 00:00:00-05:00,258.4664593428383,261.23891141767155,257.50904348719195,257.5688781738281,49648300,0.0,0.0
2026-01-28 00:00:00-05:00,256.95060341967536,258.15731035497566,253.8191275531099,255.743896484375,41288000,0.0,0.0
2026-01-29 00:00:00-05:00,257.29964922744847,258.94516415300217,253.7193980705993,257.5788879394531,67253000,0.0,0.0
2026-01-30 00:00:00-05:00,254.47732177254832,261.1890484668085,251.49543285360957,258.775634765625,92443400,0.0,0.0
2026-02-02 00:00:00-05:00,259.3241487899344,269.7557466562268,258.50636737104884,269.2770690917969,73913400,0.0,0.0
2026-02-03 00:00:00-05:00,268.4692659190308,271.1419837262723,266.88355520832346,268.7485046386719,64394700,0.0,0.0
2026-02-04 00:00:00-05:00,271.55083028665655,278.19275421850585,271.55083028665655,275.7394104003906,90545700,0.0,0.0
2026-02-05 00:00:00-05:00,277.37501624935936,278.7412924914769,272.48832346973,275.1610412597656,52977400,0.0,0.0
2026-02-06 00:00:00-05:00,276.3677049075235,280.1474248180158,276.1782182606431,277.364990234375,50453400,0.0,0.0
2026-02-09 00:00:00-05:00,277.41494619870406,277.70443813431814,271.2160169672847,274.13079833984375,44623400,0.26,0.0
2026-02-10 00:00:00-05:00,274.40031021957236,274.87943562430115,272.4537718732244,273.19244384765625,34376900,0.0,0.0
2026-02-11 00:00:00-05:00,274.2106536370846,279.6808719096702,273.9610989943363,275.00921630859375,51931300,0.0,0.0
2026-02-12 00:00:00-05:00,275.09909064411113,275.22886395053104,259.7165366668213,261.2637939453125,81077200,0.0,0.0
2026-02-13 00:00:00-05:00,261.5432690161623,261.7628783299504,254.9949421084194,255.32435607910156,56290700,0.0,0.0
2026-02-17 00:00:00-05:00,257.5903108294174,265.8156532326085,255.08478749757862,263.4099426269531,58469100,0.0,0.0
2026-02-18 00:00:00-05:00,263.13045584681157,266.3447212846438,261.9825104325609,263.8791198730469,34203300,0.0,0.0
2026-02-19 00:00:00-05:00,262.13220471573277,264.00886051677537,259.5867290635135,260.11578369140625,30845300,0.0,0.0
2026-02-20 00:00:00-05:00,258.50868117461044,264.2783836675007,257.7001265171608,264.1086730957031,42070500,0.0,0.0
2026-02-23 00:00:00-05:00,263.0206001676805,268.95002088588865,262.91081074777924,265.705810546875,37308200,0.0,0.0
2026-02-24 00:00:00-05:00,267.38283777638213,274.4003442568012,267.233111068832,271.6552429199219,47014600,0.0,0.0
2026-02-25 00:00:00-05:00,271.29586819299504,274.45024283739696,270.567157599074,273.74151611328125,33714300,0.0,0.0
2026-02-26 00:00:00-05:00,274.4602128097023,275.61811956353745,270.31758130113775,272.4637756347656,32345100,0.0,0.0
2026-02-27 00:00:00-05:00,272.3240124520744,272.3240124520744,262.4217010495403,263.7093811035156,72366500,0.0,0.0
2026-03-02 00:00:00-05:00,261.94253069595567,266.05518620599753,259.73647625260065,264.2484130859375,41827900,0.0,0.0
2026-03-03 00:00:00-05:00,263.0106738027697,265.08695529305965,259.6666350681776,263.2801818847656,38568900,0.0,0.0
2026-03-04 00:00:00-05:00,264.17854815272653,265.67587606267574,260.95432154975975,262.0523376464844,39803100,0.0,0.0
2026-03-05 00:00:00-05:00,260.3254337562426,261.09405110124777,256.79173142961054,259.8263244628906,49658600,0.0,0.0
2026-03-06 00:00:00-05:00,258.16927189629365,258.3090066542827,253.916851068475,257.0013427734375,41120000,0.0,0.0
2026-03-09 00:00:00-04:00,255.2345148744848,260.68477987096253,253.22808575123491,259.41705322265625,38218500,0.0,0.0
2026-03-10 00:00:00-04:00,257.19102845716964,262.01244158439727,256.4922936817907,260.3653564453125,30590800,0.0,0.0
2026-03-11 00:00:00-04:00,260.62486739620806,261.6630231774062,259.08760235948154,260.3453674316406,26218900,0.0,0.0
2026-03-12 00:00:00-04:00,258.1992253881205,258.48871731031414,253.72719511663234,255.30438232421875,40794000,0.0,0.0
2026-03-13 00:00:00-04:00,255.024890934378,255.87336762960538,249.07551643845036,249.6744384765625,36930000,0.0,0.0
2026-03-16 00:00:00-04:00,251.66090222791988,253.43773019062647,249.4348789230203,252.36964416503906,32074200,0.0,0.0
2026-03-17 00:00:00-04:00,252.5093881906664,254.67552076289968,251.7307636559193,253.77711486816406,32361600,0.0,0.0
2026-03-18 00:00:00-04:00,252.1799767808244,254.48585937367065,248.55643828829037,249.49476623535156,35757900,0.0,0.0
2026-03-19 00:00:00-04:00,248.95572868612365,251.38140795985734,246.85947863088072,248.5165252685547,34864100,0.0,0.0
2026-03-20 00:00:00-04:00,247.53824109812177,248.75606899357115,245.56177255944445,247.54823303222656,88331100,0.0,0.0
2026-03-23 00:00:00-04:00,253.51758537106093,254.14646797882926,249.83415620831627,251.04200744628906,40546100,0.0,0.0
2026-03-24 00:00:00-04:00,249.90403139868116,254.37604644028636,249.10545347620703,251.1917266845703,45152300,0.0,0.0
2026-03-25 00:00:00-04:00,253.6473574345128,254.5457480998694,251.15181088451408,252.16998291015625,28476700,0.0,0.0
2026-03-26 00:00:00-04:00,251.67088153367666,256.5421934269488,250.32329549316128,252.43951416015625,41796700,0.0,0.0
2026-03-27 00:00:00-04:00,253.4477020992108,255.03488128462607,247.6281009352486,248.35679626464844,47900000,0.0,0.0
2026-03-30 00:00:00-04:00,249.62453299565456,250.4230956915925,245.07264337813007,246.19065856933594,39446200,0.0,0.0
2026-03-31 00:00:00-04:00,247.46837564153284,255.02488248828539,246.65982101631488,253.337890625,49598100,0.0,0.0
2026-04-01 00:00:00-04:00,253.62737973002484,255.7236296181179,252.8787157917901,255.17462158203125,40059400,0.0,0.0
2026-04-02 00:00:00-04:00,253.74717405681358,255.6737439434535,250.20349485503914,255.464111328125,31289400,0.0,0.0
2026-04-06 00:00:00-04:00,256.053045051996,261.6929736576745,256.003115847535,258.3988342285156,29329900,0.0,0.0
2026-04-07 00:00:00-04:00,255.70368128016966,255.7436185540334,245.2623079794448,253.0484161376953,62148000,0.0,0.0
2026-04-08 00:00:00-04:00,257.98960165960847,259.2872736156141,256.0730086009651,258.43878173828125,41032800,0.0,0.0
2026-04-09 00:00:00-04:00,258.5386040524215,260.65482250105316,255.6138310165902,260.02593994140625,28121600,0.0,0.0
2026-04-10 00:00:00-04:00,259.5168819122501,261.7229364827484,258.5585701252562,260.0159912109375,31291500,0.0,0.0
2026-04-13 00:00:00-04:00,259.2673359057164,259.71651601158027,256.2027973984465,258.73828125,36234700,0.0,0.0
2026-04-14 00:00:00-04:00,258.78816168339415,261.4633801130582,256.73183388682423,258.368896484375,48370700,0.0,0.0
2026-04-15 00:00:00-04:00,257.7001261657452,266.08515659729386,257.35074355126085,265.95538330078125,49913500,0.0,0.0
2026-04-16 00:00:00-04:00,266.3246925362851,266.6840670491935,260.804545264895,262.9307556152344,43323100,0.0,0.0
2026-04-17 00:00:00-04:00,266.4844323486072,271.8149160854778,266.24486962975914,269.7486267089844,61436200,0.0,0.0
2026-04-20 00:00:00-04:00,269.84841238867654,273.7913879220191,269.80850557942483,272.5635681152344,36590200,0.0,0.0
2026-04-21 00:00:00-04:00,271.0163536236942,272.3140256362382,264.9272139873882,265.69586181640625,50209800,0.0,0.0
2026-04-22 00:00:00-04:00,267.3429346055621,273.2523721409737,266.39461467279705,272.68341064453125,43249200,0.0,0.0
2026-04-23 00:00:00-04:00,274.56001085217736,275.2787294551341,271.1660737405759,272.9429016113281,33399600,0.0,0.0
2026-04-24 00:00:00-04:00,272.2741016414235,272.5735550213531,269.16962610782736,270.5771179199219,38157100,0.0,0.0
2026-04-27 00:00:00-04:00,265.6159889280984,267.88193422863776,264.59781690250213,267.1332702636719,41466800,0.0,0.0
2026-04-28 00:00:00-04:00,271.8548539018017,272.7432830913257,268.181416710472,270.2277526855469,40018900,0.0,0.0
2026-04-29 00:00:00-04:00,267.07336249706583,270.55716597281076,266.56429174844374,269.688720703125,30047900,0.0,0.0
2026-04-30 00:00:00-04:00,270.018146234023,275.50834883767226,267.6623648300734,270.86663818359375,91848200,0.0,0.0
2026-05-01 00:00:00-04:00,278.36321169794013,286.7083346607987,277.87409435408995,279.6409606933594,79915400,0.0,0.0
2026-05-04 00:00:00-04:00,279.16182884121525,280.13010214166496,274.3703610857382,276.33685302734375,46668400,0.0,0.0
2026-05-05 00:00:00-04:00,276.43668191704,284.0630869835518,276.00745521106614,283.67376708984375,49311700,0.0,0.0
2026-05-06 00:00:00-04:00,281.4177950537395,287.5168959460148,280.5693031693742,286.9978332519531,58336100,0.0,0.0
2026-05-07 00:00:00-04:00,288.75467457606095,291.60959552514373,285.2709015174152,286.9279479980469,45224300,0.0,0.0
2026-05-08 00:00:00-04:00,289.49338424193445,294.2349225642168,289.48339230776435,292.7974853515625,52692800,0.0,0.0
2026-05-11 00:00:00-04:00,291.72841688276577,293.6267735875138,289.979924827367,292.42779541015625,42247300,0.27,0.0
2026-05-12 00:00:00-04:00,292.3078994315659,295.0155556946294,292.3078994315659,294.54595947265625,45748100,0.0,0.0
2026-05-13 00:00:00-04:00,293.24708951115105,300.6607090744109,293.24708951115105,298.6124572753906,52684300,0.0,0.0
2026-05-14 00:00:00-04:00,299.5616620172475,300.1911240450107,295.12548538387824,297.9530334472656,35324900,0.0,0.0
2026-05-15 00:00:00-04:00,297.643304079477,302.93875555297063,296.26448829773227,299.9713134765625,54862800,0.0,0.0
2026-05-18 00:00:00-04:00,299.98126929450746,300.4009207908792,294.6558756451712,297.5833435058594,34483000,0.0,0.0
2026-05-19 00:00:00-04:00,296.7140952726279,300.2510533099592,296.09463441963413,298.7123718261719,42243600,0.0,0.0
2026-05-20 00:00:00-04:00,297.9230626302997,302.5390768782648,297.82314269813475,301.98956298828125,38229800,0.0,0.0
2026-05-21 00:00:00-04:00,300.80056674721834,305.27671719779084,300.1411318265125,304.7271728515625,42965100,0.0,0.0
2026-05-22 00:00:00-04:00,305.85620846339293,311.13165741506583,305.57645096183757,308.55389404296875,43670200,0.0,0.0
2026-05-26 00:00:00-04:00,309.29325163060713,311.5513139598484,307.4048960873393,308.0643005371094,48000500,0.0,0.0
2026-05-27 00:00:00-04:00,308.0643052358437,312.9900803339556,308.0343323058515,310.5821533203125,50430900,0.0,0.0
2026-05-28 00:00:00-04:00,310.412282475935,312.5304508120942,309.30325358892543,312.24072265625,48220400,0.0,0.0
2026-05-29 00:00:00-04:00,311.5113496628706,314.7285763294451,309.2632884033746,311.7911071777344,70026800,0.0,0.0
2026-06-01 00:00:00-04:00,309.363197507879,310.67206624496237,304.7571540774977,306.0460510253906,48849900,0.0,0.0
2026-06-02 00:00:00-04:00,307.1950545511415,315.1781903378333,306.42572903356995,314.92840576171875,44534700,0.0,0.0
2026-06-03 00:00:00-04:00,313.9092501546009,316.6668815001487,308.5838566628498,309.9926452636719,50836700,0.0,0.0
2026-06-04 00:00:00-04:00,312.96009909963743,313.26982953176514,309.38316692864953,310.9618225097656,44869100,0.0,0.0
2026-06-05 00:00:00-04:00,312.5903972939029,314.8984348439246,306.8853260765596,307.0751647949219,65310500,0.0,0.0
2026-06-08 00:00:00-04:00,308.4739595974908,317.1265012321255,300.9105055796523,301.2801818847656,77949100,0.0,0.0
2026-06-09 00:00:00-04:00,300.0212482417878,300.4908444635933,287.5320194610898,290.29962158203125,70108800,0.0,0.0
2026-06-10 00:00:00-04:00,290.4894628291428,294.4960172141002,287.1323727394638,291.3287353515625,52793300,0.0,0.0
2026-06-11 00:00:00-04:00,293.4668864344149,296.7440586571729,289.3404406054596,295.375244140625,42572500,0.0,0.0
2026-06-12 00:00:00-04:00,295.7749221682621,296.88398158337014,289.3704417369658,290.879150390625,38742100,0.0,0.0
2026-06-15 00:00:00-04:00,293.8665449684006,297.5233947188816,291.4486474146935,296.1645812988281,45732600,0.0,0.0
2026-06-16 00:00:00-04:00,294.99559499590845,300.2210994929347,293.71669913987887,298.9821472167969,39874400,0.0,0.0
2026-06-17 00:00:00-04:00,300.59074812548096,301.8096980081642,294.10632015937927,295.6949768066406,42745100,0.0,0.0
2026-06-18 00:00:00-04:00,297.8530937792582,300.31099586682666,295.3652492546472,297.7532043457031,85962200,0.0,0.0
2026-06-22 00:00:00-04:00,297.05381866220307,302.1594314563154,296.5043047694293,296.75408935546875,44879900,0.0,0.0
2026-06-23 00:00:00-04:00,297.2836155142734,301.3800886038737,293.9264950024863,294.04638671875,52010900,0.0,0.0
2026-06-24 00:00:00-04:00,295.1054570720635,299.4417438827621,292.68755959702736,292.8274230957031,53081900,0.0,0.0
2026-06-25 00:00:00-04:00,287.1523472601469,288.55113481081804,273.5141152813601,274.91290283203125,107013700,0.0,0.0
2026-06-26 00:00:00-04:00,274.7630284991681,285.70360492137456,273.9737007161028,283.53546142578125,261775500,0.0,0.0
2026-06-29 00:00:00-04:00,286.4829438934296,288.12151489662153,279.6088673150861,281.4972229003906,66427000,0.0,0.0
2026-06-30 00:00:00-04:00,280.9277417485351,289.69017405322865,280.45814550695326,289.11065673828125,65100200,0.0,0.0
2026-07-01 00:00:00-04:00,293.1871503157195,296.33442991747245,288.95081360688545,294.1263427734375,50164200,0.0,0.0
2026-07-02 00:00:00-04:00,293.866538367699,309.15337194761725,293.4269150966668,308.3640441894531,75352800,0.0,0.0
2026-07-06 00:00:00-04:00,307.0951430290638,313.9292760509671,306.7354678654279,312.3905944824219,53590000,0.0,0.0
2026-07-07 00:00:00-04:00,315.0183186077797,315.20815732134815,309.88273318392555,310.3923034667969,42490000,0.0,0.0
2026-07-08 00:00:00-04:00,311.6412289475945,314.5487250421545,306.7854009831778,313.1199645996094,41323500,0.0,0.0
2026-07-09 00:00:00-04:00,310.24243869469103,316.2572401947346,307.8944576262147,315.947509765625,48124500,0.0,0.0
2026-07-10 00:00:00-04:00,314.4488202226986,316.6369356310425,311.9010296470402,315.0483093261719,34132300,0.0,0.0
2026-07-13 00:00:00-04:00,316.7468014245228,323.171283634363,315.5078797345754,317.03656005859375,43257800,0.0,0.0
2026-07-14 00:00:00-04:00,313.48965629761443,315.91755515351207,311.64124426456783,314.58868408203125,36336800,0.0,0.0
2026-07-15 00:00:00-04:00,317.34631234952286,328.44675508114506,317.0465830462295,327.2178039550781,60957600,0.0,0.0
2026-07-16 00:00:00-04:00,327.72736328456057,334.3915986652446,326.50841333986017,332.97283935546875,62970600,0.0,0.0
2026-07-17 00:00:00-04:00,331.693929977533,334.7013154010385,328.71648699084636,333.452392578125,63407100,0.0,0.0
2026-07-20 00:00:00-04:00,333.2226134619852,333.4224228207836,323.4010672140761,326.3085632324219,53468000,0.0,0.0
2026-07-21 00:00:00-04:00,322.85156758462244,329.3159936819017,321.94234806189104,327.45758056640625,41338900,0.0,0.0
2026-07-22 00:00:00-04:00,327.58746619388995,328.7164973399543,323.0613709608057,325.60919189453125,38755900,0.0,0.0
2026-07-23 00:00:00-04:00,321.4527900194849,323.0214140443725,319.0748358849152,321.3828430175781,40840800,0.0,0.0
2026-07-24 00:00:00-04:00,321.5127284115298,334.0818750563203,321.3428614810286,332.7330322265625,47489400,0.0,0.0
2026-07-27 00:00:00-04:00,334.2517370375488,339.277401491225,333.73216560461384,336.61968994140625,49604300,0.0,0.0
2026-07-28 00:00:00-04:00,339.73698155301014,342.59453283396704,335.31080637618777,339.78692626953125,51859000,0.0,0.0
2026-07-29 00:00:00-04:00,339.43727163464206,344.2730974331505,337.0593175600121,337.8985900878906,56090800,0.0,0.0
2026-07-30 00:00:00-04:00,332.8129674612056,334.4615395264105,329.30598233808786,333.1426696777344,74817800,0.0,0.0
2026-07-31 00:00:00-04:00,304.54735603914753,310.4222943774597,299.7415030462749,308.6438293457031,132489100,0.0,0.0
2026-08-03 00:00:00-04:00,309.313234694189,311.5313230344714,302.29929450581176,303.1585693359375,75052000,0.0,0.0
2026-08-04 00:00:00-04:00,302.46913991298527,310.1525156602479,301.0603512911937,309.1134033203125,68001000,0.0,0.0
2026-08-05 00:00:00-04:00,309.09342362565195,311.4414048335362,305.40663118634393,310.7320251464844,49438800,0.0,0.0
2026-08-06 00:00:00-04:00,314.06913775686996,316.0174696892129,308.96355554648414,312.14080810546875,46139900,0.0,0.0
2026-08-07 00:00:00-04:00,311.1816431226555,314.53873325457766,310.47223295908327,313.05999755859375,34437200,0.0,0.0
2026-08-10 00:00:00-04:00,306.8299865722656,308.260009765625,304.6099853515625,308.260009765625,44812500,0.27,0.0
2026-08-11 00:00:00-04:00,307.75,309.9700012207031,302.7900085449219,304.9100036621094,37476700,0.0,0.0
2026-08-12 00:00:00-04:00,305.1000061035156,305.6600036621094,300.57000732421875,302.25,41657800,0.0,0.0
2026-08-13 00:00:00-04:00,304.2099914550781,306.0,302.04998779296875,305.260009765625,40349300,0.0,0.0
2026-08-14 00:00:00-04:00,306.0,307.489990234375,304.29998779296875,305.92999267578125,28229400,0.0,0.0
2026-08-18 00:00:00-04:00,307.5299987792969,307.8999938964844,305.739990234375,307.25,6680050,0.0,0.0
