Date,Open,High,Low,Close,Volume,Dividends,Stock Splits
2004-08-19 00:00:00-04:00,2.481989031399962,2.5827572954589217,2.3817159233319996,2.490427255630493,893181924,0.0,0.0
2004-08-20 00:00:00-04:00,2.5070569447332045,2.7073534634239085,2.494398543747014,2.688241481781006,456686856,0.0,0.0
2004-08-23 00:00:00-04:00,2.7488034860650825,2.8165613648024785,2.70660928211129,2.7152962684631348,365122512,0.0,0.0
2004-08-24 00:00:00-04:00,2.760964436288738,2.769899708769402,2.570595863258309,2.602861166000366,304946748,0.0,0.0
2004-08-25 00:00:00-04:00,2.605095820723387,2.680548236350195,2.5782904755091205,2.630908489227295,183772044,0.0,0.0
2004-08-26 00:00:00-04:00,2.604847136021458,2.67930688385932,2.5976496378484923,2.678313970565796,141897960,0.0,0.0
2004-08-27 00:00:00-04:00,2.683029942494617,2.695936396185277,2.623214425873778,2.6346309185028076,124235640,0.0,0.0
2004-08-30 00:00:00-04:00,2.6130384210980324,2.6182503290040766,2.531877279281616,2.531877279281616,103935960,0.0,0.0
2004-08-31 00:00:00-04:00,2.539074476639595,2.574070231421103,2.5356001082444717,2.5408120155334473,98357544,0.0,0.0
2004-09-01 00:00:00-04:00,2.549002411056613,2.5557040427258784,2.47379804878294,2.488193988800049,182765052,0.0,0.0
2004-09-02 00:00:00-04:00,2.4618852321085987,2.54081274624272,2.4556804098866714,2.519467353820801,302373324,0.0,0.0
2004-09-03 00:00:00-04:00,2.5055678473926197,2.525175697497296,2.4651111829239207,2.4822375774383545,103048848,0.0,0.0
2004-09-07 00:00:00-04:00,2.507057053035848,2.5316289938731504,2.4723093482971303,2.5212042331695557,116950932,0.0,0.0
2004-09-08 00:00:00-04:00,2.500355771371838,2.5571930237414633,2.494399000885352,2.5390748977661133,99712188,0.0,0.0
2004-09-09 00:00:00-04:00,2.5447832805190433,2.549250325748256,2.5068092579472094,2.5393223762512207,81234684,0.0,0.0
2004-09-10 00:00:00-04:00,2.521701165006276,2.6448077437024495,2.514254670540662,2.61427903175354,173977848,0.0,0.0
2004-09-13 00:00:00-04:00,2.64654387881569,2.6907238984778896,2.6423248850949244,2.668137550354004,156882960,0.0,0.0
2004-09-14 00:00:00-04:00,2.6668970695115513,2.7798276382549147,2.650515303228619,2.767169237136841,216579204,0.0,0.0
2004-09-15 00:00:00-04:00,2.7440872139282906,2.835176301050256,2.7351519408843443,2.779827833175659,214261524,0.0,0.0
2004-09-16 00:00:00-04:00,2.788266054021812,2.8741432333892774,2.7711406066819015,2.8287227153778076,185326488,0.0,0.0
2004-09-17 00:00:00-04:00,2.8398913029508077,2.916088581085205,2.818298810940094,2.916088581085205,189450360,0.0,0.0
2004-09-20 00:00:00-04:00,2.9026864887731016,3.0180985259732296,2.8982184973560288,2.9625022411346436,212575212,0.0,0.0
2004-09-21 00:00:00-04:00,2.973670724525749,2.9888115274743394,2.9165854282361185,2.9247758388519287,144575280,0.0,0.0
2004-09-22 00:00:00-04:00,2.9138548803853896,2.9701962584405903,2.899210889209223,2.9381778240203857,151624224,0.0,0.0
2004-09-23 00:00:00-04:00,2.9495953639167167,3.0436629448812833,2.9044226648023552,2.998739242553711,170713116,0.0,0.0
2004-09-24 00:00:00-04:00,3.001717553087702,3.0801484680446922,2.972429808097537,2.9741673469543457,182469348,0.0,0.0
2004-09-27 00:00:00-04:00,2.96746598842566,3.000228104751318,2.9237830090153087,2.935199737548828,141322536,0.0,0.0
2004-09-28 00:00:00-04:00,3.0106532100442487,3.16205391887,2.983598865857396,3.148651599884033,338581080,0.0,0.0
2004-09-29 00:00:00-04:00,3.144680387460804,3.3511817499342675,3.1330148982809423,3.2533910274505615,610329060,0.0,0.0
2004-09-30 00:00:00-04:00,3.224103655577595,3.2836713501417303,3.2017653563037083,3.2166571617126465,275160564,0.0,0.0
2004-10-01 00:00:00-04:00,3.246441251668382,3.3318216202592157,3.199283903759067,3.290621042251587,302497200,0.0,0.0
2004-10-04 00:00:00-04:00,3.356890085445214,3.397097746787741,3.326609427230363,3.3521740436553955,260455284,0.0,0.0
2004-10-05 00:00:00-04:00,3.3422463186193965,3.4382994975020753,3.2821818094266026,3.434328317642212,299464236,0.0,0.0
2004-10-06 00:00:00-04:00,3.4139753804616135,3.4363136795031055,3.37550431210029,3.4023096561431885,267628104,0.0,0.0
2004-10-07 00:00:00-04:00,3.3983391707263566,3.4718069541218557,3.389156082056305,3.446242332458496,282301416,0.0,0.0
2004-10-08 00:00:00-04:00,3.4430144358121795,3.466841513878358,3.4008211837810918,3.418443441390991,221390388,0.0,0.0
2004-10-11 00:00:00-04:00,3.400324084960485,3.446489698296677,3.322142402529142,3.357138156890869,209442348,0.0,0.0
2004-10-12 00:00:00-04:00,3.3367855033192324,3.4154654226913697,3.310972833541235,3.410252332687378,233310456,0.0,0.0
2004-10-13 00:00:00-04:00,3.557186796163209,3.5628945690709655,3.476770523277136,3.497122287750244,395324280,0.0,0.0
2004-10-14 00:00:00-04:00,3.499852849480532,3.533855693399535,3.439043476927177,3.5244247913360596,208842948,0.0,0.0
2004-10-15 00:00:00-04:00,3.597146377515287,3.611293320275311,3.5231825088130173,3.5767934322357178,263895840,0.0,0.0
2004-10-18 00:00:00-04:00,3.554208747366334,3.703127762840384,3.5048168112191243,3.7021350860595703,280726992,0.0,0.0
2004-10-19 00:00:00-04:00,3.7353931355247827,3.7825511920769976,3.657210265785884,3.671854257583618,362197440,0.0,0.0
2004-10-20 00:00:00-04:00,3.6740874126474155,3.6979144902582135,3.4648558578195696,3.4869461059570312,454453092,0.0,0.0
2004-10-21 00:00:00-04:00,3.583992430234043,3.7262098067012226,3.514992648016622,3.707594871520996,582996420,0.0,0.0
2004-10-22 00:00:00-04:00,4.232783360779335,4.471798978897033,4.072446465854684,4.279692649841309,1474200324,0.0,0.0
2004-10-25 00:00:00-04:00,4.378227827891795,4.825731123974666,4.282671698858712,4.651247501373291,1309257432,0.0,0.0
2004-10-26 00:00:00-04:00,4.624937956129067,4.781303216594,4.4675804918954265,4.512256145477295,891391716,0.0,0.0
2004-10-27 00:00:00-04:00,4.535090519322311,4.703865419788941,4.511511255643835,4.6157546043396,533725740,0.0,0.0
2004-10-28 00:00:00-04:00,4.633376579861511,4.824738055662463,4.606571473265817,4.7976837158203125,593278128,0.0,0.0
2004-10-29 00:00:00-04:00,4.936428007632107,4.96273748970469,4.730671503959039,4.731664180755615,845653500,0.0,0.0
2004-11-01 00:00:00-05:00,4.803890175762094,4.906148179621196,4.747300978647223,4.865443229675293,488507004,0.0,0.0
2004-11-02 00:00:00-05:00,4.9336967059963035,4.945362430388716,4.798676598865925,4.836651802062988,453398148,0.0,0.0
2004-11-03 00:00:00-05:00,4.918804834630459,5.003689334025484,4.734393972634327,4.757228374481201,554992452,0.0,0.0
2004-11-04 00:00:00-05:00,4.6770596609901,4.725706492143318,4.5507258319865675,4.584232807159424,575807616,0.0,0.0
2004-11-05 00:00:00-05:00,4.516722932720103,4.524665292116014,4.183392125497039,4.203248023986816,792530676,0.0,0.0
2004-11-08 00:00:00-05:00,4.242464026629452,4.354400982645554,4.204489292876617,4.282671928405762,447224328,0.0,0.0
2004-11-09 00:00:00-05:00,4.3211431271753185,4.348444814523889,4.101983820197651,4.1871161460876465,442125432,0.0,0.0
2004-11-10 00:00:00-05:00,4.236010625772906,4.281927248524803,4.128292186720717,4.166267395019531,425334240,0.0,0.0
2004-11-11 00:00:00-05:00,4.197787068698542,4.56065414122134,4.159067948883255,4.542535781860352,598820580,0.0,0.0
2004-11-12 00:00:00-05:00,4.597387531319065,4.710815150508843,4.403047538882255,4.5172200202941895,669174156,0.0,0.0
2004-11-15 00:00:00-05:00,4.4787495002592745,4.674081710127864,4.436555298833543,4.5884528160095215,475583940,0.0,0.0
2004-11-16 00:00:00-05:00,4.405530548596009,4.454425198077246,4.239981485894158,4.282423973083496,835859304,0.0,0.0
2004-11-17 00:00:00-05:00,4.195058383405839,4.405530934153548,4.194561335603871,4.281431198120117,724590684,0.0,0.0
2004-11-18 00:00:00-05:00,4.2265786806284105,4.329084482806958,4.11339935840406,4.158324241638184,664518816,0.0,0.0
2004-11-19 00:00:00-05:00,4.197043446093723,4.218885172159155,4.133007992414708,4.204489231109619,350421228,0.0,0.0
2004-11-22 00:00:00-05:00,4.0821271076329255,4.206971211916298,4.003696193671471,4.097763538360596,494233272,0.0,0.0
2004-11-23 00:00:00-05:00,4.1689965319635345,4.23998167054769,4.132511995289163,4.157827854156494,496035468,0.0,0.0
2004-11-24 00:00:00-05:00,4.339012707883302,4.398332584937821,4.281678657010124,4.337522983551025,610628760,0.0,0.0
2004-11-26 00:00:00-05:00,4.363335817476066,4.468324504211964,4.3514222780698395,4.452439785003662,258944796,0.0,0.0
2004-11-29 00:00:00-05:00,4.4765156890001165,4.540798483142791,4.405778367916414,4.493640899658203,426237336,0.0,0.0
2004-11-30 00:00:00-05:00,4.485202004238848,4.542039959845622,4.473785039391048,4.516723155975342,307692000,0.0,0.0
2004-12-01 00:00:00-05:00,4.515977813263637,4.529629363416247,4.456410594115787,4.466587066650391,314249436,0.0,0.0
2004-12-02 00:00:00-05:00,4.465097854948098,4.505057941644499,4.431590876518132,4.452687740325928,250185564,0.0,0.0
2004-12-03 00:00:00-05:00,4.466338921285156,4.493889366918022,4.408012185205042,4.477508544921875,234533232,0.0,0.0
2004-12-06 00:00:00-05:00,4.445986376863326,4.484953310018924,4.368796426880229,4.375498294830322,249909840,0.0,0.0
2004-12-07 00:00:00-05:00,4.36829945629349,4.373263312029193,4.233031076997254,4.254872798919678,274561164,0.0,0.0
2004-12-08 00:00:00-05:00,4.22806875126713,4.310718681717005,4.187860370229785,4.218885898590088,301370328,0.0,0.0
2004-12-09 00:00:00-05:00,4.225586429403548,4.306250989479984,4.181406876809446,4.304512977600098,305853840,0.0,0.0
2004-12-10 00:00:00-05:00,4.304512136156712,4.340501034709535,4.251398503490011,4.26033353805542,172515312,0.0,0.0
2004-12-13 00:00:00-05:00,4.273239626942933,4.298307664224121,4.205728639697588,4.230549335479736,192551256,0.0,0.0
2004-12-14 00:00:00-05:00,4.244200835060687,4.438292540664906,4.209452894062148,4.435066223144531,443092464,0.0,0.0
2004-12-15 00:00:00-05:00,4.417692212384634,4.484706172720633,4.384681807081509,4.462120056152344,458381160,0.0,0.0
2004-12-16 00:00:00-05:00,4.3918788444800265,4.479741846000043,4.367059089479505,4.379965305328369,342569088,0.0,0.0
2004-12-17 00:00:00-05:00,4.3871628247396,4.479989683143681,4.3819511538208005,4.4695658683776855,295152552,0.0,0.0
2004-12-20 00:00:00-05:00,4.517220114949603,4.677556086215879,4.5139928515143675,4.592175483703613,392986620,0.0,0.0
2004-12-21 00:00:00-05:00,4.624194005022841,4.663161893506388,4.551968839527512,4.560655117034912,220431348,0.0,0.0
2004-12-22 00:00:00-05:00,4.564377064224151,4.637596310224744,4.54228799799315,4.6239447593688965,156123720,0.0,0.0
2004-12-23 00:00:00-05:00,4.652487558693466,4.681030676672191,4.6164991296112685,4.663656234741211,144439416,0.0,0.0
2004-12-27 00:00:00-05:00,4.694681347967971,4.7976842098298285,4.693440856748292,4.763185501098633,243919836,0.0,0.0
2004-12-28 00:00:00-05:00,4.768148722040197,4.803889336011654,4.74084609563677,4.784281253814697,165666168,0.0,0.0
2004-12-29 00:00:00-05:00,4.759958181572167,4.803145534835933,4.759958181572167,4.787756443023682,107016876,0.0,0.0
2004-12-30 00:00:00-05:00,4.789493958739066,4.920046790106857,4.761695700168335,4.904409885406494,235935828,0.0,0.0
2004-12-31 00:00:00-05:00,4.944866414608389,4.960998947847222,4.779317831697578,4.785026550292969,306433260,0.0,0.0
2005-01-03 00:00:00-05:00,4.899445722332966,5.054321724679223,4.851294520044957,5.0312395095825195,633134232,0.0,0.0
2005-01-04 00:00:00-05:00,4.998725703525029,5.036699963897833,4.802152533028159,4.827467918395996,549685764,0.0,0.0
2005-01-05 00:00:00-05:00,4.80140772876866,4.887035676510727,4.771128013415468,4.8028974533081055,329134536,0.0,0.0
2005-01-06 00:00:00-05:00,4.841863992864959,4.862215520114434,4.659189728499551,4.6797895431518555,415068516,0.0,0.0
2005-01-07 00:00:00-05:00,4.731663678482008,4.821263272519705,4.685498300736219,4.81133508682251,386129484,0.0,0.0
2005-01-10 00:00:00-05:00,4.827467403117566,4.916819178663141,4.761199261264251,4.841366767883301,301282416,0.0,0.0
2005-01-11 00:00:00-05:00,4.855266181679122,4.907140754197772,4.794705805801149,4.803640842437744,278069652,0.0,0.0
2005-01-12 00:00:00-05:00,4.823248724945842,4.862960522693307,4.728188697761921,4.84930944442749,326784888,0.0,0.0
2005-01-13 00:00:00-05:00,4.849310155282499,4.899198906582564,4.816299748123984,4.848069190979004,273702024,0.0,0.0
2005-01-14 00:00:00-05:00,4.864698355978967,4.964226143779668,4.818285159995309,4.96323299407959,385226388,0.0,0.0
2005-01-18 00:00:00-05:00,4.988053551500853,5.088574495604163,4.930719015549422,5.060776233673096,526377096,0.0,0.0
2005-01-19 00:00:00-05:00,5.079390072972614,5.095524026891698,4.882321262650809,4.896964073181152,449857692,0.0,0.0
2005-01-20 00:00:00-05:00,4.777828639007188,4.870903321154796,4.7654189966731355,4.81307315826416,359703936,0.0,0.0
2005-01-21 00:00:00-05:00,4.828460656852859,4.848813129653028,4.669117370967232,4.673088550567627,369965664,0.0,0.0
2005-01-24 00:00:00-05:00,4.683265374074977,4.699150095269952,4.4755235071834365,4.4854512214660645,560347092,0.0,0.0
2005-01-25 00:00:00-05:00,4.515730588290465,4.5231773192806894,4.375498797374719,4.396098613739014,425941632,0.0,0.0
2005-01-26 00:00:00-05:00,4.449461054392506,4.701135093523893,4.446482551461157,4.696915626525879,491823684,0.0,0.0
2005-01-27 00:00:00-05:00,4.685002549314398,4.687484004763833,4.596643912763172,4.668125152587891,264830904,0.0,0.0
2005-01-28 00:00:00-05:00,4.716275055479849,4.832431943123341,4.624937922654598,4.724217414855957,487839672,0.0,0.0
2005-01-31 00:00:00-05:00,4.80736412127901,4.87363368784775,4.758469471614832,4.855266094207764,383484132,0.0,0.0
2005-02-01 00:00:00-05:00,4.824489637580768,4.88107883053489,4.731415910670099,4.762936115264893,752806440,0.0,0.0
2005-02-02 00:00:00-05:00,5.34992712839219,5.380951705937567,5.054819318863494,5.111904144287109,1310660028,0.0,0.0
2005-02-03 00:00:00-05:00,5.112648534321767,5.295819844102804,5.108180779912539,5.233521461486816,519004476,0.0,0.0
2005-02-04 00:00:00-05:00,5.124561910707556,5.156331346579327,5.028508740916794,5.0721917152404785,592179228,0.0,0.0
2005-02-07 00:00:00-05:00,5.094531179816401,5.122825068981191,4.852537012828265,4.865443229675293,517897584,0.0,0.0
2005-02-08 00:00:00-05:00,4.888524889332995,4.964474348902739,4.828212333577928,4.930222511291504,458740800,0.0,0.0
2005-02-09 00:00:00-05:00,4.982841392087956,5.003689970241973,4.702376372128806,4.7549943923950195,686173140,0.0,0.0
2005-02-10 00:00:00-05:00,4.764672976484066,4.770629981699518,4.597883924376337,4.665641784667969,758548692,0.0,0.0
2005-02-11 00:00:00-05:00,4.632880381110894,4.773360924696225,4.618236153211593,4.651247501373291,524115360,0.0,0.0
2005-02-14 00:00:00-05:00,4.538316852132032,4.792224065904313,4.492400234572618,4.789990425109863,1540945512,0.0,0.0
2005-02-15 00:00:00-05:00,4.805130591684652,4.960006610205686,4.792224375040004,4.845587253570557,1030280688,0.0,0.0
2005-02-16 00:00:00-05:00,4.832432291984132,4.947348223829091,4.82250410558307,4.924514293670654,660630708,0.0,0.0
2005-02-17 00:00:00-05:00,4.910119104528137,4.957772789415934,4.884802301143824,4.911855697631836,416159424,0.0,0.0
2005-02-18 00:00:00-05:00,4.926996748117539,4.935186922649448,4.8810791810975545,4.913097381591797,339096564,0.0,0.0
2005-02-22 00:00:00-05:00,4.877107161728059,4.936674851740129,4.725458430740165,4.749781608581543,538808652,0.0,0.0
2005-02-23 00:00:00-05:00,4.797684021918039,4.826972004279681,4.682519810501249,4.813817501068115,622816560,0.0,0.0
2005-02-24 00:00:00-05:00,4.551223604474174,4.71205616505923,4.522928295457407,4.688229084014893,1031539428,0.0,0.0
2005-02-25 00:00:00-05:00,4.694681137094223,4.7137931191445155,4.604337154043411,4.613272190093994,398541060,0.0,0.0
2005-02-28 00:00:00-05:00,4.616500411038229,4.712553605523953,4.612777045060444,4.665891170501709,312423264,0.0,0.0
2005-03-01 00:00:00-05:00,4.698157533530181,4.709574026892133,4.517220774525942,4.6179890632629395,372075552,0.0,0.0
2005-03-02 00:00:00-05:00,4.615258098887695,4.65794840383011,4.5757955305876346,4.596147060394287,291128580,0.0,0.0
2005-03-03 00:00:00-05:00,4.619726455949261,4.6599343606035255,4.574553748332593,4.641568183898926,304039656,0.0,0.0
2005-03-04 00:00:00-05:00,4.6338733868470365,4.647524466076077,4.593416724014947,4.614017486572266,270693036,0.0,0.0
2005-03-07 00:00:00-05:00,4.660678914998394,4.705851146702103,4.642063506225818,4.686243534088135,346349304,0.0,0.0
2005-03-08 00:00:00-05:00,4.693441023415047,4.71205595922582,4.590935205672159,4.596643924713135,321522156,0.0,0.0
2005-03-09 00:00:00-05:00,4.57207136352806,4.5829922252834505,4.471551385856802,4.501086235046387,453961584,0.0,0.0
2005-03-10 00:00:00-05:00,4.492647591840142,4.4973636332831814,4.403047060777488,4.467082977294922,437981580,0.0,0.0
2005-03-11 00:00:00-05:00,4.478501447962461,4.4911589050763885,4.396843729567637,4.412976264953613,320810868,0.0,0.0
2005-03-14 00:00:00-05:00,4.426130343827114,4.427867409681878,4.283168357902158,4.343231678009033,445418136,0.0,0.0
2005-03-15 00:00:00-05:00,4.350927325568514,4.4675812824358365,4.323873924982944,4.433081150054932,416467116,0.0,0.0
2005-03-16 00:00:00-05:00,4.3856748426734615,4.433080715611349,4.34372940139332,4.358372211456299,283967748,0.0,0.0
2005-03-17 00:00:00-05:00,4.396347627934093,4.458644601327758,4.363336276061079,4.449958324432373,330093576,0.0,0.0
2005-03-18 00:00:00-05:00,4.438044620948067,4.477508607185288,4.425634505869443,4.468573570251465,283316400,0.0,0.0
2005-03-21 00:00:00-05:00,4.449460813491354,4.52143861717447,4.3993252058127625,4.489421367645264,299048652,0.0,0.0
2005-03-22 00:00:00-05:00,4.49686673307323,4.515729953607338,4.414217300095211,4.432831287384033,225042732,0.0,0.0
2005-03-23 00:00:00-05:00,4.417195561291192,4.473536938455416,4.417195561291192,4.442263603210449,193606200,0.0,0.0
2005-03-24 00:00:00-05:00,4.4849530237707205,4.488924203051307,4.447723158899175,4.448964595794678,148059792,0.0,0.0
2005-03-28 00:00:00-05:00,4.509277887691149,4.586716132844306,4.491158581181195,4.502824306488037,349170480,0.0,0.0
2005-03-29 00:00:00-05:00,4.4936410458401825,4.548989751188222,4.419677404736685,4.456907749176025,258661080,0.0,0.0
2005-03-30 00:00:00-05:00,4.483464839916195,4.503568551315298,4.457650991571205,4.478748798370361,249194556,0.0,0.0
2005-03-31 00:00:00-05:00,4.416699085156535,4.502079212858978,4.409004540177895,4.48023796081543,270473256,0.0,0.0
2005-04-01 00:00:00-05:00,4.511263874276361,4.540798728008124,4.467331660179575,4.468573570251465,247032720,0.0,0.0
2005-04-04 00:00:00-04:00,4.466338306214472,4.599621815298138,4.463609036626422,4.598876953125,322732944,0.0,0.0
2005-04-05 00:00:00-04:00,4.659437831197531,4.722231847435236,4.655466651291764,4.680286407470703,349118532,0.0,0.0
2005-04-06 00:00:00-04:00,4.69691629074959,4.707092292120982,4.655714764538888,4.696419715881348,209893896,0.0,0.0
2005-04-07 00:00:00-04:00,4.685497968209377,4.830445780260117,4.682023363572564,4.809101104736328,387300312,0.0,0.0
2005-04-08 00:00:00-04:00,4.807363251026893,4.842359001274824,4.751766742909833,4.766658782958984,204459336,0.0,0.0
2005-04-11 00:00:00-04:00,4.792472000888598,4.834914487549101,4.773360964095598,4.795947551727295,216203580,0.0,0.0
2005-04-12 00:00:00-04:00,4.790238854286921,4.8254824249433605,4.701135359208439,4.814065933227539,292491216,0.0,0.0
2005-04-13 00:00:00-04:00,4.801904049617854,4.823000912622611,4.709077663225563,4.788500785827637,261969768,0.0,0.0
2005-04-14 00:00:00-04:00,4.796940338718881,4.823993735745307,4.718260657173961,4.751767635345459,245861892,0.0,0.0
2005-04-15 00:00:00-04:00,4.718260271658467,4.724217277481522,4.583240166190838,4.591679573059082,462632904,0.0,0.0
2005-04-18 00:00:00-04:00,4.581255046050621,4.6631610427163,4.554201649857655,4.6405744552612305,261749988,0.0,0.0
2005-04-19 00:00:00-04:00,4.699148911792674,4.765417995896168,4.666882429715036,4.750526428222656,336862800,0.0,0.0
2005-04-20 00:00:00-04:00,4.928733111947065,4.9763882157972175,4.8624649647863665,4.9168195724487305,617441940,0.0,0.0
2005-04-21 00:00:00-04:00,4.974403254553536,5.088077764992367,4.947101092874601,5.068718910217285,709365924,0.0,0.0
2005-04-22 00:00:00-04:00,5.532353357262846,5.559655989282462,5.317910102251172,5.356380939483643,1326875796,0.0,0.0
2005-04-25 00:00:00-04:00,5.406268334899853,5.578021745084662,5.398821604176582,5.547989845275879,792806400,0.0,0.0
2005-04-26 00:00:00-04:00,5.465836335864343,5.510015891470265,5.417933887618647,5.429350852966309,690189120,0.0,0.0
2005-04-27 00:00:00-04:00,5.4104876800787345,5.48147282004129,5.379463101528307,5.454915523529053,410181408,0.0,0.0
2005-04-28 00:00:00-04:00,5.447965382854921,5.512001306954874,5.403537543133513,5.446724891662598,346964688,0.0,0.0
2005-04-29 00:00:00-04:00,5.507782151157365,5.516221560375834,5.4062694657823664,5.460377216339111,366441192,0.0,0.0
2005-05-02 00:00:00-04:00,5.5112568109843325,5.552209102618143,5.465588004107212,5.517213344573975,390305304,0.0,0.0
2005-05-03 00:00:00-04:00,5.506292378474654,5.66265668929931,5.493137875539083,5.614009857177734,710496792,0.0,0.0
2005-05-04 00:00:00-04:00,5.639823128623948,5.705596120515445,5.634115355613949,5.67134428024292,482856660,0.0,0.0
2005-05-05 00:00:00-04:00,5.674322830668704,5.674322830668704,5.606317143175284,5.633618354797363,300083616,0.0,0.0
2005-05-06 00:00:00-04:00,5.668863065340623,5.689959929787064,5.620960144410314,5.659430980682373,270285444,0.0,0.0
2005-05-09 00:00:00-04:00,5.658935162331963,5.671344331057725,5.595147050416029,5.609791278839111,221250528,0.0,0.0
2005-05-10 00:00:00-04:00,5.596140090771474,5.653971195220947,5.577525628653835,5.653971195220947,253578168,0.0,0.0
2005-05-11 00:00:00-04:00,5.683010129820257,5.757717686915669,5.657197696502956,5.740592002868652,458692848,0.0,0.0
2005-05-12 00:00:00-04:00,5.728678651983928,5.763923643857185,5.6638992791313365,5.67680549621582,357570072,0.0,0.0
2005-05-13 00:00:00-04:00,5.688222319124476,5.735628191675472,5.6420578836932265,5.689711570739746,296323380,0.0,0.0
2005-05-16 00:00:00-04:00,5.700632273105887,5.748782533641603,5.673082301321855,5.734635353088379,227028744,0.0,0.0
2005-05-17 00:00:00-04:00,5.722474384733077,5.794203442002712,5.713538874691192,5.786261081695557,312043644,0.0,0.0
2005-05-18 00:00:00-04:00,5.798173733176845,5.956028238311324,5.795940092473059,5.935924053192139,491987520,0.0,0.0
2005-05-19 00:00:00-04:00,5.9652128005327585,5.985812617232206,5.9138352743199425,5.936420917510986,388271340,0.0,0.0
2005-05-20 00:00:00-04:00,5.986805002511444,5.998222913121637,5.948086353559096,5.99673318862915,326213460,0.0,0.0
2005-05-23 00:00:00-04:00,6.035203568551158,6.406012992226265,6.024034892054373,6.340240478515625,854676468,0.0,0.0
2005-05-24 00:00:00-04:00,6.377717974288549,6.588191446409885,6.291841744437319,6.353890895843506,1160562276,0.0,0.0
2005-05-25 00:00:00-04:00,6.272730839962763,6.477494651868861,6.220608454490801,6.473275184631348,721593684,0.0,0.0
2005-05-26 00:00:00-04:00,6.476998245295759,6.546494125418109,6.410976970008174,6.433314323425293,541322136,0.0,0.0
2005-05-27 00:00:00-04:00,6.464587849812335,6.603331326758316,6.434556423633379,6.602090835571289,486876636,0.0,0.0
2005-05-31 00:00:00-04:00,6.687221919539868,6.909856736705315,6.6857331410072955,6.881810665130615,888582528,0.0,0.0
2005-06-01 00:00:00-04:00,7.028992167522305,7.269497057841383,6.9997051317047765,7.148127555847168,1406260332,0.0,0.0
2005-06-02 00:00:00-04:00,7.166245914940453,7.192307580922738,7.063740100494695,7.145646572113037,718245036,0.0,0.0
2005-06-03 00:00:00-04:00,7.118096742796118,7.180394661994689,6.885285888813089,6.956023216247559,750540708,0.0,0.0
2005-06-06 00:00:00-04:00,7.008888353514008,7.290842120825373,6.9949894606037075,7.22109842300415,900134964,0.0,0.0
2005-06-07 00:00:00-04:00,7.37398948412488,7.435790825668807,7.205214096065634,7.275205612182617,971947080,0.0,0.0
2005-06-08 00:00:00-04:00,7.2685054156891695,7.276943877982981,6.899929575765585,6.938648700714111,1027007964,0.0,0.0
2005-06-09 00:00:00-04:00,7.066719065244318,7.160538609681294,6.963468381805618,7.106183052062988,656986356,0.0,0.0
2005-06-10 00:00:00-04:00,7.123059941291773,7.13025743874583,6.950065566910448,7.0116190910339355,507356136,0.0,0.0
2005-06-13 00:00:00-04:00,6.9451019688402535,7.053564792944836,6.863195967593874,7.017824172973633,511615872,0.0,0.0
2005-06-14 00:00:00-04:00,6.914573549324051,6.980345597837715,6.893724972403301,6.908616542816162,403272324,0.0,0.0
2005-06-15 00:00:00-04:00,6.8254699487083865,6.882554774042055,6.637582580060141,6.820505619049072,834488676,0.0,0.0
2005-06-16 00:00:00-04:00,6.80710175681737,6.907374396960462,6.77756690644795,6.8860297203063965,497997504,0.0,0.0
2005-06-17 00:00:00-04:00,6.9247490249002785,6.957015037536621,6.847806885630138,6.957015037536621,416958624,0.0,0.0
2005-06-20 00:00:00-04:00,6.852523524371419,7.139937741316548,6.744308512668636,7.115862846374512,840147012,0.0,0.0
2005-06-21 00:00:00-04:00,7.1498651745380695,7.205213402307831,7.072923036674853,7.144156455993652,604686708,0.0,0.0
2005-06-22 00:00:00-04:00,7.189577496734409,7.255349543863268,7.164757740307114,7.180394172668457,418541040,0.0,0.0
2005-06-23 00:00:00-04:00,7.148127864145236,7.3171515287593705,7.110898467500349,7.190569877624512,561693744,0.0,0.0
2005-06-24 00:00:00-04:00,7.220105552345498,7.396326238369375,7.187343437931989,7.377712249755859,710137152,0.0,0.0
2005-06-27 00:00:00-04:00,7.418665418928014,7.556911863135593,7.29357347952898,7.547728538513184,711403884,0.0,0.0
2005-06-28 00:00:00-04:00,7.601835594413281,7.675549994642895,7.495606422424316,7.495606422424316,760698540,0.0,0.0
2005-06-29 00:00:00-04:00,7.508015925719434,7.55467740609878,7.251130205616724,7.26527738571167,731216052,0.0,0.0
2005-06-30 00:00:00-04:00,7.305486324789801,7.41940957509497,7.2235803274337504,7.300770282745361,603172224,0.0,0.0
2005-07-01 00:00:00-04:00,7.32286003527721,7.352644123091149,7.178409242971939,7.228793621063232,368734896,0.0,0.0
2005-07-05 00:00:00-04:00,7.249889858816275,7.346190851614489,7.203476191993066,7.339488983154297,299460240,0.0,0.0
2005-07-06 00:00:00-04:00,7.3789531860950675,7.386398498232606,7.232019527789802,7.2354936599731445,319691988,0.0,0.0
2005-07-07 00:00:00-04:00,7.182627556496877,7.341722563114516,7.1607863040426185,7.335269927978516,426457116,0.0,0.0
2005-07-08 00:00:00-04:00,7.352893063072491,7.383917642964064,7.298289688960493,7.352396488189697,298005696,0.0,0.0
2005-07-11 00:00:00-04:00,7.356615018473346,7.36157887527402,7.2230846221360165,7.280914783477783,335276388,0.0,0.0
2005-07-12 00:00:00-04:00,7.281907264595292,7.306974835350841,7.220850787144981,7.241947650909424,234361404,0.0,0.0
2005-07-13 00:00:00-04:00,7.260065453589948,7.427103295673704,7.249889925883828,7.417672157287598,457058484,0.0,0.0
2005-07-14 00:00:00-04:00,7.578504855146913,7.613500612446029,7.4477042041731,7.468056678771973,426281292,0.0,0.0
2005-07-15 00:00:00-04:00,7.4767439281070205,7.530355094109393,7.440506260642607,7.4755024909973145,337198464,0.0,0.0
2005-07-18 00:00:00-04:00,7.445967724178479,7.4931253124646355,7.390122440114231,7.4345502853393555,248063688,0.0,0.0
2005-07-19 00:00:00-04:00,7.498088162296429,7.702852915215429,7.490642850578341,7.691683292388916,504351144,0.0,0.0
2005-07-20 00:00:00-04:00,7.584213352817042,7.758945265578337,7.490643048661987,7.743805408477783,571843584,0.0,0.0
2005-07-21 00:00:00-04:00,7.794685209660349,7.887759876791319,7.724196655447448,7.79195499420166,790784424,0.0,0.0
2005-07-22 00:00:00-04:00,7.604068799844801,7.675550032633128,7.354877634681779,7.5055341720581055,934536528,0.0,0.0
2005-07-25 00:00:00-04:00,7.505286952034809,7.5276252556779655,7.32087511375311,7.342965602874756,385965648,0.0,0.0
2005-07-26 00:00:00-04:00,7.322116188936966,7.39632669816851,7.249641799943439,7.348921298980713,392283324,0.0,0.0
2005-07-27 00:00:00-04:00,7.389873763535468,7.402035117420739,7.257335105643155,7.369770050048828,288427284,0.0,0.0
2005-07-28 00:00:00-04:00,7.381683780785096,7.381683780785096,7.279176546759933,7.284637451171875,236786976,0.0,0.0
2005-07-29 00:00:00-04:00,7.250882969473126,7.268256468484308,7.123060344820377,7.142171382904053,334197468,0.0,0.0
2005-08-01 00:00:00-04:00,7.1511056067109955,7.259817180918854,7.150609977766815,7.237727642059326,226269504,0.0,0.0
2005-08-02 00:00:00-04:00,7.23747978452721,7.4340529638925945,7.2255662441739,7.425862789154053,291316392,0.0,0.0
2005-08-03 00:00:00-04:00,7.396326478043598,7.439017725448025,7.33675878039405,7.378952980041504,236986776,0.0,0.0
2005-08-04 00:00:00-04:00,7.335517814063926,7.421146231619493,7.328072502136514,7.3896260261535645,209250540,0.0,0.0
2005-08-05 00:00:00-04:00,7.383917562347853,7.408985608014512,7.230282497501889,7.256094932556152,237350412,0.0,0.0
2005-08-08 00:00:00-04:00,7.287119413657554,7.338001312476408,7.2099303969763024,7.228793621063232,179092728,0.0,0.0
2005-08-09 00:00:00-04:00,7.246414774177294,7.264285321054627,7.160786824166365,7.236735820770264,230940828,0.0,0.0
2005-08-10 00:00:00-04:00,7.23003399704529,7.255598615163888,7.0706897550126255,7.090545654296875,274884840,0.0,0.0
2005-08-11 00:00:00-04:00,7.095758166470994,7.11288432386265,6.9649579847518,7.050089359283447,300295404,0.0,0.0
2005-08-12 00:00:00-04:00,7.032963788212642,7.202731372526433,6.990273486486772,7.190817832946777,263172564,0.0,0.0
2005-08-15 00:00:00-04:00,7.192803783164726,7.2665196086495545,7.043139437132396,7.048848628997803,326661012,0.0,0.0
2005-08-16 00:00:00-04:00,7.07068979750206,7.14291589760477,7.032467723194656,7.089800834655762,284083632,0.0,0.0
2005-08-17 00:00:00-04:00,7.086326417572871,7.112634951180184,7.048848261165624,7.076150417327881,155176668,0.0,0.0
2005-08-18 00:00:00-04:00,6.848055472288785,6.961978717398176,6.825469358601842,6.949320316314697,474437088,0.0,0.0
2005-08-19 00:00:00-04:00,6.974140688950619,6.985557180339702,6.940136664618947,6.949568748474121,221494284,0.0,0.0
2005-08-22 00:00:00-04:00,6.9803445860791005,6.986053777262006,6.784516301763911,6.800897121429443,272247480,0.0,0.0
2005-08-23 00:00:00-04:00,6.854260580243968,6.9431162601719665,6.803627919642471,6.939144134521484,232635132,0.0,0.0
2005-08-24 00:00:00-04:00,6.889256479069365,7.067463471587778,6.861458219936951,7.013355731964111,343380276,0.0,0.0
2005-08-25 00:00:00-04:00,7.01285944664361,7.04884835200321,6.9488239954688025,7.013852596282959,174888936,0.0,0.0
2005-08-26 00:00:00-04:00,7.035941617799919,7.074165109602243,7.015590090106944,7.038424491882324,150061788,0.0,0.0
2005-08-29 00:00:00-04:00,7.00516583052138,7.1759265718417415,7.00516583052138,7.159296989440918,235883880,0.0,0.0
2005-08-30 00:00:00-04:00,7.132987677277818,7.185605688724516,7.095509049099426,7.130009174346924,191488320,0.0,0.0
2005-08-31 00:00:00-04:00,7.153836556265472,7.160537951680875,7.057783379620815,7.098487854003906,201158640,0.0,0.0
2005-09-01 00:00:00-04:00,7.096254950478664,7.135718937771211,7.07366883364721,7.104693412780762,109574316,0.0,0.0
2005-09-02 00:00:00-04:00,7.111146727148876,7.19752001104884,7.109409188095308,7.159296989440918,137242620,0.0,0.0
2005-09-06 00:00:00-04:00,7.172947847978317,7.182627746795586,7.118344006003374,7.126038551330566,168323508,0.0,0.0
2005-09-07 00:00:00-04:00,7.095758516390945,7.33427809228363,7.080618657676784,7.318641185760498,299680020,0.0,0.0
2005-09-08 00:00:00-04:00,7.317647890181156,7.4280960657659145,7.2811624086168365,7.331546783447266,264267468,0.0,0.0
2005-09-09 00:00:00-04:00,7.3784559632807225,7.423628666232521,7.360585890374992,7.4233808517456055,175444380,0.0,0.0
2005-09-12 00:00:00-04:00,7.489401482966996,7.7294098230978365,7.470787492931232,7.687712669372559,415044540,0.0,0.0
2005-09-13 00:00:00-04:00,7.669345826918832,7.831419341283684,7.59910555256824,7.735863208770752,411584004,0.0,0.0
2005-09-14 00:00:00-04:00,7.662643877851805,7.775574446392837,7.453412321495936,7.520426273345947,450580968,0.0,0.0
2005-09-15 00:00:00-04:00,7.434052294459014,7.613500245893765,7.3940926823766615,7.5109944343566895,618029352,0.0,0.0
2005-09-16 00:00:00-04:00,7.545741855360011,7.5576553938193065,7.442739003176384,7.450930595397949,302888808,0.0,0.0
2005-09-19 00:00:00-04:00,7.4707866943581,7.594885938424644,7.463588251510235,7.540033340454102,230245524,0.0,0.0
2005-09-20 00:00:00-04:00,7.598609040531658,7.726431669163634,7.5757751090918894,7.642292022705078,373665960,0.0,0.0
2005-09-21 00:00:00-04:00,7.654702371740395,7.787488853235071,7.593894179352817,7.741323471069336,404383212,0.0,0.0
2005-09-22 00:00:00-04:00,7.731395282172445,7.923005075354909,7.6983853503083175,7.728168964385986,519735744,0.0,0.0
2005-09-23 00:00:00-04:00,7.768625863509288,7.8731175127782365,7.758450334983446,7.827200889587402,339012648,0.0,0.0
2005-09-26 00:00:00-04:00,7.929953744026183,7.965943595503159,7.757704706900805,7.800394535064697,395380224,0.0,0.0
2005-09-27 00:00:00-04:00,7.817023508114475,7.902899732581893,7.77805562951591,7.79195499420166,274649076,0.0,0.0
2005-09-28 00:00:00-04:00,7.798905267264549,7.8207469939129215,7.584958593237233,7.594886779785156,319576104,0.0,0.0
2005-09-29 00:00:00-04:00,7.611763851460247,7.712036024789165,7.596871808738883,7.684733867645264,224327448,0.0,0.0
2005-09-30 00:00:00-04:00,7.79890473076184,7.880314152312139,7.751002759157574,7.854501247406006,365685948,0.0,0.0
2005-10-03 00:00:00-04:00,7.784261482069473,7.945094489742496,7.763412907737457,7.90960168838501,366045588,0.0,0.0
2005-10-04 00:00:00-04:00,7.941123828749932,7.974134233206523,7.712532453029204,7.7189860343933105,365406228,0.0,0.0
2005-10-05 00:00:00-04:00,7.760931114283344,7.815782769896509,7.644525934578925,7.711788177490234,332802864,0.0,0.0
2005-10-06 00:00:00-04:00,7.796920798967353,7.805360207773299,7.696400322514832,7.76242208480835,319432248,0.0,0.0
2005-10-07 00:00:00-04:00,7.81305247915225,7.8597139573128905,7.707567696728712,7.76837682723999,270541188,0.0,0.0
2005-10-10 00:00:00-04:00,7.776319817704771,7.8137970298574135,7.673068194687376,7.710298538208008,222665112,0.0,0.0
2005-10-11 00:00:00-04:00,7.709305175922024,7.759937360330863,7.5665905270332,7.597367286682129,341362296,0.0,0.0
2005-10-12 00:00:00-04:00,7.5750299590277494,7.624420706625034,7.421145687342792,7.470041751861572,371875752,0.0,0.0
2005-10-13 00:00:00-04:00,7.495607025017296,7.495607025017296,7.21464498307762,7.382427215576172,422285292,0.0,0.0
2005-10-14 00:00:00-04:00,7.443485001818904,7.451675649434282,7.260810717552438,7.350162506103516,340423236,0.0,0.0
2005-10-17 00:00:00-04:00,7.383917098595418,7.575030785611671,7.310946134341249,7.570066928863525,302365332,0.0,0.0
2005-10-18 00:00:00-04:00,7.56907284632053,7.6435325800796114,7.513972435250329,7.5273756980896,282828888,0.0,0.0
2005-10-19 00:00:00-04:00,7.545246100841619,7.690939257443307,7.544253424156406,7.661899089813232,280147572,0.0,0.0
2005-10-20 00:00:00-04:00,7.693917719465297,7.722212080616951,7.475998927300654,7.525390625,555911532,0.0,0.0
2005-10-21 00:00:00-04:00,8.582717799546462,8.5983537582241,8.265022473395382,8.436280250549316,914780304,0.0,0.0
2005-10-24 00:00:00-04:00,8.522405366038823,8.669587306492767,8.493116909952937,8.653453826904297,376890732,0.0,0.0
2005-10-25 00:00:00-04:00,8.582222036679173,8.622430412837367,8.509747644621557,8.610267639160156,274856868,0.0,0.0
2005-10-26 00:00:00-04:00,8.594630561758171,8.83587984148964,8.592396448087507,8.821980476379395,355943700,0.0,0.0
2005-10-27 00:00:00-04:00,8.850773371445788,8.862934253223335,8.728659466101744,8.762909889221191,205170624,0.0,0.0
2005-10-28 00:00:00-04:00,8.817763118756904,8.909099788983351,8.81155735172583,8.889739990234375,235903860,0.0,0.0
2005-10-31 00:00:00-05:00,8.94111513805483,9.3012519624382,8.922997253260887,9.236472129821777,573142284,0.0,0.0
2005-11-01 00:00:00-05:00,9.229523252462862,9.528354386572223,9.158785466047734,9.416168212890625,653589756,0.0,0.0
2005-11-02 00:00:00-05:00,9.473751552473825,9.55565802776833,9.361318492692286,9.423616409301758,422193384,0.0,0.0
2005-11-03 00:00:00-05:00,9.491373498438701,9.594871980535363,9.465807936604437,9.579235076904297,297638064,0.0,0.0
2005-11-04 00:00:00-05:00,9.679261017093106,9.724185436210828,9.566827007902363,9.690430641174316,352643004,0.0,0.0
2005-11-07 00:00:00-05:00,9.806337308636648,9.865161085994046,9.73311948320437,9.804600715637207,383276340,0.0,0.0
2005-11-08 00:00:00-05:00,9.78524143880443,9.818500604807614,9.644513066520565,9.677275657653809,315584100,0.0,0.0
2005-11-09 00:00:00-05:00,9.597107387719657,9.63731576713326,9.382663643370746,9.410462379455566,418257324,0.0,0.0
2005-11-10 00:00:00-05:00,9.390853267889339,9.713264673712471,9.367771521823272,9.707058906555176,364782852,0.0,0.0
2005-11-11 00:00:00-05:00,9.806834914235058,9.851013996121587,9.651214032079773,9.689684867858887,282273444,0.0,0.0
2005-11-14 00:00:00-05:00,9.732375365367716,9.883775837267978,9.717731609278328,9.852751731872559,312003684,0.0,0.0
2005-11-15 00:00:00-05:00,9.788466595699749,9.853495195383495,9.70333570180823,9.749252319335938,344651004,0.0,0.0
2005-11-16 00:00:00-05:00,9.833640520707473,9.89941256884506,9.781766893199677,9.882039070129395,347460192,0.0,0.0
2005-11-17 00:00:00-05:00,9.972630422829749,10.022518692170356,9.916289518621827,10.013583183288574,368119512,0.0,0.0
2005-11-18 00:00:00-05:00,10.014577365765899,10.039646356115037,9.92423290145152,9.933168411254883,280742976,0.0,0.0
2005-11-21 00:00:00-05:00,9.907355174750327,10.175658828659126,9.76637899041654,10.160269737243652,412990596,0.0,0.0
2005-11-22 00:00:00-05:00,10.142645938986613,10.357587152764227,10.082583090448285,10.336737632751465,383456160,0.0,0.0
2005-11-23 00:00:00-05:00,10.350886233652819,10.541503821811178,10.319614313980258,10.495338439941406,402996600,0.0,0.0
2005-11-25 00:00:00-05:00,10.567813752063673,10.641528167413295,10.555899737952453,10.638301849365234,193410396,0.0,0.0
2005-11-28 00:00:00-05:00,10.668083429095498,10.703327942383401,10.484913545010674,10.510725975036621,439895664,0.0,0.0
2005-11-29 00:00:00-05:00,10.535051530460214,10.583203217642883,9.981072555328252,10.015820503234863,858972168,0.0,0.0
2005-11-30 00:00:00-05:00,10.03369027114138,10.13768440542565,9.817756804177359,10.049822807312012,623240136,0.0,0.0
2005-12-01 00:00:00-05:00,10.15629943105358,10.311174988333711,10.133713313756799,10.277668952941895,389406204,0.0,0.0
2005-12-02 00:00:00-05:00,10.348405338697354,10.41268860936149,10.271960240359343,10.367268562316895,301438260,0.0,0.0
2005-12-05 00:00:00-05:00,10.34989222567521,10.362302811438308,10.034183230431493,10.073150634765625,411164424,0.0,0.0
2005-12-06 00:00:00-05:00,10.143888645140494,10.335250611388984,9.970149882964554,10.040637969970703,604406988,0.0,0.0
2005-12-07 00:00:00-05:00,10.0808445995187,10.094248335304103,9.903382958981167,10.032694816589355,466169364,0.0,0.0
2005-12-08 00:00:00-05:00,10.059500508340395,10.19228744506836,9.99347876167723,10.19228744506836,356043600,0.0,0.0
2005-12-09 00:00:00-05:00,10.300254286660616,10.319615032178918,10.140414869767158,10.156299591064453,305430264,0.0,0.0
2005-12-12 00:00:00-05:00,10.291071415704792,10.305467357504806,10.174914515002252,10.240935325622559,277725996,0.0,0.0
2005-12-13 00:00:00-05:00,10.238202451127238,10.374711325296794,10.216857303344943,10.362053871154785,326225448,0.0,0.0
2005-12-14 00:00:00-05:00,10.35088443717293,10.417650569975871,10.312414553434035,10.398538589477539,264950784,0.0,0.0
2005-12-15 00:00:00-05:00,10.402262639645295,10.502286987806936,10.337482804591922,10.487642288208008,241590168,0.0,0.0
2005-12-16 00:00:00-05:00,10.556892987313901,10.734603429864716,10.492608765124967,10.676277160644531,652566780,0.0,0.0
2005-12-19 00:00:00-05:00,10.72715687480581,11.074883188635932,10.427083776882606,10.538525581359863,876594528,0.0,0.0
2005-12-20 00:00:00-05:00,10.619437592082233,10.727156500082922,10.540261806413167,10.666099548339844,402984612,0.0,0.0
2005-12-21 00:00:00-05:00,10.760663000281385,10.842816339675602,10.441975464105486,10.581462860107422,448427124,0.0,0.0
2005-12-22 00:00:00-05:00,10.71648224464715,10.743535639384977,10.57153442713095,10.723184585571289,301562136,0.0,0.0
2005-12-23 00:00:00-05:00,10.725915503202039,10.734602252537451,10.64227243585884,10.695634841918945,183620196,0.0,0.0
2005-12-27 00:00:00-05:00,10.718717558503545,10.718717558503545,10.492857345951714,10.539518356323242,267843888,0.0,0.0
2005-12-28 00:00:00-05:00,10.532072528304331,10.617453142213071,10.455627424871016,10.590399742126465,284431284,0.0,0.0
2005-12-29 00:00:00-05:00,10.622414337552415,10.64102974324717,10.403752131713903,10.428074836730957,277554168,0.0,0.0
2005-12-30 00:00:00-05:00,10.356592744204402,10.379924189453916,10.268978991335494,10.29677677154541,303180516,0.0,0.0
2006-01-03 00:00:00-05:00,10.486901176590417,10.813282352462025,10.380175409835632,10.802361488342285,524323152,0.0,0.0
2006-01-04 00:00:00-05:00,11.01754878318246,11.143136808580039,10.91454592592728,11.050806999206543,610844544,0.0,0.0
2006-01-05 00:00:00-05:00,11.069671733678108,11.207421604350275,10.95798211251162,11.199727058410645,431899668,0.0,0.0
2006-01-06 00:00:00-05:00,11.33946297308168,11.677758146868793,11.249367267135408,11.55763053894043,709565724,0.0,0.0
2006-01-09 00:00:00-05:00,11.576243782574403,11.74973472600561,11.44047928291601,11.58840560913086,511164324,0.0,0.0
2006-01-10 00:00:00-05:00,11.526851330208814,11.671551329425117,11.46778068607805,11.659390449523926,363520116,0.0,0.0
2006-01-11 00:00:00-05:00,11.696868362505391,11.792176671338613,11.644994741159074,11.705803871154785,359935704,0.0,0.0
2006-01-12 00:00:00-05:00,11.75767866056367,11.789200288042082,11.454380182881746,11.507246017456055,404606988,0.0,0.0
2006-01-13 00:00:00-05:00,11.52412157638147,11.588157973506485,11.457108567904466,11.572273254394531,305957736,0.0,0.0
2006-01-17 00:00:00-05:00,11.493098399202522,11.662866466620171,11.479944367614669,11.593618392944336,330481188,0.0,0.0
2006-01-18 00:00:00-05:00,11.101936252103513,11.351623524755604,11.001415322862279,11.042616844177246,818608572,0.0,0.0
2006-01-19 00:00:00-05:00,11.197989178769479,11.255571994804825,10.747012224103257,10.832639694213867,580910508,0.0,0.0
2006-01-20 00:00:00-05:00,10.888485392075241,10.92149579561821,9.797402644437664,9.914552688598633,1643023332,0.0,0.0
2006-01-23 00:00:00-05:00,10.11112674865342,10.632591782413177,10.070173041549987,10.610502243041992,908746344,0.0,0.0
2006-01-24 00:00:00-05:00,10.822216701444837,11.04360962598314,10.783745866638645,10.995955467224121,617965416,0.0,0.0
2006-01-25 00:00:00-05:00,11.200224197066982,11.273938606753832,10.653193548621728,10.747013092041016,748842408,0.0,0.0
2006-01-26 00:00:00-05:00,10.909333627792643,10.920503250808887,10.512712222823016,10.778532981872559,516526956,0.0,0.0
2006-01-27 00:00:00-05:00,10.79665298103351,10.876572214590533,10.647236911185125,10.759174346923828,337749912,0.0,0.0
2006-01-30 00:00:00-05:00,10.653441055705866,10.75396199218303,10.548453783194404,10.59362506866455,343212444,0.0,0.0
2006-01-31 00:00:00-05:00,10.686700392269524,10.910824013487566,10.522889333909804,10.73857307434082,881757360,0.0,0.0
2006-02-01 00:00:00-05:00,9.655681167207044,9.977595029495342,9.618203481693254,9.972135543823242,1083815100,0.0,0.0
2006-02-02 00:00:00-05:00,10.022766571025409,10.089283942343943,9.828177367091966,9.829667091369629,471835692,0.0,0.0
2006-02-03 00:00:00-05:00,9.769604416115346,9.776553625968146,9.247146229053744,9.470027923583984,730540728,0.0,0.0
2006-02-06 00:00:00-05:00,9.563351472271382,9.67727520062409,9.42063680724776,9.55813980102539,357258384,0.0,0.0
2006-02-07 00:00:00-05:00,9.505768185316951,9.523390441677101,9.018305796217867,9.131731986999512,664542792,0.0,0.0
2006-02-08 00:00:00-05:00,9.145632797891793,9.200485874738781,8.802870351613063,9.160524368286133,831331836,0.0,0.0
2006-02-09 00:00:00-05:00,9.213142662148918,9.292565311007715,8.83861080287625,8.904630661010742,476019504,0.0,0.0
2006-02-10 00:00:00-05:00,8.983559568898766,9.04685063682958,8.764895427234634,8.999939918518066,608331060,0.0,0.0
2006-02-13 00:00:00-05:00,8.603566932335058,8.701853755837433,8.485672496202843,8.580235481262207,787923288,0.0,0.0
2006-02-14 00:00:00-05:00,8.571055087026819,8.72890917430642,8.49833286580031,8.521166801452637,585573840,0.0,0.0
2006-02-15 00:00:00-05:00,8.470283279709454,8.587682085110357,8.384902674274922,8.497833251953125,517362120,0.0,0.0
2006-02-16 00:00:00-05:00,8.579489726985859,9.108898021337263,8.550202219948686,9.09549617767334,851767380,0.0,0.0
2006-02-17 00:00:00-05:00,9.179884175370965,9.236472893779062,9.025007697307537,9.15233325958252,572235192,0.0,0.0
2006-02-21 00:00:00-05:00,9.094999573334317,9.271221208081565,9.061989170977592,9.098723411560059,347092560,0.0,0.0
2006-02-22 00:00:00-05:00,9.112622193446471,9.157297849505573,9.030965426710537,9.071420669555664,258788952,0.0,0.0
2006-02-23 00:00:00-05:00,9.074399143006776,9.462334757245817,9.06893965735208,9.383655548095703,501561936,0.0,0.0
2006-02-24 00:00:00-05:00,9.364545346339545,9.433295902421738,9.26998140905548,9.367026329040527,259112628,0.0,0.0
2006-02-27 00:00:00-05:00,9.463079037889209,9.721950592232933,9.438507569297952,9.689188003540039,408079512,0.0,0.0
2006-02-28 00:00:00-05:00,9.759180271302528,9.866898227810493,8.401780222985487,9.000188827514648,1575926496,0.0,0.0
2006-03-01 00:00:00-05:00,9.147619481953715,9.169709026260971,8.967428048888799,9.05429744720459,481965552,0.0,0.0
2006-03-02 00:00:00-05:00,9.041388318865339,9.458859239231087,8.989763455183418,9.3434476852417,732478788,0.0,0.0
2006-03-03 00:00:00-05:00,9.538281984323936,9.611252937576774,9.326320225507185,9.386384963989258,478001520,0.0,0.0
2006-03-06 00:00:00-05:00,9.45414408189007,9.515946370431719,9.112374777855484,9.136201858520508,357230412,0.0,0.0
2006-03-07 00:00:00-05:00,9.059756647544393,9.144888494979035,8.889244192318735,9.045608520507812,414736848,0.0,0.0
2006-03-08 00:00:00-05:00,8.784502263129406,8.935903654081033,8.700362634137397,8.7832612991333,469354176,0.0,0.0
2006-03-09 00:00:00-05:00,8.82074058723489,8.898674456239068,8.475991872188482,8.513221740722656,555859584,0.0,0.0
2006-03-10 00:00:00-05:00,8.525632289059539,8.550452519343043,8.229034273306322,8.376712799072266,772250976,0.0,0.0
2006-03-13 00:00:00-05:00,8.461844971215093,8.590163689012945,8.325831708296317,8.365791320800781,545150304,0.0,0.0
2006-03-14 00:00:00-05:00,8.367778475742835,8.745784511975241,8.255592280165137,8.715753555297852,737289972,0.0,0.0
2006-03-15 00:00:00-05:00,8.70607216723467,8.744046427818366,8.451917595609155,8.55045223236084,510241248,0.0,0.0
2006-03-16 00:00:00-05:00,8.652460450709363,8.655934582297508,8.386639726740517,8.408232688903809,400267332,0.0,0.0
2006-03-17 00:00:00-05:00,8.408979363128067,8.482942538085767,8.312926645247208,8.433550834655762,341725932,0.0,0.0
2006-03-20 00:00:00-05:00,8.496839858364435,8.689194008150608,8.476983488455842,8.642035484313965,415887696,0.0,0.0
2006-03-21 00:00:00-05:00,8.687209735351995,8.728161552552216,8.415927592821221,8.436777114868164,392850756,0.0,0.0
2006-03-22 00:00:00-05:00,8.432558157481488,8.540524895400768,8.376713814892613,8.44422435760498,303536160,0.0,0.0
2006-03-23 00:00:00-05:00,8.497089443610967,8.581476905131192,8.443727034494126,8.485672950744629,297090612,0.0,0.0
2006-03-24 00:00:00-05:00,9.149107371821911,9.185592852305707,8.997458149911642,9.07911491394043,606616776,0.0,0.0
2006-03-27 00:00:00-05:00,9.111131931014016,9.225800040505158,9.059259253332272,9.175664901733398,280667052,0.0,0.0
2006-03-28 00:00:00-05:00,9.225799481150975,9.37844278535967,9.212397637208175,9.362060546875,357474168,0.0,0.0
2006-03-29 00:00:00-05:00,9.43006814259067,9.903135571191015,9.419395094738086,9.803359031677246,760338900,0.0,0.0
2006-03-30 00:00:00-05:00,9.659652412416186,9.766626935102533,9.521158154685898,9.64103889465332,587879532,0.0,0.0
2006-03-31 00:00:00-05:00,9.6484842579497,9.726171272072184,9.53158296084448,9.679758071899414,1459395144,0.0,0.0
2006-04-03 00:00:00-04:00,9.668092307421539,9.741063274972927,9.628380505785138,9.672310829162598,324583092,0.0,0.0
2006-04-04 00:00:00-04:00,9.677275682492963,10.049574415937622,9.633592227536514,10.035675048828125,627999372,0.0,0.0
2006-04-05 00:00:00-04:00,10.131477196394425,10.28958093206649,9.997946818540658,10.126265525817871,535883580,0.0,0.0
2006-04-06 00:00:00-04:00,10.089035831153533,10.272703239771124,10.06272682578896,10.20544147491455,343596060,0.0,0.0
2006-04-07 00:00:00-04:00,10.235971085553942,10.24689194874721,10.027732187254404,10.080845832824707,280754964,0.0,0.0
2006-04-10 00:00:00-04:00,10.103681013856992,10.354113647949065,10.058260020679057,10.334506034851074,372431196,0.0,0.0
2006-04-11 00:00:00-04:00,10.33549873314145,10.402016115239304,10.082335421297845,10.167716026306152,443843712,0.0,0.0
2006-04-12 00:00:00-04:00,10.151334042699862,10.209164671676687,10.056770120074848,10.150093078613281,240439320,0.0,0.0
2006-04-13 00:00:00-04:00,10.142151161542493,10.170197707807608,9.940365852153084,9.981566429138184,261853884,0.0,0.0
2006-04-17 00:00:00-04:00,10.013583091666776,10.238203263024056,9.948803253972686,10.097227096557617,330049620,0.0,0.0
2006-04-18 00:00:00-04:00,10.124778070458493,10.171936605819177,9.965187412243829,10.03319263458252,325178496,0.0,0.0
2006-04-19 00:00:00-04:00,10.239944213536816,10.266500094290505,10.094994467922756,10.188566207885742,270996732,0.0,0.0
2006-04-20 00:00:00-04:00,10.20122265281502,10.325073142845456,10.131478009593893,10.300252914428711,490369140,0.0,0.0
2006-04-21 00:00:00-04:00,11.141649076512808,11.186820362897185,10.825691265323172,10.848773956298828,901149948,0.0,0.0
2006-04-24 00:00:00-04:00,10.905861481221795,11.037406540396361,10.834380231845563,10.9331636428833,353102544,0.0,0.0
2006-04-25 00:00:00-04:00,10.911569341501654,10.94656510257998,10.573274146840351,10.602065086364746,382377240,0.0,0.0
2006-04-26 00:00:00-04:00,10.61645916106881,10.673545406120418,10.511968461805445,10.572528839111328,290820888,0.0,0.0
2006-04-27 00:00:00-04:00,10.496577741380504,10.59585675392393,10.409211794165335,10.42509651184082,333182484,0.0,0.0
2006-04-28 00:00:00-04:00,10.390350897613382,10.566572555784171,10.332521205110272,10.373225212097168,296555148,0.0,0.0
2006-05-01 00:00:00-04:00,10.386377724036825,10.410452614677592,9.89196612966651,9.900651931762695,414033552,0.0,0.0
2006-05-02 00:00:00-04:00,9.954762647039042,9.989758409648628,9.64004670636902,9.798893928527832,523647828,0.0,0.0
2006-05-03 00:00:00-04:00,9.83736331796278,9.965186412131095,9.701598809715456,9.783255577087402,322565112,0.0,0.0
2006-05-04 00:00:00-04:00,9.804600492485829,9.899908800227077,9.73460804017603,9.797650337219238,185893920,0.0,0.0
2006-05-05 00:00:00-04:00,9.868388330565333,9.944833426422985,9.723936127740865,9.786481857299805,242357400,0.0,0.0
2006-05-08 00:00:00-04:00,9.806586276519093,9.856473600325216,9.680997305843757,9.798395156860352,204539256,0.0,0.0
2006-05-09 00:00:00-04:00,9.821230684998662,10.15133569858669,9.772833077727416,10.146371841430664,365258376,0.0,0.0
2006-05-10 00:00:00-04:00,10.134209177093963,10.218596633499203,9.974121013589963,10.001919746398926,247240512,0.0,0.0
2006-05-11 00:00:00-04:00,10.012839314735103,10.04485656495273,9.555160053263783,9.60529613494873,355356288,0.0,0.0
2006-05-12 00:00:00-04:00,9.519420549074278,9.552430954348218,9.271469841907184,9.285865783691406,403100496,0.0,0.0
2006-05-15 00:00:00-04:00,9.330540730947806,9.435280185087409,9.139923153368,9.337242126464844,343260396,0.0,0.0
2006-05-16 00:00:00-04:00,9.332029515548694,9.35362342659343,9.180629053034554,9.215624809265137,259384356,0.0,0.0
2006-05-17 00:00:00-04:00,9.198498486656966,9.427585936746324,9.188818588703555,9.295047760009766,425326248,0.0,0.0
2006-05-18 00:00:00-04:00,9.401277891661072,9.476482023476285,9.200981354646984,9.207930564880371,233166600,0.0,0.0
2006-05-19 00:00:00-04:00,9.264768391300002,9.295049053426485,8.949308096707009,9.183856010437012,455472072,0.0,0.0
2006-05-22 00:00:00-04:00,9.129995177995358,9.258562653263922,9.065464098811695,9.206937789916992,343831824,0.0,0.0
2006-05-23 00:00:00-04:00,9.28785198259184,9.527860326900099,9.271717556028333,9.321854591369629,358960680,0.0,0.0
2006-05-24 00:00:00-04:00,9.36578549119269,9.51693908891474,9.223319588520122,9.4625825881958,381769848,0.0,0.0
2006-05-25 00:00:00-04:00,9.408722925628728,9.506017536270074,9.240692416550486,9.505768775939941,327456216,0.0,0.0
2006-05-26 00:00:00-04:00,9.544487643459751,9.577498991302654,9.432301461260069,9.46506404876709,146533320,0.0,0.0
2006-05-30 00:00:00-04:00,9.388866671949677,9.456378145507177,9.219347382196876,9.2315092086792,172467360,0.0,0.0
2006-05-31 00:00:00-04:00,9.277673819619748,9.388123409711762,9.103439430453939,9.228530883789062,318932748,0.0,0.0
2006-06-01 00:00:00-04:00,9.271221273650692,9.505769169693629,9.223070541138986,9.496585845947266,250868880,0.0,0.0
2006-06-02 00:00:00-04:00,9.601326218295066,9.6072832244534,9.368267101525676,9.417657852172852,255200544,0.0,0.0
2006-06-05 00:00:00-04:00,9.336744994354834,9.467546579300736,9.286361096670287,9.293558120727539,222117660,0.0,0.0
2006-06-06 00:00:00-04:00,9.346673517698937,9.679756023695036,9.339723362355434,9.679508209228516,409981608,0.0,0.0
2006-06-07 00:00:00-04:00,9.76017318804033,9.800380614052132,9.592886119731844,9.593134880065918,356095548,0.0,0.0
2006-06-08 00:00:00-04:00,9.623912617613378,9.785739279084286,9.396562663450114,9.761663436889648,413965620,0.0,0.0
2006-06-09 00:00:00-04:00,9.734111909693453,9.81452865271693,9.564342914691633,9.594624519348145,246053700,0.0,0.0
2006-06-12 00:00:00-04:00,9.638554868336843,9.691918216049405,9.456378123571385,9.469779968261719,200563236,0.0,0.0
2006-06-13 00:00:00-04:00,9.45389638926874,9.605297810294473,9.384897074837335,9.593384742736816,306057636,0.0,0.0
2006-06-14 00:00:00-04:00,9.675537922373774,9.707058602764667,9.394824627016844,9.54051685333252,310569120,0.0,0.0
2006-06-15 00:00:00-04:00,9.595865387898423,9.73560155095803,9.50601844486507,9.704577445983887,271156572,0.0,0.0
2006-06-16 00:00:00-04:00,9.657419354887589,9.702840349182337,9.630118141265973,9.697131156921387,211971816,0.0,0.0
2006-06-19 00:00:00-04:00,9.700854383928972,9.798893401064307,9.604801666356442,9.63359260559082,305018676,0.0,0.0
2006-06-20 00:00:00-04:00,9.630859392117364,9.726168641156168,9.593133898166956,9.609515190124512,161434404,0.0,0.0
2006-06-21 00:00:00-04:00,9.706066270243722,10.027235751641363,9.673552440564071,9.98082160949707,349426224,0.0,0.0
2006-06-22 00:00:00-04:00,9.967172033115329,10.076875350628677,9.630117828712557,9.926714897155762,236239524,0.0,0.0
2006-06-23 00:00:00-04:00,9.996457785169023,10.169948730099826,9.946322645785212,10.048580169677734,212379408,0.0,0.0
2006-06-26 00:00:00-04:00,10.095489299339842,10.133960130304468,10.008618979267949,10.032694816589355,141905952,0.0,0.0
2006-06-27 00:00:00-04:00,10.069676209387948,10.126513688039578,9.953022749142917,9.985536575317383,164119716,0.0,0.0
2006-06-28 00:00:00-04:00,10.027481769886622,10.088786525649844,9.956000541952937,10.079604148864746,148271580,0.0,0.0
2006-06-29 00:00:00-04:00,10.126266749274995,10.379676931287278,10.072407768907478,10.36999797821045,266061672,0.0,0.0
2006-06-30 00:00:00-04:00,10.31514485958906,10.407723426818848,10.23398467507651,10.407723426818848,250069680,0.0,0.0
2006-07-03 00:00:00-04:00,10.425347059511914,10.51792469309978,10.41070330333623,10.503778457641602,86181732,0.0,0.0
2006-07-05 00:00:00-04:00,10.462079133282117,10.493848570363154,10.316137217602241,10.460589408874512,199224576,0.0,0.0
2006-07-06 00:00:00-04:00,10.508243683188587,10.55788413858098,10.473495742756622,10.503527641296387,147336516,0.0,0.0
2006-07-07 00:00:00-04:00,10.57451385703692,10.620182662457335,10.322094935989432,10.43552303314209,241434324,0.0,0.0
2006-07-10 00:00:00-04:00,10.509734025097357,10.554160920542868,10.334505534074584,10.379676818847656,177278544,0.0,0.0
2006-07-11 00:00:00-04:00,10.387371412463656,10.54969368775475,10.25135909096128,10.537532806396484,238613148,0.0,0.0
2006-07-12 00:00:00-04:00,10.476226726264777,10.492359259914663,10.343192912631876,10.356099128723145,196071732,0.0,0.0
2006-07-13 00:00:00-04:00,10.275434435003609,10.38315334564627,10.097476192540917,10.147115707397461,276703020,0.0,0.0
2006-07-14 00:00:00-04:00,10.18434606652398,10.213137002759378,9.89345630927932,10.014825820922852,301781916,0.0,0.0
2006-07-17 00:00:00-04:00,10.042872631785688,10.200974497816285,10.020285569944903,10.123784065246582,232243524,0.0,0.0
2006-07-18 00:00:00-04:00,10.169949372560133,10.190302320346412,9.8718625849941,10.003656387329102,341130528,0.0,0.0
2006-07-19 00:00:00-04:00,9.804104096303618,9.956250844233132,9.795417347080805,9.903136253356934,340399260,0.0,0.0
2006-07-20 00:00:00-04:00,10.034185323706849,10.03815697681946,9.572038697730397,9.6082763671875,501046452,0.0,0.0
2006-07-21 00:00:00-04:00,9.583952851866977,9.72319244779177,9.374225161335133,9.682488441467285,469713816,0.0,0.0
2006-07-24 00:00:00-04:00,9.749749194266242,9.776306964411534,9.461591050948568,9.702095031738281,323120556,0.0,0.0
2006-07-25 00:00:00-04:00,9.55615380794456,9.712272215400029,9.525874091620473,9.663872718811035,230213556,0.0,0.0
2006-07-26 00:00:00-04:00,9.635081508766776,9.727163511076569,9.506018395178355,9.56806755065918,221054724,0.0,0.0
2006-07-27 00:00:00-04:00,9.61448093031882,9.617459433609092,9.380677407672788,9.49112606048584,225418356,0.0,0.0
2006-07-28 00:00:00-04:00,9.481196819404692,9.668834929609694,9.474495424545344,9.633094787597656,163180656,0.0,0.0
2006-07-31 00:00:00-04:00,9.630116323768629,9.659155071038866,9.513710682655939,9.595368385314941,183628188,0.0,0.0
2006-08-01 00:00:00-04:00,9.558387800575584,9.574769095685715,9.320116996765137,9.320116996765137,218309472,0.0,0.0
2006-08-02 00:00:00-04:00,9.322350145883515,9.361318502940534,9.064223915208638,9.114608764648438,283628088,0.0,0.0
2006-08-03 00:00:00-04:00,9.058762748144188,9.379683444300133,9.018554375998775,9.317137718200684,252826920,0.0,0.0
2006-08-04 00:00:00-04:00,9.420636930272286,9.448436609326961,9.226793970666069,9.278916358947754,203604192,0.0,0.0
2006-08-07 00:00:00-04:00,9.220589059035426,9.424857250976128,9.211902309692798,9.380677223205566,157718124,0.0,0.0
2006-08-08 00:00:00-04:00,9.501548306348951,9.543245451734597,9.408970693180658,9.456377029418945,229498272,0.0,0.0
2006-08-09 00:00:00-04:00,9.501054290631576,9.547715299737417,9.341212999181698,9.355608940124512,172267560,0.0,0.0
2006-08-10 00:00:00-04:00,9.279660064320478,9.37372836955161,9.244416490760933,9.287602424621582,170305524,0.0,0.0
2006-08-11 00:00:00-04:00,9.29256428715158,9.31440600975604,9.133718061078897,9.146127700805664,150509340,0.0,0.0
2006-08-14 00:00:00-04:00,9.22058843673574,9.310685079379263,9.150348165677826,9.169211387634277,198533268,0.0,0.0
2006-08-15 00:00:00-04:00,9.285368532198452,9.473006661443204,9.247889901732556,9.455633163452148,267660072,0.0,0.0
2006-08-16 00:00:00-04:00,9.517931960369435,9.641286834299516,9.484177165053348,9.6231689453125,233893872,0.0,0.0
2006-08-17 00:00:00-04:00,9.590157604135667,9.679757682848818,9.528852834722771,9.575514793395996,203004792,0.0,0.0
2006-08-18 00:00:00-04:00,9.588171451528936,9.60753219680522,9.450173764608516,9.51495361328125,197889912,0.0,0.0
2006-08-21 00:00:00-04:00,9.384399340222869,9.406736693829309,9.312918106140065,9.364543914794922,160771068,0.0,0.0
2006-08-22 00:00:00-04:00,9.375218818697384,9.413192138174706,9.303487864225026,9.389117240905762,166397436,0.0,0.0
2006-08-23 00:00:00-04:00,9.372982432767953,9.388619337861543,9.249379754095056,9.2684907913208,145546308,0.0,0.0
2006-08-24 00:00:00-04:00,9.293558392264513,9.342205698366206,9.239451600807032,9.2759370803833,139160700,0.0,0.0
2006-08-25 00:00:00-04:00,9.259804461957573,9.31540098301737,9.245409466227652,9.264272689819336,98569332,0.0,0.0
2006-08-28 00:00:00-04:00,9.322598116889177,9.4551362991333,9.307457787303582,9.4551362991333,166393440,0.0,0.0
2006-08-29 00:00:00-04:00,9.450916639263736,9.489139657093787,9.362060962814486,9.405496597290039,178221600,0.0,0.0
2006-08-30 00:00:00-04:00,9.41195130145513,9.546971425270508,9.394576856419684,9.450173377990723,161614224,0.0,0.0
2006-08-31 00:00:00-04:00,9.468539528758471,9.48491987735089,9.38688181685868,9.395072937011719,118277604,0.0,0.0
2006-09-01 00:00:00-04:00,9.456128029680375,9.46332694532411,9.361812870765736,9.396808624267578,106809084,0.0,0.0
2006-09-05 00:00:00-04:00,9.428331189320042,9.565585420367196,9.368018628296262,9.539772987365723,162809028,0.0,0.0
2006-09-06 00:00:00-04:00,9.483678237388075,9.510731629831056,9.423117872450424,9.435030937194824,148815036,0.0,0.0
2006-09-07 00:00:00-04:00,9.416417517850894,9.474992541993029,9.367025818043407,9.39408016204834,153526320,0.0,0.0
2006-09-08 00:00:00-04:00,9.35014826299273,9.451164823857232,9.35014826299273,9.378194808959961,123212664,0.0,0.0
2006-09-11 00:00:00-04:00,9.388373381416416,9.547964998152649,9.376211551904872,9.533073425292969,180986832,0.0,0.0
2006-09-12 00:00:00-04:00,9.555659443672594,9.747517078761156,9.552680939960831,9.726916313171387,217470312,0.0,0.0
2006-09-13 00:00:00-04:00,9.807581328400776,10.095739487916918,9.806339418216256,10.091023445129395,390337272,0.0,0.0
2006-09-14 00:00:00-04:00,10.034681480520835,10.083824419440102,9.97585769665895,10.026739120483398,214429356,0.0,0.0
2006-09-15 00:00:00-04:00,10.113607643637863,10.177395278851746,10.095241942590281,10.173175811767578,313214472,0.0,0.0
2006-09-18 00:00:00-04:00,10.176154919727045,10.391840565270627,10.16300088751852,10.292561531066895,283983732,0.0,0.0
2006-09-19 00:00:00-04:00,10.31167328333728,10.312417672786053,9.747764697968801,10.022521018981934,571144284,0.0,0.0
2006-09-20 00:00:00-04:00,10.104177955053533,10.11137592616234,9.794424949718882,9.853496551513672,365546088,0.0,0.0
2006-09-21 00:00:00-04:00,9.935401825309414,10.137682760202795,9.92448096271576,10.097970962524414,427256316,0.0,0.0
2006-09-22 00:00:00-04:00,10.05155837570896,10.112863136165592,9.96170954975629,10.021774291992188,185798016,0.0,0.0
2006-09-25 00:00:00-04:00,10.066450920670583,10.162503630467151,9.99000582354236,10.026739120483398,229262508,0.0,0.0
2006-09-26 00:00:00-04:00,10.064465227616063,10.11857202150141,9.971886653182283,10.098468780517578,211364424,0.0,0.0
2006-09-27 00:00:00-04:00,10.084320973573439,10.206433919819856,9.986777602717964,10.000429153442383,234832932,0.0,0.0
2006-09-28 00:00:00-04:00,10.029220057927368,10.10119786600293,9.941358477203208,10.016810417175293,204091704,0.0,0.0
2006-09-29 00:00:00-04:00,10.055280909488461,10.067443682357956,9.962951095843886,9.975113868713379,132303564,0.0,0.0
2006-10-02 00:00:00-04:00,9.975113917547299,10.076874870058644,9.947811760256945,9.963696479797363,145929924,0.0,0.0
2006-10-03 00:00:00-04:00,9.959974778497601,10.088294472366293,9.883034038455964,10.028229713439941,218369412,0.0,0.0
2006-10-04 00:00:00-04:00,10.051309629883146,10.319365437864128,10.003655474210253,10.317626953125,266205528,0.0,0.0
2006-10-05 00:00:00-04:00,10.292808882778418,10.380670474131085,10.19750056021692,10.22107982635498,231360408,0.0,0.0
2006-10-06 00:00:00-04:00,10.181615097654285,10.471758565870887,10.16994889975832,10.436762809753418,293166540,0.0,0.0
2006-10-09 00:00:00-04:00,10.543489852241539,10.720951512736384,10.509237538461026,10.647732734680176,303028668,0.0,0.0
2006-10-10 00:00:00-04:00,10.711271141539877,10.867387643821944,10.483672457513368,10.589405059814453,391152456,0.0,0.0
2006-10-11 00:00:00-04:00,10.54894862150365,10.670318125518246,10.517675758895932,10.585681915283203,225190584,0.0,0.0
2006-10-12 00:00:00-04:00,10.636811342750045,10.664610073922802,10.523632956362208,10.609013557434082,193566240,0.0,0.0
2006-10-13 00:00:00-04:00,10.616955805464407,10.660141734506936,10.562351493325785,10.605538368225098,144755100,0.0,0.0
2006-10-16 00:00:00-04:00,10.615467223578687,10.652697096459628,10.457612222055022,10.467788696289062,172603224,0.0,0.0
2006-10-17 00:00:00-04:00,10.431800025127139,10.517428450945607,10.342448706521512,10.440239906311035,208231560,0.0,0.0
2006-10-18 00:00:00-04:00,10.498565141360746,10.542248596412943,10.36230499640103,10.407228469848633,240451308,0.0,0.0
2006-10-19 00:00:00-04:00,10.430062319420717,10.66014295430558,10.413681969761575,10.574762344360352,459679860,0.0,0.0
2006-10-20 00:00:00-04:00,11.392080565419251,11.419631483759016,11.25805359556803,11.408958435058594,465450084,0.0,0.0
2006-10-23 00:00:00-04:00,11.473737179245951,12.028709128730636,11.426330842353678,11.932905197143555,603575820,0.0,0.0
2006-10-24 00:00:00-04:00,11.82121673456234,11.860431959483067,11.700343796234565,11.747502326965332,346061592,0.0,0.0
2006-10-25 00:00:00-04:00,11.851246462849799,12.124513914730267,11.792175821802973,12.077356338500977,367132500,0.0,0.0
2006-10-26 00:00:00-04:00,12.104162257896034,12.210391432324665,12.017789454750282,12.040127754211426,280986732,0.0,0.0
2006-10-27 00:00:00-04:00,12.010343177500713,12.043601392067758,11.72714799546726,11.794410705566406,263895840,0.0,0.0
2006-10-30 00:00:00-05:00,11.784979273722083,11.924964186742217,11.665595121560733,11.828413963317871,262261476,0.0,0.0
2006-10-31 00:00:00-05:00,11.865394387092255,11.967156275548172,11.760654941637267,11.823945999145508,251164584,0.0,0.0
2006-11-01 00:00:00-05:00,11.882769539518257,11.891952863098789,11.54770071728326,11.603297233581543,216834948,0.0,0.0
2006-11-02 00:00:00-05:00,11.603296667674307,11.757925328270195,11.575498883809292,11.663113594055176,209258532,0.0,0.0
2006-11-03 00:00:00-05:00,11.72069692884686,11.758423375684067,11.542737743502796,11.710023880004883,196111692,0.0,0.0
2006-11-06 00:00:00-05:00,11.75891783834673,11.90510756887655,11.723177694466763,11.837845802307129,199460340,0.0,0.0
2006-11-07 00:00:00-05:00,11.837845652344747,11.889221753825074,11.709278180910085,11.729133605957031,195688116,0.0,0.0
2006-11-08 00:00:00-05:00,11.674035274404737,11.95673390388467,11.630599637937456,11.789446830749512,318281400,0.0,0.0
2006-11-09 00:00:00-05:00,11.826675944091832,11.900887864722579,11.711511263742127,11.730623245239258,194972832,0.0,0.0
2006-11-10 00:00:00-05:00,11.759167230931046,11.782498682987375,11.67254660224225,11.753459930419922,111756132,0.0,0.0
2006-11-13 00:00:00-05:00,11.786965907136773,11.942586795631366,11.768102683150438,11.939112663269043,173502324,0.0,0.0
2006-11-14 00:00:00-05:00,11.930920480691961,12.160504520094001,11.925956624167396,12.14437198638916,288647064,0.0,0.0
2006-11-15 00:00:00-05:00,12.246876098853285,12.406219849921955,12.209647178649902,12.209647178649902,334493172,0.0,0.0
2006-11-16 00:00:00-05:00,12.285845368674268,12.352362752077006,12.225284991751025,12.308183670043945,203500296,0.0,0.0
2006-11-17 00:00:00-05:00,12.242411274617865,12.401506297301077,12.236205507481776,12.379913330078125,220219560,0.0,0.0
2006-11-20 00:00:00-05:00,12.37023202838998,12.37023202838998,12.227518317574377,12.287086486816406,204775020,0.0,0.0
2006-11-21 00:00:00-05:00,12.324067103970247,12.658142764811927,12.306444846723931,12.649455070495605,336762900,0.0,0.0
2006-11-22 00:00:00-05:00,12.68221884360349,12.732603691925926,12.553403545621846,12.608752250671387,179847972,0.0,0.0
2006-11-24 00:00:00-05:00,12.521634631226096,12.596094376970305,12.50922498888769,12.534045219421387,69238692,0.0,0.0
2006-11-27 00:00:00-05:00,12.443946836547754,12.454123309363712,12.031440734863281,12.031440734863281,292695012,0.0,0.0
2006-11-28 00:00:00-05:00,11.941592601027963,12.158270424621003,11.839831650407524,12.149335861206055,311592096,0.0,0.0
2006-11-29 00:00:00-05:00,12.26698226268274,12.279392850609824,11.969392046498072,12.028959274291992,252359388,0.0,0.0
2006-11-30 00:00:00-05:00,12.017541277059694,12.171672417355799,11.952017050934451,12.032929420471191,222876900,0.0,0.0
2006-12-01 00:00:00-05:00,12.061970499909714,12.12178648744011,11.876316770490774,11.933403015136719,225030744,0.0,0.0
2006-12-04 00:00:00-05:00,11.98800652752357,12.097959550686166,11.897414248561818,12.033923149108887,195800004,0.0,0.0
2006-12-05 00:00:00-05:00,12.097214663196159,12.14784732899188,12.034916744233886,12.087286949157715,163955880,0.0,0.0
2006-12-06 00:00:00-05:00,12.08629363090863,12.221313755862523,12.025733251918775,12.129729270935059,177833988,0.0,0.0
2006-12-07 00:00:00-05:00,12.167453171684395,12.206420578642168,11.973610232354346,11.979070663452148,186385428,0.0,0.0
2006-12-08 00:00:00-05:00,11.961696409335646,12.126996218640363,11.913544736248335,12.015555381774902,158837004,0.0,0.0
2006-12-11 00:00:00-05:00,12.035662706098023,12.1344461220861,12.007864913987166,12.011091232299805,130405464,0.0,0.0
2006-12-12 00:00:00-05:00,12.009102572649482,12.071400482602309,11.920495656785418,11.957725524902344,167072760,0.0,0.0
2006-12-13 00:00:00-05:00,12.02995101977107,12.05005520509223,11.83958221417953,11.88847827911377,186297516,0.0,0.0
2006-12-14 00:00:00-05:00,11.919751401096768,12.006621731807668,11.845540418471565,11.966165542602539,189766044,0.0,0.0
2006-12-15 00:00:00-05:00,11.979071297201646,12.015556777941288,11.909575413656654,11.920992851257324,207424368,0.0,0.0
2006-12-18 00:00:00-05:00,11.975844715820633,11.981552961566827,11.435018935250346,11.486644744873047,320343336,0.0,0.0
2006-12-19 00:00:00-05:00,11.459839195636128,11.648221710215863,11.37991902568034,11.631343841552734,263216520,0.0,0.0
2006-12-20 00:00:00-05:00,11.665347846039658,11.702577716821382,11.474979970658342,11.489126205444336,174537288,0.0,0.0
2006-12-21 00:00:00-05:00,11.520895479083725,11.547453246843164,11.227029115751417,11.322833061218262,277853868,0.0,0.0
2006-12-22 00:00:00-05:00,11.355099686938573,11.383394049342519,11.236709620113182,11.307445526123047,159372468,0.0,0.0
2006-12-26 00:00:00-05:00,11.330774556791637,11.403993327554193,11.282872587711429,11.355843544006348,82889028,0.0,0.0
2006-12-27 00:00:00-05:00,11.417148840903378,11.617693181212177,11.394810541064338,11.61645221710205,169090740,0.0,0.0
2006-12-28 00:00:00-05:00,11.59386648489396,11.630103205617973,11.472993549842327,11.480688095092773,124523352,0.0,0.0
2006-12-29 00:00:00-05:00,11.469271226657298,11.528094065363677,11.413674705732353,11.42906379699707,102265632,0.0,0.0
2007-01-03 00:00:00-05:00,11.566069604742635,11.830648479264509,11.444700085352009,11.6055326461792,307951740,0.0,0.0
2007-01-04 00:00:00-05:00,11.64052897924457,12.011585790316923,11.624395498676375,11.994460105895996,315188496,0.0,0.0
2007-01-05 00:00:00-05:00,11.975598152679263,12.099697414467999,11.866638276302373,12.092002868652344,274609116,0.0,0.0
2007-01-08 00:00:00-05:00,12.10441202141157,12.158519762724215,11.968150937218908,12.002402305603027,189985824,0.0,0.0
2007-01-09 00:00:00-05:00,12.04881453975228,12.118309474813351,11.943329754282573,12.050055503845215,215040744,0.0,0.0
2007-01-10 00:00:00-05:00,12.023499442212309,12.24985622551016,11.964179084768498,12.148343086242676,238501260,0.0,0.0
2007-01-11 00:00:00-05:00,12.34044748591458,12.453378053776023,12.315131629732903,12.402994155883789,288039672,0.0,0.0
2007-01-12 00:00:00-05:00,12.459336713316278,12.534045219421387,12.409945958466666,12.534045219421387,178769052,0.0,0.0
2007-01-16 00:00:00-05:00,12.597334506952905,12.732603382910973,12.491849716491462,12.51617431640625,302453244,0.0,0.0
2007-01-17 00:00:00-05:00,12.494083137635617,12.602794239693067,12.270456113106421,12.342432975769043,267696036,0.0,0.0
2007-01-18 00:00:00-05:00,12.27393052842562,12.322577834967795,12.097958601499986,12.10788631439209,237042720,0.0,0.0
2007-01-19 00:00:00-05:00,12.11161015197858,12.180609464505986,12.0808338612684,12.15554141998291,198932868,0.0,0.0
2007-01-22 00:00:00-05:00,12.223794842807516,12.22751773497566,11.876315448546526,11.934394836425781,215955828,0.0,0.0
2007-01-23 00:00:00-05:00,11.933153837947028,12.031440650130072,11.846283516703995,11.88996696472168,186433380,0.0,0.0
2007-01-24 00:00:00-05:00,12.023996098259966,12.398528954056559,11.995205159512802,12.386862754821777,242129628,0.0,0.0
2007-01-25 00:00:00-05:00,12.43476491970352,12.521634305526582,12.05402821160981,12.114339828491211,254485260,0.0,0.0
2007-01-26 00:00:00-05:00,12.184827942494472,12.357822311690947,12.088029904532132,12.306693077087402,219640140,0.0,0.0
2007-01-29 00:00:00-05:00,12.360304343194825,12.378918804964217,12.174154996216915,12.223050117492676,190836972,0.0,0.0
2007-01-30 00:00:00-05:00,12.261024315317817,12.360304281832093,12.192025954016374,12.268966674804688,167052780,0.0,0.0
2007-01-31 00:00:00-05:00,12.322827004930907,12.534044400529591,12.29850335085127,12.447174072265625,487755756,0.0,0.0
2007-02-01 00:00:00-05:00,12.558865397204682,12.559113211707656,11.95152123497564,11.956982612609863,625721652,0.0,0.0
2007-02-02 00:00:00-05:00,11.978327035538138,12.037647396795451,11.859191629865503,11.950778007507324,251208540,0.0,0.0
2007-02-05 00:00:00-05:00,11.851496580753782,11.863907168594316,11.570784236427732,11.594860076904297,287987724,0.0,0.0
2007-02-06 00:00:00-05:00,11.618191743236554,11.747254870335256,11.597343164277737,11.702082633972168,212663124,0.0,0.0
2007-02-07 00:00:00-05:00,11.76015897825187,11.773313954394203,11.635066581088216,11.665595054626465,164627208,0.0,0.0
2007-02-08 00:00:00-05:00,11.616948133714777,11.758421817680459,11.544970327692123,11.690911293029785,162904932,0.0,0.0
2007-02-09 00:00:00-05:00,11.706300372785963,11.731864990736652,11.454378977409977,11.464058876037598,194149656,0.0,0.0
2007-02-12 00:00:00-05:00,11.434026622378902,11.476467216279136,11.29354513524174,11.374706268310547,229949820,0.0,0.0
2007-02-13 00:00:00-05:00,11.396051640699591,11.486148284565136,11.349141872579493,11.394810676574707,162341496,0.0,0.0
2007-02-14 00:00:00-05:00,11.417150054993975,11.643755611569242,11.397790256131886,11.564332008361816,227724048,0.0,0.0
2007-02-15 00:00:00-05:00,11.566069213427049,11.56929553119192,11.435019798991252,11.453634262084961,161534304,0.0,0.0
2007-02-16 00:00:00-05:00,11.486644571516743,11.669071022586706,11.468276978729268,11.663857460021973,246832920,0.0,0.0
2007-02-20 00:00:00-05:00,11.62737067654182,11.733600785310902,11.534048673785255,11.717467308044434,162541296,0.0,0.0
2007-02-21 00:00:00-05:00,11.661376860758011,11.880784427372776,11.6092544753934,11.810791969299316,225398376,0.0,0.0
2007-02-22 00:00:00-05:00,11.881033059544393,12.018783871386814,11.774308244914579,11.810544967651367,229526244,0.0,0.0
2007-02-23 00:00:00-05:00,11.808063065252275,11.837847152453737,11.610745024560023,11.680736541748047,155148696,0.0,0.0
2007-02-26 00:00:00-05:00,11.73558970434507,11.795652562328318,11.510224168050573,11.539511680603027,158637204,0.0,0.0
2007-02-27 00:00:00-05:00,11.293048782900296,11.412185122338801,11.098709260794218,11.138421058654785,372139488,0.0,0.0
2007-02-28 00:00:00-05:00,11.179125302431077,11.260037671666192,10.996202283448383,11.15529727935791,320970708,0.0,0.0
2007-03-01 00:00:00-05:00,10.987021393551125,11.22901509061619,10.920751823585325,11.125019073486328,347060592,0.0,0.0
2007-03-02 00:00:00-05:00,11.047580611926067,11.13668410326713,10.887988090515137,10.887988090515137,263080656,0.0,0.0
2007-03-05 00:00:00-05:00,10.846785896515279,11.057259824054997,10.846290267597551,10.944329261779785,253949796,0.0,0.0
2007-03-06 00:00:00-05:00,11.10615654232167,11.392329315595637,11.103922428442914,11.356340408325195,301046652,0.0,0.0
2007-03-07 00:00:00-05:00,11.483914893637385,11.49508357146433,11.275428178250126,11.308934211730957,261102636,0.0,0.0
2007-03-08 00:00:00-05:00,11.397789041353636,11.553657727803586,11.270711289765725,11.286099433898926,214297488,0.0,0.0
2007-03-09 00:00:00-05:00,11.367507820161986,11.377435532549878,11.17143171707415,11.242415428161621,198908892,0.0,0.0
2007-03-12 00:00:00-04:00,11.232736510500603,11.299253886245342,11.196498846803019,11.286843299865723,138477384,0.0,0.0
2007-03-13 00:00:00-04:00,11.17168053234432,11.216852762784026,10.990991610585494,10.995955467224121,254836908,0.0,0.0
2007-03-14 00:00:00-04:00,11.000919370948466,11.135691673520004,10.895931154193002,11.11931037902832,320355324,0.0,0.0
2007-03-15 00:00:00-04:00,11.11583593364984,11.164482295059909,11.018541319116093,11.074386596679688,157610232,0.0,0.0
2007-03-16 00:00:00-04:00,11.060982234852569,11.087044371823477,10.9180197700705,10.94184684753418,226137636,0.0,0.0
2007-03-19 00:00:00-04:00,11.00141535510077,11.131720368853486,10.93638770131967,11.100198745727539,207700092,0.0,0.0
2007-03-20 00:00:00-04:00,11.064458176082631,11.109382591927062,11.010102621818442,11.051799774169922,136723140,0.0,0.0
2007-03-21 00:00:00-04:00,11.052296535667686,11.332016647548796,11.050061476139549,11.33151912689209,231700068,0.0,0.0
2007-03-22 00:00:00-04:00,11.308190434517538,11.471008338230046,11.23174533932677,11.467782020568848,227000772,0.0,0.0
2007-03-23 00:00:00-04:00,11.453138098399556,11.50128788569683,11.344674805095174,11.462569236755371,164287548,0.0,0.0
2007-03-26 00:00:00-04:00,11.430799675941037,11.541248321533203,11.308437963823508,11.541248321533203,188223588,0.0,0.0
2007-03-27 00:00:00-04:00,11.505259569475792,11.546956721656878,11.42558721171176,11.506997108459473,149498352,0.0,0.0
2007-03-28 00:00:00-04:00,11.463562168173224,11.552170040728702,11.420872809590321,11.463811874389648,183480336,0.0,0.0
2007-03-29 00:00:00-04:00,11.530077155077725,11.566067001891042,11.293047361865536,11.439982414245605,159380460,0.0,0.0
2007-03-30 00:00:00-04:00,11.469270221723118,11.501536234280941,11.321343895455477,11.371479034423828,135072792,0.0,0.0
2007-04-02 00:00:00-04:00,11.361551888583378,11.380663871765137,11.221567914766158,11.380663871765137,137802060,0.0,0.0
2007-04-03 00:00:00-04:00,11.517667904594195,11.770831183814513,11.516427886440011,11.729878425598145,259811928,0.0,0.0
2007-04-04 00:00:00-04:00,11.718463025083619,11.73980817729349,11.654924143315979,11.690664291381836,151000848,0.0,0.0
2007-04-05 00:00:00-04:00,11.697614836174774,11.717222449947277,11.655916734237444,11.702827453613281,108523368,0.0,0.0
2007-04-09 00:00:00-04:00,11.739311191075691,11.739807765920265,11.55589157719951,11.620920181274414,122361516,0.0,0.0
2007-04-10 00:00:00-04:00,11.593121614213864,11.684955795147086,11.545219643287805,11.57847785949707,119052828,0.0,0.0
2007-04-11 00:00:00-04:00,11.567557236210021,11.650455909826515,11.481928819860913,11.529582977294922,152327520,0.0,0.0
2007-04-12 00:00:00-04:00,11.516430071261736,11.615709102681622,11.472746616420023,11.600568771362305,108207684,0.0,0.0
2007-04-13 00:00:00-04:00,11.626877195470845,11.634819555418805,11.500544771499285,11.57326602935791,111680208,0.0,0.0
2007-04-16 00:00:00-04:00,11.627123600785383,11.83883849671607,11.619429056264014,11.77132797241211,202912884,0.0,0.0
2007-04-17 00:00:00-04:00,11.759663482220855,11.823946747511854,11.705059169502915,11.734843254089355,128275596,0.0,0.0
2007-04-18 00:00:00-04:00,11.696620680962203,11.911065341471941,11.653682564305093,11.814515113830566,226593180,0.0,0.0
2007-04-19 00:00:00-04:00,11.77703758530693,11.961945977044167,11.655172443845,11.706300735473633,439943616,0.0,0.0
2007-04-20 00:00:00-04:00,12.174652673131767,12.223796559193891,11.963684024696976,11.97510051727295,485973540,0.0,0.0
2007-04-23 00:00:00-04:00,11.916028586977582,12.037645906091637,11.870358838137545,11.890711784362793,226757016,0.0,0.0
2007-04-24 00:00:00-04:00,11.879048054410394,11.913051610062812,11.803099528550407,11.852242469787598,147640212,0.0,0.0
2007-04-25 00:00:00-04:00,11.91354623142944,11.94754978420583,11.816997896251415,11.863658905029297,158513328,0.0,0.0
2007-04-26 00:00:00-04:00,11.86638881293726,12.02399504578467,11.84181734405502,11.942834854125977,164831004,0.0,0.0
2007-04-27 00:00:00-04:00,11.915285097655223,11.973114785646672,11.872097273747968,11.888975143432617,116910972,0.0,0.0
2007-04-30 00:00:00-04:00,11.892450016482396,11.94705433166378,11.699599266052246,11.699599266052246,145502352,0.0,0.0
2007-05-01 00:00:00-04:00,11.719703503253028,11.735090701096075,11.520647001331033,11.640527725219727,146181672,0.0,0.0
2007-05-02 00:00:00-04:00,11.631839417836332,11.692151971238971,11.559365984654855,11.560606002807617,122385492,0.0,0.0
2007-05-03 00:00:00-04:00,11.571526425365544,11.766363442600756,11.548444684836436,11.745514869689941,143624232,0.0,0.0
2007-05-04 00:00:00-04:00,11.668326476217173,11.785476521331235,11.563090443894229,11.693146705627441,157842000,0.0,0.0
2007-05-07 00:00:00-04:00,11.71846242905274,11.735339352503317,11.57773312032697,11.597589492797852,120683196,0.0,0.0
2007-05-08 00:00:00-04:00,11.569295188166121,11.619927850479378,11.534547245564598,11.586173057556152,116087796,0.0,0.0
2007-05-09 00:00:00-04:00,11.569791616279831,11.70828682141271,11.513451649923864,11.646734237670898,155440404,0.0,0.0
2007-05-10 00:00:00-04:00,11.591881647259738,11.652689839222719,11.442465584228735,11.453634262084961,147304548,0.0,0.0
2007-05-11 00:00:00-04:00,11.462568425634448,11.590888082088428,11.441968611401512,11.584433555603027,117646236,0.0,0.0
2007-05-14 00:00:00-04:00,11.553162692889181,11.603545649167364,11.417149425202876,11.461328506469727,154753092,0.0,0.0
2007-05-15 00:00:00-04:00,11.46579665520408,11.480191650347717,11.352866078610708,11.367508888244629,164595240,0.0,0.0
2007-05-16 00:00:00-04:00,11.46678943652014,11.743282319910065,11.3928262660137,11.730128288269043,261905832,0.0,0.0
2007-05-17 00:00:00-04:00,11.72640452201054,11.794907255641016,11.685451759694196,11.68917465209961,186237576,0.0,0.0
2007-05-18 00:00:00-04:00,11.715733697782847,11.732361862322339,11.659144024504506,11.673291206359863,147688164,0.0,0.0
2007-05-21 00:00:00-04:00,11.653681910844139,11.893690230441665,11.583938215534074,11.6802396774292,246125628,0.0,0.0
2007-05-22 00:00:00-04:00,11.739807307432306,11.888974601489426,11.739807307432306,11.810791969299316,153406440,0.0,0.0
2007-05-23 00:00:00-04:00,11.933899459045277,11.99818272779802,11.758423151314926,11.763882637023926,202205592,0.0,0.0
2007-05-24 00:00:00-04:00,11.79316960303593,11.893689580664935,11.70257639173939,11.77281665802002,166777056,0.0,0.0
2007-05-25 00:00:00-04:00,11.906101866351738,12.03640594500592,11.845789303650696,12.0009126663208,213726060,0.0,0.0
2007-05-29 00:00:00-04:00,12.037646165641599,12.206421069952102,12.01282593730196,12.09001636505127,208511280,0.0,0.0
2007-05-30 00:00:00-04:00,12.025237920103203,12.381154417413494,11.988007100344168,12.375197410583496,289542168,0.0,0.0
2007-05-31 00:00:00-04:00,12.423844310124327,12.627862786094274,12.33697398328386,12.358070373535156,356615028,0.0,0.0
2007-06-01 00:00:00-04:00,12.434763853076925,12.534539447209072,12.358566576751958,12.419872283935547,191768040,0.0,0.0
2007-06-04 00:00:00-04:00,12.358070677077135,12.670802158841944,12.350128317263144,12.585420608520508,283755960,0.0,0.0
2007-06-05 00:00:00-04:00,12.651938690727139,12.881522731554787,12.57400387275117,12.877551078796387,417466116,0.0,0.0
2007-06-06 00:00:00-04:00,12.825677539396665,12.925701898056005,12.788695483612065,12.862907409667969,315152532,0.0,0.0
2007-06-07 00:00:00-04:00,12.900138074329668,13.067672973795737,12.72044229298676,12.783732414245605,424794780,0.0,0.0
2007-06-08 00:00:00-04:00,12.812028197336394,12.897407863280208,12.644742052032413,12.794405937194824,254073672,0.0,0.0
2007-06-11 00:00:00-04:00,12.757918860718043,12.86290707321986,12.658143265012002,12.691401481628418,185722092,0.0,0.0
2007-06-12 00:00:00-04:00,12.626125819413136,12.699593358610539,12.488623771394595,12.528335571289062,256523220,0.0,0.0
2007-06-13 00:00:00-04:00,12.585918490403875,12.621906452161047,12.377430829910834,12.54000186920166,281078640,0.0,0.0
2007-06-14 00:00:00-04:00,12.543475768363434,12.555886355974913,12.45213815665014,12.480433464050293,184663152,0.0,0.0
2007-06-15 00:00:00-04:00,12.613218564099158,12.63332274981442,12.440472012318072,12.556133270263672,246717036,0.0,0.0
2007-06-18 00:00:00-04:00,12.56333085428863,12.80706302190577,12.515181067244349,12.787206649780273,193242564,0.0,0.0
2007-06-19 00:00:00-04:00,12.75767281321858,12.838088623187879,12.696367096576887,12.765118598937988,174037788,0.0,0.0
2007-06-20 00:00:00-04:00,12.830890118767385,12.875317959304823,12.634812108950861,12.657398223876953,173354472,0.0,0.0
2007-06-21 00:00:00-04:00,12.682465815753913,12.789440326202639,12.56581329870108,12.760152816772461,176211612,0.0,0.0
2007-06-22 00:00:00-04:00,12.817486074602444,13.030193188015193,12.809543715102942,13.029945373535156,287859852,0.0,0.0
2007-06-25 00:00:00-04:00,13.129225203901084,13.278392504658695,12.990234377017968,13.090506553649902,316683000,0.0,0.0
2007-06-26 00:00:00-04:00,13.222299282961243,13.233963588718119,13.061217982360581,13.160993576049805,227352420,0.0,0.0
2007-06-27 00:00:00-04:00,13.030441737719814,13.104653665967028,12.895421618609932,13.062458992004395,244679076,0.0,0.0
2007-06-28 00:00:00-04:00,13.027462921872887,13.14213103644539,13.00065733946078,13.030689239501953,166569264,0.0,0.0
2007-06-29 00:00:00-04:00,13.055757388682963,13.090008753815162,12.892938551212191,12.973355293273926,155068776,0.0,0.0
2007-07-02 00:00:00-04:00,13.042603343587068,13.200458336026408,13.010586089846173,13.163972854614258,139364496,0.0,0.0
2007-07-03 00:00:00-04:00,13.180851480720749,13.263749215749732,13.092492368034026,13.262260437011719,74797128,0.0,0.0
2007-07-05 00:00:00-04:00,13.292539276033821,13.511947791600726,13.207904007492786,13.443196296691895,197518284,0.0,0.0
2007-07-06 00:00:00-04:00,13.433765466784685,13.498793124873746,13.371219737056723,13.387847900390625,109770120,0.0,0.0
2007-07-09 00:00:00-04:00,13.477199892762068,13.619665793788585,13.409192786954732,13.466279029846191,149042808,0.0,0.0
2007-07-10 00:00:00-04:00,13.496807295700584,13.576479652511905,13.443692706445308,13.485638618469238,154085760,0.0,0.0
2007-07-11 00:00:00-04:00,13.492341020038378,13.564070076694392,13.40298970381148,13.51368522644043,132239628,0.0,0.0
2007-07-12 00:00:00-04:00,13.548183441116258,13.584421104861898,13.408199479919674,13.535029411315918,137526336,0.0,0.0
2007-07-13 00:00:00-04:00,13.599064998852883,13.717208191303449,13.582684650375958,13.704549789428711,209274516,0.0,0.0
2007-07-16 00:00:00-04:00,13.658384918038157,13.863894075395889,13.633813448551201,13.725151062011719,263716020,0.0,0.0
2007-07-17 00:00:00-04:00,13.77603092297805,13.842796118104197,13.71001011716671,13.775038719177246,172970856,0.0,0.0
2007-07-18 00:00:00-04:00,13.747487745270304,13.762628075274247,13.497303888976631,13.638528823852539,242956800,0.0,0.0
2007-07-19 00:00:00-04:00,13.73681589103384,13.738305615541059,13.458336723151252,13.61594295501709,444642912,0.0,0.0
2007-07-20 00:00:00-04:00,12.705301403456593,12.985270297670553,12.645733231630018,12.909320831298828,710181108,0.0,0.0
2007-07-23 00:00:00-04:00,12.881771910477017,12.906343381371531,12.711508207508295,12.720442771911621,254013732,0.0,0.0
2007-07-24 00:00:00-04:00,12.64076803642442,12.873827136171299,12.586412487377531,12.757421493530273,222661116,0.0,0.0
2007-07-25 00:00:00-04:00,12.831385586407105,12.832378736052158,12.547943515279435,12.652186393737793,221578200,0.0,0.0
2007-07-26 00:00:00-04:00,12.626869997520167,12.722427076020162,12.382145620952132,12.608504295349121,275060664,0.0,0.0
2007-07-27 00:00:00-04:00,12.621657124604557,12.822449269625212,12.54645300064703,12.70505142211914,220143636,0.0,0.0
2007-07-30 00:00:00-04:00,12.730616735910816,12.889959543535142,12.670551996188575,12.809791564941406,158373468,0.0,0.0
2007-07-31 00:00:00-04:00,12.912050728766975,12.917262399614762,12.658143043518066,12.658143043518066,170649180,0.0,0.0
2007-08-01 00:00:00-04:00,12.67055306010569,12.819721299445098,12.611978039809756,12.73111343383789,176950872,0.0,0.0
2007-08-02 00:00:00-04:00,12.750473095086733,12.78199471867513,12.63332305574314,12.683211326599121,126069804,0.0,0.0
2007-08-03 00:00:00-04:00,12.659384288320492,12.737566919625138,12.484404563903809,12.484404563903809,126920952,0.0,0.0
2007-08-06 00:00:00-04:00,12.484404287074362,12.661865935796992,12.471993700287827,12.658143043518066,145913940,0.0,0.0
2007-08-07 00:00:00-04:00,12.651939078839616,12.903363907052356,12.634316820013312,12.8075590133667,170401428,0.0,0.0
2007-08-08 00:00:00-04:00,12.889959590286063,13.049799919128418,12.83411526307628,13.049799919128418,162589248,0.0,0.0
2007-08-09 00:00:00-04:00,12.92619735894711,13.075613401986338,12.773058423787262,12.775540351867676,193666140,0.0,0.0
2007-08-10 00:00:00-04:00,12.66261017304921,12.874571945211157,12.54967960437398,12.800857543945312,234772992,0.0,0.0
2007-08-13 00:00:00-04:00,12.894925100215985,12.900136771085707,12.733347223689295,12.794651985168457,127044828,0.0,0.0
2007-08-14 00:00:00-04:00,12.800113190671727,12.841811289435803,12.608504349720603,12.623395919799805,145202652,0.0,0.0
2007-08-15 00:00:00-04:00,12.633322796724471,12.70008798902523,12.32828587793475,12.349135398864746,216163620,0.0,0.0
2007-08-16 00:00:00-04:00,12.21188110671678,12.321336598157385,11.924963967830273,12.199470520019531,345478176,0.0,0.0
2007-08-17 00:00:00-04:00,12.346404333111725,12.434763432926013,12.202697479840001,12.41093635559082,218956824,0.0,0.0
2007-08-20 00:00:00-04:00,12.471001089279298,12.47348396342926,12.310664170600893,12.358318328857422,107784108,0.0,0.0
2007-08-21 00:00:00-04:00,12.38363535137424,12.612475008359372,12.3545966006598,12.574004173278809,144279576,0.0,0.0
2007-08-22 00:00:00-04:00,12.657150398810876,12.81326784970476,12.63952814047358,12.726398468017578,129977892,0.0,0.0
2007-08-23 00:00:00-04:00,12.807063549256407,12.810289866986553,12.583684319394857,12.712499618530273,122944932,0.0,0.0
2007-08-24 00:00:00-04:00,12.722923364870843,12.795894326360422,12.620913653333412,12.782242774963379,98809092,0.0,0.0
2007-08-27 00:00:00-04:00,12.768096284693458,12.843051657830127,12.692892151201251,12.739056587219238,92910996,0.0,0.0
2007-08-28 00:00:00-04:00,12.696117913617185,12.781746331874805,12.553651067104434,12.568792343139648,130825044,0.0,0.0
2007-08-29 00:00:00-04:00,12.604533291424968,12.74004904476595,12.589392960282819,12.729625701904297,101870028,0.0,0.0
2007-08-30 00:00:00-04:00,12.716719154731445,12.792171102266884,12.672539126683247,12.692892074584961,105961932,0.0,0.0
2007-08-31 00:00:00-04:00,12.735084031231034,12.81947148304341,12.694628790119742,12.788447380065918,118984896,0.0,0.0
2007-09-04 00:00:00-04:00,12.782738664802789,13.104901285666827,12.772810951480018,13.034165382385254,147600252,0.0,0.0
2007-09-05 00:00:00-04:00,12.99072975476084,13.141634591637649,12.962186633079343,13.099937438964844,132383484,0.0,0.0
2007-09-06 00:00:00-04:00,13.138655480691149,13.150321678342811,12.862659198563136,12.993707656860352,144890964,0.0,0.0
2007-09-07 00:00:00-04:00,12.853228094209653,12.93711897690589,12.826919085582187,12.890210151672363,146397456,0.0,0.0
2007-09-10 00:00:00-04:00,12.938110642503247,12.957718253011503,12.679984442651637,12.769335746765137,128902968,0.0,0.0
2007-09-11 00:00:00-04:00,12.831634081390812,12.947294394948223,12.800360272643237,12.939352035522461,108035856,0.0,0.0
2007-09-12 00:00:00-04:00,12.9194965464309,13.104405885436273,12.881523231479807,12.972114562988281,119320560,0.0,0.0
2007-09-13 00:00:00-04:00,13.00711142633377,13.085293111248022,12.98626190505227,13.024981498718262,75568356,0.0,0.0
2007-09-14 00:00:00-04:00,12.985767170726945,13.161243493636055,12.961444459855358,13.123517990112305,110485404,0.0,0.0
2007-09-17 00:00:00-04:00,13.068416056802784,13.136670978929933,13.007360051173372,13.037888526916504,87812100,0.0,0.0
2007-09-18 00:00:00-04:00,13.068169691482305,13.334488013730082,13.012325350912588,13.285344123840332,168459372,0.0,0.0
2007-09-19 00:00:00-04:00,13.38462111035353,13.637287840423635,13.374445582774845,13.572755813598633,220854924,0.0,0.0
2007-09-20 00:00:00-04:00,13.576479946417049,13.819714597639496,13.55240410661344,13.721179962158203,220779000,0.0,0.0
2007-09-21 00:00:00-04:00,13.808296001014712,13.918744639883858,13.721178810664338,13.901618957519531,320147532,0.0,0.0
2007-09-24 00:00:00-04:00,13.923956888988158,14.183573769539246,13.899137606766411,14.098193168640137,211668120,0.0,0.0
2007-09-25 00:00:00-04:00,13.998417376757446,14.13641599838242,13.97012301516723,14.122516632080078,109114776,0.0,0.0
2007-09-26 00:00:00-04:00,14.157265835827678,14.191765967235105,13.9937025808925,14.101669311523438,133710156,0.0,0.0
2007-09-27 00:00:00-04:00,14.190276268149963,14.19052408264873,14.042597744021965,14.085288047790527,82169748,0.0,0.0
2007-09-28 00:00:00-04:00,14.072877003983049,14.136168068232482,14.001395765400355,14.079578399658203,105474420,0.0,0.0
2007-10-01 00:00:00-04:00,14.146592108345505,14.503501720162156,14.137657544839861,14.458826065063477,188263548,0.0,0.0
2007-10-02 00:00:00-04:00,14.479425672122222,14.812756938595852,14.395782614492148,14.504493713378906,282417300,0.0,0.0
2007-10-03 00:00:00-04:00,14.550660441226551,14.618665655645053,14.404471647033663,14.495311737060547,155024820,0.0,0.0
2007-10-04 00:00:00-04:00,14.521870128439211,14.521870128439211,14.322565789503539,14.371460914611816,119348532,0.0,0.0
2007-10-05 00:00:00-04:00,14.572003188354135,14.792652647756706,14.569522206135286,14.744253158569336,202545252,0.0,0.0
2007-10-08 00:00:00-04:00,14.767833506017373,15.146585784256834,14.741773259309301,15.130701065063477,200918880,0.0,0.0
2007-10-09 00:00:00-04:00,15.266961153374785,15.482150197040362,15.100171602315447,15.268698692321777,350361288,0.0,0.0
2007-10-10 00:00:00-04:00,15.422086573164018,15.529307955703501,15.3089072385553,15.522109985351562,215208576,0.0,0.0
2007-10-11 00:00:00-04:00,15.726875534334637,15.919724398055138,15.115312863575374,15.437972068786621,471488040,0.0,0.0
2007-10-12 00:00:00-04:00,15.487113495587415,15.845016238356221,15.344646657348235,15.819948196411133,272675052,0.0,0.0
2007-10-15 00:00:00-04:00,15.84675478642751,15.881253968411949,15.27788243856349,15.391060829162598,277474248,0.0,0.0
2007-10-16 00:00:00-04:00,15.35085238334909,15.535264185376477,15.18952326984842,15.289050102233887,240770988,0.0,0.0
2007-10-17 00:00:00-04:00,15.647700070594022,15.735810422459533,15.427794966827483,15.722904205322266,240978780,0.0,0.0
2007-10-18 00:00:00-04:00,15.77080496919515,15.918732244685263,15.599299375194745,15.875298500061035,491076432,0.0,0.0
2007-10-19 00:00:00-04:00,16.246108326666082,16.3436507666495,15.964899391366444,16.001632690429688,630928440,0.0,0.0
2007-10-22 00:00:00-04:00,15.851717406781255,16.257026485006758,15.792398000370873,16.151540756225586,266309424,0.0,0.0
2007-10-23 00:00:00-04:00,16.412150660857325,16.817955365168014,16.381126559500814,16.77253532409668,271476252,0.0,0.0
2007-10-24 00:00:00-04:00,16.696587527197977,16.814730715318408,16.370206400065666,16.77377700805664,295871832,0.0,0.0
2007-10-25 00:00:00-04:00,16.844763216900887,16.851961187728925,16.469237228189986,16.592344284057617,231588180,0.0,0.0
2007-10-26 00:00:00-04:00,16.729351613103365,16.79164763853802,16.58117556693802,16.743497848510742,134021844,0.0,0.0
2007-10-29 00:00:00-04:00,16.82217793116912,16.877527589696893,16.68120173230842,16.858415603637695,122529348,0.0,0.0
2007-10-30 00:00:00-04:00,16.815718416185096,17.371683460745576,16.815718416185096,17.244110107421875,275747976,0.0,0.0
2007-10-31 00:00:00-04:00,17.39104776035985,17.54766273498535,17.275636201150682,17.54766273498535,274796928,0.0,0.0
2007-11-01 00:00:00-04:00,17.443168974436723,17.7144501548488,17.418099986585386,17.453594207763672,260826912,0.0,0.0
2007-11-02 00:00:00-04:00,17.63478009559623,17.710976431157977,17.307901429209487,17.653146743774414,233426340,0.0,0.0
2007-11-05 00:00:00-05:00,17.547410805058824,18.124224496943828,17.524575932258628,18.010549545288086,354992652,0.0,0.0
2007-11-06 00:00:00-05:00,18.30615414687993,18.411142349243164,17.994416802862197,18.411142349243164,337114548,0.0,0.0
2007-11-07 00:00:00-05:00,18.394766191097517,18.546415430881062,17.94825740717599,18.191492080688477,330609060,0.0,0.0
2007-11-08 00:00:00-05:00,18.23268733117634,18.239885300596846,16.807529111897033,17.22102928161621,659827512,0.0,0.0
2007-11-09 00:00:00-05:00,16.77278292863863,16.92418432479049,16.41115730587108,16.479660034179688,455068476,0.0,0.0
2007-11-12 00:00:00-05:00,16.325035464611567,16.62758859147351,15.542463762601042,15.687908172607422,408682908,0.0,0.0
2007-11-13 00:00:00-05:00,16.008582018766877,16.403963476555102,15.687910020051461,16.394779205322266,337478184,0.0,0.0
2007-11-14 00:00:00-05:00,16.71073518753908,16.765587319143798,15.792152100390926,15.926426887512207,323464212,0.0,0.0
2007-11-15 00:00:00-05:00,15.849236774386243,16.070879405982268,15.487611114984624,15.627842903137207,278429292,0.0,0.0
2007-11-16 00:00:00-05:00,15.73431904938404,15.772790828119277,15.289547869110429,15.7266263961792,361350288,0.0,0.0
2007-11-19 00:00:00-05:00,15.626354721042436,15.804561721972604,15.351101859520169,15.533528327941895,220874904,0.0,0.0
2007-11-20 00:00:00-05:00,15.797358710152606,16.358784171592198,15.707759609279996,16.09668731689453,393230376,0.0,0.0
2007-11-21 00:00:00-05:00,15.978297223917185,16.62857940170004,15.9363522613191,16.394031524658203,280259460,0.0,0.0
2007-11-23 00:00:00-05:00,16.62932509010693,16.834833278156214,16.582414378673832,16.795618057250977,109438452,0.0,0.0
2007-11-26 00:00:00-05:00,16.882491726552423,17.210113887931048,16.505229098532137,16.53005027770996,271332396,0.0,0.0
2007-11-27 00:00:00-05:00,16.748460221196062,16.78891640782523,16.1393814163066,16.717931747436523,355823820,0.0,0.0
2007-11-28 00:00:00-05:00,16.929896587713365,17.232449728732,16.682441503325567,17.18181800842285,316343340,0.0,0.0
2007-11-29 00:00:00-05:00,17.14433706919001,17.4431691689522,17.070372960607934,17.299461364746094,248071680,0.0,0.0
2007-11-30 00:00:00-05:00,17.64694037629285,17.64842915483332,16.92989393328025,17.20018196105957,315504180,0.0,0.0
2007-12-03 00:00:00-05:00,17.150790029303394,17.249819333543844,16.905816928756483,16.915496826171875,172830996,0.0,0.0
2007-12-04 00:00:00-05:00,16.835581125016425,17.175363188160624,16.806043905982857,16.980775833129883,169102728,0.0,0.0
2007-12-05 00:00:00-05:00,17.19348455254668,17.34736790778359,17.06367514782663,17.336942672729492,168215616,0.0,0.0
2007-12-06 00:00:00-05:00,17.31931656641437,17.78493915325385,17.29971084730556,17.75267219543457,196163640,0.0,0.0
2007-12-07 00:00:00-05:00,17.745971865600694,17.82067941715027,17.634529128607454,17.74299430847168,153929916,0.0,0.0
2007-12-10 00:00:00-05:00,17.77079266199636,17.98945584997409,17.721401908688026,17.831104278564453,154093752,0.0,0.0
2007-12-11 00:00:00-05:00,17.868832411306528,17.8948926591042,17.3436416146076,17.354066848754883,245318436,0.0,0.0
2007-12-12 00:00:00-05:00,17.721401962119835,17.729343376307032,17.088495086993003,17.357789993286133,246117636,0.0,0.0
2007-12-13 00:00:00-05:00,17.282338997078497,17.31485377602878,16.907558309314172,17.226247787475586,201430368,0.0,0.0
2007-12-14 00:00:00-05:00,17.063920025097065,17.36647501182141,17.057717096434722,17.12472915649414,146793060,0.0,0.0
2007-12-17 00:00:00-05:00,17.07608276576085,17.260246762833464,16.472215615765183,16.610214233398438,219220560,0.0,0.0
2007-12-18 00:00:00-05:00,16.732572337367987,16.79586338665422,16.1949739235097,16.71246910095215,286381332,0.0,0.0
2007-12-19 00:00:00-05:00,16.733817778788314,16.865115953556618,16.604505903435154,16.81224822998047,176667156,0.0,0.0
2007-12-20 00:00:00-05:00,17.022226602778275,17.150545342990423,16.89266689821922,17.118032455444336,176711112,0.0,0.0
2007-12-21 00:00:00-05:00,17.321304353717633,17.355555721980934,17.206140607051704,17.29176902770996,215064720,0.0,0.0
2007-12-24 00:00:00-05:00,17.24957340997238,17.392040252685547,17.20167143826595,17.392040252685547,65070864,0.0,0.0
2007-12-26 00:00:00-05:00,17.3488549647122,17.702041689787247,17.32949516704309,17.64297103881836,101098800,0.0,0.0
2007-12-27 00:00:00-05:00,17.549400731526976,17.77104148952202,17.392290115356445,17.392290115356445,117582300,0.0,0.0
2007-12-28 00:00:00-05:00,17.49628426868196,17.57124153313086,17.28804631407692,17.436717987060547,102405492,0.0,0.0
2007-12-31 00:00:00-05:00,17.33842746253707,17.435722067135636,17.140117253043513,17.16245460510254,94952952,0.0,0.0
2008-01-02 00:00:00-05:00,17.196956669873337,17.308647232346654,16.82118476139697,17.00634002685547,172103724,0.0,0.0
2008-01-03 00:00:00-05:00,17.008076715688436,17.047539751793327,16.79115014092116,17.00981330871582,129969900,0.0,0.0
2008-01-04 00:00:00-05:00,16.869826572316054,16.901348191578144,16.257024955334632,16.306663513183594,214177608,0.0,0.0
2008-01-07 00:00:00-05:00,16.230715912976073,16.43771476425217,15.818955161564705,16.11431121826172,255879864,0.0,0.0
2008-01-08 00:00:00-05:00,16.207386032780924,16.38013352716836,15.661348603003105,15.678226470947266,213350436,0.0,0.0
2008-01-09 00:00:00-05:00,15.63752244787322,16.2158259232614,15.450628708827214,16.212350845336914,269318412,0.0,0.0
2008-01-10 00:00:00-05:00,16.009078949429767,16.31163210076873,15.887460663993204,16.051769256591797,253114632,0.0,0.0
2008-01-11 00:00:00-05:00,15.951741975639688,16.119771538795767,15.639260220988294,15.841293334960938,198880920,0.0,0.0
2008-01-14 00:00:00-05:00,16.161221010465148,16.31659311966034,16.015031278853066,16.227739334106445,177722100,0.0,0.0
2008-01-15 00:00:00-05:00,16.031165504336013,16.109348132768616,15.770059852807087,15.826400756835938,222505272,0.0,0.0
2008-01-16 00:00:00-05:00,15.610965124550624,15.884480421580767,14.93983433741652,15.287809371948242,421977600,0.0,0.0
2008-01-17 00:00:00-05:00,15.407194532592607,15.530796259653329,14.842540732659941,14.911540985107422,328343328,0.0,0.0
2008-01-18 00:00:00-05:00,15.0994286976774,15.139884888830476,14.853463341173109,14.898138999938965,341242416,0.0,0.0
2008-01-22 00:00:00-05:00,13.949522059756942,14.829883033108095,13.9289212980102,14.503501892089844,379679940,0.0,0.0
2008-01-23 00:00:00-05:00,13.916759888761579,14.097696618241375,12.881522465708844,13.616686820983887,677949372,0.0,0.0
2008-01-24 00:00:00-05:00,13.869354178681192,14.387841683314546,13.753692912969143,14.25877857208252,375659964,0.0,0.0
2008-01-25 00:00:00-05:00,14.688658045258299,14.767833828470806,14.052524874328137,14.057985305786133,278361360,0.0,0.0
2008-01-28 00:00:00-05:00,14.17141211076433,14.20293278873066,13.616191329720975,13.799361228942871,232435332,0.0,0.0
2008-01-29 00:00:00-05:00,13.910802590748155,13.932146794705186,13.41936851608118,13.66384506225586,251068680,0.0,0.0
2008-01-30 00:00:00-05:00,13.630835640585792,13.909811406137338,13.489858506109327,13.608001708984375,317266416,0.0,0.0
2008-01-31 00:00:00-05:00,13.378168948729623,14.221796640094732,13.261018903331198,14.005864143371582,594257148,0.0,0.0
2008-02-01 00:00:00-05:00,13.121531645557289,13.32008970005607,12.658144075990869,12.804580688476562,703315980,0.0,0.0
2008-02-04 00:00:00-05:00,12.63506132696017,12.727143335865446,12.225037080656584,12.296518325805664,525757716,0.0,0.0
2008-02-05 00:00:00-05:00,12.14759855124244,12.633323461512013,12.125012436081803,12.578720092773438,447683868,0.0,0.0
2008-02-06 00:00:00-05:00,12.686438176431805,12.687182565761606,12.358567308715287,12.452385902404785,305150544,0.0,0.0
2008-02-07 00:00:00-05:00,12.332012295427983,12.762140754622669,12.279889900986241,12.532804489135742,316838844,0.0,0.0
2008-02-08 00:00:00-05:00,12.643500252458361,12.850001611722533,12.625877993481021,12.824188232421875,272882844,0.0,0.0
2008-02-11 00:00:00-05:00,12.919248260989278,12.99842404329066,12.742530994602387,12.93513298034668,232806960,0.0,0.0
2008-02-12 00:00:00-05:00,12.990482298496019,13.169433687151209,12.733348273494942,12.858936309814453,266225508,0.0,0.0
2008-02-13 00:00:00-05:00,12.96839238436059,13.278392232072056,12.873828455773886,13.269208908081055,264723012,0.0,0.0
2008-02-14 00:00:00-05:00,13.36178672552069,13.428552863858314,13.179360274352797,13.2103853225708,258808932,0.0,0.0
2008-02-15 00:00:00-05:00,13.112595637956904,13.220562356323002,13.013812243450534,13.14560604095459,209394396,0.0,0.0
2008-02-19 00:00:00-05:00,13.277151642258913,13.280130145509816,12.5712738016438,12.63208293914795,253761984,0.0,0.0
2008-02-20 00:00:00-05:00,12.497061643516549,12.683210985272682,12.380655996604196,12.633322715759277,266221512,0.0,0.0
2008-02-21 00:00:00-05:00,12.72887910341148,12.737814612507806,12.397534119548617,12.480928421020508,226884888,0.0,0.0
2008-02-22 00:00:00-05:00,12.461072629596316,12.633322604591395,12.349135211053715,12.60353946685791,220415364,0.0,0.0
2008-02-25 00:00:00-05:00,12.557622306607369,12.571272911839019,12.056012694754221,12.073386192321777,334577088,0.0,0.0
2008-02-26 00:00:00-05:00,11.446931987688986,11.577731675066202,11.090765858691753,11.521142959594727,930560508,0.0,0.0
2008-02-27 00:00:00-05:00,11.420375101160568,11.801608354104792,11.408214220456387,11.736331939697266,404471124,0.0,0.0
2008-02-28 00:00:00-05:00,11.677757125474661,11.89095986989191,11.599823254182912,11.799127578735352,263212524,0.0,0.0
2008-02-29 00:00:00-05:00,11.711762020950506,11.907093753560305,11.532561876665218,11.694635391235352,376638984,0.0,0.0
2008-03-03 00:00:00-05:00,11.702826690875131,11.732858591710395,11.17168077691835,11.343186378479004,301877820,0.0,0.0
2008-03-04 00:00:00-05:00,11.19252882753893,11.25234386604661,10.816010663213264,11.03492259979248,544323132,0.0,0.0
2008-03-05 00:00:00-05:00,11.051054956927214,11.272448818226755,11.020029908353573,11.11186408996582,297166536,0.0,0.0
2008-03-06 00:00:00-05:00,11.111614809033043,11.250855326443858,10.701838453465589,10.739564895629883,298505196,0.0,0.0
2008-03-07 00:00:00-05:00,10.64475393677307,10.920751171887021,10.579229705931937,10.755699157714844,322549128,0.0,0.0
2008-03-10 00:00:00-04:00,10.643511094324676,10.697371014207901,10.251605761895826,10.26600170135498,319184496,0.0,0.0
2008-03-11 00:00:00-04:00,10.554905129060991,10.924473108968153,10.53976480035146,10.916778564453125,352722924,0.0,0.0
2008-03-12 00:00:00-04:00,10.920999122667594,11.116331799344637,10.872849335055513,10.925219535827637,265809924,0.0,0.0
2008-03-13 00:00:00-04:00,10.738820236545896,11.093993219109034,10.64227096578416,10.995457649230957,308754936,0.0,0.0
2008-03-14 00:00:00-04:00,10.994713377724095,11.152568353616958,10.687938934487418,10.869124412536621,262713024,0.0,0.0
2008-03-17 00:00:00-04:00,10.622663876498347,10.764635098365796,10.228524380146707,10.421127319335938,315212472,0.0,0.0
2008-03-18 00:00:00-04:00,10.647235618675204,10.941599494606127,10.56160720321823,10.89990234375,289198512,0.0,0.0
2008-03-19 00:00:00-04:00,10.948299792309028,11.106899151719874,10.714000683785425,10.722190856933594,246912840,0.0,0.0
2008-03-20 00:00:00-04:00,10.606036246022803,10.81402639494307,10.36230500241573,10.760663986206055,396139464,0.0,0.0
2008-03-24 00:00:00-04:00,10.881784578301984,11.560608093831863,10.864162318665967,11.431049346923828,270269460,0.0,0.0
2008-03-25 00:00:00-04:00,11.35410605394942,11.354353868418121,11.069669903571134,11.188308715820312,233030736,0.0,0.0
2008-03-26 00:00:00-04:00,11.23323303932158,11.48838170073747,11.15132751359574,11.372224807739258,208818972,0.0,0.0
2008-03-27 00:00:00-04:00,11.069670683443182,11.134449579296973,10.932913029641492,11.022016525268555,233054712,0.0,0.0
2008-03-28 00:00:00-04:00,11.105906813145285,11.257556974469333,10.7795256936667,10.873096466064453,174872952,0.0,0.0
2008-03-31 00:00:00-04:00,10.812538069302452,10.987517819739573,10.722441412357776,10.932417869567871,177678144,0.0,0.0
2008-04-01 00:00:00-04:00,11.112857214488411,11.578477918949696,11.091263304018122,11.558869361877441,243480276,0.0,0.0
2008-04-02 00:00:00-04:00,11.662865227748417,11.807813049460936,11.426827615033242,11.558621406555176,239720040,0.0,0.0
2008-04-03 00:00:00-04:00,11.460086990326769,11.498806584050191,11.122536238644656,11.296027183532715,270864864,0.0,0.0
2008-04-04 00:00:00-04:00,11.342939905632793,11.859689939458375,11.32283477005723,11.692402839660645,235652112,0.0,0.0
2008-04-07 00:00:00-04:00,11.83983023099391,12.048564724083459,11.752959914527196,11.834617614746094,237502260,0.0,0.0
2008-04-08 00:00:00-04:00,11.740800879035353,11.768102090976575,11.467037749289103,11.610992431640625,181698120,0.0,0.0
2008-04-09 00:00:00-04:00,11.643753419544115,11.714986834514905,11.35609096304173,11.521142959594727,241682076,0.0,0.0
2008-04-10 00:00:00-04:00,11.54025764336145,11.761154017891474,11.46306720472746,11.642515182495117,202693104,0.0,0.0
2008-04-11 00:00:00-04:00,11.518165617962893,11.597341399741019,11.293297620161827,11.35385799407959,166621212,0.0,0.0
2008-04-14 00:00:00-04:00,11.346659605925229,11.353857575977598,11.172672089864387,11.210150718688965,153550296,0.0,0.0
2008-04-15 00:00:00-04:00,11.370736624558953,11.410200610849198,11.013081657083989,11.090519905090332,182920896,0.0,0.0
2008-04-16 00:00:00-04:00,11.029958283731093,11.374457289132124,10.945569888938744,11.293793678283691,304922772,0.0,0.0
2008-04-17 00:00:00-04:00,11.308685333576632,11.401511717286098,11.082576380259784,11.157532691955566,533585880,0.0,0.0
2008-04-18 00:00:00-04:00,13.283852979101093,13.593852812102938,13.024732674442427,13.38809585571289,728694576,0.0,0.0
2008-04-21 00:00:00-04:00,13.387599791620433,13.467023389143522,13.161739586440712,13.347887992858887,297290412,0.0,0.0
2008-04-22 00:00:00-04:00,13.342428403458683,13.91973873257891,13.342178697259053,13.775038719177246,317222460,0.0,0.0
2008-04-23 00:00:00-04:00,13.848007264971743,13.882010813925351,13.426316910967904,13.563819885253906,196663140,0.0,0.0
2008-04-24 00:00:00-04:00,13.682957101767698,13.762380700885963,13.40323696583293,13.478193283081055,165238596,0.0,0.0
2008-04-25 00:00:00-04:00,13.626615630653543,13.725399030416972,13.470499116729941,13.503509521484375,166409424,0.0,0.0
2008-04-28 00:00:00-04:00,13.548680532855533,13.819961717221833,13.377919332406616,13.703557014465332,160183656,0.0,0.0
2008-04-29 00:00:00-04:00,13.671539664257553,13.98352484725105,13.651186718114364,13.861163139343262,173666160,0.0,0.0
2008-04-30 00:00:00-04:00,13.953990364291949,14.516161357971587,13.861164914097154,14.253815650939941,315803880,0.0,0.0
2008-05-01 00:00:00-04:00,14.353590047010178,14.76609617708153,14.320331829538413,14.720179557800293,263847888,0.0,0.0
2008-05-02 00:00:00-04:00,14.854454264784785,14.952741077682898,14.378160529358535,14.427552223205566,279672048,0.0,0.0
2008-05-05 00:00:00-04:00,14.863639071855642,14.867114149917455,14.572501496281387,14.765352249145508,250988760,0.0,0.0
2008-05-06 00:00:00-04:00,14.668555195596864,14.69337447938003,14.469996196047292,14.553390502929688,184986828,0.0,0.0
2008-05-07 00:00:00-04:00,14.650435250670661,14.879273948252093,14.306927498108655,14.37071418762207,264255480,0.0,0.0
2008-05-08 00:00:00-04:00,14.549418277366458,14.626358994920933,14.368480609844381,14.470242500305176,204711084,0.0,0.0
2008-05-09 00:00:00-04:00,14.370715550505608,14.519635985318079,14.179603278317037,14.226760864257812,179216604,0.0,0.0
2008-05-12 00:00:00-04:00,14.265231013365263,14.563069031068812,14.12028318438858,14.518145561218262,194361444,0.0,0.0
2008-05-13 00:00:00-04:00,14.550163497056518,14.592853800947887,14.359546854112835,14.469996452331543,206333460,0.0,0.0
2008-05-14 00:00:00-04:00,14.556616911239395,14.673271329173641,14.277642106296652,14.303702354431152,174856968,0.0,0.0
2008-05-15 00:00:00-04:00,14.370713444335104,14.46875244034314,14.286575704700187,14.420354843139648,173534292,0.0,0.0
2008-05-16 00:00:00-04:00,14.431028813070133,14.51169432837728,14.353839321926701,14.397274017333984,170793036,0.0,0.0
2008-05-19 00:00:00-04:00,14.359545176751416,14.615935730506598,14.23470154329494,14.333980560302734,223955820,0.0,0.0
2008-05-20 00:00:00-04:00,14.262252755340654,14.457089805841804,14.21956245271762,14.360787391662598,132411456,0.0,0.0
2008-05-21 00:00:00-04:00,14.358801022749338,14.430531017005956,13.598568641245098,13.650690078735352,258465276,0.0,0.0
2008-05-22 00:00:00-04:00,13.699338334741455,13.755430482857443,13.408945151496455,13.63753604888916,202848948,0.0,0.0
2008-05-23 00:00:00-04:00,13.575487775894818,13.725399473593294,13.348385642420155,13.517409324645996,177082740,0.0,0.0
2008-05-27 00:00:00-04:00,13.525847155608577,13.963669145299328,13.498297183922965,13.921476364135742,154465380,0.0,0.0
2008-05-28 00:00:00-04:00,14.09620811513344,14.18431846060879,13.92644005935496,14.103652954101562,161853984,0.0,0.0
2008-05-29 00:00:00-04:00,14.266224832064308,14.541477693435423,14.226760845950523,14.469996452331543,193606200,0.0,0.0
2008-05-30 00:00:00-04:00,14.481660075534444,14.641749180497522,14.427801096285583,14.539491653442383,128878992,0.0,0.0
2008-06-02 00:00:00-04:00,14.457586054689697,14.492086184413111,14.178859057372227,14.27143669128418,146821032,0.0,0.0
2008-06-03 00:00:00-04:00,14.308666316158696,14.407946290207871,13.914278054586136,14.080324172973633,172039788,0.0,0.0
2008-06-04 00:00:00-04:00,14.031428375946543,14.345896467899994,14.012069523127149,14.202438354492188,134393472,0.0,0.0
2008-06-05 00:00:00-04:00,14.32306026283638,14.59508773123497,14.301468243919059,14.551899909973145,156511332,0.0,0.0
2008-06-06 00:00:00-04:00,14.389330358111996,14.41340619786097,14.072876930236816,14.072876930236816,189190620,0.0,0.0
2008-06-09 00:00:00-04:00,14.099186041432086,14.147335826339562,13.536767307821322,13.846270561218262,211320468,0.0,0.0
2008-06-10 00:00:00-04:00,13.640019989058754,13.869850922728514,13.571019727270224,13.754439353942871,146149704,0.0,0.0
2008-06-11 00:00:00-04:00,13.805815021433153,13.833116232618737,13.513436491235257,13.531804084777832,152363484,0.0,0.0
2008-06-12 00:00:00-04:00,13.62016227556954,13.849498503522463,13.57350126693579,13.72415828704834,219444336,0.0,0.0
2008-06-13 00:00:00-04:00,13.93611843233204,14.288809505758909,13.932396485931228,14.184813499450684,247128624,0.0,0.0
2008-06-16 00:00:00-04:00,14.060466101452889,14.373196610440521,14.060466101452889,14.217080116271973,141570288,0.0,0.0
2008-06-17 00:00:00-04:00,14.304944011048356,14.347634316515684,14.107130335891691,14.13393497467041,138377484,0.0,0.0
2008-06-18 00:00:00-04:00,14.011075822266644,14.12226886131599,13.878289817290202,13.958209991455078,135112752,0.0,0.0
2008-06-19 00:00:00-04:00,13.783725016210992,13.992957049933615,13.67104225975227,13.904101371765137,227096676,0.0,0.0
2008-06-20 00:00:00-04:00,13.824180275117651,13.824180275117651,13.51467609258855,13.56233024597168,239084676,0.0,0.0
2008-06-23 00:00:00-04:00,13.535774932573242,13.729122255972069,13.452876256781511,13.532052040100098,145290564,0.0,0.0
2008-06-24 00:00:00-04:00,13.530313591548797,13.680474027965236,13.281121951947588,13.459824562072754,186717096,0.0,0.0
2008-06-25 00:00:00-04:00,13.526094496089735,13.844533263983516,13.493828483415014,13.675758361816406,164723112,0.0,0.0
2008-06-26 00:00:00-04:00,13.504501615013472,13.525102377468427,13.111355264454989,13.12525463104248,226153620,0.0,0.0
2008-06-27 00:00:00-04:00,13.096957103552004,13.154538967840445,12.784474424998635,13.106637001037598,217682100,0.0,0.0
2008-06-30 00:00:00-04:00,13.215846675216305,13.353099962031157,12.982291919558733,13.065686225891113,150461388,0.0,0.0
2008-07-01 00:00:00-04:00,12.895918632039338,13.32133002856377,12.831882234275412,13.271939277648926,198197604,0.0,0.0
2008-07-02 00:00:00-04:00,13.316118230215956,13.412170934229806,13.056751053344687,13.081073760986328,168751080,0.0,0.0
2008-07-03 00:00:00-04:00,13.176382463179165,13.383628207117448,13.092491583447533,13.328280448913574,95923980,0.0,0.0
2008-07-07 00:00:00-04:00,13.459824858019608,13.62611877691499,13.293531884981014,13.499784469604492,170037792,0.0,0.0
2008-07-08 00:00:00-04:00,13.55141063944706,13.779754661212353,13.40273992020803,13.763372421264648,197098704,0.0,0.0
2008-07-09 00:00:00-04:00,13.669801637030735,13.791915534549933,13.42085874579754,13.441210746765137,165993840,0.0,0.0
2008-07-10 00:00:00-04:00,13.52683933991559,13.63852799732677,13.17241073403878,13.416886329650879,173094732,0.0,0.0
2008-07-11 00:00:00-04:00,13.315870499276732,13.390330238844225,12.89219475139193,13.248856544494629,199056744,0.0,0.0
2008-07-14 00:00:00-04:00,13.377919718573361,13.404228725794038,12.793411422145542,12.946550369262695,176815008,0.0,0.0
2008-07-15 00:00:00-04:00,12.814013604232107,13.092492797642885,12.437247581037704,12.809297561645508,242597160,0.0,0.0
2008-07-16 00:00:00-04:00,12.758416682968344,13.315871627300622,12.673036073473401,13.293533325195312,189498312,0.0,0.0
2008-07-17 00:00:00-04:00,13.25779259816355,13.329522603048746,13.018033004325279,13.239922523498535,351144504,0.0,0.0
2008-07-18 00:00:00-04:00,12.368991704418383,12.384628609764304,11.868623029487852,11.946309089660645,451244304,0.0,0.0
2008-07-21 00:00:00-04:00,11.935387202241635,12.015058609092682,11.558621240312698,11.635563850402832,235823940,0.0,0.0
2008-07-22 00:00:00-04:00,11.583939436958266,11.91975173319465,11.556141649207506,11.841817855834961,187472340,0.0,0.0
2008-07-23 00:00:00-04:00,11.953508271944221,12.34119516862771,11.866390118491537,12.142387390136719,195568236,0.0,0.0
2008-07-24 00:00:00-04:00,12.328036875380176,12.332256342054638,11.80483341217041,11.80483341217041,141494364,0.0,0.0
2008-07-25 00:00:00-04:00,12.074628730926365,12.239433894112489,11.950778226345928,12.210890769958496,127212660,0.0,0.0
2008-07-28 00:00:00-04:00,12.213619175936708,12.213619175936708,11.792673168411188,11.842065811157227,126273600,0.0,0.0
2008-07-29 00:00:00-04:00,11.896173031430969,12.093739826082215,11.863907016829302,11.990736961364746,111999888,0.0,0.0
2008-07-30 00:00:00-04:00,12.050057154664666,12.062964318027552,11.735092479531973,11.980562210083008,139488372,0.0,0.0
2008-07-31 00:00:00-04:00,11.77852703828922,11.93563574794255,11.701088794511131,11.7584228515625,114489396,0.0,0.0
2008-08-01 00:00:00-04:00,11.72764661168961,11.745267924335824,11.479198399516715,11.61223316192627,120195684,0.0,0.0
2008-08-04 00:00:00-04:00,11.618688300196634,11.740056880794986,11.46430836613135,11.491610527038574,99380520,0.0,0.0
2008-08-05 00:00:00-04:00,11.605531817219392,11.915532609483167,11.574258952883543,11.909823417663574,143236620,0.0,0.0
2008-08-06 00:00:00-04:00,11.87308919582735,12.156036569001131,11.727645748438938,12.070904731750488,134896968,0.0,0.0
2008-08-07 00:00:00-04:00,11.963186751032541,12.012826263201704,11.824442796419522,11.891705513000488,110841048,0.0,0.0
2008-08-08 00:00:00-04:00,11.917271010395453,12.304460368903527,11.806573594268945,12.286094665527344,149422428,0.0,0.0
2008-08-11 00:00:00-04:00,12.22305049808,12.630344960358222,12.2059248143762,12.430793762207031,169402428,0.0,0.0
2008-08-12 00:00:00-04:00,12.459585392198624,12.562091685642807,12.36030541656995,12.474725723266602,110117772,0.0,0.0
2008-08-13 00:00:00-04:00,12.449656754951025,12.49780654168046,12.258046028398914,12.410688400268555,144874980,0.0,0.0
2008-08-14 00:00:00-04:00,12.352858208896885,12.598823532770414,12.317862454246741,12.546205520629883,116627256,0.0,0.0
2008-08-15 00:00:00-04:00,12.583435744350078,12.67452459833478,12.546454632514582,12.661867141723633,141686172,0.0,0.0
2008-08-18 00:00:00-04:00,12.654171686537085,12.65814333924146,12.298503045641377,12.36775016784668,133222644,0.0,0.0
2008-08-19 00:00:00-04:00,12.172418649858109,12.367254764750562,12.07810347593918,12.174156188964844,121738140,0.0,0.0
2008-08-20 00:00:00-04:00,12.278895613180978,12.32779168495081,11.977334682919379,12.037647247314453,159124716,0.0,0.0
2008-08-21 00:00:00-04:00,11.986021519410867,12.159264668076112,11.895429237838146,12.075620651245117,140423436,0.0,0.0
2008-08-22 00:00:00-04:00,12.198974854315228,12.28286572868627,12.14883877044264,12.17638874053955,91796112,0.0,0.0
2008-08-25 00:00:00-04:00,12.065195247366143,12.335483267164399,11.950775904326616,11.988252639770508,80491428,0.0,0.0
2008-08-26 00:00:00-04:00,11.999423540314492,11.999423540314492,11.679991633428127,11.768597602844238,132195672,0.0,0.0
2008-08-27 00:00:00-04:00,11.757926201212936,11.785228358170807,11.537277669323954,11.63010311126709,175308516,0.0,0.0
2008-08-28 00:00:00-04:00,11.72714946299386,11.825436286348095,11.67353829646303,11.759166717529297,121066812,0.0,0.0
2008-08-29 00:00:00-04:00,11.659141960204298,11.690414821798662,11.474978922466333,11.49880599975586,153774072,0.0,0.0
2008-09-02 00:00:00-04:00,11.83337786818844,11.967654536038221,11.452392427264508,11.547452926635742,244215540,0.0,0.0
2008-09-03 00:00:00-04:00,11.633827943762727,11.771825627258032,11.406725811418745,11.526605606079102,172411416,0.0,0.0
2008-09-04 00:00:00-04:00,11.417149470436197,11.497566219262714,11.154058443585523,11.175403594970703,193746060,0.0,0.0
2008-09-05 00:00:00-04:00,11.057011860579577,11.230006228324948,10.922736140180291,11.02623462677002,181190628,0.0,0.0
2008-09-08 00:00:00-04:00,11.219087368316856,11.24192129902666,10.363544695274792,10.423112869262695,360355284,0.0,0.0
2008-09-09 00:00:00-04:00,10.50303162394768,10.731622498033495,10.300252234506294,10.391094207763672,288894816,0.0,0.0
2008-09-10 00:00:00-04:00,10.53529769355018,10.535547399753991,10.16821160266923,10.279404640197754,248822928,0.0,0.0
2008-09-11 00:00:00-04:00,10.135201987904694,10.79888512478131,10.086306865557706,10.765626907348633,258597144,0.0,0.0
2008-09-12 00:00:00-04:00,10.677765347898301,10.970143904795757,10.647733445337598,10.862672805786133,240878880,0.0,0.0
2008-09-15 00:00:00-04:00,10.523632904449748,10.969645998272942,10.516433988426877,10.768356323242188,262433304,0.0,0.0
2008-09-16 00:00:00-04:00,10.572281105204793,11.151080245062372,10.56061490657945,10.993474006652832,279348372,0.0,0.0
2008-09-17 00:00:00-04:00,10.883025937648773,10.899406287788665,10.261535514677382,10.28759765625,364710924,0.0,0.0
2008-09-18 00:00:00-04:00,10.489878882138628,10.900398730037583,10.188564829559395,10.897917747497559,343232424,0.0,0.0
2008-09-19 00:00:00-04:00,11.441968955686223,11.468524830694559,11.00215973995922,11.147852897644043,399839760,0.0,0.0
2008-09-22 00:00:00-04:00,11.271456425722468,11.271456425722468,10.6477319847526,10.676026344299316,176115708,0.0,0.0
2008-09-23 00:00:00-04:00,10.753214722758152,10.940357195675052,10.5663219560041,10.654431343078613,207959832,0.0,0.0
2008-09-24 00:00:00-04:00,10.680991205727873,11.044850990762798,10.675282959557766,10.799383163452148,169510320,0.0,0.0
2008-09-25 00:00:00-04:00,10.891960598937093,11.168950047071718,10.820974988484274,10.910823822021484,200611188,0.0,0.0
2008-09-26 00:00:00-04:00,10.622911373934059,10.850262229289841,10.449917013723518,10.6983642578125,211488300,0.0,0.0
2008-09-29 00:00:00-04:00,10.412189785475032,10.511468793141495,9.449178114313007,9.456377029418945,430085484,0.0,0.0
2008-09-30 00:00:00-04:00,9.828177996709801,10.550437990485005,9.737337914936827,9.940860748291016,123328548,0.0,0.0
2008-10-01 00:00:00-04:00,10.204696280551623,10.349396284980982,10.004897282390782,10.218843460083008,249142608,0.0,0.0
2008-10-02 00:00:00-04:00,10.170943872669334,10.175659915569975,9.580479411111638,9.691920280456543,239156604,0.0,0.0
2008-10-03 00:00:00-04:00,9.862184892931456,10.238205604073709,9.507756204815415,9.60306453704834,319396284,0.0,0.0
2008-10-06 00:00:00-04:00,9.282141849821357,9.3320291738921,8.86467093518898,9.213391304016113,448375176,0.0,0.0
2008-10-07 00:00:00-04:00,9.26601078179715,9.306963549213433,8.572045958070646,8.587930679321289,441733824,0.0,0.0
2008-10-08 00:00:00-04:00,8.194535287283642,8.910093056673682,8.094014345360348,8.391853332519531,472582944,0.0,0.0
2008-10-09 00:00:00-04:00,8.550949450131206,8.65146944795689,7.983814589522955,8.165247917175293,322677000,0.0,0.0
2008-10-10 00:00:00-04:00,7.7725968050798535,8.485672624651292,7.7016116657298825,8.240202903747559,423488088,0.0,0.0
2008-10-13 00:00:00-04:00,8.830670239571852,9.479957549044876,8.581477596376772,9.456875801086426,355863780,0.0,0.0
2008-10-14 00:00:00-04:00,9.767371846089233,9.791446742827851,8.860701757426314,9.002423286437988,311080608,0.0,0.0
2008-10-15 00:00:00-04:00,8.802372153244452,8.910338856260523,8.409721505194545,8.418160438537598,268587144,0.0,0.0
2008-10-16 00:00:00-04:00,8.259064685154042,8.848288957350066,7.680265645564884,8.761916160583496,648938412,0.0,0.0
2008-10-17 00:00:00-04:00,9.40574459659218,9.58047744996355,9.02327037972979,9.246400833129883,569398032,0.0,0.0
2008-10-20 00:00:00-04:00,9.425352575673138,9.4558810504914,8.924983911895607,9.414679527282715,269865864,0.0,0.0
2008-10-21 00:00:00-04:00,9.242677119535337,9.525375716487432,8.984798748300564,9.003414154052734,231048720,0.0,0.0
2008-10-22 00:00:00-04:00,8.860452712711606,9.17566516993031,8.538042285165483,8.827690124511719,262137600,0.0,0.0
2008-10-23 00:00:00-04:00,8.77755348754867,8.885520209747998,8.388874422659308,8.74454402923584,258896844,0.0,0.0
2008-10-24 00:00:00-04:00,8.102949687328246,8.698627649284887,8.060011568439968,8.421140670776367,294065640,0.0,0.0
2008-10-27 00:00:00-04:00,8.309944742019514,8.513219719195554,8.081352968406373,8.177902221679688,247779972,0.0,0.0
2008-10-28 00:00:00-04:00,8.415182629021643,9.166232624712677,8.153581348978216,9.15233325958252,323891784,0.0,0.0
2008-10-29 00:00:00-04:00,9.07886633059491,9.20817724133683,8.745782884121144,8.885519027709961,389873736,0.0,0.0
2008-10-30 00:00:00-04:00,9.145137382511296,9.232998974089796,8.894703801856036,8.92746639251709,319236444,0.0,0.0
2008-10-31 00:00:00-04:00,8.839852634973576,9.232005844762746,8.792942862832424,8.919276237487793,296635068,0.0,0.0
2008-11-03 00:00:00-05:00,8.875094904755919,9.009370619940553,8.474254058365792,8.59984302520752,237941820,0.0,0.0
2008-11-04 00:00:00-05:00,8.772341595040793,9.241933972576371,8.575271378831825,9.107410430908203,293702004,0.0,0.0
2008-11-05 00:00:00-05:00,8.988522863486402,9.155560233935214,8.4712763263215,8.494359016418457,277582140,0.0,0.0
2008-11-06 00:00:00-05:00,8.43801672943279,8.548464413506064,8.086566655991517,8.220842361450195,342649008,0.0,0.0
2008-11-07 00:00:00-05:00,8.268000699189253,8.467304069487518,8.074653388929182,8.218857765197754,187064748,0.0,0.0
2008-11-10 00:00:00-05:00,8.140923274316789,8.176663419390971,7.6810103364350875,7.912083625793457,322880796,0.0,0.0
2008-11-11 00:00:00-05:00,7.661651445731534,7.850530062231913,7.4588734636155,7.730401992797852,405458136,0.0,0.0
2008-11-12 00:00:00-05:00,7.4968477680341215,7.755967146911169,7.142171308026761,7.222587585449219,401641956,0.0,0.0
2008-11-13 00:00:00-05:00,7.241698951775024,7.768624886947301,6.949568720415382,7.745790958404541,528858612,0.0,0.0
2008-11-14 00:00:00-05:00,7.526631570982618,8.066215933112312,7.509505887296894,7.694661617279053,380303316,0.0,0.0
2008-11-17 00:00:00-05:00,7.520426278878199,7.698136685719384,7.395085123622182,7.448945045471191,301450248,0.0,0.0
2008-11-18 00:00:00-05:00,7.484933690956418,7.538544854010863,7.082355284945095,7.381931304931641,333510156,0.0,0.0
2008-11-19 00:00:00-05:00,7.331546108211563,7.450681494927631,6.914323494380556,6.954036235809326,313070616,0.0,0.0
2008-11-20 00:00:00-05:00,6.822738623339251,7.022539513254585,6.42934308262834,6.442249298095703,390784824,0.0,0.0
2008-11-21 00:00:00-05:00,6.515468400921989,6.685733503427577,6.13795897820773,6.513483047485352,409370220,0.0,0.0
2008-11-24 00:00:00-05:00,6.683002957909697,6.700129587469892,6.180400178360922,6.389631748199463,401785812,0.0,0.0
2008-11-25 00:00:00-05:00,6.668607625879742,7.1148694751411625,6.6348528350127305,7.000449180603027,430417152,0.0,0.0
2008-11-26 00:00:00-05:00,6.956518490696731,7.333284963007285,6.85525363681104,7.2496418952941895,254009736,0.0,0.0
2008-11-28 00:00:00-05:00,7.212163385932639,7.357856548098275,7.155077143962771,7.271234035491943,102517380,0.0,0.0
2008-12-01 00:00:00-05:00,7.115365063313837,7.132739506385055,6.601593635262909,6.601841449737549,228219552,0.0,0.0
2008-12-02 00:00:00-05:00,6.694668061492191,6.894467528504299,6.517205947224319,6.82819938659668,233354412,0.0,0.0
2008-12-03 00:00:00-05:00,6.697647710589803,6.983324397380959,6.585709802747547,6.935422420501709,235955808,0.0,0.0
2008-12-04 00:00:00-05:00,6.863444266571337,7.0361908450903305,6.670842259595198,6.809088706970215,195268536,0.0,0.0
2008-12-05 00:00:00-05:00,6.726685413852877,7.05480454030181,6.552946662009354,7.048599720001221,260587152,0.0,0.0
2008-12-08 00:00:00-05:00,7.197519791693219,7.680266674601759,6.999208610699328,7.498336315155029,325446228,0.0,0.0
2008-12-09 00:00:00-05:00,7.3886328100921075,7.892724831024958,7.371755414146887,7.594141483306885,275320404,0.0,0.0
2008-12-10 00:00:00-05:00,7.675302652390935,7.81578272485329,7.557903850776658,7.664877891540527,209270520,0.0,0.0
2008-12-11 00:00:00-05:00,7.5494664720286195,7.765647738952633,7.3913631826781625,7.451427459716797,246920832,0.0,0.0
2008-12-12 00:00:00-05:00,7.339489679320826,7.854751376043575,7.297047661236609,7.83712911605835,228655116,0.0,0.0
2008-12-15 00:00:00-05:00,7.793693612461937,7.904886653634943,7.572796308819258,7.710795879364014,269246484,0.0,0.0
2008-12-16 00:00:00-05:00,7.806352563452673,8.178154261886913,7.725687992741112,8.073413848876953,282101616,0.0,0.0
2008-12-17 00:00:00-05:00,7.908609536458693,7.995230156884725,7.754229153244355,7.824221611022949,231356412,0.0,0.0
2008-12-18 00:00:00-05:00,7.860458427200826,7.95105117439059,7.672075435368943,7.701115131378174,190349460,0.0,0.0
2008-12-19 00:00:00-05:00,7.718738186499141,7.887513100657626,7.669346014348347,7.698385238647461,224279496,0.0,0.0
2008-12-22 00:00:00-05:00,7.658424925660869,7.681754955842979,7.2134040442462615,7.374236583709717,156547296,0.0,0.0
2008-12-23 00:00:00-05:00,7.456639878774239,7.528121124014185,7.363316905468968,7.396824359893799,150956892,0.0,0.0
2008-12-24 00:00:00-05:00,7.482701002717962,7.60332470853741,7.405758858135052,7.5191850662231445,76783140,0.0,0.0
2008-12-26 00:00:00-05:00,7.546983714027311,7.5765199875283,7.404021699538447,7.4549031257629395,78285636,0.0,0.0
2008-12-29 00:00:00-05:00,7.451426714047391,7.480217648984127,7.236983007686407,7.381931304931641,147927924,0.0,0.0
2008-12-30 00:00:00-05:00,7.465822107069073,7.614989387605059,7.413948013819131,7.523155212402344,153586260,0.0,0.0
2008-12-31 00:00:00-05:00,7.550210094673692,7.718984986653682,7.510746114209653,7.635838031768799,115356528,0.0,0.0
2009-01-02 00:00:00-05:00,7.659418177601822,7.987536861919763,7.582476034010799,7.975127220153809,144275580,0.0,0.0
2009-01-05 00:00:00-05:00,7.967186372162573,8.221341937243489,7.8182668592837175,8.142166137695312,195364440,0.0,0.0
2009-01-06 00:00:00-05:00,8.264526663889209,8.458618365690398,8.100963435335526,8.291332244873047,256750992,0.0,0.0
2009-01-07 00:00:00-05:00,8.148864929011173,8.21314818920204,7.911339025103451,7.992250919342041,179600220,0.0,0.0
2009-01-08 00:00:00-05:00,7.899673801246201,8.071179389953613,7.876342825011242,8.071179389953613,143883972,0.0,0.0
2009-01-09 00:00:00-05:00,8.128513613676764,8.128513613676764,7.778553219222488,7.820002555847168,173446380,0.0,0.0
2009-01-12 00:00:00-05:00,7.8507793717140295,7.916303601885672,7.699874539461783,7.760931015014648,132039828,0.0,0.0
2009-01-13 00:00:00-05:00,7.738096250735863,7.957255518568794,7.7038453586421305,7.801387310028076,177122700,0.0,0.0
2009-01-14 00:00:00-05:00,7.694165345553776,7.788480505190599,7.39012111312385,7.470041751861572,218497284,0.0,0.0
2009-01-15 00:00:00-05:00,7.385654866581029,7.5348216890914745,7.118096091939491,7.4208984375,237142620,0.0,0.0
2009-01-16 00:00:00-05:00,7.570562082043674,7.6507305389583875,7.339240980734589,7.437775611877441,208767024,0.0,0.0
2009-01-20 00:00:00-05:00,7.424622071685998,7.433557108446692,7.017824172973633,7.017824172973633,201726072,0.0,0.0
2009-01-21 00:00:00-05:00,7.156814550340647,7.532835637376185,7.156814550340647,7.522411823272705,196783020,0.0,0.0
2009-01-22 00:00:00-05:00,7.397319085329339,7.6780318874256395,7.325590034337369,7.607295513153076,330349320,0.0,0.0
2009-01-23 00:00:00-05:00,7.6760468462305145,8.239210485214965,7.55070662629448,8.0590181350708,428882688,0.0,0.0
2009-01-26 00:00:00-05:00,8.062740515592596,8.14092314579701,7.956263525496398,8.038416862487793,184243572,0.0,0.0
2009-01-27 00:00:00-05:00,8.102452239513946,8.286616229194246,8.048345448425474,8.227295875549316,196894908,0.0,0.0
2009-01-28 00:00:00-05:00,8.388627421620038,8.744792691725356,8.347178078588499,8.653951644897461,307348344,0.0,0.0
2009-01-29 00:00:00-05:00,8.551446524000912,8.564104929238272,8.44149442243758,8.521166801452637,291060648,0.0,0.0
2009-01-30 00:00:00-05:00,8.555168128057316,8.657177841107666,8.339482503839216,8.402276992797852,186693120,0.0,0.0
2009-02-02 00:00:00-05:00,8.297040780462648,8.56286154003299,8.240202353194706,8.452909469604492,208067724,0.0,0.0
2009-02-03 00:00:00-05:00,8.502550119630367,8.513223169274287,8.285624452802502,8.449932098388672,261997740,0.0,0.0
2009-02-04 00:00:00-05:00,8.440498596693832,8.79716132368243,8.418161243087392,8.513221740722656,272423304,0.0,0.0
2009-02-05 00:00:00-05:00,8.46134710335737,8.820489823761594,8.364300318126586,8.779290199279785,290285424,0.0,0.0
2009-02-06 00:00:00-05:00,8.847296537997307,9.277922430943342,8.821980681188029,9.215127944946289,281242476,0.0,0.0
2009-02-09 00:00:00-05:00,9.215127119969004,9.45637732956029,9.11634468391833,9.401028633117676,198892908,0.0,0.0
2009-02-10 00:00:00-05:00,9.331781557643858,9.369508001914253,8.882789956328928,8.898178100585938,283863852,0.0,0.0
2009-02-11 00:00:00-05:00,8.909099826705782,9.059260283184484,8.761421298707264,8.886513710021973,209054736,0.0,0.0
2009-02-12 00:00:00-05:00,8.76539169044641,9.025007614770315,8.72369454129404,9.010859489440918,221789988,0.0,0.0
2009-02-13 00:00:00-05:00,8.98951615594394,9.009371582849846,8.81676959092106,8.877577781677246,165702132,0.0,0.0
2009-02-17 00:00:00-05:00,8.600338801823085,8.614734741723927,8.431067330036324,8.504782676696777,226988784,0.0,0.0
2009-02-18 00:00:00-05:00,8.618458405683766,8.77085202307534,8.45166884710225,8.764151573181152,240739020,0.0,0.0
2009-02-19 00:00:00-05:00,8.872365020649038,8.930194701094647,8.473757348392073,8.504286766052246,199348452,0.0,0.0
2009-02-20 00:00:00-05:00,8.39036448219935,8.66015691829333,8.31466282594705,8.598851203918457,248435316,0.0,0.0
2009-02-23 00:00:00-05:00,8.612502285719248,8.681997225256213,8.179394439109254,8.192052841186523,208635156,0.0,0.0
2009-02-24 00:00:00-05:00,8.2158802768136,8.677530319402656,8.212653958995737,8.574030876159668,243592164,0.0,0.0
2009-02-25 00:00:00-05:00,8.492124847995141,8.744046246384103,8.411955915252083,8.479467391967773,257306436,0.0,0.0
2009-02-26 00:00:00-05:00,8.586689406779756,8.748762931449717,8.368274024495804,8.368770599365234,223999776,0.0,0.0
2009-02-27 00:00:00-05:00,8.263783531980165,8.533576006786264,8.218114717170453,8.388875961303711,216583200,0.0,0.0
2009-03-02 00:00:00-05:00,8.273214181101018,8.456136277248218,8.09128428880224,8.120075225830078,231308460,0.0,0.0
2009-03-03 00:00:00-05:00,8.192301469814511,8.282150311600432,8.000692609884554,8.078378677368164,260731008,0.0,0.0
2009-03-04 00:00:00-05:00,8.020795327313605,8.165744109375888,7.827696755373202,7.9155592918396,312423264,0.0,0.0
2009-03-05 00:00:00-05:00,7.854997912394164,7.919529462122405,7.511491116331025,7.58595085144043,260934804,0.0,0.0
2009-03-06 00:00:00-05:00,7.625165358437555,7.698881174883372,7.303252009231128,7.658672332763672,289078632,0.0,0.0
2009-03-09 00:00:00-04:00,7.445470072822221,7.609033302317479,7.184116129653657,7.219857692718506,258593148,0.0,0.0
2009-03-10 00:00:00-04:00,7.402532381951515,7.706575223626656,7.303252884027045,7.648745536804199,268938792,0.0,0.0
2009-03-11 00:00:00-04:00,7.696647584202271,7.94236463950499,7.587688186393798,7.890491485595703,236707056,0.0,0.0
2009-03-12 00:00:00-04:00,7.881306612480405,8.06646327752943,7.7847578096972825,8.029977798461914,200763036,0.0,0.0
2009-03-13 00:00:00-04:00,8.093765862411576,8.127521600629276,7.918289559175592,8.052068710327148,156099744,0.0,0.0
2009-03-16 00:00:00-04:00,8.091036184754964,8.183862573887193,7.907368759973171,7.9346699714660645,197674128,0.0,0.0
2009-03-17 00:00:00-04:00,7.946833502015018,8.323102951049805,7.919779156575153,8.323102951049805,188311500,0.0,0.0
2009-03-18 00:00:00-04:00,8.309947187530199,8.438762483227588,8.142164482187825,8.267505645751953,200287512,0.0,0.0
2009-03-19 00:00:00-04:00,8.232260448794893,8.33948278240632,8.125535635891648,8.189074516296387,164283552,0.0,0.0
2009-03-20 00:00:00-04:00,8.19800842550744,8.264773610625557,8.099721620838324,8.194533348083496,189326484,0.0,0.0
2009-03-23 00:00:00-04:00,8.278923104216695,8.673311397146318,8.265768125901864,8.652215003967285,170689140,0.0,0.0
2009-03-24 00:00:00-04:00,8.600091091669935,8.782268781168922,8.538041941545726,8.616720199584961,152647200,0.0,0.0
2009-03-25 00:00:00-04:00,8.696889305945742,8.720218863713852,8.34568794989109,8.539778709411621,173278548,0.0,0.0
2009-03-26 00:00:00-04:00,8.76464693090747,8.914311746667467,8.64973100286545,8.7686185836792,239891868,0.0,0.0
2009-03-27 00:00:00-04:00,8.686960476938093,8.736600932108901,8.574526482308428,8.629875183105469,132779088,0.0,0.0
2009-03-30 00:00:00-04:00,8.502052418422522,8.533326227947217,8.340724243550742,8.50552749633789,123640236,0.0,0.0
2009-03-31 00:00:00-04:00,8.660405024994903,8.774080001676026,8.592150097740712,8.638811111450195,146065788,0.0,0.0
2009-04-01 00:00:00-04:00,8.532581957784014,8.817018161101547,8.453903686897805,8.788475036621094,131915952,0.0,0.0
2009-04-02 00:00:00-04:00,9.017313743579898,9.177401902899609,8.943102762958901,8.997210502624512,179340480,0.0,0.0
2009-04-03 00:00:00-04:00,9.046849944909514,9.226049139993938,8.88551987682243,9.177898406982422,151440408,0.0,0.0
2009-04-06 00:00:00-04:00,9.108898852081978,9.178891308834972,8.969907088207615,9.13967514038086,131080788,0.0,0.0
2009-04-07 00:00:00-04:00,8.999691348199683,9.028234469169105,8.818754615498472,8.901653289794922,147056796,0.0,0.0
2009-04-08 00:00:00-04:00,9.022029253356992,9.059259121643182,8.84109158272345,8.9847993850708,110497392,0.0,0.0
2009-04-09 00:00:00-04:00,9.170949270848837,9.291325631419284,9.090283763226836,9.24540901184082,135168696,0.0,0.0
2009-04-13 00:00:00-04:00,9.216370923208224,9.409220739284846,9.19080535724471,9.384648323059082,121881996,0.0,0.0
2009-04-14 00:00:00-04:00,9.355608692053147,9.356849656180358,9.074151028661271,9.156305313110352,137006856,0.0,0.0
2009-04-15 00:00:00-04:00,9.111381769434198,9.457866139420474,9.038410809296556,9.419147491455078,197030772,0.0,0.0
2009-04-16 00:00:00-04:00,9.468787500981762,9.75173395557284,9.456874434001842,9.648483276367188,406996596,0.0,0.0
2009-04-17 00:00:00-04:00,9.58097355512633,9.923488177372509,9.550941654819697,9.735353469848633,428802768,0.0,0.0
2009-04-20 00:00:00-04:00,9.584199483767033,9.695889091652385,9.32954835065086,9.414183616638184,176978844,0.0,0.0
2009-04-21 00:00:00-04:00,9.336496402578431,9.538281682700681,9.334758863862113,9.46804141998291,147668184,0.0,0.0
2009-04-22 00:00:00-04:00,9.474993568401608,9.679758360581365,9.406987398058341,9.527363777160645,139931928,0.0,0.0
2009-04-23 00:00:00-04:00,9.617955616925514,9.673553087072358,9.459108404668608,9.547964096069336,104255640,0.0,0.0
2009-04-24 00:00:00-04:00,9.581717445190872,9.758683466008966,9.443967592485079,9.667098045349121,135280584,0.0,0.0
2009-04-27 00:00:00-04:00,9.539275467195756,9.667097601226635,9.499811486419146,9.579235076904297,91532376,0.0,0.0
2009-04-28 00:00:00-04:00,9.524632836565559,9.65617883716221,9.469781646420598,9.523640632629395,117626256,0.0,0.0
2009-04-29 00:00:00-04:00,9.579732943621597,9.80311217668242,9.576257865488989,9.716242790222168,144255600,0.0,0.0
2009-04-30 00:00:00-04:00,9.822718779633245,10.021029947735212,9.798891701724141,9.827930450439453,174053772,0.0,0.0
2009-05-01 00:00:00-04:00,9.804602397931442,9.86814128210721,9.718228636094432,9.771343231201172,97010892,0.0,0.0
2009-05-04 00:00:00-04:00,9.882535489320793,9.987523706876717,9.798644608587018,9.977099418640137,127991880,0.0,0.0
2009-05-05 00:00:00-04:00,9.927460143262625,10.052055030240641,9.859700849318854,10.002167701721191,95935968,0.0,0.0
2009-05-06 00:00:00-04:00,10.096482145710285,10.13346420052868,9.952775285311724,10.014080047607422,105210684,0.0,0.0
2009-05-07 00:00:00-04:00,10.029715399412193,10.051804935577325,9.741804202513308,9.8438138961792,119872008,0.0,0.0
2009-05-08 00:00:00-04:00,9.998693122794531,10.179382060047235,9.803857003737269,10.109886169433594,154449396,0.0,0.0
2009-05-11 00:00:00-04:00,9.997451046252888,10.225794120946384,9.957739248299967,10.126018524169922,102269628,0.0,0.0
2009-05-12 00:00:00-04:00,10.176402917882092,10.20072562453825,9.806586165610438,9.903383255004883,151480368,0.0,0.0
2009-05-13 00:00:00-04:00,9.781269343603112,9.83835558255082,9.63880250656196,9.668338775634766,113598288,0.0,0.0
2009-05-14 00:00:00-04:00,9.649973267995437,9.734609486807287,9.547963550148749,9.617707252502441,117362520,0.0,0.0
2009-05-15 00:00:00-04:00,9.707059286690262,9.781767797300537,9.657171953967367,9.679758071899414,120227652,0.0,0.0
2009-05-18 00:00:00-04:00,9.797153350974687,9.861188794897117,9.565583986293083,9.849523544311523,133933932,0.0,0.0
2009-05-19 00:00:00-04:00,9.831157670712336,9.968660665514212,9.754216944639182,9.900157928466797,113386500,0.0,0.0
2009-05-20 00:00:00-04:00,9.979829655052479,10.068685342735339,9.803856764645149,9.857963562011719,91268640,0.0,0.0
2009-05-21 00:00:00-04:00,9.836121584960269,9.998444810507989,9.77506557859526,9.841086387634277,108683208,0.0,0.0
2009-05-22 00:00:00-04:00,9.84505680682036,9.894448504906075,9.729396487135583,9.766626358032227,68675256,0.0,0.0
2009-05-26 00:00:00-04:00,9.728156457020935,10.052054725472118,9.679756962814238,10.03617000579834,124055820,0.0,0.0
2009-05-27 00:00:00-04:00,10.067939561892059,10.222319478592022,10.04733879980401,10.065954208374023,121250628,0.0,0.0
2009-05-28 00:00:00-04:00,10.143392536767676,10.216363501254104,10.042375024879483,10.18608283996582,106645248,0.0,0.0
2009-05-29 00:00:00-04:00,10.228523561040648,10.35560131072998,10.193527806152328,10.35560131072998,105822072,0.0,0.0
2009-06-01 00:00:00-04:00,10.39283391169944,10.662625415833828,10.387870054481017,10.587173461914062,132763104,0.0,0.0
2009-06-02 00:00:00-04:00,10.579476810362706,10.671558802667919,10.508740913219883,10.632840156555176,104839056,0.0,0.0
2009-06-03 00:00:00-04:00,10.573272060565785,10.73360802296747,10.523632552072074,10.71350383758545,141170688,0.0,0.0
2009-06-04 00:00:00-04:00,10.804096423867646,10.951527121005173,10.784240998228903,10.92770004272461,145378476,0.0,0.0
2009-06-05 00:00:00-04:00,11.04658762878301,11.102929479964457,10.907347105434985,11.027972221374512,147084768,0.0,0.0
2009-06-08 00:00:00-04:00,10.908340436478774,10.943584952630983,10.774810048328057,10.890222549438477,123824052,0.0,0.0
2009-06-09 00:00:00-04:00,10.885505953264357,10.9331610540882,10.716234482757715,10.81203842163086,130065804,0.0,0.0
2009-06-10 00:00:00-04:00,10.827179115772532,10.868379687898825,10.589900557399426,10.737082481384277,134221644,0.0,0.0
2009-06-11 00:00:00-04:00,10.716483285019843,10.765130594062434,10.632095829385959,10.647732734680176,114493392,0.0,0.0
2009-06-12 00:00:00-04:00,10.594617361473995,10.61546593642227,10.454384636592811,10.54448127746582,116619264,0.0,0.0
2009-06-15 00:00:00-04:00,10.461582727559058,10.461582727559058,10.275433383573583,10.344184875488281,149326524,0.0,0.0
2009-06-16 00:00:00-04:00,10.40722656621655,10.451406588059886,10.310677294990871,10.325072288513184,121866012,0.0,0.0
2009-06-17 00:00:00-04:00,10.329788630632747,10.41740334176745,10.214872710146949,10.304224014282227,139464396,0.0,0.0
2009-06-18 00:00:00-04:00,10.317132520664513,10.391841032978572,10.250615129660066,10.276925086975098,123284592,0.0,0.0
2009-06-19 00:00:00-04:00,10.379925148028166,10.435769473896261,10.289828513211015,10.426586151123047,170193636,0.0,0.0
2009-06-22 00:00:00-04:00,10.348650926351729,10.362053715359021,9.97486350425872,10.110380172729492,164811024,0.0,0.0
2009-06-23 00:00:00-04:00,10.093006471163648,10.151085858355646,9.991245528058341,10.068931579589844,115868016,0.0,0.0
2009-06-24 00:00:00-04:00,10.144881529705206,10.231502148188914,10.090773792337899,10.158531188964844,98213688,0.0,0.0
2009-06-25 00:00:00-04:00,10.101696403360028,10.322593726803436,10.089534574717492,10.319367408752441,121658220,0.0,0.0
2009-06-26 00:00:00-04:00,10.267492067796024,10.628621169734426,10.253344886469383,10.556396484375,130137732,0.0,0.0
2009-06-29 00:00:00-04:00,10.573273575682379,10.617949234314274,10.479951551181344,10.527108192443848,86685228,0.0,0.0
2009-06-30 00:00:00-04:00,10.523633575785173,10.603304989938533,10.380174521553357,10.46381664276123,103652244,0.0,0.0
2009-07-01 00:00:00-04:00,10.528595255715803,10.58319956035215,10.37843483675083,10.399283409118652,92339568,0.0,0.0
2009-07-02 00:00:00-04:00,10.310431008381661,10.310431008381661,10.096979489256704,10.138676643371582,100603296,0.0,0.0
2009-07-06 00:00:00-04:00,10.089284863015752,10.192038013283645,9.969156323872992,10.166474342346191,90413496,0.0,0.0
2009-07-07 00:00:00-04:00,10.132472733131175,10.156052001082527,9.828180147311556,9.844314575195312,130241628,0.0,0.0
2009-07-08 00:00:00-04:00,9.92795429810532,10.076873763913975,9.879803569935804,9.989755630493164,137510352,0.0,0.0
2009-07-09 00:00:00-04:00,10.079852565968919,10.286602663782288,10.071910206834765,10.185832977294922,130892976,0.0,0.0
2009-07-10 00:00:00-04:00,10.165730267792865,10.359077585529247,10.14388854257129,10.285361289978027,116946936,0.0,0.0
2009-07-13 00:00:00-04:00,10.329293976751122,10.536539723854384,10.30472156181611,10.531079292297363,161666172,0.0,0.0
2009-07-14 00:00:00-04:00,10.516436389355386,10.591393665301641,10.445948287758592,10.54076099395752,115716168,0.0,0.0
2009-07-15 00:00:00-04:00,10.664113516967538,10.887989327604515,10.635074764913739,10.875330924987793,150928920,0.0,0.0
2009-07-16 00:00:00-04:00,10.838349708294686,11.063466480988499,10.774314252320838,10.985282897949219,261917820,0.0,0.0
2009-07-17 00:00:00-04:00,10.747012588146285,10.808565167249924,10.590646374493383,10.678757667541504,273889836,0.0,0.0
2009-07-20 00:00:00-04:00,10.669573186423143,10.743287584659178,10.579476549659018,10.676770210266113,126013860,0.0,0.0
2009-07-21 00:00:00-04:00,10.695881934582374,10.719709012951318,10.566323200924082,10.620429992675781,118609272,0.0,0.0
2009-07-22 00:00:00-04:00,10.622912715907562,10.677517032416798,10.51122310034615,10.615219116210938,103364532,0.0,0.0
2009-07-23 00:00:00-04:00,10.639791242448153,10.950784267822039,10.56086326606363,10.854730606079102,138988872,0.0,0.0
2009-07-24 00:00:00-04:00,10.816754134483615,11.181111386940495,10.796650895650867,11.087539672851562,144930924,0.0,0.0
2009-07-27 00:00:00-04:00,11.070663719722777,11.088285979413033,10.861432609124181,11.039887428283691,100075824,0.0,0.0
2009-07-28 00:00:00-04:00,10.945569646584014,10.990494058540106,10.823952332180646,10.917027473449707,101198700,0.0,0.0
2009-07-29 00:00:00-04:00,10.8520012333201,10.866148414493225,10.719462093849266,10.827428817749023,79400520,0.0,0.0
2009-07-30 00:00:00-04:00,10.985531569226522,11.205435722925138,10.985531569226522,11.060735702514648,127816056,0.0,0.0
2009-07-31 00:00:00-04:00,11.168453532181047,11.235963113368975,10.981063226240387,10.996450424194336,114301584,0.0,0.0
2009-08-03 00:00:00-04:00,11.137676629809159,11.265747532151103,11.110374473296698,11.22380256652832,103508388,0.0,0.0
2009-08-04 00:00:00-04:00,11.153313483715188,11.268229418915212,11.129983923887472,11.261528968811035,95496408,0.0,0.0
2009-08-05 00:00:00-04:00,11.317869778202445,11.34045589432419,11.116332272170995,11.197245597839355,93586320,0.0,0.0
2009-08-06 00:00:00-04:00,11.275676260793354,11.290071256718907,11.13246501576464,11.177886009216309,84351564,0.0,0.0
2009-08-07 00:00:00-04:00,11.30967864467185,11.402752844184809,11.292800776172133,11.345170974731445,101622276,0.0,0.0
2009-08-10 00:00:00-04:00,11.296524238322666,11.377685375702729,11.263017259967885,11.333009719848633,69610320,0.0,0.0
2009-08-11 00:00:00-04:00,11.260038457600496,11.348397563141683,11.22802120461047,11.266740798950195,68431500,0.0,0.0
2009-08-12 00:00:00-04:00,11.303226340526594,11.460582863574968,11.29106356775196,11.381904602050781,93562344,0.0,0.0
2009-08-13 00:00:00-04:00,11.47051140693138,11.534299043985614,11.390094661393176,11.473738670349121,79728192,0.0,0.0
2009-08-14 00:00:00-04:00,11.486148855075095,11.496076568567261,11.339960057989654,11.417149543762207,66936996,0.0,0.0
2009-08-17 00:00:00-04:00,11.206178826027347,11.218340652170667,10.998188709243157,11.042119026184082,104703192,0.0,0.0
2009-08-18 00:00:00-04:00,11.047333438233899,11.111864520240516,10.978333182720776,11.051799774169922,93949956,0.0,0.0
2009-08-19 00:00:00-04:00,10.920504649525936,11.044851730388629,10.88501136835321,11.019287109375,90109800,0.0,0.0
2009-08-20 00:00:00-04:00,11.21858884393508,11.471255567136618,11.199477807577175,11.427325248718262,159796044,0.0,0.0
2009-08-21 00:00:00-04:00,11.554650755894112,11.56830136095861,11.48292170690116,11.547204971313477,142277580,0.0,0.0
2009-08-24 00:00:00-04:00,11.599574895874698,11.667582002374937,11.526852693047566,11.633827209472656,98037864,0.0,0.0
2009-08-25 00:00:00-04:00,11.643753843253807,11.773313517193873,11.633577370500031,11.699350357055664,93546360,0.0,0.0
2009-08-26 00:00:00-04:00,11.733850598969529,11.73980760530923,11.583442336961518,11.615708351135254,79432488,0.0,0.0
2009-08-27 00:00:00-04:00,11.630103062369352,11.630103062369352,11.435267909630987,11.567557334899902,79876044,0.0,0.0
2009-08-28 00:00:00-04:00,11.646980171911826,11.724169649492934,11.501039204808391,11.535041809082031,70793136,0.0,0.0
2009-08-31 00:00:00-04:00,11.411937125988201,11.463314179235747,11.36750928313518,11.458598136901855,78237684,0.0,0.0
2009-09-01 00:00:00-04:00,11.409207155343601,11.586421002506958,11.278654318162538,11.311912536621094,103692204,0.0,0.0
2009-09-02 00:00:00-04:00,11.313402722795583,11.375700640716571,11.233233784875821,11.243659019470215,72119808,0.0,0.0
2009-09-03 00:00:00-04:00,11.313401854290664,11.373714413978467,11.293048907386217,11.355594635009766,65782152,0.0,0.0
2009-09-04 00:00:00-04:00,11.356836625283927,11.4816812127853,11.312408784601404,11.449414253234863,59908032,0.0,0.0
2009-09-08 00:00:00-04:00,11.523625732635393,11.59063873986338,11.313897124684818,11.38289737701416,106161732,0.0,0.0
2009-09-09 00:00:00-04:00,11.393818986026977,11.572769425980459,11.387364458915956,11.515684127807617,87728184,0.0,0.0
2009-09-10 00:00:00-04:00,11.582200797566749,11.688677787780762,11.466788298286966,11.688677787780762,101282616,0.0,0.0
2009-09-11 00:00:00-04:00,11.675276060744878,11.74725292538309,11.606523621925708,11.718461990356445,76039884,0.0,0.0
2009-09-14 00:00:00-04:00,11.67800674923957,11.834124209561795,11.666589310925142,11.792426109313965,78948972,0.0,0.0
2009-09-15 00:00:00-04:00,11.791433466696034,11.886493024755953,11.732610629950663,11.852489471435547,95828076,0.0,0.0
2009-09-16 00:00:00-04:00,11.90858193685009,12.146108331003507,11.875820295286825,12.119302749633789,103308588,0.0,0.0
2009-09-17 00:00:00-04:00,12.175893166716882,12.344668065830017,12.091008196497818,12.204434394836426,179144676,0.0,0.0
2009-09-18 00:00:00-04:00,12.329775626226144,12.334988242932928,12.19227358875286,12.197981834411621,131208660,0.0,0.0
2009-09-21 00:00:00-04:00,12.105652645994356,12.382643034385664,12.067927146445149,12.335484504699707,84571344,0.0,0.0
2009-09-22 00:00:00-04:00,12.432779226232087,12.459336048590805,12.355589741634365,12.386613845825195,121526352,0.0,0.0
2009-09-23 00:00:00-04:00,12.429304093527518,12.583684007900484,12.353106813085091,12.371722221374512,108059832,0.0,0.0
2009-09-24 00:00:00-04:00,12.421610007022478,12.444941458332675,12.2362050358901,12.329776763916016,101002896,0.0,0.0
2009-09-25 00:00:00-04:00,12.268223433630395,12.408207403662283,12.211385006316624,12.223298072814941,81902016,0.0,0.0
2009-09-28 00:00:00-04:00,12.281873444485852,12.447174222571526,12.243651369776433,12.373459815979004,73498428,0.0,0.0
2009-09-29 00:00:00-04:00,12.398279099333994,12.403739530843458,12.236454345117586,12.373459815979004,83884032,0.0,0.0
2009-09-30 00:00:00-04:00,12.409943884172403,12.413418015932331,12.09324173026311,12.306941032409668,125542332,0.0,0.0
2009-10-01 00:00:00-04:00,12.236204550287086,12.32233048964697,12.087286013665247,12.092249870300293,112415472,0.0,0.0
2009-10-02 00:00:00-04:00,12.00637310440266,12.204932090278252,11.978077798638848,12.0272216796875,103927968,0.0,0.0
2009-10-05 00:00:00-04:00,12.103419438460621,12.222059215025247,11.996446806731996,12.12501335144043,85698216,0.0,0.0
2009-10-06 00:00:00-04:00,12.203937846859573,12.394306641760076,12.203937846859573,12.378669738769531,109182708,0.0,0.0
2009-10-07 00:00:00-04:00,12.38512325228018,12.881273366168054,12.355588874676956,12.845284461975098,194773032,0.0,0.0
2009-10-08 00:00:00-04:00,12.895668604027925,12.98700621048202,12.741040882412564,12.761889457702637,171979848,0.0,0.0
2009-10-09 00:00:00-04:00,12.823196375267834,12.943821502643654,12.769833022046718,12.813268661499023,109414476,0.0,0.0
2009-10-12 00:00:00-04:00,12.99122748583289,13.04930498809848,12.889465584978714,13.006614685058594,132755112,0.0,0.0
2009-10-13 00:00:00-04:00,13.015301680760693,13.0914989585949,12.940594127384196,13.057991981506348,121374504,0.0,0.0
2009-10-14 00:00:00-04:00,13.215598277569466,13.293035574073427,13.154540383332014,13.286581993103027,130205664,0.0,0.0
2009-10-15 00:00:00-04:00,13.247614866877877,13.325797494627327,13.086782329919702,13.15230655670166,243771984,0.0,0.0
2009-10-16 00:00:00-04:00,13.584670114352313,13.768834114611678,13.515174229505124,13.647215843200684,353322324,0.0,0.0
2009-10-19 00:00:00-04:00,13.717703755745854,13.740289869181025,13.619416942839587,13.702811241149902,128587284,0.0,0.0
2009-10-20 00:00:00-04:00,13.691642957773006,13.724157730491441,13.420113013957563,13.693628311157227,161586252,0.0,0.0
2009-10-21 00:00:00-04:00,13.64870640250538,13.88300650431261,13.626120285841452,13.678241729736328,146677176,0.0,0.0
2009-10-22 00:00:00-04:00,13.650939703761253,13.775038957843563,13.601299245442863,13.75245189666748,93366540,0.0,0.0
2009-10-23 00:00:00-04:00,13.781244698615295,13.846768935107068,13.680723756960104,13.742525100708008,95612292,0.0,0.0
2009-10-26 00:00:00-04:00,13.79365324154743,13.939842034216893,13.673028121176715,13.755430221557617,118697184,0.0,0.0
2009-10-27 00:00:00-04:00,13.675013086723103,13.764116573989543,13.505989435168757,13.608495712280273,128531340,0.0,0.0
2009-10-28 00:00:00-04:00,13.598071758007453,13.650939478970042,13.359305338114986,13.410185813903809,102609288,0.0,0.0
2009-10-29 00:00:00-04:00,13.477447899018994,13.696359843571509,13.42756057172228,13.677000045776367,100803096,0.0,0.0
2009-10-30 00:00:00-04:00,13.65093838061282,13.655156901679865,13.25977554174268,13.306437492370605,138601260,0.0,0.0
2009-11-02 00:00:00-05:00,13.330265370769162,13.389336965395968,13.110857806828335,13.253572463989258,127955916,0.0,0.0
2009-11-03 00:00:00-05:00,13.154788915227787,13.340689499876367,13.112347375334194,13.335477828979492,95112792,0.0,0.0
2009-11-04 00:00:00-05:00,13.422596839731733,13.539249364856682,13.313885728706753,13.410931587219238,93214692,0.0,0.0
2009-11-05 00:00:00-05:00,13.489362633313037,13.6452313361227,13.468761870242272,13.617433547973633,73834092,0.0,0.0
2009-11-06 00:00:00-05:00,13.59435084463755,13.695118654215346,13.539249951540807,13.678241729736328,72994932,0.0,0.0
2009-11-09 00:00:00-05:00,13.786207778787956,13.963173810688094,13.75592806367262,13.96143627166748,105890004,0.0,0.0
2009-11-10 00:00:00-05:00,13.96689497126342,14.117056357637878,13.948777084455262,14.066919326782227,89142768,0.0,0.0
2009-11-11 00:00:00-05:00,14.15924951001536,14.234206770864544,14.044582342515769,14.161235809326172,92695212,0.0,0.0
2009-11-12 00:00:00-05:00,14.136415646977165,14.219314322031284,14.035647844896411,14.093973159790039,75376548,0.0,0.0
2009-11-13 00:00:00-05:00,14.129714663520039,14.209634837781726,14.063197280776054,14.19821834564209,66605328,0.0,0.0
2009-11-16 00:00:00-05:00,14.271435099073544,14.320826794016199,14.21633515849273,14.303204536437988,87880032,0.0,0.0
2009-11-17 00:00:00-05:00,14.268209996995578,14.333486416180774,14.239666874659907,14.33323860168457,76591332,0.0,0.0
2009-11-18 00:00:00-05:00,14.312389373779297,14.365255202755383,14.198713464457157,14.312389373779297,61922016,0.0,0.0
2009-11-19 00:00:00-05:00,14.240908832306644,14.246616132593255,14.147337104969251,14.221549034118652,86633280,0.0,0.0
2009-11-20 00:00:00-05:00,14.134927692403249,14.187049135458988,14.132445763965208,14.146344184875488,80167752,0.0,0.0
2009-11-23 00:00:00-05:00,14.308418731558161,14.559347940694844,14.292781825626049,14.453863143920898,101798100,0.0,0.0
2009-11-24 00:00:00-05:00,14.458080870588493,14.502012133924675,14.309657972783507,14.472228050231934,64143792,0.0,0.0
2009-11-25 00:00:00-05:00,14.554631123073165,14.570763657150875,14.462301308697231,14.538002014160156,58389552,0.0,0.0
2009-11-27 00:00:00-05:00,14.196975888714963,14.456591828425122,14.171412216704026,14.389578819274902,55328616,0.0,0.0
2009-11-30 00:00:00-05:00,14.411172667838517,14.48662461607529,14.323806706489329,14.469996452331543,68934996,0.0,0.0
2009-12-01 00:00:00-05:00,14.597320822879636,14.674013728991794,14.469995256936322,14.640507698059082,92719188,0.0,0.0
2009-12-02 00:00:00-05:00,14.668556499234665,14.718443831586569,14.549916717951236,14.581933975219727,66461472,0.0,0.0
2009-12-03 00:00:00-05:00,14.6199075404222,14.679723526296645,14.519635366252029,14.538002014160156,57090852,0.0,0.0
2009-12-04 00:00:00-05:00,14.718689964826792,14.763615326563079,14.37518314077965,14.519883155822754,100443456,0.0,0.0
2009-12-07 00:00:00-05:00,14.500027472425309,14.611220507384004,14.420356061541822,14.550660133361816,65382552,0.0,0.0
2009-12-08 00:00:00-05:00,14.482404338931042,14.66011474336602,14.445174471252939,14.570514678955078,60899040,0.0,0.0
2009-12-09 00:00:00-05:00,14.581683119294613,14.627104105723049,14.484389457626008,14.619409561157227,71168760,0.0,0.0
2009-12-10 00:00:00-05:00,14.654655462244122,14.76063682808662,14.653911072920636,14.680964469909668,66665268,0.0,0.0
2009-12-11 00:00:00-05:00,14.759890582760567,14.761628121646112,14.587392791995939,14.656392097473145,68731200,0.0,0.0
2009-12-14 00:00:00-05:00,14.776520476633365,14.825166835618537,14.708513375643033,14.785951614379883,76459464,0.0,0.0
2009-12-15 00:00:00-05:00,14.725639896166337,14.802084989656482,14.668306785441338,14.721668243408203,91124784,0.0,0.0
2009-12-16 00:00:00-05:00,14.857184702270361,14.901115018476641,14.808537398510614,14.836335182189941,112263624,0.0,0.0
2009-12-17 00:00:00-05:00,14.803575753030843,14.833359840308205,14.737058367982717,14.741525650024414,105446448,0.0,0.0
2009-12-18 00:00:00-05:00,14.793398744655896,14.86537655886994,14.767834125840984,14.803077697753906,141118740,0.0,0.0
2009-12-21 00:00:00-05:00,14.832614098636835,14.88796280413559,14.784464309650396,14.859171867370605,102745152,0.0,0.0
2009-12-22 00:00:00-05:00,14.925192525371521,14.92916417825953,14.863390239183724,14.919732093811035,75156768,0.0,0.0
2009-12-23 00:00:00-05:00,14.978803179596607,15.21136477731683,14.962669699959418,15.181829452514648,82825092,0.0,0.0
2009-12-24 00:00:00-05:00,15.21285514835969,15.376418390331565,15.196473853541612,15.350605010986328,34313652,0.0,0.0
2009-12-28 00:00:00-05:00,15.42953325340797,15.537002456669287,15.350605281155095,15.459564208984375,67848084,0.0,0.0
2009-12-29 00:00:00-05:00,15.505977979343669,15.50845990770719,15.345889816469166,15.37343978881836,56935008,0.0,0.0
2009-12-30 00:00:00-05:00,15.35110175345598,15.456089973449707,15.338940871778298,15.456089973449707,58565376,0.0,0.0
2009-12-31 00:00:00-05:00,15.506225556822441,15.522359036795573,15.387834548950195,15.387834548950195,48743208,0.0,0.0
2010-01-04 00:00:00-05:00,15.560828190523049,15.624368011883234,15.493567368563983,15.555864334106445,78169752,0.0,0.0
2010-01-05 00:00:00-05:00,15.566536730873544,15.582918023877113,15.426552769868337,15.487360954284668,120067812,0.0,0.0
2010-01-06 00:00:00-05:00,15.533774571776659,15.533774571776659,15.049787227822211,15.096944808959961,158988852,0.0,0.0
2010-01-07 00:00:00-05:00,15.125239315201423,15.140131830238765,14.709506883676275,14.745494842529297,256315428,0.0,0.0
2010-01-08 00:00:00-05:00,14.693375857667695,14.972599447418357,14.621645850749392,14.942071914672852,188783028,0.0,0.0
2010-01-11 00:00:00-05:00,15.002630629433716,15.002630629433716,14.744006886730208,14.91948413848877,288227484,0.0,0.0
2010-01-12 00:00:00-05:00,14.83360645975559,14.84626486135361,14.594094708320636,14.655648231506348,193937868,0.0,0.0
2010-01-13 00:00:00-05:00,14.308417395269844,14.603525659974146,14.24413413017102,14.571508407592773,259604136,0.0,0.0
2010-01-14 00:00:00-05:00,14.492333268362037,14.74797850733287,14.465279871224102,14.64001178741455,169434396,0.0,0.0
2010-01-15 00:00:00-05:00,14.726632667041752,14.732094044490792,14.346888167388919,14.395536422729492,217162620,0.0,0.0
2010-01-19 00:00:00-05:00,14.425319618975964,14.654158319311357,14.303453538291603,14.584662437438965,172495332,0.0,0.0
2010-01-20 00:00:00-05:00,14.543957603681072,14.543957603681072,14.278634367274961,14.40571117401123,129897972,0.0,0.0
2010-01-21 00:00:00-05:00,14.480916071614043,14.56480694762187,14.203181305682051,14.469498634338379,252055692,0.0,0.0
2010-01-22 00:00:00-05:00,14.010829191603793,14.162229672093117,13.275167213109643,13.651188850402832,271743984,0.0,0.0
2010-01-25 00:00:00-05:00,13.566302774183324,13.647961433555187,13.29129867867255,13.402740478515625,176619204,0.0,0.0
2010-01-26 00:00:00-05:00,13.352356139948576,13.641010832084872,13.310658987964695,13.462803840637207,174045780,0.0,0.0
2010-01-27 00:00:00-05:00,13.43425992696555,13.59261148273977,13.286333604429153,13.45486068725586,158417424,0.0,0.0
2010-01-28 00:00:00-05:00,13.514182064040149,13.576479978575424,13.169433327498774,13.261018753051758,129034836,0.0,0.0
2010-01-29 00:00:00-05:00,13.365262882442469,13.427312038031559,13.045582182361663,13.15305233001709,165454380,0.0,0.0
2010-02-01 00:00:00-05:00,13.268711223210236,13.298744066857214,13.16198642225082,13.229496002197266,89941968,0.0,0.0
2010-02-02 00:00:00-05:00,13.277647026655869,13.277647026655869,13.095220576356372,13.18233871459961,163684152,0.0,0.0
2010-02-03 00:00:00-05:00,13.121531915705843,13.454862282813028,13.110611052229336,13.42309284210205,119844036,0.0,0.0
2010-02-04 00:00:00-05:00,13.32828013308655,13.353099415690544,13.044340540756483,13.074621200561523,134972892,0.0,0.0
2010-02-05 00:00:00-05:00,13.11482967461535,13.241411809429035,12.96740085412084,13.186559677124023,126113760,0.0,0.0
2010-02-08 00:00:00-05:00,13.21659149440008,13.452381317451641,13.192516599334828,13.240666389465332,107664228,0.0,0.0
2010-02-09 00:00:00-05:00,13.39132231283546,13.440714008965985,13.28037709386677,13.314380645751953,112671216,0.0,0.0
2010-02-10 00:00:00-05:00,13.255557768946698,13.347887579979222,13.097206207774532,13.264989852905273,106873020,0.0,0.0
2010-02-11 00:00:00-05:00,13.236942776372604,13.414901954482094,13.142131034137758,13.313387870788574,96303600,0.0,0.0
2010-02-12 00:00:00-05:00,13.228255516573826,13.332001810949627,13.166949813241853,13.231977462768555,91096812,0.0,0.0
2010-02-16 00:00:00-05:00,13.325054069234307,13.50524641531156,13.261266430842522,13.435006141662598,146029824,0.0,0.0
2010-02-17 00:00:00-05:00,13.45237994744768,13.487127887963137,13.343420083997772,13.358311653137207,81106812,0.0,0.0
2010-02-18 00:00:00-05:00,13.341683171517486,13.527088134463897,13.306935229370529,13.482660293579102,93382524,0.0,0.0
2010-02-19 00:00:00-05:00,13.415895910215086,13.50276435205678,13.395295147338897,13.42160415649414,102021876,0.0,0.0
2010-02-22 00:00:00-05:00,13.585164344882877,13.588888182845675,13.427559074822652,13.472234725952148,85698216,0.0,0.0
2010-02-23 00:00:00-05:00,13.477200755390134,13.492836715585666,13.211379973497218,13.280378341674805,114789096,0.0,0.0
2010-02-24 00:00:00-05:00,13.253324604020248,13.364021070220721,13.167199607396356,13.19102668762207,92970936,0.0,0.0
2010-02-25 00:00:00-05:00,13.083058918341605,13.117062469833446,12.906341657260244,13.065934181213379,132235632,0.0,0.0
2010-02-26 00:00:00-05:00,13.090506201780228,13.197976346169817,12.992715010300627,13.075117111206055,81890028,0.0,0.0
2010-03-01 00:00:00-05:00,13.134684285532161,13.236198361777662,13.098447567385955,13.221305847167969,89426484,0.0,0.0
2010-03-02 00:00:00-05:00,13.29055429438253,13.543221034635907,13.278889987712352,13.429049491882324,174097728,0.0,0.0
2010-03-03 00:00:00-05:00,13.46131582253328,13.604278305289423,13.384126334933452,13.534783363342285,123452424,0.0,0.0
2010-03-04 00:00:00-05:00,13.564068017420775,13.803083177676454,13.556622233175087,13.764861106872559,127224648,0.0,0.0
2010-03-05 00:00:00-05:00,13.932644065073232,14.089505895475066,13.896655161334353,14.00362777709961,156331512,0.0,0.0
2010-03-08 00:00:00-05:00,14.017777698037627,14.027706357685375,13.924206914673544,13.960691452026367,95360544,0.0,0.0
2010-03-09 00:00:00-05:00,13.895414489524391,14.014799594146398,13.812267998053994,13.903854370117188,126936936,0.0,0.0
2010-03-10 00:00:00-05:00,13.992460842695504,14.358306931489457,13.953990006036879,14.307426452636719,225969804,0.0,0.0
2010-03-11 00:00:00-05:00,14.253069771455282,14.54966778303896,14.251580046896501,14.42383098602295,169162668,0.0,0.0
2010-03-12 00:00:00-05:00,14.597568636086974,14.601043713933521,14.374685996229047,14.38411808013916,110025864,0.0,0.0
2010-03-15 00:00:00-04:00,14.06493487558153,14.133686372470066,13.799858493243391,13.978065490722656,185969844,0.0,0.0
2010-03-16 00:00:00-04:00,13.944557090916936,14.108120315971309,13.9180002708329,14.028200149536133,137122740,0.0,0.0
2010-03-17 00:00:00-04:00,14.105142234674561,14.183325810446277,14.004621305131025,14.03713607788086,132731136,0.0,0.0
2010-03-18 00:00:00-04:00,14.016287207600493,14.108617967552615,13.972604701793365,14.057985305786133,71016912,0.0,0.0
2010-03-19 00:00:00-04:00,13.899137496948242,14.097696482437346,13.831626968953556,13.899137496948242,191576232,0.0,0.0
2010-03-22 00:00:00-04:00,13.80258749899457,14.069152627512516,13.75716651271746,13.83708667755127,160031808,0.0,0.0
2010-03-23 00:00:00-04:00,13.825672728702358,13.857193410195462,13.452381786845272,13.626120567321777,219831948,0.0,0.0
2010-03-24 00:00:00-04:00,13.539497826292687,13.895415262676282,13.395295321851354,13.832869529724121,262345392,0.0,0.0
2010-03-25 00:00:00-04:00,13.87481336473407,14.196975979803403,13.865878801247016,13.970619201660156,157078764,0.0,0.0
2010-03-26 00:00:00-04:00,14.029937777002962,14.08255578856422,13.899633712168995,13.965902328491211,107740152,0.0,0.0
2010-03-29 00:00:00-04:00,13.973598184283805,14.016287541440137,13.913285622320863,13.959946632385254,124055820,0.0,0.0
2010-03-30 00:00:00-04:00,13.96937808532225,14.088513479325153,13.906087023003879,14.065679550170898,79036884,0.0,0.0
2010-03-31 00:00:00-04:00,14.024479154683023,14.140884815297893,13.968882633014028,14.07585620880127,121110768,0.0,0.0
2010-04-01 00:00:00-04:00,14.180844779899045,14.232967170522755,14.036889142339323,14.1175537109375,84023892,0.0,0.0
2010-04-05 00:00:00-04:00,14.169673600841914,14.268456041027688,14.122515075579964,14.172404289245605,75983940,0.0,0.0
2010-04-06 00:00:00-04:00,14.133934287550257,14.169427566115921,14.033165535556915,14.103157997131348,82321596,0.0,0.0
2010-04-07 00:00:00-04:00,14.08032438801034,14.11631235053344,13.945304264424081,13.987001419067383,103136760,0.0,0.0
2010-04-08 00:00:00-04:00,13.981539697423333,14.143614150360428,13.900378563715098,14.085038185119629,77822100,0.0,0.0
2010-04-09 00:00:00-04:00,14.085038018818341,14.116807456356142,13.998416454875516,14.05351734161377,82181736,0.0,0.0
2010-04-12 00:00:00-04:00,14.081564186217447,14.246615252037385,14.053517640370806,14.215095520019531,94001904,0.0,0.0
2010-04-13 00:00:00-04:00,14.210130734419327,14.615936407274203,14.175383738957425,14.563566207885742,156335508,0.0,0.0
2010-04-14 00:00:00-04:00,14.64522362010503,14.701813289191767,14.495064116923217,14.618915557861328,135971892,0.0,0.0
2010-04-15 00:00:00-04:00,14.697592989381873,14.838322291863975,14.601292472033952,14.77527904510498,270201528,0.0,0.0
2010-04-16 00:00:00-04:00,13.973597478715591,14.117799969029996,13.64175591621315,13.654662132263184,488930580,0.0,0.0
2010-04-19 00:00:00-04:00,13.619914421906007,13.749971634998339,13.526841158786207,13.653421401977539,155604240,0.0,0.0
2010-04-20 00:00:00-04:00,13.754437575795567,13.89069865089442,13.677247148978163,13.776030540466309,118976904,0.0,0.0
2010-04-21 00:00:00-04:00,13.81127490057816,13.905343201347884,13.704550089370345,13.757664680480957,95564340,0.0,0.0
2010-04-22 00:00:00-04:00,13.70057907154424,13.712988713064375,13.485886598104969,13.57796859741211,131096772,0.0,0.0
2010-04-23 00:00:00-04:00,13.582684385138185,13.634061435097475,13.459080763656726,13.526590347290039,83492424,0.0,0.0
2010-04-26 00:00:00-04:00,13.526096090301095,13.526591719317432,13.134934131154028,13.195246696472168,174577248,0.0,0.0
2010-04-27 00:00:00-04:00,13.128480592136265,13.361290956260284,13.0857902896853,13.131211280822754,153634212,0.0,0.0
2010-04-28 00:00:00-04:00,13.206663188851424,13.274421534842443,12.931906912390174,13.134437561035156,136107756,0.0,0.0
2010-04-29 00:00:00-04:00,13.238184261401265,13.315870317477094,13.071890340847292,13.204179763793945,122233644,0.0,0.0
2010-04-30 00:00:00-04:00,13.182587618616308,13.345156753557527,13.041361742031153,13.047815322875977,97318584,0.0,0.0
2010-05-03 00:00:00-04:00,13.067671692010904,13.227014509429388,13.032426230633607,13.169432640075684,74237688,0.0,0.0
2010-05-04 00:00:00-04:00,13.068167402110989,13.073627833364366,12.514436352777603,12.568046569824219,242808948,0.0,0.0
2010-05-05 00:00:00-04:00,12.434267606906687,12.8001127228696,12.421609205287885,12.652186393737793,183104712,0.0,0.0
2010-05-06 00:00:00-04:00,12.62711791579129,12.844788896945039,11.417149466424144,12.376934051513672,199803996,0.0,0.0
2010-05-07 00:00:00-04:00,12.40920151839814,12.541988484425428,11.946558290023471,12.2396821975708,203356440,0.0,0.0
2010-05-10 00:00:00-04:00,12.75667761136267,12.976333929892066,12.722675006209101,12.947294235229492,164954880,0.0,0.0
2010-05-11 00:00:00-04:00,12.79887393822164,12.903364641234223,12.613964590199133,12.634565353393555,132771096,0.0,0.0
2010-05-12 00:00:00-04:00,12.70877606473566,12.70877606473566,12.459584414284247,12.543723106384277,153917928,0.0,0.0
2010-05-13 00:00:00-04:00,12.819472458547086,12.955982305463026,12.667327597568892,12.679986000061035,132898968,0.0,0.0
2010-05-14 00:00:00-04:00,12.652434515918648,12.682715176404312,12.316870051544312,12.596837997436523,164475360,0.0,0.0
2010-05-17 00:00:00-04:00,12.578223197520945,12.617438420549783,12.368991160111731,12.607758522033691,111640248,0.0,0.0
2010-05-18 00:00:00-04:00,12.658144372132138,12.682219267234151,12.337222700464663,12.369488716125488,112906980,0.0,0.0
2010-05-19 00:00:00-04:00,12.317117086369171,12.396044104370157,12.105651888760203,12.271697044372559,137690172,0.0,0.0
2010-05-20 00:00:00-04:00,12.039384943547816,12.052043346430809,11.759664791011543,11.78969669342041,196335468,0.0,0.0
2010-05-21 00:00:00-04:00,11.642017502861748,12.037646720794571,11.52635718193001,11.716228485107422,387244368,0.0,0.0
2010-05-24 00:00:00-04:00,11.931664549917787,12.156532541246406,11.834123069284473,11.843057632446289,173650176,0.0,0.0
2010-05-25 00:00:00-04:00,11.619430264123011,11.850256219334764,11.516677107273372,11.840825080871582,120575304,0.0,0.0
2010-05-26 00:00:00-04:00,11.964924179405646,12.15578862688202,11.789446930658375,11.80111312866211,138884976,0.0,0.0
2010-05-27 00:00:00-04:00,12.03640481317458,12.219079077295746,11.939606777044201,12.173162460327148,112251636,0.0,0.0
2010-05-28 00:00:00-04:00,12.22975219610535,12.247375400935756,11.98800631893842,12.053282737731934,115676208,0.0,0.0
2010-06-01 00:00:00-04:00,11.924218456265107,12.188053848456004,11.916523911543797,11.972368240356445,106565328,0.0,0.0
2010-06-02 00:00:00-04:00,12.079344756978735,12.25779958107537,11.949785060230653,12.245389938354492,101530368,0.0,0.0
2010-06-03 00:00:00-04:00,12.288573679382772,12.608503102662267,12.27839815251114,12.548934936523438,145881972,0.0,0.0
2010-06-04 00:00:00-04:00,12.40299501074946,12.63952826459839,12.328038694922618,12.378174781799316,156655188,0.0,0.0
2010-06-07 00:00:00-04:00,12.38661437807123,12.432531000103506,11.991730482736777,12.050553321838379,145162692,0.0,0.0
2010-06-08 00:00:00-04:00,12.108381885616124,12.132954299106423,11.852488844387468,12.032185554504395,107296596,0.0,0.0
2010-06-09 00:00:00-04:00,12.09274739740779,12.133947978237199,11.714989175850553,11.765124320983887,109050840,0.0,0.0
2010-06-10 00:00:00-04:00,11.922728806408163,12.124515050719461,11.810295758811918,12.087532997131348,103012884,0.0,0.0
2010-06-11 00:00:00-04:00,11.975597001134568,12.129728150277327,11.953755275886923,12.124515533447266,71196732,0.0,0.0
2010-06-14 00:00:00-04:00,12.272938251670801,12.273434826483813,11.992721557617188,11.992721557617188,81534384,0.0,0.0
2010-06-15 00:00:00-04:00,11.989992278920134,12.419872854823604,11.967654924181314,12.360055923461914,170213616,0.0,0.0
2010-06-16 00:00:00-04:00,12.314883257247063,12.509222761779885,12.31339353291755,12.4414644241333,91480428,0.0,0.0
2010-06-17 00:00:00-04:00,12.495574106301252,12.55563696306379,12.327791394650468,12.411931037902832,79012908,0.0,0.0
2010-06-18 00:00:00-04:00,12.472241923841244,12.496069002721947,12.363531763188787,12.410688400268555,114801084,0.0,0.0
2010-06-21 00:00:00-04:00,12.407461879299886,12.434019646353413,12.034915372251422,12.126004219055176,119220660,0.0,0.0
2010-06-22 00:00:00-04:00,12.159264452323605,12.325557441582651,12.055765009414806,12.068671226501465,88699212,0.0,0.0
2010-06-23 00:00:00-04:00,12.084555542971804,12.084555542971804,11.867878656831095,11.96442699432373,81082836,0.0,0.0
2010-06-24 00:00:00-04:00,11.90510858393071,11.98180149488455,11.746260438715327,11.791929244995117,75668256,0.0,0.0
2010-06-25 00:00:00-04:00,11.840576998123643,11.85522075442119,11.679247864346697,11.731865882873535,89718192,0.0,0.0
2010-06-28 00:00:00-04:00,11.729632661060284,11.852738771683443,11.640776973952336,11.716974258422852,70421508,0.0,0.0
2010-06-29 00:00:00-04:00,11.5025285233801,11.530077546082657,11.196747235033039,11.27468204498291,139943916,0.0,0.0
2010-06-30 00:00:00-04:00,11.292055940548247,11.363289364153442,11.037901373181105,11.043609619140625,143983872,0.0,0.0
2010-07-01 00:00:00-04:00,11.052047173117593,11.129237599991496,10.762648099994845,10.908092498779297,140403456,0.0,0.0
2010-07-02 00:00:00-04:00,10.960959856340224,10.977340205123049,10.821471510338979,10.835123062133789,77362560,0.0,0.0
2010-07-06 00:00:00-04:00,11.020031241957561,11.111121045299317,10.76264939035906,10.823210716247559,102301596,0.0,0.0
2010-07-07 00:00:00-04:00,10.878806600924396,11.200969255170222,10.806084390757485,11.173914909362793,125062812,0.0,0.0
2010-07-08 00:00:00-04:00,11.257059530811624,11.350880010037649,11.160511200650657,11.331767082214355,106649244,0.0,0.0
2010-07-09 00:00:00-04:00,11.713995457823081,11.746260526926395,11.48614894541607,11.603050231933594,173086740,0.0,0.0
2010-07-12 00:00:00-04:00,11.724169975448985,11.899647216135408,11.692152723601575,11.810047149658203,133242624,0.0,0.0
2010-07-13 00:00:00-04:00,11.969391767954297,12.23595692690322,11.92049664430725,12.141889572143555,158892948,0.0,0.0
2010-07-14 00:00:00-04:00,12.15876869942308,12.256806771351675,12.073884659972158,12.195006370544434,124595280,0.0,0.0
2010-07-15 00:00:00-04:00,12.204683853417125,12.278398253653792,11.980062737424054,12.261520385742188,194133672,0.0,0.0
2010-07-16 00:00:00-04:00,11.64350835595553,11.679248506185964,11.405236589039246,11.407470703125,312679008,0.0,0.0
2010-07-19 00:00:00-04:00,11.442216943389106,11.656660650368872,11.355594432135465,11.570535659790039,181829988,0.0,0.0
2010-07-20 00:00:00-04:00,11.442714134673956,11.987759458622977,11.432042976842142,11.953011512756348,162017820,0.0,0.0
2010-07-21 00:00:00-04:00,12.012825806463164,12.055020477938024,11.800119639446585,11.851495742797852,131052816,0.0,0.0
2010-07-22 00:00:00-04:00,11.993714199754447,12.136428849118301,11.975098793123326,12.032929420471191,85822092,0.0,0.0
2010-07-23 00:00:00-04:00,11.93265753108428,12.176388740773529,11.913794309549166,12.16323471069336,90485424,0.0,0.0
2010-07-26 00:00:00-04:00,12.139159388825897,12.180360914626533,12.034668687305052,12.136181831359863,79728192,0.0,0.0
2010-07-27 00:00:00-04:00,12.176141694659366,12.347895106814068,12.165965221044406,12.227022171020508,97949952,0.0,0.0
2010-07-28 00:00:00-04:00,12.284357167127649,12.29205171301324,11.979816783302041,12.021513938903809,99740160,0.0,0.0
2010-07-29 00:00:00-04:00,12.061225418862307,12.13394762471594,11.896917783491919,12.037398338317871,106912980,0.0,0.0
2010-07-30 00:00:00-04:00,11.904860033815078,12.096221065765498,11.892201631370414,12.033923149108887,85678236,0.0,0.0
2010-08-02 00:00:00-04:00,12.136677214347866,12.243154204865398,12.085796740065543,12.171921730041504,74273652,0.0,0.0
2010-08-03 00:00:00-04:00,12.174155124762954,12.222802432071505,12.081328737703124,12.157526016235352,72019908,0.0,0.0
2010-08-04 00:00:00-04:00,12.215853245230104,12.583683716255926,12.187806699129554,12.56680679321289,152347500,0.0,0.0
2010-08-05 00:00:00-04:00,12.556134570104996,12.623396343926895,12.498303935145428,12.61098575592041,96719184,0.0,0.0
2010-08-06 00:00:00-04:00,12.543972760549053,12.552410749708839,12.31190677687532,12.4154052734375,132647220,0.0,0.0
2010-08-09 00:00:00-04:00,12.465790555133678,12.546455123731377,12.443701012967328,12.542731285095215,74813112,0.0,0.0
2010-08-10 00:00:00-04:00,12.468271769732445,12.558865945807215,12.37445316740753,12.50202751159668,82877040,0.0,0.0
2010-08-11 00:00:00-04:00,12.353603895149705,12.360305291071956,12.198976159938155,12.204933166503906,88831080,0.0,0.0
2010-08-12 00:00:00-04:00,12.011338092265566,12.279640799413505,11.975845758871058,12.211634635925293,88095816,0.0,0.0
2010-08-13 00:00:00-04:00,12.13692568789628,12.191281242975212,12.062713760155264,12.07115364074707,77310612,0.0,0.0
2010-08-16 00:00:00-04:00,12.004884569612924,12.15852010264541,11.925957542254087,12.052290916442871,52147800,0.0,0.0
2010-08-17 00:00:00-04:00,12.125259451565356,12.278398390972978,12.063210301977145,12.174651145935059,75552372,0.0,0.0
2010-08-18 00:00:00-04:00,12.172665399449748,12.18333750097553,11.95201688648042,11.96690845489502,107348544,0.0,0.0
2010-08-19 00:00:00-04:00,11.93861495359433,11.975845771966632,11.597093465344102,11.614964485168457,156843000,0.0,0.0
2010-08-20 00:00:00-04:00,11.614961739835568,11.704809609153394,11.44246302447201,11.467283248901367,156547296,0.0,0.0
2010-08-23 00:00:00-04:00,11.454378897049057,11.621912838077977,11.36080812073321,11.518165588378906,119328552,0.0,0.0
2010-08-24 00:00:00-04:00,11.360063288210272,11.376693343321389,11.191784004571941,11.203450202941895,110397492,0.0,0.0
2010-08-25 00:00:00-04:00,11.168949858085577,11.362793756872264,11.168949858085577,11.283617973327637,103580316,0.0,0.0
2010-08-26 00:00:00-04:00,11.319359097711486,11.34914223766676,11.179870752988917,11.193273544311523,71008920,0.0,0.0
2010-08-27 00:00:00-04:00,11.232488334305327,11.416900142177662,11.110622252948962,11.38810920715332,92403504,0.0,0.0
2010-08-30 00:00:00-04:00,11.396051838896748,11.411192168997719,11.229014470526591,11.235715866088867,49206744,0.0,0.0
2010-08-31 00:00:00-04:00,11.171680105260819,11.28982234797144,11.119309906354438,11.169445991516113,77794128,0.0,0.0
2010-09-01 00:00:00-04:00,11.292553693489047,11.539759055821946,11.231000167399966,11.425339698791504,129002868,0.0,0.0
2010-09-02 00:00:00-04:00,11.487638594896847,11.527100688566602,11.424843158576168,11.496076583862305,67300632,0.0,0.0
2010-09-03 00:00:00-04:00,11.678251911505996,11.712007643924709,11.601806830531638,11.672791481018066,101514384,0.0,0.0
2010-09-07 00:00:00-04:00,11.528838633363648,11.605532492948385,11.492105335415436,11.526357650756836,68327604,0.0,0.0
2010-09-08 00:00:00-04:00,11.545963660621762,11.727396971927917,11.52908673720106,11.679742813110352,95975928,0.0,0.0
2010-09-09 00:00:00-04:00,11.859687876605868,11.923474567286648,11.679742404390563,11.818734169006348,97126776,0.0,0.0
2010-09-10 00:00:00-04:00,11.889223591476922,11.90833557606675,11.79143428380649,11.817742347717285,78893028,0.0,0.0
2010-09-13 00:00:00-04:00,11.935885127537917,12.02151259732769,11.90188062990277,11.969887733459473,89570340,0.0,0.0
2010-09-14 00:00:00-04:00,11.963435311662042,12.031442421807824,11.915533335497607,11.924220085144043,88571340,0.0,0.0
2010-09-15 00:00:00-04:00,11.912306223818382,11.96045601127839,11.876316371682025,11.929430961608887,96015888,0.0,0.0
2010-09-16 00:00:00-04:00,11.912306556766067,11.974355711982518,11.898902819344803,11.93985652923584,78701220,0.0,0.0
2010-09-17 00:00:00-04:00,12.006621967048995,12.191529418069393,11.942835271522254,12.1654691696167,225438336,0.0,0.0
2010-09-20 00:00:00-04:00,12.223796152640022,12.668319551230628,12.21287528943388,12.615453720092773,175963860,0.0,0.0
2010-09-21 00:00:00-04:00,12.65020091865152,12.905846147540906,12.631088936237276,12.744019508361816,178473348,0.0,0.0
2010-09-22 00:00:00-04:00,12.72912733619852,12.851240280313371,12.699839827762835,12.807062149047852,101382516,0.0,0.0
2010-09-23 00:00:00-04:00,12.77256291902434,12.898647524471011,12.69040863345262,12.744516372680664,92603304,0.0,0.0
2010-09-24 00:00:00-04:00,12.949529456757821,13.100682111391473,12.863155700518428,13.087279319763184,134141724,0.0,0.0
2010-09-27 00:00:00-04:00,13.125998085536427,13.324558033320763,13.125998085536427,13.164718627929688,124171704,0.0,0.0
2010-09-28 00:00:00-04:00,13.24091406402988,13.243643806750217,12.867870980290173,13.08430004119873,146041812,0.0,0.0
2010-09-29 00:00:00-04:00,13.101176814412943,13.227510167134627,13.023242950021052,13.09720516204834,86801112,0.0,0.0
2010-09-30 00:00:00-04:00,13.1336918995193,13.200953669001416,12.879536391209555,13.050049781799316,129634236,0.0,0.0
2010-10-01 00:00:00-04:00,13.154540890816076,13.169929981602992,12.980802123016204,13.045830726623535,88911000,0.0,0.0
2010-10-04 00:00:00-04:00,13.02920126713315,13.111106798080039,12.877799847547422,12.964670181274414,77542380,0.0,0.0
2010-10-05 00:00:00-04:00,13.114332910311447,13.402739782397589,13.068911920909615,13.358808517456055,140143716,0.0,0.0
2010-10-06 00:00:00-04:00,13.384372561613974,13.40149824410445,13.15305099490028,13.262506484985352,110381508,0.0,0.0
2010-10-07 00:00:00-04:00,13.308672304004592,13.333243771723737,13.133196006263288,13.154788970947266,95736168,0.0,0.0
2010-10-08 00:00:00-04:00,13.223291454227097,13.343170278955778,13.095468379027798,13.312145233154297,114253632,0.0,0.0
2010-10-11 00:00:00-04:00,13.365012580726395,13.516910553231579,13.332498755062351,13.373947143554688,104946948,0.0,0.0
2010-10-12 00:00:00-04:00,13.405718016004608,13.55141022772274,13.347887386546713,13.437238693237305,149993856,0.0,0.0
2010-10-13 00:00:00-04:00,13.576479069583337,13.588639950087902,13.460569997439638,13.484644889831543,122101776,0.0,0.0
2010-10-14 00:00:00-04:00,13.506486816344974,13.533043637301041,13.331009573854276,13.425822257995605,265098636,0.0,0.0
2010-10-15 00:00:00-04:00,14.873816404223367,14.932639245034057,14.683447568741707,14.927923202514648,592399008,0.0,0.0
2010-10-18 00:00:00-04:00,14.90558445824578,15.380637260230607,14.90558445824578,15.331493377685547,283644072,0.0,0.0
2010-10-19 00:00:00-04:00,15.111589050708261,15.259764139992937,14.962918332458488,15.086273193359375,183332484,0.0,0.0
2010-10-20 00:00:00-04:00,15.093967998743832,15.323304241102745,15.078084224171388,15.089997291564941,140862996,0.0,0.0
2010-10-21 00:00:00-04:00,15.177610637661438,15.289051492006172,15.040852978806512,15.18952465057373,116703180,0.0,0.0
2010-10-22 00:00:00-04:00,15.187786312777321,15.259765074081992,15.141374062439487,15.202927589416504,90153756,0.0,0.0
2010-10-25 00:00:00-04:00,15.27887415301293,15.505976248059637,15.263486009705858,15.301460266113281,126209664,0.0,0.0
2010-10-26 00:00:00-04:00,15.217074439025112,15.41885975403852,15.1656973871403,15.353583335876465,100415484,0.0,0.0
2010-10-27 00:00:00-04:00,15.283343855538904,15.388332072127207,15.197963251068618,15.3007173538208,89586324,0.0,0.0
2010-10-28 00:00:00-04:00,15.38957291642781,15.413152182647055,15.222038962004541,15.35308837890625,87284628,0.0,0.0
2010-10-29 00:00:00-04:00,15.31560908502813,15.363511058909449,15.214343759862627,15.231966018676758,91040868,0.0,0.0
2010-11-01 00:00:00-04:00,15.28234956025633,15.404711265953939,15.17016338158974,15.264230728149414,123360516,0.0,0.0
2010-11-02 00:00:00-04:00,15.355319627658236,15.38833097458166,15.253806496309291,15.279122352600098,79824096,0.0,0.0
2010-11-03 00:00:00-04:00,15.32628198787746,15.433751187044399,15.227002017166415,15.39279842376709,135084780,0.0,0.0
2010-11-04 00:00:00-04:00,15.503496556649756,15.634545972774063,15.440453304103636,15.494312286376953,142689168,0.0,0.0
2010-11-05 00:00:00-04:00,15.467257213912195,15.524591268145052,15.415880165644074,15.514415740966797,70557372,0.0,0.0
2010-11-08 00:00:00-05:00,15.488107229203157,15.62387268564544,15.466018633898138,15.55636215209961,83967948,0.0,0.0
2010-11-09 00:00:00-05:00,15.636529701184926,15.657626090770306,15.400988662801241,15.507962226867676,89398512,0.0,0.0
2010-11-10 00:00:00-05:00,15.439954840864598,15.462789713390318,15.32652770503143,15.459811210632324,99780120,0.0,0.0
2010-11-11 00:00:00-05:00,15.380886174564136,15.384609067254804,15.244625086172269,15.318588256835938,90373536,0.0,0.0
2010-11-12 00:00:00-05:00,15.239163802245656,15.31138942977693,14.921965039197227,14.973590850830078,135584280,0.0,0.0
2010-11-15 00:00:00-05:00,14.968378157023094,14.991213032493388,14.744254544757656,14.779500007629395,139016844,0.0,0.0
2010-11-16 00:00:00-05:00,14.712236868301714,14.839562435288446,14.48116405258523,14.487865447998047,132163704,0.0,0.0
2010-11-17 00:00:00-05:00,14.519635291310747,14.6313239568321,14.429538645373423,14.48364543914795,97602300,0.0,0.0
2010-11-18 00:00:00-05:00,14.618915704014633,14.89143787218752,14.607994840790983,14.806553840637207,103496400,0.0,0.0
2010-11-19 00:00:00-05:00,14.817475163044172,14.839563758814588,14.65217437673726,14.664336204528809,91808100,0.0,0.0
2010-11-22 00:00:00-05:00,14.580938941707076,14.729114022905144,14.463788907831365,14.674013137817383,87376536,0.0,0.0
2010-11-23 00:00:00-05:00,14.569522462646688,14.619161970889069,14.350858352683431,14.470242500305176,86417496,0.0,0.0
2010-11-24 00:00:00-05:00,14.576967891639391,14.807545076744193,14.570515256610575,14.767088890075684,95760144,0.0,0.0
2010-11-26 00:00:00-05:00,14.6551514241168,14.717698099990178,14.569275189055542,14.6437349319458,52391556,0.0,0.0
2010-11-29 00:00:00-05:00,14.623132102388011,14.638769005609864,14.394292474479,14.447903633117676,114273612,0.0,0.0
2010-11-30 00:00:00-05:00,14.25455758468016,14.25455758468016,13.73309254373016,13.7926607131958,284411304,0.0,0.0
2010-12-01 00:00:00-05:00,13.973597895481438,14.186304070954344,13.958705379705071,14.007104873657227,150013836,0.0,0.0
2010-12-02 00:00:00-05:00,14.114078250302704,14.22998732799858,14.031923964809897,14.192508697509766,101814084,0.0,0.0
2010-12-03 00:00:00-05:00,14.133687586500228,14.308170760546721,14.097698676106209,14.221797943115234,105142752,0.0,0.0
2010-12-06 00:00:00-05:00,14.40968381897541,14.445176151926644,14.311396994703967,14.354830741882324,83668248,0.0,0.0
2010-12-07 00:00:00-05:00,14.675255420120788,14.718193534324143,14.544454778281112,14.572749137878418,121566312,0.0,0.0
2010-12-08 00:00:00-05:00,14.692630203558206,14.706281755601275,14.487121992132892,14.657137870788574,70205724,0.0,0.0
2010-12-09 00:00:00-05:00,14.74003606637691,14.782228847751876,14.61891531614848,14.680964469909668,74681244,0.0,0.0
2010-12-10 00:00:00-05:00,14.721668207681862,14.74276648970328,14.650932306087144,14.698586463928223,68119812,0.0,0.0
2010-12-13 00:00:00-05:00,14.820451013091835,14.966391983920126,14.745246886907664,14.758400917053223,95844060,0.0,0.0
2010-12-14 00:00:00-05:00,14.819706996686016,14.849491081368209,14.70528764580411,14.765600204467773,65666268,0.0,0.0
2010-12-15 00:00:00-05:00,14.747978308462768,14.803822640987851,14.622637146068941,14.651180267333984,86621292,0.0,0.0
2010-12-16 00:00:00-05:00,14.71447161519169,14.737305545131253,14.595831846074853,14.686177253723145,63812124,0.0,0.0
2010-12-17 00:00:00-05:00,14.668555241659915,14.70727389199735,14.58590437800325,14.663591384887695,123360516,0.0,0.0
2010-12-20 00:00:00-05:00,14.759147820750997,14.8393158118012,14.610476145617934,14.769323348999023,78853068,0.0,0.0
2010-12-21 00:00:00-05:00,14.856440501944764,15.00908287401683,14.832613423032463,14.968130111694336,75104820,0.0,0.0
2010-12-22 00:00:00-05:00,14.991213316643577,15.065673059036296,14.973343243309241,15.028194427490234,48251700,0.0,0.0
2010-12-23 00:00:00-05:00,15.024471501959557,15.040851849699017,14.942317219501634,14.996920585632324,44387568,0.0,0.0
2010-12-27 00:00:00-05:00,14.959940499436115,14.985752932763033,14.879524696247353,14.951005935668945,48275676,0.0,0.0
2010-12-28 00:00:00-05:00,14.94281458904023,14.98798776832275,14.84254240825549,14.865129470825195,42549408,0.0,0.0
2010-12-29 00:00:00-05:00,14.941572088139033,14.951747614887452,14.865127001010011,14.916751861572266,40727232,0.0,0.0
2010-12-30 00:00:00-05:00,14.842294678949312,14.924944600462418,14.827155293456599,14.863639831542969,39540420,0.0,0.0
2010-12-31 00:00:00-05:00,14.811020066690883,14.852718165741527,14.694119727394819,14.742269515991211,61510428,0.0,0.0
2011-01-03 00:00:00-05:00,14.804567186753026,15.03067709959652,14.804567186753026,14.999899864196777,94513392,0.0,0.0
2011-01-04 00:00:00-05:00,15.031421798546223,15.045321164953158,14.894911954564277,14.944551467895508,72907020,0.0,0.0
2011-01-05 00:00:00-05:00,14.893670942835671,15.148323981678429,14.893174367991142,15.117050170898438,101190708,0.0,0.0
2011-01-06 00:00:00-05:00,15.157007784947076,15.34936193719703,15.141371827477286,15.22700023651123,82229688,0.0,0.0
2011-01-07 00:00:00-05:00,15.286817549925697,15.344895995290171,15.14335944839271,15.299971580505371,83963952,0.0,0.0
2011-01-10 00:00:00-05:00,15.25926694737006,15.27391164857535,15.104391405158903,15.244624137878418,63104832,0.0,0.0
2011-01-11 00:00:00-05:00,15.331492736132146,15.358546131627175,15.251821328211815,15.289299011230469,57514428,0.0,0.0
2011-01-12 00:00:00-05:00,15.372197671118995,15.372197671118995,15.258522712200632,15.310644149780273,65242692,0.0,0.0
2011-01-13 00:00:00-05:00,15.313129211452207,15.38014317766523,15.243384556171335,15.306180000305176,53306640,0.0,0.0
2011-01-14 00:00:00-05:00,15.32379760951153,15.494310041541652,15.31585525046854,15.492076873779297,94529376,0.0,0.0
2011-01-18 00:00:00-05:00,15.538740072639987,15.934122433502965,15.519132459657941,15.875547409057617,144535320,0.0,0.0
2011-01-19 00:00:00-05:00,15.937346846803273,15.958195422748945,15.628091393847772,15.679965019226074,136107756,0.0,0.0
2011-01-20 00:00:00-05:00,15.691382273334408,15.737796415423759,15.469989341006023,15.55636215209961,219212568,0.0,0.0
2011-01-21 00:00:00-05:00,15.87430667269779,15.927668134823842,15.173888297735235,15.185553550720215,355819824,0.0,0.0
2011-01-24 00:00:00-05:00,15.07981967896443,15.201933576278092,14.922462211135493,15.166936874389648,183784032,0.0,0.0
2011-01-25 00:00:00-05:00,15.095455959958201,15.405456751900763,15.053758807553606,15.386096954345703,145726128,0.0,0.0
2011-01-26 00:00:00-05:00,15.396520760221552,15.450131920258734,15.271179608431023,15.301460266113281,81442476,0.0,0.0
2011-01-27 00:00:00-05:00,15.3359626660601,15.380886138603264,15.220797969851278,15.308660507202148,80687232,0.0,0.0
2011-01-28 00:00:00-05:00,15.365247694866918,15.397265892926994,14.88597638630206,14.916504859924316,169074756,0.0,0.0
2011-01-31 00:00:00-05:00,14.981284203434194,15.002877167284932,14.781484260163005,14.900867462158203,112083804,0.0,0.0
2011-02-01 00:00:00-05:00,15.003373074995428,15.22327815352833,14.969122655418259,15.16594409942627,109702188,0.0,0.0
2011-02-02 00:00:00-05:00,15.164952376003177,15.247851054739742,15.078827379513307,15.189772605895996,70357572,0.0,0.0
2011-02-03 00:00:00-05:00,15.127225040554316,15.176121108117728,15.044078552204779,15.143855094909668,59744196,0.0,0.0
2011-02-04 00:00:00-05:00,15.14385465319415,15.17587190512847,15.055992125374864,15.16445541381836,61969968,0.0,0.0
2011-02-07 00:00:00-05:00,15.144104354072535,15.348372555144303,15.12052508751738,15.246611595153809,71912016,0.0,0.0
2011-02-08 00:00:00-05:00,15.26249607285936,15.379148601959889,15.252070838319945,15.348123550415039,67728204,0.0,0.0
2011-02-09 00:00:00-05:00,15.310643589204336,15.374679036375776,15.198209598491212,15.301460266113281,73626300,0.0,0.0
2011-02-10 00:00:00-05:00,15.23692927863107,15.326281533378328,15.178850833266596,15.299971580505371,93282624,0.0,0.0
2011-02-11 00:00:00-05:00,15.23420021031106,15.512431568515744,15.214591652029656,15.500020980834961,103492404,0.0,0.0
2011-02-14 00:00:00-05:00,15.471229204405887,15.6275944663263,15.389323681100603,15.590612411499023,85034880,0.0,0.0
2011-02-15 00:00:00-05:00,15.570012203788764,15.638762749055909,15.465271808379711,15.491332054138184,83596320,0.0,0.0
2011-02-16 00:00:00-05:00,15.528066357235943,15.549659321552864,15.440451644165877,15.493070602416992,67292640,0.0,0.0
2011-02-17 00:00:00-05:00,15.419356869240334,15.568276358920105,15.39528197422484,15.518884658813477,59092848,0.0,0.0
2011-02-18 00:00:00-05:00,15.537250151297572,15.665816683193245,15.492077922067892,15.63851547241211,128587284,0.0,0.0
2011-02-22 00:00:00-05:00,15.389075006191263,15.510693273566085,15.084783414986147,15.145344734191895,145450404,0.0,0.0
2011-02-23 00:00:00-05:00,15.148322050320981,15.256784386962789,14.991211464684241,15.172892570495605,115468416,0.0,0.0
2011-02-24 00:00:00-05:00,15.174631303036065,15.216825974907934,14.925439653794301,15.110844612121582,108359532,0.0,0.0
2011-02-25 00:00:00-05:00,15.186298857989925,15.257282579643384,15.12772383281163,15.141125679016113,77218704,0.0,0.0
2011-02-28 00:00:00-05:00,15.140133225110485,15.301214541690602,15.0907405793881,15.224520683288574,91168740,0.0,0.0
2011-03-01 00:00:00-05:00,15.333230953848705,15.3689720454097,14.874558499076151,14.910796165466309,132795072,0.0,0.0
2011-03-02 00:00:00-05:00,14.886968571696412,15.040851903720892,14.772549222302041,14.911540985107422,80986932,0.0,0.0
2011-03-03 00:00:00-05:00,15.05028535289213,15.17711530066481,15.016033038038733,15.129212379455566,77734188,0.0,0.0
2011-03-04 00:00:00-05:00,15.09868297068571,15.114817397197996,14.896897649169423,14.907322883605957,120319560,0.0,0.0
2011-03-07 00:00:00-05:00,14.905583120450563,14.983516985740675,14.569273355581124,14.68493366241455,138369492,0.0,0.0
2011-03-08 00:00:00-05:00,14.71645606846465,14.841796279758533,14.648697726265956,14.701067924499512,91304604,0.0,0.0
2011-03-09 00:00:00-05:00,14.668553949595694,14.755672087502278,14.538248937375265,14.687664985656738,85953960,0.0,0.0
2011-03-10 00:00:00-05:00,14.530556088424827,14.55984265314157,14.381884421748236,14.402981758117676,124998876,0.0,0.0
2011-03-11 00:00:00-05:00,14.351355743633746,14.395535769211609,14.229987181642505,14.313878059387207,121158720,0.0,0.0
2011-03-14 00:00:00-04:00,14.216833662830652,14.353094754212133,14.098194831419104,14.147089958190918,112531356,0.0,0.0
2011-03-15 00:00:00-04:00,13.837088677861463,14.172157528858396,13.78744821751289,14.1364164352417,160063776,0.0,0.0
2011-03-16 00:00:00-04:00,14.097944486979513,14.142124512123,13.682708623695847,13.82715892791748,151788060,0.0,0.0
2011-03-17 00:00:00-04:00,14.010330084049714,14.12251531612913,13.912539845916832,13.932891845703125,115856028,0.0,0.0
2011-03-18 00:00:00-04:00,14.014300282793563,14.097447709496775,13.892683917422826,13.925445556640625,131812056,0.0,0.0
2011-03-21 00:00:00-04:00,14.152796588381682,14.390571744782578,14.12301344960406,14.30866527557373,120715164,0.0,0.0
2011-03-22 00:00:00-04:00,14.327777628604714,14.376424939782225,14.209635374703893,14.329018592834473,75400524,0.0,0.0
2011-03-23 00:00:00-04:00,14.276150960473752,14.456343294863244,14.196975182538687,14.449146270751953,72575352,0.0,0.0
2011-03-24 00:00:00-04:00,14.530306867437988,14.603773456029675,14.365750486543618,14.566544532775879,83864052,0.0,0.0
2011-03-25 00:00:00-04:00,14.566297702924164,14.567041146411345,14.376672320850075,14.389082908630371,114221664,0.0,0.0
2011-03-28 00:00:00-04:00,14.44691149932754,14.519385883540556,14.2642372331484,14.280370712280273,88647264,0.0,0.0
2011-03-29 00:00:00-04:00,14.296255619704434,14.44244535415739,14.222044641460379,14.43847370147705,64127808,0.0,0.0
2011-03-30 00:00:00-04:00,14.504247340684454,14.53204607493396,14.409932165898637,14.441205978393555,56835108,0.0,0.0
2011-03-31 00:00:00-04:00,14.469996239703724,14.598066203639057,14.43872242867162,14.563319206237793,81094824,0.0,0.0
2011-04-01 00:00:00-04:00,14.612957862595907,14.772549442697336,14.612957862595907,14.688409805297852,104423472,0.0,0.0
2011-04-04 00:00:00-04:00,14.71819272168623,14.761378647980466,14.472475224413111,14.586151123046875,82097820,0.0,0.0
2011-04-05 00:00:00-04:00,14.422342253240453,14.432517781401971,14.04011487280107,14.124751091003418,241658100,0.0,0.0
2011-04-06 00:00:00-04:00,14.201443863647173,14.275406081466619,14.097696615402457,14.251083374023438,106625268,0.0,0.0
2011-04-07 00:00:00-04:00,14.289555054456192,14.411421142660073,14.25133203331086,14.395536422729492,101158740,0.0,0.0
2011-04-08 00:00:00-04:00,14.516906153750275,14.516906153750275,14.347386838024647,14.349867820739746,75995928,0.0,0.0
2011-04-11 00:00:00-04:00,14.301220579248083,14.348378165091624,14.221796978083107,14.330260276794434,74253672,0.0,0.0
2011-04-12 00:00:00-04:00,14.27143449842429,14.318840838000646,14.09893576802607,14.1624755859375,83340576,0.0,0.0
2011-04-13 00:00:00-04:00,14.284093500295658,14.335967123416362,14.190770541573409,14.303204536437988,82693224,0.0,0.0
2011-04-14 00:00:00-04:00,14.276151786292553,14.381884390684572,14.199458877924542,14.358553886413574,218033748,0.0,0.0
2011-04-15 00:00:00-04:00,13.534038263548142,13.545454756190239,13.156031287413057,13.171916007995605,561186252,0.0,0.0
2011-04-18 00:00:00-04:00,13.065684645464493,13.096461877629405,12.881521610685635,13.076108932495117,201390408,0.0,0.0
2011-04-19 00:00:00-04:00,13.153300152982043,13.17638284370278,12.928680904322453,12.944316864013672,107256636,0.0,0.0
2011-04-20 00:00:00-04:00,13.052778655791936,13.075613529382311,12.940841239047133,13.048559188842773,122277600,0.0,0.0
2011-04-21 00:00:00-04:00,13.092242160595484,13.111849771667782,12.965660985150604,13.032923698425293,98705196,0.0,0.0
2011-04-25 00:00:00-04:00,13.036646824976229,13.080081518153174,12.956230074167149,13.031682968139648,65166768,0.0,0.0
2011-04-26 00:00:00-04:00,13.068166872487096,13.339199287340486,13.035652100763782,13.224532127380371,139860000,0.0,0.0
2011-04-27 00:00:00-04:00,13.353099225626348,13.355829914188003,13.262506953697619,13.347142219543457,91844064,0.0,0.0
2011-04-28 00:00:00-04:00,13.354589124948982,13.384125395413621,13.255805731898548,13.35235595703125,79920000,0.0,0.0
2011-04-29 00:00:00-04:00,13.402739441978735,13.504500389099121,13.365757387887497,13.504500389099121,168970860,0.0,0.0
2011-05-02 00:00:00-04:00,13.54421347692076,13.544958812131425,13.33125853275181,13.366999626159668,85262652,0.0,0.0
2011-05-03 00:00:00-04:00,13.331506791789202,13.45262753380168,13.145356505562239,13.251090049743652,83176740,0.0,0.0
2011-05-04 00:00:00-04:00,13.28286109913414,13.377920661277086,13.229497745764712,13.298249244689941,84595320,0.0,0.0
2011-05-05 00:00:00-04:00,13.250347314074002,13.388344995541985,13.191772289104678,13.260522842407227,79832088,0.0,0.0
2011-05-06 00:00:00-04:00,13.356823886618445,13.438977229299962,13.283108532907887,13.286087036132812,82161756,0.0,0.0
2011-05-09 00:00:00-04:00,13.278638342701216,13.365260846203517,13.181841258552552,13.345155715942383,77870052,0.0,0.0
2011-05-10 00:00:00-04:00,13.402739686238029,13.512691755043825,13.341682738510348,13.46876049041748,81634284,0.0,0.0
2011-05-11 00:00:00-04:00,13.406214877683189,13.490850144273875,13.24612672232996,13.289809226989746,93458448,0.0,0.0
2011-05-12 00:00:00-04:00,13.28459561948508,13.326790288249656,13.17712548600898,13.27988052368164,57874068,0.0,0.0
2011-05-13 00:00:00-04:00,13.268961518289204,13.301475347962135,13.130961947803353,13.143372535705566,84263652,0.0,0.0
2011-05-16 00:00:00-04:00,13.062957637059794,13.086784718953556,12.81699227200626,12.867127418518066,118209672,0.0,0.0
2011-05-17 00:00:00-04:00,12.792916248121593,13.184821627609892,12.782988534671714,13.165958404541016,132011856,0.0,0.0
2011-05-18 00:00:00-04:00,13.143123700774806,13.162731312026867,13.047815387209797,13.149825096130371,78049872,0.0,0.0
2011-05-19 00:00:00-04:00,13.222300198441726,13.316863181987854,13.147591695847195,13.185566902160645,98649252,0.0,0.0
2011-05-20 00:00:00-04:00,13.199216534811335,13.203932577011276,12.984028428766406,13.006366729736328,92607300,0.0,0.0
2011-05-23 00:00:00-04:00,12.821954757825292,12.906342212274783,12.742531160007323,12.866382598876953,91908000,0.0,0.0
2011-05-24 00:00:00-04:00,12.915526523501283,13.004630026904685,12.86042657565128,12.86315631866455,75924000,0.0,0.0
2011-05-25 00:00:00-04:00,12.840072957323123,12.975093076894138,12.838087603793644,12.898152351379395,52011936,0.0,0.0
2011-05-26 00:00:00-04:00,12.849256036278966,12.958960295149264,12.782243025547299,12.859929084777832,84655260,0.0,0.0
2011-05-27 00:00:00-04:00,12.868615674227769,12.950769960115883,12.814507934791344,12.928680419921875,69762168,0.0,0.0
2011-05-31 00:00:00-04:00,13.030441010633682,13.130960995625635,12.993212087197252,13.130217552185059,107384508,0.0,0.0
2011-06-01 00:00:00-04:00,13.105894236855981,13.233964196007898,13.038135891911958,13.045333862304688,118117764,0.0,0.0
2011-06-02 00:00:00-04:00,13.094230085675614,13.161989387068257,12.967897645752572,13.106392860412598,88091820,0.0,0.0
2011-06-03 00:00:00-04:00,12.955981550128177,13.094973317367948,12.94357285457316,12.982787132263184,69870060,0.0,0.0
2011-06-06 00:00:00-04:00,12.994205053830298,13.075614952923011,12.887727110637966,12.932652473449707,77606316,0.0,0.0
2011-06-07 00:00:00-04:00,12.978072863802721,13.021259746017472,12.88127575584825,12.882268905639648,76227696,0.0,0.0
2011-06-08 00:00:00-04:00,12.820216054367341,12.93711732664919,12.80160064783316,12.885740280151367,66069864,0.0,0.0
2011-06-09 00:00:00-04:00,12.90634118405538,12.90634118405538,12.798126658881708,12.825180053710938,67496436,0.0,0.0
2011-06-10 00:00:00-04:00,12.759408938601581,12.824187834696843,12.640521357208007,12.645981788635254,97498404,0.0,0.0
2011-06-13 00:00:00-04:00,12.65814247895892,12.663106335109433,12.463802970554033,12.527341842651367,96994908,0.0,0.0
2011-06-14 00:00:00-04:00,12.612226801406845,12.75940969836267,12.583435863920094,12.617688179016113,93566340,0.0,0.0
2011-06-15 00:00:00-04:00,12.53478870259479,12.617190808867685,12.425085383091016,12.483163833618164,82849068,0.0,0.0
2011-06-16 00:00:00-04:00,12.479688792561745,12.573010809817644,12.327294233490191,12.41912841796875,110169720,0.0,0.0
2011-06-17 00:00:00-04:00,12.563330116025384,12.575988517041909,12.03268082735353,12.038142204284668,209606184,0.0,0.0
2011-06-20 00:00:00-04:00,12.037645967329919,12.068174440966317,11.894434737164682,12.0272216796875,121022856,0.0,0.0
2011-06-21 00:00:00-04:00,12.092001657611759,12.259535596954814,12.030943763783638,12.236204147338867,110505384,0.0,0.0
2011-06-22 00:00:00-04:00,12.197733822766212,12.220071176088213,12.080583787491411,12.087532997131348,96187716,0.0,0.0
2011-06-23 00:00:00-04:00,11.966413655672687,11.984532489950954,11.75792693764962,11.919008255004883,191875932,0.0,0.0
2011-06-24 00:00:00-04:00,11.930424139131132,11.932161678120064,11.740303133724884,11.786469459533691,152071776,0.0,0.0
2011-06-27 00:00:00-04:00,11.764628286089534,12.122034492338612,11.754700572380166,11.98304271697998,137650212,0.0,0.0
2011-06-28 00:00:00-04:00,12.013322291673887,12.315877284784813,12.013322291673887,12.252338409423828,108495396,0.0,0.0
2011-06-29 00:00:00-04:00,12.324068597322311,12.416150601379183,12.220817915321222,12.34963321685791,93626280,0.0,0.0
2011-06-30 00:00:00-04:00,12.459335605050713,12.57549249540525,12.447173778298124,12.568294525146484,97038864,0.0,0.0
2011-07-01 00:00:00-04:00,12.577230256336573,12.935630538427173,12.568294746975898,12.931906700134277,145322532,0.0,0.0
2011-07-05 00:00:00-04:00,13.037887401537049,13.288567821286152,13.037887401537049,13.215100288391113,153814032,0.0,0.0
2011-07-06 00:00:00-04:00,13.241411286719881,13.365758356812592,13.22999384874712,13.287575721740723,107716176,0.0,0.0
2011-07-07 00:00:00-04:00,13.427559449233835,13.667815579146778,13.300480755871813,13.566551208496094,157262580,0.0,0.0
2011-07-08 00:00:00-04:00,13.227759842114805,13.344414259435005,13.086783661691992,13.203932762145996,190617192,0.0,0.0
2011-07-11 00:00:00-04:00,13.10936966553331,13.302964806858935,13.04285228295625,13.087031364440918,113458428,0.0,0.0
2011-07-12 00:00:00-04:00,13.108871796509966,13.388343144854469,13.055260635866492,13.254068374633789,113534352,0.0,0.0
2011-07-13 00:00:00-04:00,13.328281424147082,13.502021148488591,13.315374260914568,13.359554290771484,111496392,0.0,0.0
2011-07-14 00:00:00-04:00,13.380897778167496,13.452379958494461,13.073378929988717,13.1282320022583,265714020,0.0,0.0
2011-07-15 00:00:00-04:00,14.829883397100355,14.898138319306783,14.598066178636246,14.83286190032959,548734716,0.0,0.0
2011-07-18 00:00:00-04:00,14.70553683081635,14.94281448903729,14.693375002986466,14.766345024108887,178553268,0.0,0.0
2011-07-19 00:00:00-04:00,14.796129026102612,15.00809082356689,14.780989640885569,14.955224990844727,118581300,0.0,0.0
2011-07-20 00:00:00-04:00,14.946040017924593,14.962173496942796,14.776520729064941,14.776520729064941,89022888,0.0,0.0
2011-07-21 00:00:00-04:00,14.743758876774171,15.09198174113501,14.743262301942334,15.065424919128418,138641220,0.0,0.0
2011-07-22 00:00:00-04:00,15.025712864279134,15.375921076140232,14.997914132738446,15.344399452209473,140986872,0.0,0.0
2011-07-25 00:00:00-04:00,15.223527776209293,15.522607723094364,15.214592266221239,15.363016128540039,125138736,0.0,0.0
2011-07-26 00:00:00-04:00,15.339931971112522,15.57447986377892,15.319331210136475,15.45087718963623,93622284,0.0,0.0
2011-07-27 00:00:00-04:00,15.318339922513431,15.411910703182103,15.009828847665501,15.071133613586426,157218624,0.0,0.0
2011-07-28 00:00:00-04:00,15.020747036542877,15.288554076860983,14.966391487158795,15.163461685180664,124211664,0.0,0.0
2011-07-29 00:00:00-04:00,14.996920437248702,15.263237761684822,14.98351764678955,14.98351764678955,165330504,0.0,0.0
2011-08-01 00:00:00-04:00,15.170412816886577,15.276641048544215,14.871580710346125,15.05996322631836,158485356,0.0,0.0
2011-08-02 00:00:00-04:00,15.04085316795655,15.131942021554622,14.682702574593756,14.703303337097168,127895976,0.0,0.0
2011-08-03 00:00:00-04:00,14.749715043875828,14.966391912456853,14.48563088818921,14.920971870422363,152874972,0.0,0.0
2011-08-04 00:00:00-04:00,14.755422172429926,14.863388883757725,14.332740542093314,14.333980560302734,196387416,0.0,0.0
2011-08-05 00:00:00-04:00,14.458577284544274,14.64373347363925,13.948776573109178,14.37170696258545,236926836,0.0,0.0
2011-08-08 00:00:00-04:00,13.973100532263386,14.122515635434382,13.51070520538335,13.552154541015625,299564136,0.0,0.0
2011-08-09 00:00:00-04:00,13.923957259461353,14.261756779712321,13.427808066023431,14.231972694396973,258529212,0.0,0.0
2011-08-10 00:00:00-04:00,13.93338986575203,14.001396027596874,13.59459812900471,13.626367568969727,214569216,0.0,0.0
2011-08-11 00:00:00-04:00,13.745749946286498,14.11010627985832,13.61147516981169,13.952003479003906,193030776,0.0,0.0
2011-08-12 00:00:00-04:00,14.134925322412741,14.15974554848844,13.90906419727969,13.992707252502441,126045828,0.0,0.0
2011-08-15 00:00:00-04:00,13.73607195225781,14.022990064188514,13.552901095983199,13.830388069152832,285510204,0.0,0.0
2011-08-16 00:00:00-04:00,13.711251420711438,13.711499235186473,13.161986716359856,13.37791919708252,277298424,0.0,0.0
2011-08-17 00:00:00-04:00,13.40348444281679,13.494325477601128,13.173652586003795,13.232723236083984,163000836,0.0,0.0
2011-08-18 00:00:00-04:00,12.992467197222883,13.027710768454998,12.422106071953094,12.531065940856934,251376372,0.0,0.0
2011-08-19 00:00:00-04:00,12.39356408071483,12.779016823031489,12.183091070575264,12.184579849243164,216183600,0.0,0.0
2011-08-22 00:00:00-04:00,12.509223898948425,12.583683638204896,12.274179429225942,12.364523887634277,196039764,0.0,0.0
2011-08-23 00:00:00-04:00,12.496813163143486,12.941337479624206,12.386613280034913,12.877054214477539,173698128,0.0,0.0
2011-08-24 00:00:00-04:00,12.88971308784584,13.154540703130426,12.837591647420902,12.987998962402344,143636220,0.0,0.0
2011-08-25 00:00:00-04:00,13.16397272110332,13.334981742761721,12.864148404747876,12.90733528137207,131588280,0.0,0.0
2011-08-26 00:00:00-04:00,12.906095245077,13.165711206604447,12.736078415001629,13.076607704162598,143708148,0.0,0.0
2011-08-29 00:00:00-04:00,13.267718564998464,13.38908901642892,13.242899282859286,13.379904747009277,93338568,0.0,0.0
2011-08-30 00:00:00-04:00,13.357815649934272,13.476951045718112,13.174645747425288,13.420113563537598,119440440,0.0,0.0
2011-08-31 00:00:00-04:00,13.520385669303971,13.55910526390106,13.303460029679187,13.426567077636719,107624268,0.0,0.0
2011-09-01 00:00:00-04:00,13.421354697654136,13.497799792684768,13.184821442069637,13.216590881347656,96523380,0.0,0.0
2011-09-02 00:00:00-04:00,13.017285907789393,13.102914316352457,12.924459529612223,13.026469230651855,95951952,0.0,0.0
2011-09-06 00:00:00-04:00,12.677999347606013,12.974845167729068,12.670553562532158,12.960450172424316,108523368,0.0,0.0
2011-09-07 00:00:00-04:00,13.165711448911786,13.301972540813626,13.090010737204441,13.254566192626953,110121768,0.0,0.0
2011-09-08 00:00:00-04:00,13.248857035688609,13.380402076011173,13.201699451109338,13.277647972106934,95124780,0.0,0.0
2011-09-09 00:00:00-04:00,13.189289187923835,13.269954698977527,12.93587899996773,13.026719093322754,130621248,0.0,0.0
2011-09-12 00:00:00-04:00,12.855710597890338,13.203933492504007,12.844293159193478,13.157520294189453,106709184,0.0,0.0
2011-09-13 00:00:00-04:00,13.204181253420426,13.25084321191153,12.990730672455776,13.14262866973877,94073832,0.0,0.0
2011-09-14 00:00:00-04:00,13.218825482697644,13.327040020997265,13.050794956127277,13.20591926574707,107668224,0.0,0.0
2011-09-15 00:00:00-04:00,13.291050540072044,13.526342830026683,13.26771908973895,13.466279029846191,118313568,0.0,0.0
2011-09-16 00:00:00-04:00,13.521876706963527,13.57250937306834,13.480675180081427,13.568538665771484,141230628,0.0,0.0
2011-09-19 00:00:00-04:00,13.411426017831301,13.6484558311708,13.288071162100273,13.56828784942627,98637264,0.0,0.0
2011-09-20 00:00:00-04:00,13.636045608457655,13.862403310268514,13.469007311068031,13.567294120788574,111052836,0.0,0.0
2011-09-21 00:00:00-04:00,13.593606765320613,13.77504009214235,13.374446989744522,13.382884979248047,100471428,0.0,0.0
2011-09-22 00:00:00-04:00,13.061466781734484,13.124261271945754,12.757422990000434,12.922723770141602,175835988,0.0,0.0
2011-09-23 00:00:00-04:00,12.820961151885308,13.065685517765067,12.769831917029313,13.043099403381348,110980908,0.0,0.0
2011-09-26 00:00:00-04:00,13.086284721755796,13.22726277860298,12.738807219287883,13.20145034790039,105262632,0.0,0.0
2011-09-27 00:00:00-04:00,13.358062955411366,13.57772022224497,13.304701499078298,13.386358261108398,120315564,0.0,0.0
2011-09-28 00:00:00-04:00,13.43996984248841,13.502515570144544,13.097455227290656,13.125749588012695,90441468,0.0,0.0
2011-09-29 00:00:00-04:00,13.304452928970953,13.33572579227154,12.891698047900347,13.092491149902344,116147736,0.0,0.0
2011-09-30 00:00:00-04:00,12.911554282376036,13.005622584363358,12.766854262839905,12.783236503601074,108835056,0.0,0.0
2011-10-03 00:00:00-04:00,12.654419483378165,12.707781882416596,12.285843708648901,12.298749923706055,178797024,0.0,0.0
2011-10-04 00:00:00-04:00,12.162490121002916,12.495325787972657,11.92843879513788,12.457101821899414,166185648,0.0,0.0
2011-10-05 00:00:00-04:00,12.319351290914568,12.603539634079574,11.932657611481286,12.526597023010254,181182636,0.0,0.0
2011-10-06 00:00:00-04:00,12.596094014404361,12.787952565403605,12.474476685417955,12.775046348571777,136835028,0.0,0.0
2011-10-07 00:00:00-04:00,12.827664543061696,12.918753397348992,12.665590076432025,12.785222053527832,114121764,0.0,0.0
2011-10-10 00:00:00-04:00,13.03490930847459,13.339945288816823,12.985765426731065,13.332499504089355,92795112,0.0,0.0
2011-10-11 00:00:00-04:00,13.240417279603806,13.57151539251773,13.240417279603806,13.481666564941406,114021864,0.0,0.0
2011-10-12 00:00:00-04:00,13.604525172364264,13.780746808033927,13.517655791587313,13.61370849609375,126984888,0.0,0.0
2011-10-13 00:00:00-04:00,13.65168503075382,13.874318935723132,13.601796754518567,13.87407112121582,227276496,0.0,0.0
2011-10-14 00:00:00-04:00,14.878779766522987,14.882006084312563,14.583422716319516,14.685432434082031,340854804,0.0,0.0
2011-10-17 00:00:00-04:00,14.487864701605767,14.689154368101198,14.345894441131902,14.455350875854492,160167672,0.0,0.0
2011-10-18 00:00:00-04:00,14.400250300869367,14.707272570674084,14.331002235061787,14.656392097473145,151879968,0.0,0.0
2011-10-19 00:00:00-04:00,14.577713708766273,14.694862805499989,14.376176212198192,14.412909507751465,117142740,0.0,0.0
2011-10-20 00:00:00-04:00,14.442693444376228,14.616184392659518,14.383373088516326,14.486623764038086,135024840,0.0,0.0
2011-10-21 00:00:00-04:00,14.631573478899062,14.71198927922815,14.561828835126892,14.655896186828613,135504360,0.0,0.0
2011-10-24 00:00:00-04:00,14.562325917347806,14.891188992178323,14.55686548577986,14.803077697753906,136938924,0.0,0.0
2011-10-25 00:00:00-04:00,14.720676327607332,14.767833911659784,14.46627299904261,14.473966598510742,101518380,0.0,0.0
2011-10-26 00:00:00-04:00,14.63256748239494,14.648203443282988,14.218323765336901,14.55215072631836,114809076,0.0,0.0
2011-10-27 00:00:00-04:00,14.852717192015044,14.95894731326841,14.72563944138837,14.858922958374023,151060788,0.0,0.0
2011-10-28 00:00:00-04:00,14.755920291081361,14.94901884771666,14.749218895681066,14.895408630371094,100219680,0.0,0.0
2011-10-31 00:00:00-04:00,14.770068169498742,14.884239711182287,14.68518413903401,14.709259033203125,102209688,0.0,0.0
2011-11-01 00:00:00-04:00,14.398018938030749,14.532293727716928,14.314871496571877,14.362030029296875,124878996,0.0,0.0
2011-11-02 00:00:00-04:00,14.517153535682683,14.593102056146234,14.407450222330533,14.515167236328125,84751164,0.0,0.0
2011-11-03 00:00:00-04:00,14.569275417101228,14.829883575439453,14.48786646266494,14.829883575439453,106685208,0.0,0.0
2011-11-04 00:00:00-04:00,14.73060404100164,14.885480530320361,14.704047218741,14.796128273010254,113278608,0.0,0.0
2011-11-07 00:00:00-05:00,14.72613775590705,15.109852981319056,14.699084356978748,15.09868335723877,134161704,0.0,0.0
2011-11-08 00:00:00-05:00,15.115312042008574,15.248595562649324,14.981285077915313,15.198210716247559,121054824,0.0,0.0
2011-11-09 00:00:00-05:00,14.99766732880609,15.124992905524799,14.858674607594049,14.915513038635254,148291560,0.0,0.0
2011-11-10 00:00:00-05:00,15.039114140818803,15.0396107156234,14.682453307307794,14.769819259643555,114621264,0.0,0.0
2011-11-11 00:00:00-05:00,14.924199544281354,15.192005653720265,14.857185590373172,15.0991792678833,158920920,0.0,0.0
2011-11-14 00:00:00-05:00,15.090491775600023,15.340676576307898,15.085032290107497,15.214591026306152,127420452,0.0,0.0
2011-11-15 00:00:00-05:00,15.209627892728225,15.34067730548447,15.152542594115602,15.302950859069824,106932960,0.0,0.0
2011-11-16 00:00:00-05:00,15.191756998519548,15.346136908056994,15.155272464123081,15.176616668701172,104235660,0.0,0.0
2011-11-17 00:00:00-05:00,15.141373033058361,15.196969549741826,14.812012454273143,14.91352653503418,139592268,0.0,0.0
2011-11-18 00:00:00-05:00,14.941573599816143,15.00362369958246,14.736809783958225,14.76485538482666,131376492,0.0,0.0
2011-11-21 00:00:00-05:00,14.588136671263502,14.606503317371265,14.199209839815834,14.418865203857422,119931948,0.0,0.0
2011-11-22 00:00:00-05:00,14.395536422729492,14.518891289614492,14.27739322708526,14.395536422729492,96115788,0.0,0.0
2011-11-23 00:00:00-05:00,14.280122643238096,14.401740914164904,14.150067329406738,14.150067329406738,92938968,0.0,0.0
2011-11-25 00:00:00-05:00,14.027954036905061,14.253318623754343,13.932148194662332,13.97359848022461,62433504,0.0,0.0
2011-11-28 00:00:00-05:00,14.379899199793226,14.614447101013608,14.308665776172974,14.598810195922852,113042844,0.0,0.0
2011-11-29 00:00:00-05:00,14.591116189956152,14.652669713077358,14.428546106209506,14.468257904052734,73198728,0.0,0.0
2011-11-30 00:00:00-05:00,14.84105181771791,14.879771410702654,14.69560742126334,14.876792907714844,135744120,0.0,0.0
2011-12-01 00:00:00-05:00,14.89193244378629,15.289050415281631,14.867113161728323,15.233702659606934,144679176,0.0,0.0
2011-12-02 00:00:00-05:00,15.315113048300669,15.48761084760762,15.29550449064142,15.397266387939453,163264572,0.0,0.0
2011-12-05 00:00:00-05:00,15.577954239482517,15.683685890591278,15.447897990295644,15.528562545776367,127772100,0.0,0.0
2011-12-06 00:00:00-05:00,15.462542332405185,15.602278493447347,15.394288356590629,15.481903076171875,92966940,0.0,0.0
2011-12-07 00:00:00-05:00,15.43002874294493,15.52881118977733,15.341173063249716,15.4724702835083,90201708,0.0,0.0
2011-12-08 00:00:00-05:00,15.414145138008056,15.573240155321187,15.271678284476359,15.29029369354248,96427476,0.0,0.0
2011-12-09 00:00:00-05:00,15.33869005766275,15.614936047035503,15.314119535727334,15.572494506835938,110537352,0.0,0.0
2011-12-12 00:00:00-05:00,15.434992789386385,15.541717597098698,15.395528805550121,15.522109985351562,87268644,0.0,0.0
2011-12-13 00:00:00-05:00,15.605752691024817,15.799347821630152,15.459067328016095,15.528066635131836,160966872,0.0,0.0
2011-12-14 00:00:00-05:00,15.43424692707454,15.495551684744237,15.201932219672937,15.34042739868164,155991852,0.0,0.0
2011-12-15 00:00:00-05:00,15.450877180220639,15.4876104746549,15.355816680755398,15.376913070678711,96247656,0.0,0.0
2011-12-16 00:00:00-05:00,15.495553747998825,15.619653004201545,15.424816897664787,15.536258697509766,178193628,0.0,0.0
2011-12-19 00:00:00-05:00,15.587137853121925,15.599298733602453,15.3883310563917,15.43375015258789,85654260,0.0,0.0
2011-12-20 00:00:00-05:00,15.586890970165586,15.682199287344709,15.586641263963616,15.645713806152344,95432472,0.0,0.0
2011-12-21 00:00:00-05:00,15.636777616367493,15.681701084346809,15.362516983136983,15.532782554626465,99816084,0.0,0.0
2011-12-22 00:00:00-05:00,15.585649893484444,15.679469437036332,15.562319387775695,15.629084587097168,72819108,0.0,0.0
2011-12-23 00:00:00-05:00,15.686169826841832,15.752687207395095,15.650429681209616,15.71446418762207,58089852,0.0,0.0
2011-12-27 00:00:00-05:00,15.687410195952474,15.996169062110175,15.686169231857548,15.8909330368042,64191744,0.0,0.0
2011-12-28 00:00:00-05:00,15.952983800986008,16.008829079308665,15.83757035190009,15.877283096313477,85002912,0.0,0.0
2011-12-29 00:00:00-05:00,15.921709776313858,15.95918840641453,15.765593272830964,15.944296836853027,62952984,0.0,0.0
2011-12-30 00:00:00-05:00,15.934866508501402,16.05251219105595,15.934866508501402,16.03116798400879,71220708,0.0,0.0
2012-01-03 00:00:00-05:00,16.205900439214815,16.583410861640612,16.1917542028002,16.515403747558594,146912940,0.0,0.0
2012-01-04 00:00:00-05:00,16.50597293469292,16.635534536791912,16.396518361003015,16.586639404296875,114445440,0.0,0.0
2012-01-05 00:00:00-05:00,16.43399513540894,16.479662998591728,16.287557569070355,16.356555938720703,131184684,0.0,0.0
2012-01-06 00:00:00-05:00,16.360031284308878,16.381129568820697,16.12771747387595,16.133426666259766,107608284,0.0,0.0
2012-01-09 00:00:00-05:00,16.046058656303444,16.05846829827681,15.41886002808835,15.44938850402832,232671096,0.0,0.0
2012-01-10 00:00:00-05:00,15.630325488858796,15.730845476037226,15.311637006257074,15.466265678405762,175648176,0.0,0.0
2012-01-11 00:00:00-05:00,15.475200800314928,15.621390543233765,15.416130148360535,15.536258697509766,95904000,0.0,0.0
2012-01-12 00:00:00-05:00,15.666810171743416,15.708259509490487,15.549660128933837,15.627594947814941,74932992,0.0,0.0
2012-01-13 00:00:00-05:00,15.54370291395873,15.560828597386509,15.41463980618208,15.512182235717773,92199708,0.0,0.0
2012-01-17 00:00:00-05:00,15.68567242971943,15.68567242971943,15.529307172597829,15.601284980773926,76295628,0.0,0.0
2012-01-18 00:00:00-05:00,15.552886805479126,15.735809844346495,15.440950322900969,15.708756446838379,110357532,0.0,0.0
2012-01-19 00:00:00-05:00,15.909301335083363,15.909301335083363,15.672768068069837,15.874056816101074,251959788,0.0,0.0
2012-01-20 00:00:00-05:00,14.656888433359988,14.668554631317516,14.437729625872501,14.544206619262695,422628948,0.0,0.0
2012-01-23 00:00:00-05:00,14.544454332935809,14.610474188022424,14.47396530471943,14.532540321350098,136379484,0.0,0.0
2012-01-24 00:00:00-05:00,14.552398311502424,14.586153104990423,14.345896005937917,14.418619155883789,122109768,0.0,0.0
2012-01-25 00:00:00-05:00,14.333733459359472,14.363517544287152,14.057488412650828,14.134678840637207,199308492,0.0,0.0
2012-01-26 00:00:00-05:00,14.19648114351621,14.258530299988909,14.012069321452996,14.100179672241211,128918952,0.0,0.0
2012-01-27 00:00:00-05:00,14.166696477536124,14.403478493052226,14.130706625136199,14.395039558410645,144555300,0.0,0.0
2012-01-30 00:00:00-05:00,14.347137986228883,14.395536535741138,14.231724532546274,14.338202476501465,93126780,0.0,0.0
2012-01-31 00:00:00-05:00,14.469994878607768,14.494815105987994,14.27515784350801,14.39826488494873,85610304,0.0,0.0
2012-02-01 00:00:00-05:00,14.51814550013414,14.53204486610269,14.37419082142822,14.416135787963867,92735172,0.0,0.0
2012-02-02 00:00:00-05:00,14.516407610286246,14.554630629311681,14.44716143417449,14.522364616394043,96491412,0.0,0.0
2012-02-03 00:00:00-05:00,14.660114886232817,14.819210831307553,14.595335048261564,14.800843238830566,126613260,0.0,0.0
2012-02-06 00:00:00-05:00,14.768082237587665,15.160732960112034,14.743262953467289,15.117546081542969,147036816,0.0,0.0
2012-02-07 00:00:00-05:00,15.069395310355167,15.124991827362749,14.985255672611647,15.05996322631836,83600316,0.0,0.0
2012-02-08 00:00:00-05:00,15.106376913339705,15.173639630350442,15.009579816698517,15.136409759521484,73382544,0.0,0.0
2012-02-09 00:00:00-05:00,15.19026998804048,15.251823518263292,15.11531366538321,15.176370620727539,90497412,0.0,0.0
2012-02-10 00:00:00-05:00,15.087514173985422,15.093718995012942,14.991213649095949,15.038619995117188,92914992,0.0,0.0
2012-02-13 00:00:00-05:00,15.152540849892707,15.235438572464771,15.14062778420811,15.194734573364258,72579348,0.0,0.0
2012-02-14 00:00:00-05:00,15.178355326433326,15.189771818155064,15.010076049283553,15.134175300598145,72075852,0.0,0.0
2012-02-15 00:00:00-05:00,15.212854095780534,15.212854095780534,14.955471330476918,15.02993106842041,96938964,0.0,0.0
2012-02-16 00:00:00-05:00,14.961925382924138,15.110596103162319,14.835592017258996,15.05375862121582,101134764,0.0,0.0
2012-02-17 00:00:00-05:00,15.015287418233674,15.08130916824502,14.951500727824293,15.007097244262695,97866036,0.0,0.0
2012-02-21 00:00:00-05:00,14.987986533444648,15.335712819684652,14.963414119284174,15.239411354064941,99132768,0.0,0.0
2012-02-22 00:00:00-05:00,15.188780123696068,15.30841210474883,15.058476039210204,15.089004516601562,78601320,0.0,0.0
2012-02-23 00:00:00-05:00,15.065673411161224,15.089003916595354,14.900621388204291,15.043583869934082,82117800,0.0,0.0
2012-02-24 00:00:00-05:00,15.074360376305682,15.181086137204405,15.028691568635429,15.137651443481445,77346576,0.0,0.0
2012-02-27 00:00:00-05:00,15.055497239253084,15.198707538355183,15.017522977071751,15.123007774353027,72483444,0.0,0.0
2012-02-28 00:00:00-05:00,15.14013167091948,15.382621917503277,15.082548856475666,15.348370552062988,113790096,0.0,0.0
2012-02-29 00:00:00-05:00,15.353583065602367,15.527322776367413,15.276641396375737,15.34489631652832,125350524,0.0,0.0
2012-03-01 00:00:00-05:00,15.444424740304184,15.5298053476519,15.342415023440582,15.44789981842041,89418492,0.0,0.0
2012-03-02 00:00:00-05:00,15.437970799811579,15.487610309665001,15.396273649368975,15.419355392456055,62869068,0.0,0.0
2012-03-05 00:00:00-05:00,15.399003690054572,15.450133874328824,15.174384440542083,15.245617866516113,63668268,0.0,0.0
2012-03-06 00:00:00-05:00,15.091733308049509,15.110596531070565,14.73904315426783,15.015040397644043,126849024,0.0,0.0
2012-03-07 00:00:00-05:00,15.116552375537848,15.169666962476988,15.03737754286196,15.060708045959473,50529420,0.0,0.0
2012-03-08 00:00:00-05:00,15.141125889718385,15.177363559203268,15.049541403833732,15.069149017333984,53766180,0.0,0.0
2012-03-09 00:00:00-05:00,15.089253169190895,15.187291236454906,14.891934178701609,14.898138999938965,106717176,0.0,0.0
2012-03-12 00:00:00-04:00,14.891932278854354,15.065671980619843,14.873565631992157,15.019755363464355,66693240,0.0,0.0
2012-03-13 00:00:00-04:00,15.109107361555177,15.334968511265785,15.02968376449835,15.333230972290039,89742168,0.0,0.0
2012-03-14 00:00:00-04:00,15.264233536485838,15.457332121411614,15.226011457756016,15.28880500793457,117358524,0.0,0.0
2012-03-15 00:00:00-04:00,15.303944017134494,15.475200858922879,15.260012749744108,15.416378021240234,97306596,0.0,0.0
2012-03-16 00:00:00-04:00,15.410421999847166,15.53501688582782,15.389572477185363,15.513423919677734,121897980,0.0,0.0
2012-03-19 00:00:00-04:00,15.46576975006252,15.816971129510454,15.41910873970466,15.735313415527344,86825088,0.0,0.0
2012-03-20 00:00:00-04:00,15.659364513946644,15.786937899993786,15.568771292452757,15.723151206970215,61558380,0.0,0.0
2012-03-21 00:00:00-04:00,15.750950896564312,16.06814873367437,15.698829452679625,15.884234428405762,98685216,0.0,0.0
2012-03-22 00:00:00-04:00,15.847498906959807,16.10314414053493,15.661349556866933,16.034889221191406,96311592,0.0,0.0
2012-03-23 00:00:00-04:00,16.048539592189883,16.095698120485917,15.90706779072898,15.949012756347656,77530392,0.0,0.0
2012-03-26 00:00:00-04:00,16.008830414767942,16.12027127450939,15.873313713540682,16.11629867553711,72695232,0.0,0.0
2012-03-27 00:00:00-04:00,16.05921159009996,16.219795363544534,16.003861945542248,16.058963775634766,80207712,0.0,0.0
2012-03-28 00:00:00-04:00,16.18331367029971,16.346133487147608,16.159735348036527,16.27589225769043,101454444,0.0,0.0
2012-03-29 00:00:00-04:00,16.218309457934513,16.296492097981645,15.991457029571565,16.09346580505371,76895028,0.0,0.0
2012-03-30 00:00:00-04:00,16.176363265338985,16.219549196640823,15.90954840290363,15.915505409240723,92335572,0.0,0.0
2012-04-02 00:00:00-04:00,15.903838061125244,16.070876345966756,15.756655199134201,16.056480407714844,91276632,0.0,0.0
2012-04-03 00:00:00-04:00,16.019004692134157,16.082047941186534,15.850974173156388,15.949756622314453,81714204,0.0,0.0
2012-04-04 00:00:00-04:00,15.846258325308401,15.85990893116387,15.663831863228404,15.764352798461914,65038896,0.0,0.0
2012-04-05 00:00:00-04:00,15.69212647062567,15.796121533379337,15.601037623822032,15.694111824035645,92655252,0.0,0.0
2012-04-09 00:00:00-04:00,15.598804128547982,15.768820002242782,15.51962834492177,15.657379150390625,87220692,0.0,0.0
2012-04-10 00:00:00-04:00,15.723897397512621,15.748220107265727,15.501262550187086,15.55859661102295,99180720,0.0,0.0
2012-04-11 00:00:00-04:00,15.735063606540578,15.78544844894903,15.668794046127143,15.784455299377441,87872040,0.0,0.0
2012-04-12 00:00:00-04:00,15.943054952272501,16.210861049575666,15.891182276285342,16.157995223999023,230033736,0.0,0.0
2012-04-13 00:00:00-04:00,16.07211922275272,16.10786126240034,15.476194393879307,15.502504348754883,326045628,0.0,0.0
2012-04-16 00:00:00-04:00,15.4627927470362,15.482895989347485,14.933135589959681,15.042591094970703,227456316,0.0,0.0
2012-04-17 00:00:00-04:00,15.104392297708676,15.330998797268728,15.065921460834648,15.129461288452148,120835044,0.0,0.0
2012-04-18 00:00:00-04:00,15.091731969512082,15.209626393544584,14.961675719270247,15.0768404006958,106673220,0.0,0.0
2012-04-19 00:00:00-04:00,15.033157827691783,15.295504457120192,14.86711360980652,14.874558448791504,131652216,0.0,0.0
2012-04-20 00:00:00-04:00,14.997416791140884,15.111588322836184,14.788433523874279,14.79414176940918,122213664,0.0,0.0
2012-04-23 00:00:00-04:00,14.71571062836599,14.853461425496915,14.648697621788434,14.832365036010742,87824088,0.0,0.0
2012-04-24 00:00:00-04:00,14.848249207524912,15.056488081347428,14.825415279986409,14.923453330993652,77086836,0.0,0.0
2012-04-25 00:00:00-04:00,14.991214142782155,15.173640616283194,14.963415408635168,15.133183479309082,72771156,0.0,0.0
2012-04-26 00:00:00-04:00,15.16271768929157,15.338689611394903,15.132685791101869,15.275896072387695,83616300,0.0,0.0
2012-04-27 00:00:00-04:00,15.264728920883142,15.307419224442913,15.155024658728745,15.2637357711792,65390544,0.0,0.0
2012-04-30 00:00:00-04:00,15.214344108190904,15.29103702022674,14.907073993480669,15.012310028076172,96195708,0.0,0.0
2012-05-01 00:00:00-04:00,14.986000695309713,15.179842692705632,14.896648442589376,15.001885414123535,80011908,0.0,0.0
2012-05-02 00:00:00-04:00,14.921717181748729,15.093222779223192,14.907073426350355,15.072126388549805,64395540,0.0,0.0
2012-05-03 00:00:00-04:00,15.130702144366719,15.260013075055618,15.114072088824289,15.165449142456055,74645280,0.0,0.0
2012-05-04 00:00:00-04:00,15.038867813578214,15.087762938316196,14.812758838477349,14.816729545593262,88207704,0.0,0.0
2012-05-07 00:00:00-04:00,14.76783419094654,15.154280086366086,14.76783419094654,15.079323768615723,79700220,0.0,0.0
2012-05-08 00:00:00-04:00,15.029187797613627,15.311389865995588,14.909308007862906,15.209380149841309,106984908,0.0,0.0
2012-05-09 00:00:00-04:00,15.061204132412312,15.298481754129316,14.936856130273082,15.119033813476562,93058848,0.0,0.0
2012-05-10 00:00:00-04:00,15.213599752629667,15.29376774295882,15.145841404372772,15.230974197387695,61374564,0.0,0.0
2012-05-11 00:00:00-04:00,15.148818664524983,15.253062486948279,15.010323476107434,15.021740913391113,83892024,0.0,0.0
2012-05-14 00:00:00-04:00,14.91129267068322,15.102901494143167,14.90632786858653,14.991211891174316,72903024,0.0,0.0
2012-05-15 00:00:00-04:00,15.024719225818716,15.264230970261776,14.985007429093148,15.167681694030762,83999916,0.0,0.0
2012-05-16 00:00:00-04:00,15.337698603789011,15.639011704646023,15.287562516119689,15.609972953796387,193210596,0.0,0.0
2012-05-17 00:00:00-04:00,15.731589489935557,15.83136413356369,15.41885803982179,15.464030265808105,134017848,0.0,0.0
2012-05-18 00:00:00-04:00,15.51491065620559,15.696592708775,14.810026061269516,14.901860237121582,238701060,0.0,0.0
2012-05-21 00:00:00-04:00,14.904590972059212,15.28135694630374,14.891932570587793,15.242141723632812,122892984,0.0,0.0
2012-05-22 00:00:00-04:00,15.225511667615384,15.234695937082051,14.792653547981297,14.911788940429688,121953924,0.0,0.0
2012-05-23 00:00:00-04:00,14.93288700583737,15.130205051277278,14.820452996157044,15.126730918884277,126996876,0.0,0.0
2012-05-24 00:00:00-04:00,15.119281718020648,15.187784446943615,14.863886208933401,14.982773780822754,75576348,0.0,0.0
2012-05-25 00:00:00-04:00,14.91675474123595,14.934872630480566,14.601045673631814,14.681710243225098,143132724,0.0,0.0
2012-05-29 00:00:00-04:00,14.787938883015162,14.870340988697093,14.602038279760553,14.751453399658203,104123772,0.0,0.0
2012-05-30 00:00:00-04:00,14.598065431936648,14.690891818715075,14.483149505349548,14.59980297088623,76191732,0.0,0.0
2012-05-31 00:00:00-04:00,14.611965474247688,14.643734914063037,14.370715226560932,14.41688060760498,118613268,0.0,0.0
2012-06-01 00:00:00-04:00,14.191763655309927,14.213108805101252,14.106383056144637,14.171659469604492,122193684,0.0,0.0
2012-06-04 00:00:00-04:00,14.152797117149541,14.407697966213734,14.14758544601146,14.360539436340332,97210692,0.0,0.0
2012-06-05 00:00:00-04:00,14.282605063878263,14.349122443185621,14.059722422180927,14.157512664794922,93502404,0.0,0.0
2012-06-06 00:00:00-04:00,14.308169143815462,14.444431169712404,14.23693666633841,14.409683227539062,83748168,0.0,0.0
2012-06-07 00:00:00-04:00,14.584166026226141,14.591363050163913,14.327279848241666,14.351602554321289,70269660,0.0,0.0
2012-06-08 00:00:00-04:00,14.292533361482988,14.420356454370435,14.26101173654909,14.406704902648926,56359584,0.0,0.0
2012-06-11 00:00:00-04:00,14.500027424432412,14.527577395668077,14.065182053265772,14.110106468200684,106337556,0.0,0.0
2012-06-12 00:00:00-04:00,14.141627762899507,14.154782739073642,13.86389299737319,14.025718688964844,128839032,0.0,0.0
2012-06-13 00:00:00-04:00,13.941829189553752,14.072877660137133,13.866376294603356,13.926192283630371,78089832,0.0,0.0
2012-06-14 00:00:00-04:00,13.931403174403355,14.024973946274699,13.812763414918136,13.875557899475098,93702204,0.0,0.0
2012-06-15 00:00:00-04:00,13.907577478782732,14.011323788006953,13.826911968552809,14.011075973510742,119927952,0.0,0.0
2012-06-18 00:00:00-04:00,13.96416596020567,14.251828435410507,13.880521953855355,14.16843318939209,99776124,0.0,0.0
2012-06-19 00:00:00-04:00,14.236440558561501,14.50176570276624,14.224775305958316,14.433510780334473,82964952,0.0,0.0
2012-06-20 00:00:00-04:00,14.390820758122164,14.395536800497553,14.234455483086109,14.333734512329102,93774132,0.0,0.0
2012-06-21 00:00:00-04:00,14.391566364824378,14.391566364824378,13.991716713942768,14.028450012207031,80371548,0.0,0.0
2012-06-22 00:00:00-04:00,14.097696827379055,14.184069633483887,14.043590034553834,14.184069633483887,89026884,0.0,0.0
2012-06-25 00:00:00-04:00,14.081065054138723,14.099928274151234,13.83336315772914,13.916510581970215,63200736,0.0,0.0
2012-06-26 00:00:00-04:00,13.967641820412956,14.062950144308724,13.886232863549543,14.01529598236084,53953992,0.0,0.0
2012-06-27 00:00:00-04:00,14.09025207384094,14.246368588941197,14.048554919280408,14.129963874816895,67624308,0.0,0.0
2012-06-28 00:00:00-04:00,14.045576084235968,14.05376625873946,13.829890453980692,14.006112098693848,76759164,0.0,0.0
2012-06-29 00:00:00-04:00,14.270444063562012,14.398763741975575,14.201941322328652,14.397274017333984,100679220,0.0,0.0
2012-07-02 00:00:00-04:00,14.440707792382277,14.469996249897742,14.308666175422522,14.407200813293457,66153780,0.0,0.0
2012-07-03 00:00:00-04:00,14.395784447048284,14.60427116271173,14.34589617265087,14.589875221252441,47532420,0.0,0.0
2012-07-05 00:00:00-04:00,14.61295807206108,14.893422588222796,14.607496694826171,14.790668487548828,93742164,0.0,0.0
2012-07-06 00:00:00-04:00,14.704542441123147,14.731100208506264,14.465527263959105,14.543957710266113,86385528,0.0,0.0
2012-07-09 00:00:00-04:00,14.518392577939661,14.608985793696831,14.426560289811283,14.544702529907227,68535396,0.0,0.0
2012-07-10 00:00:00-04:00,14.648450657409867,14.704047175952295,14.36426229804371,14.437729835510254,76847076,0.0,0.0
2012-07-11 00:00:00-04:00,14.30370123583103,14.342172068782643,14.021747949694147,14.176871299743652,139832028,0.0,0.0
2012-07-12 00:00:00-04:00,14.075854055234826,14.195238200905775,13.951009478619333,14.159248352050781,92299608,0.0,0.0
2012-07-13 00:00:00-04:00,14.200699793686717,14.374439514267943,14.111348477877444,14.309163093566895,78960960,0.0,0.0
2012-07-16 00:00:00-04:00,14.305439093236304,14.375430605053321,14.191516316278973,14.269450187683105,58445496,0.0,0.0
2012-07-17 00:00:00-04:00,14.356569607328872,14.412166129390403,14.107625749361521,14.314375877380371,67136796,0.0,0.0
2012-07-18 00:00:00-04:00,14.320579609378177,14.487121348391128,14.299483218936917,14.414399147033691,61866072,0.0,0.0
2012-07-19 00:00:00-04:00,14.547930228916965,14.85420813931653,14.544456096663797,14.719683647155762,186801012,0.0,0.0
2012-07-20 00:00:00-04:00,15.109356028568667,15.213103285426113,14.846761568634806,15.16048526763916,258289452,0.0,0.0
2012-07-23 00:00:00-04:00,14.903846715791543,15.347377887498872,14.848498013294746,15.27688980102539,142325532,0.0,0.0
2012-07-24 00:00:00-04:00,15.26423148936619,15.336953690034992,14.999651693800338,15.079819679260254,80295624,0.0,0.0
2012-07-25 00:00:00-04:00,15.09843446748873,15.224023445430454,15.025215690413695,15.09024429321289,72847080,0.0,0.0
2012-07-26 00:00:00-04:00,15.264233815928016,15.310647016561724,15.140878935678458,15.223528861999512,67340592,0.0,0.0
2012-07-27 00:00:00-04:00,15.36078041477094,15.76062907491828,15.326281234358024,15.759635925292969,141846012,0.0,0.0
2012-07-30 00:00:00-04:00,15.786690117543735,15.949261152554609,15.624120028389694,15.693615913391113,87380532,0.0,0.0
2012-07-31 00:00:00-04:00,15.593343847976218,15.797858905711587,15.592350698293846,15.710245132446289,74549376,0.0,0.0
2012-08-01 00:00:00-04:00,15.817714920398547,15.872567049043118,15.670780792858698,15.703047752380371,73710216,0.0,0.0
2012-08-02 00:00:00-04:00,15.525088236812751,15.835833408337487,15.472966797940947,15.605504035949707,79028892,0.0,0.0
2012-08-03 00:00:00-04:00,15.884728512264308,15.977059269388615,15.788923623123553,15.917738914489746,75808116,0.0,0.0
2012-08-06 00:00:00-04:00,15.875047202750128,16.1175383800313,15.865367305147053,15.954720497131348,71224704,0.0,0.0
2012-08-07 00:00:00-04:00,15.92915547362721,15.990462128060539,15.79711481002195,15.898131370544434,79192728,0.0,0.0
2012-08-08 00:00:00-04:00,15.86114885583101,16.030420329943894,15.847498250870169,15.940075874328613,52835112,0.0,0.0
2012-08-09 00:00:00-04:00,15.996667271146023,16.04283075912106,15.922455345019698,15.943056106567383,42769188,0.0,0.0
2012-08-10 00:00:00-04:00,15.84973192590254,15.940323247628543,15.788674981123972,15.934368133544922,57326616,0.0,0.0
2012-08-13 00:00:00-04:00,16.068893536319436,16.384849452861875,16.050526887851813,16.381376266479492,130585284,0.0,0.0
2012-08-14 00:00:00-04:00,16.362510781233745,16.700060582693286,16.356305960744674,16.596065521240234,146321532,0.0,0.0
2012-08-15 00:00:00-04:00,16.63627494481658,16.7348105271543,16.482889124230475,16.568269729614258,96331572,0.0,0.0
2012-08-16 00:00:00-04:00,16.567522955513706,16.744488971792915,16.55684990783928,16.700557708740234,68639292,0.0,0.0
2012-08-17 00:00:00-04:00,16.73158226138875,16.809269262568943,16.6715184638269,16.806537628173828,87020892,0.0,0.0
2012-08-20 00:00:00-04:00,16.765833480023133,16.849477486500643,16.69534444959603,16.766826629638672,70253676,0.0,0.0
2012-08-21 00:00:00-04:00,16.706515922923654,16.827884487656338,16.434986911616097,16.617164611816406,88799112,0.0,0.0
2012-08-22 00:00:00-04:00,16.564298589057923,16.89241824803145,16.5474207180894,16.807533264160156,76291632,0.0,0.0
2012-08-23 00:00:00-04:00,16.735307881789268,16.889439036037174,16.654145798724695,16.7981014251709,71296632,0.0,0.0
2012-08-24 00:00:00-04:00,16.76831604300128,16.88869334781598,16.730591489891076,16.843521118164062,57006936,0.0,0.0
2012-08-27 00:00:00-04:00,16.455337607228067,16.678964640450943,16.36226340568173,16.609966278076172,104443452,0.0,0.0
2012-08-28 00:00:00-04:00,16.505228930913027,16.818455145696056,16.498776294580757,16.80927276611328,82261656,0.0,0.0
2012-08-29 00:00:00-04:00,16.81224696822849,17.100655729948333,16.781968200559227,17.076330184936523,119492388,0.0,0.0
2012-08-30 00:00:00-04:00,16.98275884098687,17.060941464839345,16.88199105063691,16.919219970703125,65010924,0.0,0.0
2012-08-31 00:00:00-04:00,16.976803263069737,17.09047822363001,16.878517392459,17.003856658935547,84998916,0.0,0.0
2012-09-04 00:00:00-04:00,16.990452759254477,17.001621435484562,16.716194034464287,16.903335571289062,75508416,0.0,0.0
2012-09-05 00:00:00-04:00,16.87752615046186,17.038855285977032,16.856180052045396,16.895395278930664,68259672,0.0,0.0
2012-09-06 00:00:00-04:00,17.025450670868302,17.371191596556972,16.994922196979484,17.35902976989746,121618260,0.0,0.0
2012-09-07 00:00:00-04:00,17.37391938478794,17.6779631253588,17.316089706897575,17.526561737060547,129190680,0.0,0.0
2012-09-10 00:00:00-04:00,17.616165390959317,17.691864204781865,17.33396143885931,17.393033981323242,102297600,0.0,0.0
2012-09-11 00:00:00-04:00,17.323290692500343,17.390056836001623,17.150543180394884,17.180078506469727,74877048,0.0,0.0
2012-09-12 00:00:00-04:00,17.11108035898287,17.24759020509763,16.899367325283976,17.147565841674805,105586308,0.0,0.0
2012-09-13 00:00:00-04:00,17.202415078966435,17.597298903188445,17.139124023381626,17.523832321166992,106253640,0.0,0.0
2012-09-14 00:00:00-04:00,17.612193311804358,17.696580768957038,17.547910988024285,17.614179611206055,104635260,0.0,0.0
2012-09-17 00:00:00-04:00,17.575212702921746,17.693603717503066,17.4980232142509,17.621625900268555,60271668,0.0,0.0
2012-09-18 00:00:00-04:00,17.567020950270848,17.837061189508244,17.542201666501473,17.8276309967041,82589328,0.0,0.0
2012-09-19 00:00:00-04:00,17.808270461068446,18.082777024986175,17.781217064537625,18.056468963623047,123808068,0.0,0.0
2012-09-20 00:00:00-04:00,17.981263283901193,18.152767908918698,17.900598734476727,18.071855545043945,116179704,0.0,0.0
2012-09-21 00:00:00-04:00,18.173371197727104,18.24063296735417,18.121496626720425,18.21755027770996,254109636,0.0,0.0
2012-09-24 00:00:00-04:00,18.143336872282987,18.61590770594582,18.124722411737846,18.59952735900879,142409448,0.0,0.0
2012-09-25 00:00:00-04:00,18.690619729772667,18.98448802914196,18.556841504565565,18.594070434570312,242097660,0.0,0.0
2012-09-26 00:00:00-04:00,18.61119129027918,18.893890837273876,18.391536876833456,18.700790405273438,226689084,0.0,0.0
2012-09-27 00:00:00-04:00,18.86187542574705,18.933603530939745,18.6558697046357,18.7762451171875,157086756,0.0,0.0
2012-09-28 00:00:00-04:00,18.717919604549135,18.845740800540092,18.643459865683678,18.726604461669922,111228660,0.0,0.0
2012-10-01 00:00:00-04:00,18.839535937894787,18.987214451176893,18.769046906025373,18.90729522705078,126593280,0.0,0.0
2012-10-02 00:00:00-04:00,18.99217797319749,19.011785584234488,18.62161777101774,18.788406372070312,111496392,0.0,0.0
2012-10-03 00:00:00-04:00,18.756887786489287,18.960409693858526,18.66952088215284,18.9251651763916,88243668,0.0,0.0
2012-10-04 00:00:00-04:00,18.931371711948483,19.10858746501341,18.848225213288547,19.062917709350586,98069832,0.0,0.0
2012-10-05 00:00:00-04:00,19.1289365721012,19.220026367911334,18.987462874862114,19.052988052368164,109326564,0.0,0.0
2012-10-08 00:00:00-04:00,18.88793782547059,18.951972338684406,18.71792193653179,18.809507369995117,78265656,0.0,0.0
2012-10-09 00:00:00-04:00,18.85492585200435,18.89587766963623,18.42951349738992,18.468231201171875,120007872,0.0,0.0
2012-10-10 00:00:00-04:00,18.412882591577524,18.553610948769258,18.324274727145053,18.479896545410156,81514404,0.0,0.0
2012-10-11 00:00:00-04:00,18.68689208087866,18.825883834283573,18.622112245786003,18.651647567749023,95260644,0.0,0.0
2012-10-12 00:00:00-04:00,18.660830247172587,18.73578560248346,18.468475165677614,18.484607696533203,96071832,0.0,0.0
2012-10-15 00:00:00-04:00,18.414868844371,18.461779562611266,18.135894030259823,18.391042709350586,120643236,0.0,0.0
2012-10-16 00:00:00-04:00,18.369946467341926,18.54021016722494,18.27885666481132,18.48337173461914,82245672,0.0,0.0
2012-10-17 00:00:00-04:00,18.46475438527759,18.772273223022157,18.37316896804612,18.751176834106445,91624284,0.0,0.0
2012-10-18 00:00:00-04:00,18.75242030660754,18.84872177846832,16.778246754459666,17.24982261657715,497198304,0.0,0.0
2012-10-19 00:00:00-04:00,17.512417533404506,17.54021437296525,16.678964466131355,16.921951293945312,458828712,0.0,0.0
2012-10-22 00:00:00-04:00,16.902590434874938,16.992439258123515,16.62187718048132,16.844512939453125,162061776,0.0,0.0
2012-10-23 00:00:00-04:00,16.67921063988928,17.059452601877233,16.678962825432748,16.88620948791504,116547336,0.0,0.0
2012-10-24 00:00:00-04:00,17.046299495617152,17.05126335214558,16.760126734926985,16.810510635375977,99760140,0.0,0.0
2012-10-25 00:00:00-04:00,16.877523576779634,16.92716213908327,16.716442280334633,16.82192611694336,95947956,0.0,0.0
2012-10-26 00:00:00-04:00,16.79065095483056,16.9527253877899,16.659106883624,16.757144927978516,77953968,0.0,0.0
2012-10-31 00:00:00-04:00,16.87405075514272,16.902345117781458,16.753425627532955,16.884971618652344,61418520,0.0,0.0
2012-11-01 00:00:00-04:00,16.86511625807526,17.148061777300455,16.84575645942612,17.065908432006836,81921996,0.0,0.0
2012-11-02 00:00:00-04:00,17.2446100891229,17.263474257699375,17.060446089581617,17.074098587036133,92883024,0.0,0.0
2012-11-05 00:00:00-05:00,16.989214661005985,17.047789686263968,16.767326094036758,16.950992584228516,65370564,0.0,0.0
2012-11-06 00:00:00-05:00,17.013539544608385,17.038856351855653,16.81671806263611,16.920217514038086,63248688,0.0,0.0
2012-11-07 00:00:00-05:00,16.753424652340772,16.833593584912148,16.542207256995802,16.557844161987305,89202708,0.0,0.0
2012-11-08 00:00:00-05:00,16.634290262720988,16.666307516283247,16.16345597670199,16.18976593017578,103776120,0.0,0.0
2012-11-09 00:00:00-05:00,16.24833923505328,16.58812313020911,16.140371581478597,16.456329345703125,124439436,0.0,0.0
2012-11-12 00:00:00-05:00,16.474199746187093,16.624362079938166,16.40271945614668,16.527563095092773,56179764,0.0,0.0
2012-11-13 00:00:00-05:00,16.45558579338935,16.56975637461827,16.33719290776292,16.357545852661133,63704232,0.0,0.0
2012-11-14 00:00:00-05:00,16.397506241485196,16.435232682232385,16.145335167377855,16.196216583251953,66669264,0.0,0.0
2012-11-15 00:00:00-05:00,16.13292563161203,16.38112600085373,15.981524238728502,16.06492042541504,73882044,0.0,0.0
2012-11-16 00:00:00-05:00,16.033401456125436,16.20788556517301,15.785450752050199,16.062936782836914,137390472,0.0,0.0
2012-11-19 00:00:00-05:00,16.274403439308795,16.602523109152983,16.270184917283828,16.58489990234375,94633272,0.0,0.0
2012-11-20 00:00:00-05:00,16.617163602164332,16.82788346520101,16.49455218900957,16.62858009338379,83464452,0.0,0.0
2012-11-21 00:00:00-05:00,16.60425842388643,16.62436355780069,16.391056607219255,16.526819229125977,84403512,0.0,0.0
2012-11-23 00:00:00-05:00,16.62858180535279,16.62932714056465,16.532528148709964,16.578941345214844,36863100,0.0,0.0
2012-11-26 00:00:00-05:00,16.540968074853332,16.554868388216036,16.356805948222156,16.409671783447266,88095816,0.0,0.0
2012-11-27 00:00:00-05:00,16.385344683586368,16.75342293670098,16.331485709908353,16.64694595336914,100247652,0.0,0.0
2012-11-28 00:00:00-05:00,16.57993175675257,16.999388940946286,16.477675187658104,16.968610763549805,121558320,0.0,0.0
2012-11-29 00:00:00-05:00,17.07062346611886,17.22252050544972,16.927163469672028,17.17263412475586,110948940,0.0,0.0
2012-11-30 00:00:00-05:00,17.158238033913108,17.354561966624864,17.018748745639083,17.333465576171875,126417456,0.0,0.0
2012-12-03 00:00:00-05:00,17.429520086721283,17.520112365433306,17.227732875087447,17.25602912902832,87612300,0.0,0.0
2012-12-04 00:00:00-05:00,17.24982076235133,17.26248010940417,17.01899765884067,17.151287078857422,79588332,0.0,0.0
2012-12-05 00:00:00-05:00,17.179087273913847,17.23741448266383,16.935355096384416,17.071617126464844,74421504,0.0,0.0
2012-12-06 00:00:00-05:00,17.065906014445403,17.264961566944404,16.989461872117207,17.15376853942871,58433508,0.0,0.0
2012-12-07 00:00:00-05:00,17.24981979065052,17.296482686072217,16.93758681225683,16.982013702392578,76695228,0.0,0.0
2012-12-10 00:00:00-05:00,17.011303386122812,17.166677397671478,16.971592532512496,17.012048721313477,54613332,0.0,0.0
2012-12-11 00:00:00-05:00,17.125724680348686,17.421577367054976,17.069135953990052,17.296485900878906,107396496,0.0,0.0
2012-12-12 00:00:00-05:00,17.354807639216755,17.46103680525677,17.212094888522692,17.313358306884766,96942960,0.0,0.0
2012-12-13 00:00:00-05:00,17.76905280229184,17.782703405928693,17.362750605905532,17.440933227539062,137658204,0.0,0.0
2012-12-14 00:00:00-05:00,17.353319305019465,17.568011756122406,17.334952659137777,17.42256736755371,85118796,0.0,0.0
2012-12-17 00:00:00-05:00,17.51043199616733,17.917975223894253,17.473698699986556,17.889680862426758,121294584,0.0,0.0
2012-12-18 00:00:00-05:00,17.785932059121482,18.096180641971443,17.747460281424477,17.896875381469727,120075804,0.0,0.0
2012-12-19 00:00:00-05:00,17.887940350726975,17.944778773427142,17.78791600138692,17.873048782348633,76667256,0.0,0.0
2012-12-20 00:00:00-05:00,17.951233305245648,17.985732487310923,17.795115851810273,17.928895950317383,66213720,0.0,0.0
2012-12-21 00:00:00-05:00,17.720656462060465,17.841031879943465,17.63502804142221,17.761857986450195,140898960,0.0,0.0
2012-12-24 00:00:00-05:00,17.734058706174103,17.750686869085296,17.55932679222437,17.609710693359375,33602364,0.0,0.0
2012-12-26 00:00:00-05:00,17.574218822363413,17.693602981709354,17.433738271931794,17.594074249267578,47248704,0.0,0.0
2012-12-27 00:00:00-05:00,17.551133313968062,17.593327981078517,17.339420318481256,17.53003692626953,65830104,0.0,0.0
2012-12-28 00:00:00-05:00,17.415871276330485,17.54542908776793,17.374174118041992,17.374174118041992,56023920,0.0,0.0
2012-12-31 00:00:00-05:00,17.373921818243264,17.636268449335628,17.27464279467598,17.557092666625977,79816104,0.0,0.0
2013-01-02 00:00:00-05:00,17.85592254161088,18.044057223015688,17.784690073402118,17.95098114013672,101550348,0.0,0.0
2013-01-03 00:00:00-05:00,17.992682425003363,18.16642118909812,17.8881898386888,17.961408615112305,92635272,0.0,0.0
2013-01-04 00:00:00-05:00,18.102138819333934,18.40320315256623,18.060937296372433,18.316333770751953,110429460,0.0,0.0
2013-01-07 00:00:00-05:00,18.25378934666331,18.351329892057365,18.13291640363359,18.236413955688477,66161772,0.0,0.0
2013-01-08 00:00:00-05:00,18.256021677994923,18.27488584781924,17.980274126990977,18.20042610168457,66976956,0.0,0.0
2013-01-09 00:00:00-05:00,18.174860324975413,18.325764215397317,18.083770528788886,18.320056915283203,80907012,0.0,0.0
2013-01-10 00:00:00-05:00,18.436956042364564,18.49081691017426,18.20538760494112,18.40345001220703,73354572,0.0,0.0
2013-01-11 00:00:00-05:00,18.41635861018863,18.4270297670801,18.274884910616667,18.366470336914062,51356592,0.0,0.0
2013-01-14 00:00:00-05:00,18.292255696695,18.42131973536214,17.9286437882682,17.95098114013672,114441444,0.0,0.0
2013-01-15 00:00:00-05:00,17.85368974245474,18.242616588279628,17.674241795787996,17.9926815032959,156950892,0.0,0.0
2013-01-16 00:00:00-05:00,17.929886942873082,17.978038621728757,17.713210063163437,17.75093650817871,80855064,0.0,0.0
2013-01-17 00:00:00-05:00,17.81348180661975,17.861383778120796,17.64743664634391,17.654882431030273,88371540,0.0,0.0
2013-01-18 00:00:00-05:00,17.63105549543518,17.690871476395753,17.406930954756316,17.485858917236328,128942928,0.0,0.0
2013-01-22 00:00:00-05:00,17.489582976356143,17.50646084535483,17.262728677956392,17.445154190063477,151544304,0.0,0.0
2013-01-23 00:00:00-05:00,18.267188274067998,18.59009621282776,18.262224417672382,18.403945922851562,236127636,0.0,0.0
2013-01-24 00:00:00-05:00,18.397493246858183,18.784435688944,18.379374414369167,18.71940803527832,135172692,0.0,0.0
2013-01-25 00:00:00-05:00,18.634027287716567,18.82538924662204,18.621120126190913,18.706005096435547,88946964,0.0,0.0
2013-01-28 00:00:00-05:00,18.65859645880996,18.753904758965298,18.562542823609146,18.633031845092773,65018916,0.0,0.0
2013-01-29 00:00:00-05:00,18.53425277779971,18.78741704597882,18.52904110640932,18.706254959106445,69814116,0.0,0.0
2013-01-30 00:00:00-05:00,18.70774208254407,18.886694404346553,18.6871432133068,18.709976196289062,69250680,0.0,0.0
2013-01-31 00:00:00-05:00,18.627575131553694,18.804043634245396,18.62112060476821,18.756141662597656,65302632,0.0,0.0
2013-02-01 00:00:00-05:00,18.818440189962036,19.27512635067025,18.8159582616445,19.25030517578125,149694156,0.0,0.0
2013-02-04 00:00:00-05:00,19.05397899312049,19.122979247458073,18.820176431520917,18.838790893554688,121498380,0.0,0.0
2013-02-05 00:00:00-05:00,18.891160606662545,19.138863473568794,18.849960976765484,19.00558090209961,74753172,0.0,0.0
2013-02-06 00:00:00-05:00,18.840032230359192,19.18477998462532,18.825884105326097,19.11553192138672,83040876,0.0,0.0
2013-02-07 00:00:00-05:00,19.10387244657835,19.329981447821154,18.99962765780866,19.2093563079834,113494392,0.0,0.0
2013-02-08 00:00:00-05:00,19.36273873862055,19.52505910111049,19.34859061388496,19.492794036865234,120683196,0.0,0.0
2013-02-11 00:00:00-05:00,19.319802002275015,19.43397449387509,19.204390438169415,19.419578552246094,86625288,0.0,0.0
2013-02-12 00:00:00-05:00,19.4029447039598,19.555587056519954,19.3438740619838,19.37688446044922,74285640,0.0,0.0
2013-02-13 00:00:00-05:00,19.36274452601357,19.492302342350378,19.35877192662526,19.43050193786621,47880072,0.0,0.0
2013-02-14 00:00:00-05:00,19.352808198137332,19.576435198610984,19.304162789664733,19.55360221862793,69342588,0.0,0.0
2013-02-15 00:00:00-05:00,19.543179431567893,19.688623829715215,19.534988311791892,19.679441452026367,109082808,0.0,0.0
2013-02-19 00:00:00-05:00,19.75638199758239,20.02964757471991,19.7387587949254,20.025924682617188,117154728,0.0,0.0
2013-02-20 00:00:00-05:00,19.987455448647992,20.078543346756533,19.652139767162048,19.66876792907715,110457432,0.0,0.0
2013-02-21 00:00:00-05:00,19.80627316597006,19.99118061758054,19.6379938781684,19.744966506958008,140115744,0.0,0.0
2013-02-22 00:00:00-05:00,19.837544243672802,19.886934995715208,19.702027551954927,19.848712921142578,82073844,0.0,0.0
2013-02-25 00:00:00-05:00,19.9129981146071,20.064647347909347,19.61987517629965,19.6268253326416,92063844,0.0,0.0
2013-02-26 00:00:00-05:00,19.73181387740127,19.755392198050156,19.468721890674313,19.61094093322754,88011900,0.0,0.0
2013-02-27 00:00:00-05:00,19.72684784222575,19.973805374789574,19.635262421024613,19.85045051574707,80962956,0.0,0.0
2013-02-28 00:00:00-05:00,19.88321257563473,20.029400413693672,19.881474090901996,19.88569450378418,90541368,0.0,0.0
2013-03-01 00:00:00-05:00,19.801308332958858,20.033126490562406,19.760354624136237,20.009546279907227,86928984,0.0,0.0
2013-03-04 00:00:00-05:00,19.98745598179497,20.422797919423743,19.98001019714837,20.389537811279297,110912976,0.0,0.0
2013-03-05 00:00:00-05:00,20.573951735734664,20.85243092035368,20.573206400507846,20.813961029052734,161602236,0.0,0.0
2013-03-06 00:00:00-05:00,20.874271664267106,20.947986071412487,20.570973209225176,20.6347599029541,114805080,0.0,0.0
2013-03-07 00:00:00-05:00,20.701274835494637,20.764813710114524,20.59008180490984,20.6650390625,82025892,0.0,0.0
2013-03-08 00:00:00-05:00,20.71219540001546,20.722620633223624,20.477647515823758,20.638233184814453,116359524,0.0,0.0
2013-03-11 00:00:00-04:00,20.64245535165984,20.841263127431844,20.637739309021825,20.720142364501953,63724212,0.0,0.0
2013-03-12 00:00:00-04:00,20.618130845444746,20.647416463724937,20.44339704340969,20.541187286376953,80251668,0.0,0.0
2013-03-13 00:00:00-04:00,20.548386464564345,20.61763453676792,20.4096425056607,20.484102249145508,65586348,0.0,0.0
2013-03-14 00:00:00-04:00,20.525796603216556,20.525796603216556,20.28752772662019,20.39052963256836,65981952,0.0,0.0
2013-03-15 00:00:00-04:00,20.315077376364655,20.35975397442559,20.187006479751062,20.210834503173828,123864012,0.0,0.0
2013-03-18 00:00:00-04:00,19.98000921457816,20.172610239716334,19.8923945044795,20.049257278442383,73458468,0.0,0.0
2013-03-19 00:00:00-04:00,20.13488694576852,20.33369660565137,20.01600030144674,20.136873245239258,83844072,0.0,0.0
2013-03-20 00:00:00-04:00,20.273628219985817,20.290506088106568,20.139850022523007,20.221010208129883,58493448,0.0,0.0
2013-03-21 00:00:00-04:00,20.136130848574386,20.275866077748418,20.100390698239526,20.135385513305664,59044896,0.0,0.0
2013-03-22 00:00:00-04:00,20.221757035817568,20.234166677494795,20.095174907282516,20.111804962158203,59468472,0.0,0.0
2013-03-25 00:00:00-04:00,20.163925316784876,20.333195838944942,20.025181375046103,20.095172882080078,68411520,0.0,0.0
2013-03-26 00:00:00-04:00,20.19098252598921,20.20339216876037,20.04926100045765,20.16417694091797,47628324,0.0,0.0
2013-03-27 00:00:00-04:00,20.02170495045593,20.029646363109304,19.888918023397636,19.92193031311035,86441472,0.0,0.0
2013-03-28 00:00:00-04:00,19.954942727623912,19.989194096290667,19.6896185277054,19.711708068847656,91420488,0.0,0.0
2013-04-01 00:00:00-04:00,19.73206074243596,19.911756518189073,19.68837728975422,19.885448455810547,72219708,0.0,0.0
2013-04-02 00:00:00-04:00,19.96859393086387,20.223990400605555,19.955189248292545,20.179561614990234,81578340,0.0,0.0
2013-04-03 00:00:00-04:00,20.18998945310022,20.208356102814236,19.872542844607114,20.009796142578125,69470460,0.0,0.0
2013-04-04 00:00:00-04:00,19.961392748489505,19.998623561393146,19.63997549536052,19.73354721069336,97806096,0.0,0.0
2013-04-05 00:00:00-04:00,19.509922553933816,19.53300524454927,19.270161083955582,19.43521499633789,137218644,0.0,0.0
2013-04-08 00:00:00-04:00,19.328484625930546,19.348341940913805,19.07159941223599,19.231687545776367,113170716,0.0,0.0
2013-04-09 00:00:00-04:00,19.2478222601069,19.4525870109406,19.188503798017965,19.301185607910156,86205708,0.0,0.0
2013-04-10 00:00:00-04:00,19.431987415624736,19.6660396898247,19.26023305610615,19.612180709838867,79064856,0.0,0.0
2013-04-11 00:00:00-04:00,19.679193869499123,19.684653354938423,19.4602809886929,19.61739158630371,81066852,0.0,0.0
2013-04-12 00:00:00-04:00,19.657103243826818,19.659832986395656,19.432233369328944,19.608951568603516,65402532,0.0,0.0
2013-04-15 00:00:00-04:00,19.50719385027926,19.781452625973287,19.285551202349627,19.40741729736328,98025876,0.0,0.0
2013-04-16 00:00:00-04:00,19.523077360522777,19.756632115798595,19.45680873833889,19.691354751586914,69610320,0.0,0.0
2013-04-17 00:00:00-04:00,19.52704689611979,19.628560029924135,19.31235443090066,19.423051834106445,81398520,0.0,0.0
2013-04-18 00:00:00-04:00,19.492296603205574,19.503467171053742,18.89438652045631,19.00979995727539,132767100,0.0,0.0
2013-04-19 00:00:00-04:00,19.090463458930707,19.94128999059493,19.018487542892863,19.852684020996094,231895872,0.0,0.0
2013-04-22 00:00:00-04:00,19.87080251358631,19.954198710663444,19.23541372660053,19.858642578125,115220664,0.0,0.0
2013-04-23 00:00:00-04:00,19.88073176630757,20.240618935085454,19.864847046914434,20.05198860168457,91600308,0.0,0.0
2013-04-24 00:00:00-04:00,20.057200096053187,20.30266885516895,20.05447035330192,20.189739227294922,73090836,0.0,0.0
2013-04-25 00:00:00-04:00,20.259233475162482,20.26469296022432,20.045284465625503,20.081769943237305,79608312,0.0,0.0
2013-04-26 00:00:00-04:00,20.044542952337714,20.048018030308715,19.771027642857657,19.891155242919922,99408492,0.0,0.0
2013-04-29 00:00:00-04:00,19.936577518522803,20.419323978323277,19.93037269706371,20.328981399536133,91939968,0.0,0.0
2013-04-30 00:00:00-04:00,20.327489961166375,20.541934636176514,20.294727370071627,20.46573829650879,92175732,0.0,0.0
2013-05-01 00:00:00-04:00,20.43322110527848,20.469458770319534,20.261962384573135,20.362979888916016,58141800,0.0,0.0
2013-05-02 00:00:00-04:00,20.35478938109303,20.713437441518085,20.32872724495393,20.5908260345459,80651268,0.0,0.0
2013-05-03 00:00:00-04:00,20.773254654025564,21.01748246343857,20.749428519594744,20.990676879882812,100403496,0.0,0.0
2013-05-06 00:00:00-04:00,21.053719222293637,21.39102122437326,21.053719222293637,21.383575439453125,85566348,0.0,0.0
2013-05-07 00:00:00-04:00,21.419813837196873,21.44115804302039,21.113535928497374,21.27635383605957,78281640,0.0,0.0
2013-05-08 00:00:00-04:00,21.2706424446573,21.68960402077643,21.169129313888156,21.683399200439453,98633268,0.0,0.0
2013-05-09 00:00:00-04:00,21.61415258826617,21.833063582924417,21.54937085450936,21.630037307739258,87935976,0.0,0.0
2013-05-10 00:00:00-04:00,21.725097937868856,21.854905437206096,21.646915304194383,21.847211837768555,75832092,0.0,0.0
2013-05-13 00:00:00-04:00,21.813954809777936,21.90281050444962,21.677197135151037,21.780200958251953,57882060,0.0,0.0
2013-05-14 00:00:00-04:00,21.779452292772383,22.057186121607224,21.770517729280755,22.017723083496094,63108828,0.0,0.0
2013-05-15 00:00:00-04:00,22.226213303056827,22.74445209630026,22.189480003474415,22.732290267944336,159276564,0.0,0.0
2013-05-16 00:00:00-04:00,22.809478332189553,22.83380387909257,22.387788856931785,22.4339542388916,128255616,0.0,0.0
2013-05-17 00:00:00-04:00,22.586594882829765,22.672718927364567,22.35080602604255,22.565746307373047,111568320,0.0,0.0
2013-05-20 00:00:00-04:00,22.461999237099832,22.849189502282673,22.461999237099832,22.54961395263672,90817092,0.0,0.0
2013-05-21 00:00:00-04:00,22.536955022472203,22.627299482411367,22.278580990322382,22.510894775390625,79240680,0.0,0.0
2013-05-22 00:00:00-04:00,22.401437296067243,22.568971217405416,22.012260775266697,22.075302124023438,102321576,0.0,0.0
2013-05-23 00:00:00-04:00,21.767045422222573,22.088710557718287,21.692585672410782,21.91075325012207,90912996,0.0,0.0
2013-05-24 00:00:00-04:00,21.723854742980606,21.812214794743568,21.618370899473902,21.675704956054688,91780128,0.0,0.0
2013-05-28 00:00:00-04:00,21.928373656410418,22.142818332332762,21.851431981182916,21.87302589416504,90209700,0.0,0.0
2013-05-29 00:00:00-04:00,21.735025639731745,21.791614361997258,21.451582615999357,21.55135726928711,80455464,0.0,0.0
2013-05-30 00:00:00-04:00,21.59131497027309,21.814196643560138,21.50419778458123,21.612163543701172,84743172,0.0,0.0
2013-05-31 00:00:00-04:00,21.54664496296708,21.767044756307556,21.531751500089253,21.623584747314453,78697224,0.0,0.0
2013-06-03 00:00:00-04:00,21.667765527753687,21.69183947756582,21.221502675602025,21.534481048583984,98928972,0.0,0.0
2013-06-04 00:00:00-04:00,21.539943596155062,21.607950710939694,21.19792550606238,21.322769165039062,74669256,0.0,0.0
2013-06-05 00:00:00-04:00,21.407403541017107,21.57965354310941,21.27387313744027,21.33765983581543,84187728,0.0,0.0
2013-06-06 00:00:00-04:00,21.451830993143734,21.502214895943467,21.0279074105836,21.460269927978516,103060836,0.0,0.0
2013-06-07 00:00:00-04:00,21.60372789277716,21.841503061824437,21.47714765452634,21.834800720214844,106877016,0.0,0.0
2013-06-10 00:00:00-04:00,21.893623950216995,22.114519342869812,21.84373568015585,22.09516143798828,93418488,0.0,0.0
2013-06-11 00:00:00-04:00,21.940035999889453,22.01524107512078,21.82958829979183,21.8367862701416,70233696,0.0,0.0
2013-06-12 00:00:00-04:00,21.97701876987503,21.990421560779403,21.584616832983624,21.642446517944336,88103808,0.0,0.0
2013-06-13 00:00:00-04:00,21.567988487334738,21.833064877491417,21.48161472891787,21.767044067382812,82713204,0.0,0.0
2013-06-14 00:00:00-04:00,21.843982290560916,21.958154764597854,21.695808158832023,21.718393325805664,89710200,0.0,0.0
2013-06-17 00:00:00-04:00,21.822389622322866,22.075551973646224,21.79881130444311,21.996625900268555,85766148,0.0,0.0
2013-06-18 00:00:00-04:00,22.056195012500208,22.362722642911223,22.0487511186632,22.353290557861328,86589324,0.0,0.0
2013-06-19 00:00:00-04:00,22.371903974102597,22.60694940381968,22.275852209966704,22.354778289794922,116519364,0.0,0.0
2013-06-20 00:00:00-04:00,22.18873245230163,22.36272092477008,21.92365607523157,21.959148406982422,134745120,0.0,0.0
2013-06-21 00:00:00-04:00,22.048502097719666,22.08672606812512,21.66950289952006,21.864587783813477,159132708,0.0,0.0
2013-06-24 00:00:00-04:00,21.63996548491381,21.750165373924776,21.42577052777895,21.588092803955078,120555324,0.0,0.0
2013-06-25 00:00:00-04:00,21.77349181209965,21.833555602096496,21.457038439108803,21.498985290527344,102025872,0.0,0.0
2013-06-26 00:00:00-04:00,21.686377039251017,21.791860878063503,21.60744907514038,21.683895111083984,73182744,0.0,0.0
2013-06-27 00:00:00-04:00,21.811721690191384,21.957909552710863,21.758358334335746,21.768783569335938,76982940,0.0,0.0
2013-06-28 00:00:00-04:00,21.714918717898364,21.887168690531638,21.697297406657036,21.850683212280273,93878028,0.0,0.0
2013-07-01 00:00:00-04:00,22.001588436984424,22.141323634541976,21.965598588560464,22.037080764770508,68923008,0.0,0.0
2013-07-02 00:00:00-04:00,22.094666361113283,22.11452178885778,21.773746578366037,21.89883804321289,75584340,0.0,0.0
2013-07-03 00:00:00-04:00,21.839020361595843,22.0691000312136,21.804271474021668,22.001094818115234,41838120,0.0,0.0
2013-07-05 00:00:00-04:00,22.089952974000578,22.223979007622713,22.02368245487045,22.17632484436035,68007924,0.0,0.0
2013-07-08 00:00:00-04:00,22.318295266975543,22.493522836462535,22.26542942952849,22.464237213134766,78701220,0.0,0.0
2013-07-09 00:00:00-04:00,22.61092093650319,22.659320433798047,22.287765145047732,22.467958450317383,79096824,0.0,0.0
2013-07-10 00:00:00-04:00,22.42352711170509,22.61439155276639,22.34733078065293,22.486570358276367,68267664,0.0,0.0
2013-07-11 00:00:00-04:00,22.66055996413234,22.85440197212465,22.54936692635721,22.840255737304688,103264632,0.0,0.0
2013-07-12 00:00:00-04:00,22.834298422715058,22.90875816345215,22.716155230513298,22.90875816345215,102625272,0.0,0.0
2013-07-15 00:00:00-04:00,22.941024675259936,23.03285791988244,22.743955394004416,22.95070457458496,78341580,0.0,0.0
2013-07-16 00:00:00-04:00,23.011261411517975,23.032109986547667,22.682895881871925,22.824617385864258,79240680,0.0,0.0
2013-07-17 00:00:00-04:00,22.85911846326987,23.00456287160023,22.742464045839945,22.798309326171875,60183756,0.0,0.0
2013-07-18 00:00:00-04:00,22.809229383477675,22.8342983726315,22.417075254246104,22.602975845336914,145234620,0.0,0.0
2013-07-19 00:00:00-04:00,22.00556074520759,22.411117654842897,21.732542964805432,22.253511428833008,294077628,0.0,0.0
2013-07-22 00:00:00-04:00,22.387540223654575,22.65236878641954,22.263440023828103,22.603473663330078,116011872,0.0,0.0
2013-07-23 00:00:00-04:00,22.603475402873666,22.660561650524244,22.327230326883136,22.432218551635742,81746172,0.0,0.0
2013-07-24 00:00:00-04:00,22.51808942512464,22.593540412462787,22.355269656284367,22.409873962402344,83056860,0.0,0.0
2013-07-25 00:00:00-04:00,22.185753641807384,22.25971585843729,21.992405382630213,22.03261375427246,119923956,0.0,0.0
2013-07-26 00:00:00-04:00,22.01499294194717,22.089452680931682,21.8911405608833,21.974288940429688,71036892,0.0,0.0
2013-07-29 00:00:00-04:00,21.963121679958785,22.2093338959373,21.863592945935924,21.897844314575195,75600324,0.0,0.0
2013-07-30 00:00:00-04:00,21.977018788914876,22.22894018186793,21.863096011985824,22.11253547668457,70153776,0.0,0.0
2013-07-31 00:00:00-04:00,22.163912641200692,22.251277651232307,21.99488992112372,22.033855438232422,86853060,0.0,0.0
2013-08-01 00:00:00-04:00,22.213799701159257,22.450831424783242,22.213799701159257,22.44264030456543,85450464,0.0,0.0
2013-08-02 00:00:00-04:00,22.423278121134285,22.511638165833617,22.358250470434427,22.500965118408203,68487444,0.0,0.0
2013-08-05 00:00:00-04:00,22.4716817001499,22.47490896392544,22.318046162324418,22.46200180053711,52335612,0.0,0.0
2013-08-06 00:00:00-04:00,22.454303125119342,22.578898935944228,22.231917082228662,22.252765655517578,60183756,0.0,0.0
2013-08-07 00:00:00-04:00,22.21479390606803,22.299431071673876,22.067115379209312,22.105836868286133,55112832,0.0,0.0
2013-08-08 00:00:00-04:00,22.22596288324191,22.234649632233054,21.972798631502588,22.15572166442871,59460480,0.0,0.0
2013-08-09 00:00:00-04:00,22.103599311873946,22.226706359988807,22.089700891810022,22.099878311157227,52895052,0.0,0.0
2013-08-12 00:00:00-04:00,22.012761132154274,22.01524306065641,21.88245610236459,21.978261947631836,55024920,0.0,0.0
2013-08-13 00:00:00-04:00,22.01102230530148,22.05247164210931,21.74718690047053,21.872526168823242,56735208,0.0,0.0
2013-08-14 00:00:00-04:00,21.80104708134343,21.84721246271656,21.522815720624756,21.58858871459961,83204712,0.0,0.0
2013-08-15 00:00:00-04:00,21.455304925807877,21.467218938081377,21.295464584898145,21.336666107177734,74693232,0.0,0.0
2013-08-16 00:00:00-04:00,21.376873012718118,21.405663000070682,21.259225460090267,21.268409729003906,66936996,0.0,0.0
2013-08-19 00:00:00-04:00,21.28826892504926,21.642944455308793,21.281816289248145,21.48533821105957,72363564,0.0,0.0
2013-08-20 00:00:00-04:00,21.552352687918514,21.64567660746872,21.432968518318166,21.479631423950195,49270680,0.0,0.0
2013-08-21 00:00:00-04:00,21.60943800586172,21.764810133122957,21.506434190959375,21.576675415039062,70221708,0.0,0.0
2013-08-22 00:00:00-04:00,21.66031385636963,21.71119527305163,21.5995066192121,21.685382843017578,34761204,0.0,0.0
2013-08-23 00:00:00-04:00,21.787642402060282,21.791860923267574,21.587098065635434,21.598514556884766,43040916,0.0,0.0
2013-08-26 00:00:00-04:00,21.593303177003698,21.71491955079278,21.49526322945446,21.50370216369629,42057900,0.0,0.0
2013-08-27 00:00:00-04:00,21.3356713897582,21.437680146606088,21.044782610355718,21.10062599182129,69294636,0.0,0.0
2013-08-28 00:00:00-04:00,21.103111572977344,21.231180585198484,21.041557103425443,21.060916900634766,53142804,0.0,0.0
2013-08-29 00:00:00-04:00,21.07382207483738,21.354535349664843,21.06190995421289,21.231678009033203,59080860,0.0,0.0
2013-08-30 00:00:00-04:00,21.23986644329078,21.29645516221098,20.98670409499453,21.019962310791016,74389536,0.0,0.0
2013-09-03 00:00:00-04:00,21.20512283752374,21.498741418567313,21.194945417036962,21.354537963867188,81822096,0.0,0.0
2013-09-04 00:00:00-04:00,21.35379061304564,21.680173647079776,21.225225968838284,21.633760452270508,81566352,0.0,0.0
2013-09-05 00:00:00-04:00,21.68017340480464,21.838523078922574,21.63326268982529,21.830581665039062,51600348,0.0,0.0
2013-09-06 00:00:00-04:00,21.902062255116334,21.93532236488322,21.68612881469087,21.831079483032227,62401536,0.0,0.0
2013-09-09 00:00:00-04:00,21.934081295029635,22.083498311515264,21.90156840951544,22.041303634643555,49334616,0.0,0.0
2013-09-10 00:00:00-04:00,22.090200049482988,22.139342989890814,21.94078303708356,22.056692123413086,51452496,0.0,0.0
2013-09-11 00:00:00-04:00,22.05346632346459,22.262697429607833,21.99240747918242,22.243337631225586,64359576,0.0,0.0
2013-09-12 00:00:00-04:00,22.27336737178644,22.28577890493643,22.08995060130072,22.1656494140625,43776180,0.0,0.0
2013-09-13 00:00:00-04:00,22.201389291348267,22.230674907260514,21.96162785361388,22.06661605834961,52962984,0.0,0.0
2013-09-16 00:00:00-04:00,22.24358419412413,22.263439620388187,21.962375287833048,22.034103393554688,53406540,0.0,0.0
2013-09-17 00:00:00-04:00,22.025417687615267,22.049741342626078,21.866322672055745,21.993152618408203,50325624,0.0,0.0
2013-09-18 00:00:00-04:00,21.999107632358236,22.43643397052027,21.91769773979485,22.42030143737793,77310612,0.0,0.0
2013-09-19 00:00:00-04:00,22.486571529405143,22.486571529405143,22.223729264872823,22.29793930053711,63852084,0.0,0.0
2013-09-20 00:00:00-04:00,22.297940510237794,22.440407366367605,22.229189956502935,22.415090560913086,173638188,0.0,0.0
2013-09-23 00:00:00-04:00,22.24234224926152,22.37736141196014,21.9705635474011,22.002830505371094,71024904,0.0,0.0
2013-09-24 00:00:00-04:00,22.002831588523,22.092182898883745,21.876249462012325,22.01127052307129,59412528,0.0,0.0
2013-09-25 00:00:00-04:00,22.004071478822855,22.004071478822855,21.732294668560314,21.772750854492188,65894040,0.0,0.0
2013-09-26 00:00:00-04:00,21.79930691459506,21.909756502732105,21.717401392422452,21.79608154296875,50345604,0.0,0.0
2013-09-27 00:00:00-04:00,21.712934232604795,21.779950080611748,21.625818926993997,21.751903533935547,50301648,0.0,0.0
2013-09-30 00:00:00-04:00,21.570468092122972,21.86235003476926,21.55135611009792,21.739988327026367,68827104,0.0,0.0
2013-10-01 00:00:00-04:00,21.847707676544097,22.031871677831344,21.842743819863998,22.015241622924805,67324608,0.0,0.0
2013-10-02 00:00:00-04:00,21.9092592581876,22.073815639750862,21.787393177157035,22.039812088012695,59752188,0.0,0.0
2013-10-03 00:00:00-04:00,22.040060181616386,22.191461588808476,21.645424129956307,21.744455337524414,84595320,0.0,0.0
2013-10-04 00:00:00-04:00,21.717401499121273,21.779699410510982,21.59330319701158,21.651630401611328,54265680,0.0,0.0
2013-10-07 00:00:00-04:00,21.53001229499974,21.692334562766508,21.44711362218662,21.48756980895996,51692256,0.0,0.0
2013-10-08 00:00:00-04:00,21.477144271601485,21.493524617877554,21.137358495251423,21.187992095947266,77670252,0.0,0.0
2013-10-09 00:00:00-04:00,21.25277485858335,21.41087671896596,20.922670825885383,21.24234962463379,105945948,0.0,0.0
2013-10-10 00:00:00-04:00,21.440414839870645,21.56426533804755,21.35031818985275,21.54962158203125,90121788,0.0,0.0
2013-10-11 00:00:00-04:00,21.49477003770293,21.679677493414864,21.476651203062037,21.642696380615234,56299644,0.0,0.0
2013-10-14 00:00:00-04:00,21.510405256747212,21.74842823346963,21.478883632405864,21.744953155517578,49694256,0.0,0.0
2013-10-15 00:00:00-04:00,21.73626555120494,21.98123678247858,21.692582101607105,21.891389846801758,63612324,0.0,0.0
2013-10-16 00:00:00-04:00,21.987191834674114,22.296447248766253,21.941026460983885,22.28900146484375,80223696,0.0,0.0
2013-10-17 00:00:00-04:00,22.163914288659623,22.260959204489236,21.983720986272996,22.05967140197754,170093736,0.0,0.0
2013-10-18 00:00:00-04:00,24.238607337060486,25.203606447823876,24.174572827662992,25.103084564208984,462193344,0.0,0.0
2013-10-21 00:00:00-04:00,25.10432317712421,25.291466614416798,24.808718343895485,24.90179443359375,144986868,0.0,0.0
2013-10-22 00:00:00-04:00,24.943987077792453,25.142545113526264,24.715396198026422,24.99362564086914,88255656,0.0,0.0
2013-10-23 00:00:00-04:00,24.844710524736566,25.68238216860881,24.8355262546281,25.599483489990234,106421472,0.0,0.0
2013-10-24 00:00:00-04:00,25.6108995030509,25.82683294495696,25.43542224999433,25.454036712646484,83600316,0.0,0.0
2013-10-25 00:00:00-04:00,25.535198524121565,25.535198524121565,25.086455667320585,25.19715118408203,81138780,0.0,0.0
2013-10-28 00:00:00-04:00,25.197152119778067,25.401419368800074,25.142299988340376,25.192188262939453,46301652,0.0,0.0
2013-10-29 00:00:00-04:00,25.293948019406546,25.73673575702175,25.154958142807956,25.719362258911133,64135800,0.0,0.0
2013-10-30 00:00:00-04:00,25.74889576127432,25.75088206046038,25.465204944667057,25.574907302856445,52911036,0.0,0.0
2013-10-31 00:00:00-04:00,25.537928507909296,25.85041123244233,25.414821456636865,25.578882217407227,65534400,0.0,0.0
2013-11-01 00:00:00-04:00,25.60891558511559,25.713406284172148,25.442868521599248,25.49102020263672,51280668,0.0,0.0
2013-11-04 00:00:00-05:00,25.60171568013485,25.6233095922166,25.366672142487385,25.467937469482422,45506448,0.0,0.0
2013-11-05 00:00:00-05:00,25.324971841980233,25.60543539112851,25.252248700586406,25.35401153564453,47208744,0.0,0.0
2013-11-06 00:00:00-05:00,25.455279298616794,25.49002629519904,25.201371598907222,25.384540557861328,36479484,0.0,0.0
2013-11-07 00:00:00-05:00,25.381067879657284,25.413830469261733,25.009512608025613,25.017208099365234,67116816,0.0,0.0
2013-11-08 00:00:00-05:00,25.037061636994313,25.27905531062993,25.03085681652008,25.217750549316406,51580368,0.0,0.0
2013-11-11 00:00:00-05:00,25.055925650344097,25.215268465882968,25.018447021539654,25.08272933959961,44459496,0.0,0.0
2013-11-12 00:00:00-05:00,25.01100122267049,25.255724637324988,24.943987270286282,25.112266540527344,48675276,0.0,0.0
2013-11-13 00:00:00-05:00,24.987423328402464,25.63522172623657,24.981218507864863,25.625789642333984,63112824,0.0,0.0
2013-11-14 00:00:00-05:00,25.661781092529413,25.806480164883595,25.57317322298829,25.694293975830078,46621332,0.0,0.0
2013-11-15 00:00:00-05:00,25.685358248883734,25.763045251737275,25.5721789152649,25.652843475341797,51000948,0.0,0.0
2013-11-18 00:00:00-05:00,25.707201564167963,26.029612009932922,25.54562461953798,25.60295867919922,70317612,0.0,0.0
2013-11-19 00:00:00-05:00,25.607177314165952,25.68238239374634,25.391989201538415,25.44535255432129,45218736,0.0,0.0
2013-11-20 00:00:00-05:00,25.56324445268128,25.647879719960915,25.32522147838103,25.373619079589844,38509452,0.0,0.0
2013-11-21 00:00:00-05:00,25.490025303846533,25.770738575259006,25.46520602153877,25.665502548217773,43628328,0.0,0.0
2013-11-22 00:00:00-05:00,25.64936723215091,25.71762214784023,25.545124358365268,25.611392974853516,50117832,0.0,0.0
2013-11-25 00:00:00-05:00,25.742191754368264,26.140055022442084,25.68907811757031,25.959861755371094,64455480,0.0,0.0
2013-11-26 00:00:00-05:00,26.0261327386668,26.346309018934704,25.885652208162142,26.269615173339844,91360548,0.0,0.0
2013-11-27 00:00:00-05:00,26.359466848313613,26.50764099335405,26.309082947550067,26.386272430419922,44899056,0.0,0.0
2013-11-29 00:00:00-05:00,26.36269491175999,26.473390429765065,26.29543124825417,26.298906326293945,47664288,0.0,0.0
2013-12-02 00:00:00-05:00,26.396201748062822,26.46668889383393,26.079748306309405,26.172077178955078,54873072,0.0,0.0
2013-12-03 00:00:00-05:00,26.08446396014586,26.394464761705112,26.03656198546374,26.14179801940918,66976956,0.0,0.0
2013-12-04 00:00:00-05:00,26.09488757873674,26.407865940993414,26.0608840243564,26.263912200927734,47616336,0.0,0.0
2013-12-05 00:00:00-05:00,26.239584096168475,26.300642934429742,26.087936771126618,26.243061065673828,45302652,0.0,0.0
2013-12-06 00:00:00-05:00,26.552071759858954,26.5572834312923,26.311069317413555,26.55405616760254,57094848,0.0,0.0
2013-12-09 00:00:00-05:00,26.58185382921936,26.862814930272474,26.508137530045918,26.759315490722656,59244696,0.0,0.0
2013-12-10 00:00:00-05:00,26.709923281658103,27.111011963751093,26.697511748797616,26.921140670776367,74081844,0.0,0.0
2013-12-11 00:00:00-05:00,26.98914462928222,27.08643923809748,26.685598389098956,26.738216400146484,68403528,0.0,0.0
2013-12-12 00:00:00-05:00,26.794808289651158,26.87845230374004,26.53246353847827,26.556289672851562,63796140,0.0,0.0
2013-12-13 00:00:00-05:00,26.69131028130017,26.713397930380086,26.25671365260258,26.328689575195312,86409504,0.0,0.0
2013-12-16 00:00:00-05:00,26.40836295151327,26.673687147954478,26.358970306855785,26.631244659423828,64015920,0.0,0.0
2013-12-17 00:00:00-05:00,26.627272895194363,26.8243421618701,26.51707300980028,26.55380630493164,61366572,0.0,0.0
2013-12-18 00:00:00-05:00,26.603197867769925,26.928339940072252,26.285255657736446,26.923376083374023,88323588,0.0,0.0
2013-12-19 00:00:00-05:00,26.824592882027368,27.103073966347825,26.78264791132112,26.959863662719727,66561372,0.0,0.0
2013-12-20 00:00:00-05:00,27.01148608537141,27.33091706997861,27.004038408705817,27.3172664642334,130333536,0.0,0.0
2013-12-23 00:00:00-05:00,27.496467225398447,27.694032128982883,27.42895763862156,27.676658630371094,68795136,0.0,0.0
2013-12-24 00:00:00-05:00,27.67343402358926,27.680136365868343,27.50292250124453,27.595748901367188,29338632,0.0,0.0
2013-12-26 00:00:00-05:00,27.649604887368326,27.773455381695978,27.517563272826244,27.735233306884766,53458488,0.0,0.0
2013-12-27 00:00:00-05:00,27.798276740811584,27.80522500518727,27.62304730190065,27.758563995361328,62725212,0.0,0.0
2013-12-30 00:00:00-05:00,27.806716637805227,27.810687344973548,27.52575552772727,27.53667449951172,49394556,0.0,0.0
2013-12-31 00:00:00-05:00,27.605674638480703,27.823096866063906,27.45725077803751,27.815898895263672,54261684,0.0,0.0
2014-01-02 00:00:00-05:00,27.685593295332467,27.74243172534087,27.506890668387985,27.62751579284668,72783144,0.0,0.0
2014-01-03 00:00:00-05:00,27.674178139603487,27.722080116378436,27.424243020991902,27.425979614257812,66601332,0.0,0.0
2014-01-06 00:00:00-05:00,27.624785493188835,27.769980192333747,27.461717883310516,27.73175811767578,70701228,0.0,0.0
2014-01-07 00:00:00-05:00,27.922375948278628,28.286981072782318,27.82706762618986,28.266380310058594,102001896,0.0,0.0
2014-01-08 00:00:00-05:00,28.443590123637833,28.476352709400235,28.12812987540454,28.325199127197266,89610300,0.0,0.0
2014-01-09 00:00:00-05:00,28.38005513292329,28.399414931326877,27.93627611520823,28.052433013916016,83296620,0.0,0.0
2014-01-10 00:00:00-05:00,28.271840672858414,28.271840672858414,27.854120024711452,28.05094337463379,85654260,0.0,0.0
2014-01-13 00:00:00-05:00,27.958859742135772,28.466177612906723,27.728034736174827,27.87224006652832,96659244,0.0,0.0
2014-01-14 00:00:00-05:00,28.24379243953216,28.567693550033937,27.99906900571754,28.52798080444336,99204696,0.0,0.0
2014-01-15 00:00:00-05:00,28.617080683799273,28.66696895104389,28.388737627743755,28.508617401123047,77929992,0.0,0.0
2014-01-16 00:00:00-05:00,28.520534061288114,28.739692868872094,28.49323285016485,28.69725227355957,67288644,0.0,0.0
2014-01-17 00:00:00-05:00,28.712887353390823,28.806706891140415,28.3989177496034,28.556026458740234,107943948,0.0,0.0
2014-01-21 00:00:00-05:00,28.814155420516677,28.890353653009928,28.575141163340483,28.88290786743164,79116804,0.0,0.0
2014-01-22 00:00:00-05:00,28.955129616814236,28.986899054372177,28.762776398416808,28.915666580200195,62793144,0.0,0.0
2014-01-23 00:00:00-05:00,28.791070470513272,28.852870860248355,28.651333374521617,28.79355239868164,77886036,0.0,0.0
2014-01-24 00:00:00-05:00,28.56794322158563,28.630986476269737,27.87273839363123,27.893339157104492,155544300,0.0,0.0
2014-01-27 00:00:00-05:00,27.949676914459715,27.959604627453533,26.86182052248611,27.33240509033203,173969856,0.0,0.0
2014-01-28 00:00:00-05:00,27.558019282727127,27.94099103868417,27.548587198402828,27.872983932495117,88319592,0.0,0.0
2014-01-29 00:00:00-05:00,27.776435645979333,27.84171111997812,27.287484397950973,27.4736328125,95100804,0.0,0.0
2014-01-30 00:00:00-05:00,28.41877256723818,28.60467315392471,27.97821895497129,28.180252075195312,203452344,0.0,0.0
2014-01-31 00:00:00-05:00,29.072776109200102,29.44979084936362,28.570917728974514,29.31154441833496,222429348,0.0,0.0
2014-02-03 00:00:00-05:00,29.267613244519072,29.330158971987423,28.096362539181502,28.131607055664062,182581236,0.0,0.0
2014-02-04 00:00:00-05:00,28.244783951005825,28.666970913736712,28.22046218944513,28.249004364013672,112363524,0.0,0.0
2014-02-05 00:00:00-05:00,28.378562236602303,28.561980882396053,27.997329005550792,28.374094009399414,95684220,0.0,0.0
2014-02-06 00:00:00-05:00,28.57091841405711,28.795042973467673,28.48206273168776,28.79007911682129,77786136,0.0,0.0
2014-02-07 00:00:00-05:00,28.980447893950743,29.235346850813443,28.80497064331034,29.22393035888672,105342552,0.0,0.0
2014-02-10 00:00:00-05:00,29.083945351349378,29.347037319264352,29.01494698759337,29.11199378967285,77730192,0.0,0.0
2014-02-11 00:00:00-05:00,29.291690012633072,29.582081304740356,29.094123219163713,29.540136337280273,81949968,0.0,0.0
2014-02-12 00:00:00-05:00,29.51085006714006,29.53566935168522,29.321722200450147,29.453516006469727,68911020,0.0,0.0
2014-02-13 00:00:00-05:00,29.306084796147964,29.781387329101562,29.27903139811103,29.781387329101562,73382544,0.0,0.0
2014-02-14 00:00:00-05:00,29.674904431890813,29.892824148895976,29.605160739550332,29.85335922241211,87380532,0.0,0.0
2014-02-18 00:00:00-05:00,29.81886385698503,30.10330003951815,29.783867153250217,30.05390739440918,84271644,0.0,0.0
2014-02-19 00:00:00-05:00,29.915410327785644,30.012704938444447,29.721814256075206,29.841943740844727,84059856,0.0,0.0
2014-02-20 00:00:00-05:00,29.861799863151038,29.954874063080247,29.789326424125655,29.885875701904297,67963968,0.0,0.0
2014-02-21 00:00:00-05:00,29.97770813332017,30.02883736663218,29.85435327740003,29.877931594848633,74417508,0.0,0.0
2014-02-24 00:00:00-05:00,29.91690061862611,30.284235463612852,29.910447983423644,30.094364166259766,66905028,0.0,0.0
2014-02-25 00:00:00-05:00,30.179496111085502,30.391954476594762,30.042490638165525,30.28026580810547,57490452,0.0,0.0
2014-02-26 00:00:00-05:00,30.379541543362045,30.500662283231005,30.12538605204004,30.284481048583984,79208712,0.0,0.0
2014-02-27 00:00:00-05:00,30.24030531642895,30.385254095498397,30.206053948121376,30.260658264160156,50349600,0.0,0.0
2014-02-28 00:00:00-05:00,30.288705050668195,30.384261185705256,29.93824805898624,30.172300338745117,92451456,0.0,0.0
2014-03-03 00:00:00-05:00,29.951401406427834,29.97845480283681,29.588780715270545,29.850631713867188,84107808,0.0,0.0
2014-03-04 00:00:00-05:00,30.156164777879397,30.18098406092571,30.019656829411026,30.1539306640625,58649292,0.0,0.0
2014-03-05 00:00:00-05:00,30.157406299590125,30.356711577963228,30.067061837574855,30.237077713012695,49362588,0.0,0.0
2014-03-06 00:00:00-05:00,30.336852725080643,30.432906374129416,30.245515118002068,30.270584106445312,50673276,0.0,0.0
2014-03-07 00:00:00-05:00,30.449040072584282,30.453756114734915,30.06780680241478,30.15095329284668,60543396,0.0,0.0
2014-03-10 00:00:00-04:00,30.17329005759329,30.221689550599322,29.885378811255745,30.071033477783203,48535416,0.0,0.0
2014-03-11 00:00:00-04:00,30.12563504933814,30.139285654445526,29.70047053319475,29.78361701965332,68451480,0.0,0.0
2014-03-12 00:00:00-04:00,29.6945139067421,29.978702256282855,29.391463280972737,29.965051651000977,78493428,0.0,0.0
2014-03-13 00:00:00-04:00,29.981184711041866,30.044475773810227,29.405611923347188,29.51233673095703,93730176,0.0,0.0
2014-03-14 00:00:00-04:00,29.33685991389336,29.557261579921402,29.102064198677642,29.1087646484375,91664244,0.0,0.0
2014-03-17 00:00:00-04:00,29.268856072823738,29.711146312559865,29.2405598186708,29.587791442871094,86397516,0.0,0.0
2014-03-18 00:00:00-04:00,29.65157559796232,30.070039667263472,29.61161504030003,30.063337326049805,72527400,0.0,0.0
2014-03-19 00:00:00-04:00,30.076740724027186,30.081456766077153,29.645123561490276,29.76525115966797,64451484,0.0,0.0
2014-03-20 00:00:00-04:00,29.782623172439628,30.022384619585086,29.668700400610067,29.713376998901367,67320612,0.0,0.0
2014-03-21 00:00:00-04:00,29.940479831177175,30.022880982574527,29.34827700636272,29.3629207611084,128211660,0.0,0.0
2014-03-24 00:00:00-04:00,29.391465648931128,29.409086962462883,28.44235313723338,28.739694595336914,121362516,0.0,0.0
2014-03-25 00:00:00-04:00,28.939989165287184,29.0352974806741,28.468413336593837,28.759302139282227,96311592,0.0,0.0
2014-03-26 00:00:00-04:00,28.840957994152628,29.0782375249868,28.083705032819942,28.095369338989258,103096800,0.0,0.0
2014-03-27 00:00:00-04:00,28.0675695127916,28.094622908189276,27.353998138442744,27.65630531311035,152735112,0.0,0.0
2014-03-28 00:00:00-04:00,27.773454072125713,28.125649524175422,27.742925598271775,27.801998138427734,90265644,0.0,0.0
2014-03-31 00:00:00-04:00,28.056402250605217,28.170572843903457,27.62081248449518,27.66201400756836,77614308,0.0,0.0
2014-04-01 00:00:00-04:00,27.804976264807596,28.232622721996847,27.74863535791674,28.167844772338867,87152760,0.0,0.0
2014-04-02 00:00:00-04:00,28.34183055023141,28.41380835991581,27.897554051095575,28.17305564880371,83360556,0.0,0.0
2014-04-03 00:00:00-04:00,28.434491866498355,29.173881443588748,28.068517133122565,28.34076690673828,80366000,0.0,1.998
2014-04-04 00:00:00-04:00,28.690375016760676,28.748395767589045,27.001335741024032,27.039024353027344,107274000,0.0,0.0
2014-04-07 00:00:00-04:00,27.016212615478896,27.26713898300471,26.309057864607045,26.809917449951172,79232000,0.0,0.0
2014-04-08 00:00:00-04:00,27.029107001616843,27.76452775168279,27.011750527858407,27.64699935913086,69650000,0.0,0.0
2014-04-09 00:00:00-04:00,28.060085027475598,28.15728127948776,27.54137144455441,28.119592666625977,60632000,0.0,0.0
2014-04-10 00:00:00-04:00,28.167199741675528,28.17761362589624,27.0514215679072,27.11043357849121,65890000,0.0,0.0
2014-04-11 00:00:00-04:00,26.67651619924681,27.155061070722358,26.451377700897524,26.667591094970703,63494000,0.0,0.0
2014-04-14 00:00:00-04:00,26.960178218415894,27.42434048266032,26.804463683317245,27.03654670715332,50824000,0.0,0.0
2014-04-15 00:00:00-04:00,27.32416489211448,27.41789173470295,26.31451004489112,27.210107803344727,79956000,0.0,0.0
2014-04-16 00:00:00-04:00,27.656418418017847,27.968836797085075,27.428304251841432,27.963876724243164,91644000,0.0,0.0
2014-04-17 00:00:00-04:00,27.58798362521112,27.621705310166238,26.748917883122484,26.944303512573242,112294000,0.0,0.0
2014-04-21 00:00:00-04:00,26.977037590505887,26.977037590505887,26.48113617811948,26.747434616088867,48502000,0.0,0.0
2014-04-22 00:00:00-04:00,26.5803153911625,27.17539747430783,26.5803153911625,27.051422119140625,46622000,0.0,0.0
2014-04-23 00:00:00-04:00,26.960672980394165,27.016709326706483,26.190041744490422,26.655197143554688,39114000,0.0,0.0
2014-04-24 00:00:00-04:00,26.862482240537727,26.902650889463146,26.33236352406093,26.502954483032227,41348000,0.0,0.0
2014-04-25 00:00:00-04:00,26.394847185456793,26.474191328997914,25.910846585656433,25.940601348876953,47400000,0.0,0.0
2014-04-28 00:00:00-04:00,26.07449726885921,26.079455450647572,25.340561511073155,25.93465232849121,75056000,0.0,0.0
2014-04-29 00:00:00-04:00,25.979778598792976,26.6675943600227,25.935643025804282,26.5966796875,50704000,0.0,0.0
2014-04-30 00:00:00-04:00,26.536673398115788,26.59717228796314,26.237644568034177,26.524770736694336,40770000,0.0,0.0
2014-05-01 00:00:00-04:00,26.49353162890287,26.77421275654431,26.42460136531896,26.705778121948242,40086000,0.0,0.0
2014-05-02 00:00:00-04:00,26.850084907063604,26.897691772642887,26.444932812378486,26.474687576293945,35616000,0.0,0.0
2014-05-05 00:00:00-04:00,26.29467538208267,26.566429520002217,26.162766182701304,26.547090530395508,24568000,0.0,0.0
2014-05-06 00:00:00-04:00,26.45187304558804,26.508406902821015,25.89894411366145,25.914316177368164,36700000,0.0,0.0
2014-05-07 00:00:00-04:00,25.948041638970604,26.006558020444572,25.34502572155836,25.687692642211914,61486000,0.0,0.0
2014-05-08 00:00:00-04:00,25.574625472892016,26.15135978115987,25.51214217093092,25.79530143737793,49040000,0.0,0.0
2014-05-09 00:00:00-04:00,25.719928009062958,26.151361715259636,25.5032189520802,26.11515998840332,45224000,0.0,0.0
2014-05-12 00:00:00-04:00,26.37401790387645,26.71668669377473,26.159293273455155,26.700817108154297,38968000,0.0,0.0
2014-05-13 00:00:00-04:00,26.75784526258338,26.97653680555984,26.674534198592347,26.85504150390625,40240000,0.0,0.0
2014-05-14 00:00:00-04:00,26.868924476598636,26.868924476598636,26.43699523620171,26.501462936401367,25618000,0.0,0.0
2014-05-15 00:00:00-04:00,26.438486406308606,26.481135091319185,26.05019514720072,26.239133834838867,36658000,0.0,0.0
2014-05-16 00:00:00-04:00,26.262936887331836,26.32442893145927,25.963908034462953,26.198471069335938,38154000,0.0,0.0
2014-05-19 00:00:00-04:00,26.22723219489297,26.74644137402414,26.067552648100254,26.720653533935547,39530000,0.0,0.0
2014-05-20 00:00:00-04:00,26.77867471410419,27.093571260332705,26.608581281083023,26.798015594482422,48506000,0.0,0.0
2014-05-21 00:00:00-04:00,26.9224820179274,27.262173197565783,26.883304634817318,27.259695053100586,31294000,0.0,0.0
2014-05-22 00:00:00-04:00,27.38367722436107,27.66931655037222,27.324167691478134,27.544843673706055,42994000,0.0,0.0
2014-05-23 00:00:00-04:00,27.677742784938552,28.018427159344938,27.481365889541436,27.958919525146484,53450000,0.0,0.0
2014-05-27 00:00:00-04:00,28.15628916667293,28.507883071899414,27.97627747597272,28.507883071899414,43716000,0.0,0.0
2014-05-28 00:00:00-04:00,28.49300318696776,28.64623576021767,28.263895878767094,28.2886905670166,31632000,0.0,0.0
2014-05-29 00:00:00-04:00,28.43449187719557,28.4389544300295,28.189516832921957,28.294151306152344,28222000,0.0,0.0
2014-05-30 00:00:00-04:00,28.347706122754808,28.394319836723977,28.05760238890707,28.348201751708984,37434000,0.0,0.0
2014-06-02 00:00:00-04:00,28.25397961361614,28.286710042111253,27.606828178676707,27.98569679260254,33210000,0.0,0.0
2014-06-03 00:00:00-04:00,27.81510710162253,27.889493061622144,27.40003677424054,27.498226165771484,40626000,0.0,0.0
2014-06-04 00:00:00-04:00,27.34995524864875,27.700062285772496,27.2031677174687,27.461036682128906,34582000,0.0,0.0
2014-06-05 00:00:00-04:00,27.62716179685026,28.01842872259805,27.525007365924164,28.014957427978516,35868000,0.0,0.0
2014-06-06 00:00:00-04:00,28.17513330430059,28.206870583514736,27.749649079418546,28.06950569152832,34804000,0.0,0.0
2014-06-09 00:00:00-04:00,28.105213620632586,28.365562632271143,28.02934076115255,28.302583694458008,30594000,0.0,0.0
2014-06-10 00:00:00-04:00,28.205878949741486,28.365560395752205,28.074465381705654,28.182077407836914,29676000,0.0,0.0
2014-06-11 00:00:00-04:00,28.06404786155698,28.215297919963326,27.95296644687328,28.14240074157715,22580000,0.0,0.0
2014-06-12 00:00:00-04:00,28.117607786614247,28.117607786614247,27.629144639193207,27.745681762695312,30930000,0.0,0.0
2014-06-13 00:00:00-04:00,27.7744484310078,27.80271442049369,27.459056210083176,27.787837982177734,27066000,0.0,0.0
2014-06-16 00:00:00-04:00,27.63410438805856,27.67080174191639,27.274576634561186,27.388633728027344,39436000,0.0,0.0
2014-06-17 00:00:00-04:00,27.391611296946852,27.460045936124416,27.14911628569924,27.30532455444336,29552000,0.0,0.0
2014-06-18 00:00:00-04:00,27.413425492906295,27.839900948339118,27.352926603868678,27.803205490112305,41212000,0.0,0.0
2014-06-19 00:00:00-04:00,27.827507318129268,28.018428520828685,27.60534257236536,28.017932891845703,52548000,0.0,0.0
2014-06-20 00:00:00-04:00,28.090332111456092,28.10619980444552,27.73923386593249,28.09380340576172,63212000,0.0,0.0
2014-06-23 00:00:00-04:00,27.986192674755934,28.486556564559482,27.944039623348228,28.47911834716797,34456000,0.0,0.0
2014-06-24 00:00:00-04:00,28.475648865902965,28.873856469875015,28.224722515772214,28.392337799072266,56886000,0.0,0.0
2014-06-25 00:00:00-04:00,28.442421540057406,29.12428589241922,28.42804073393099,29.056346893310547,42294000,0.0,0.0
2014-06-26 00:00:00-04:00,29.223467955513314,29.238344391300632,28.74244302011149,28.998825073242188,40248000,0.0,0.0
2014-06-27 00:00:00-04:00,29.032546189996438,29.153050243815237,28.89220751812941,29.044448852539062,40426000,0.0,0.0
2014-06-30 00:00:00-04:00,29.09750917522626,29.144620412408223,28.92543133315189,28.993865966796875,29578000,0.0,0.0
2014-07-01 00:00:00-04:00,29.141643830025362,29.43968141729158,29.074202348177632,29.332069396972656,32864000,0.0,0.0
2014-07-02 00:00:00-04:00,29.370254443072984,29.463979390331993,29.21404430592776,29.296859741210938,23916000,0.0,0.0
2014-07-03 00:00:00-04:00,29.342482652077816,29.46893802894074,29.208590949180092,29.410917282104492,17978000,0.0,0.0
2014-07-07 00:00:00-04:00,29.43224537873588,29.538366736589406,29.156026795774228,29.29587173461914,26734000,0.0,0.0
2014-07-08 00:00:00-04:00,29.078169550976927,29.15751369561005,28.464739789908997,28.68293571472168,42504000,0.0,0.0
2014-07-09 00:00:00-04:00,28.7102101210238,28.96559902459229,28.613509504948613,28.92890167236328,27456000,0.0,0.0
2014-07-10 00:00:00-04:00,28.415149301037637,29.022629639508096,28.37051810021823,28.764265060424805,28724000,0.0,0.0
2014-07-11 00:00:00-04:00,28.81187265987211,29.170411077754824,28.79104489037325,29.092058181762695,30232000,0.0,0.0
2014-07-14 00:00:00-04:00,29.287936164962424,29.499189501956934,29.094037408874556,29.46943473815918,39032000,0.0,0.0
2014-07-15 00:00:00-04:00,29.51357057584984,29.521008793938115,29.025603038751452,29.409927368164062,33476000,0.0,0.0
2014-07-16 00:00:00-04:00,29.599856694834475,29.605312396899635,29.270579347896867,29.28892707824707,28816000,0.0,0.0
2014-07-17 00:00:00-04:00,29.207101191053905,29.23338465848263,28.606069759895096,28.802942276000977,58706000,0.0,0.0
2014-07-18 00:00:00-04:00,29.90334752649718,30.08633487270341,29.30380295849071,30.007488250732422,97432000,0.0,0.0
2014-07-21 00:00:00-04:00,29.821030990350103,29.960380303006286,29.478859692358736,29.676725387573242,44758000,0.0,0.0
2014-07-22 00:00:00-04:00,29.739205559771634,30.1949382800524,29.717384643543838,29.93111801147461,37632000,0.0,0.0
2014-07-23 00:00:00-04:00,29.85574291418678,30.103693599397015,29.821028077880836,30.011455535888672,22120000,0.0,0.0
2014-07-24 00:00:00-04:00,30.028315503984437,30.19592889106958,29.80367073689565,29.90334701538086,27100000,0.0,0.0
2014-07-25 00:00:00-04:00,29.716889538126576,29.803671900466075,29.543324813447583,29.65886878967285,27200000,0.0,0.0
2014-07-28 00:00:00-04:00,29.64250546041946,29.80863196710666,29.38661903417362,29.70548439025879,27162000,0.0,0.0
2014-07-29 00:00:00-04:00,29.640026437594784,29.679201936292646,29.365792271568694,29.454063415527344,27332000,0.0,0.0
2014-07-30 00:00:00-04:00,29.546299908629678,29.677217838921425,29.39207417526992,29.527950286865234,24302000,0.0,0.0
2014-07-31 00:00:00-04:00,29.206609623176032,29.356868447715364,28.64723364560293,28.739967346191406,46190000,0.0,0.0
2014-08-01 00:00:00-04:00,28.690374988302622,28.932374354580464,28.28125595897675,28.444904327392578,44266000,0.0,0.0
2014-08-04 00:00:00-04:00,28.589211916263242,28.95171533797588,28.378454200928623,28.87485122680664,30388000,0.0,0.0
2014-08-05 00:00:00-04:00,28.73153518382445,28.772199461843147,28.28175187236579,28.42209243774414,32876000,0.0,0.0
2014-08-06 00:00:00-04:00,28.24158530205179,28.694838019465003,28.139924606331913,28.48904037475586,26456000,0.0,0.0
2014-08-07 00:00:00-04:00,28.566400319978218,28.67847490056893,28.238114209063685,28.356138229370117,23260000,0.0,0.0
2014-08-08 00:00:00-04:00,28.366550676183,28.740461120159043,28.217780639980848,28.660123825073242,29866000,0.0,0.0
2014-08-11 00:00:00-04:00,28.71269024421877,28.746907560014517,28.52920537423355,28.625905990600586,24068000,0.0,0.0
2014-08-12 00:00:00-04:00,28.514328251048838,28.558959449197285,28.261915018304162,28.371509552001953,27890000,0.0,0.0
2014-08-13 00:00:00-04:00,28.586234532394144,29.0662663141769,28.52424686150901,28.98841094970703,37988000,0.0,0.0
2014-08-14 00:00:00-04:00,29.094041143360844,29.149086233838368,28.807906177027807,28.992877960205078,25458000,0.0,0.0
2014-08-15 00:00:00-04:00,29.13420596934688,29.23189784470199,28.799968546374934,28.946258544921875,34468000,0.0,0.0
2014-08-18 00:00:00-04:00,29.114371024578098,29.5086136251229,29.08709629597439,29.39207649230957,29320000,0.0,0.0
2014-08-19 00:00:00-04:00,29.535392043352946,29.645482220275316,29.47836443881824,29.610769271850586,20864000,0.0,0.0
2014-08-20 00:00:00-04:00,29.60283294241242,29.60481735003339,29.406951668886453,29.526464462280273,19346000,0.0,0.0
2014-08-21 00:00:00-04:00,29.50117508614196,29.518531559454463,29.31273202466788,29.378190994262695,22640000,0.0,0.0
2014-08-22 00:00:00-04:00,29.420343664801294,29.505639148750767,29.248265809848203,29.384143829345703,17544000,0.0,0.0
2014-08-25 00:00:00-04:00,29.494725168254462,29.534891921485016,29.221482283587783,29.28644561767578,25912000,0.0,0.0
2014-08-26 00:00:00-04:00,29.357361296947136,29.359841333461283,29.131725266999528,29.16495132446289,29434000,0.0,0.0
2014-08-27 00:00:00-04:00,29.149576943738666,29.22693856980229,28.806910057645243,28.911048889160156,27292000,0.0,0.0
2014-08-28 00:00:00-04:00,28.763272230224167,28.995850862737655,28.657148983389185,28.77815055847168,28116000,0.0,0.0
2014-08-29 00:00:00-04:00,28.87881688629037,28.906091613262365,28.67500176916663,28.87931251525879,24122000,0.0,0.0
2014-09-02 00:00:00-04:00,28.908570386631137,29.223468826076644,28.881297550779795,29.190242767333984,31660000,0.0,0.0
2014-09-03 00:00:00-04:00,29.343971441221726,29.48084070132436,29.084615619277187,29.234376907348633,31580000,0.0,0.0
2014-09-04 00:00:00-04:00,29.36381154609707,29.654904682231333,29.28793868900202,29.413896560668945,32616000,0.0,0.0
2014-09-05 00:00:00-04:00,29.512581710252203,29.67969949143763,29.434228816057832,29.64399528503418,35982000,0.0,0.0
2014-09-08 00:00:00-04:00,29.71143733131901,29.928642009231634,29.655894724710414,29.834915161132812,31984000,0.0,0.0
2014-09-09 00:00:00-04:00,29.76747215869957,29.78383737327986,29.281984665384265,29.355873107910156,31424000,0.0,0.0
2014-09-10 00:00:00-04:00,29.34446908010744,29.442658479601924,29.116354892120892,29.427780151367188,23202000,0.0,0.0
2014-09-11 00:00:00-04:00,29.258181616012912,29.35488223442366,29.06180471361843,29.3132266998291,30028000,0.0,0.0
2014-09-12 00:00:00-04:00,29.27752358257816,29.33157551873291,28.92493652065943,29.005273818969727,37030000,0.0,0.0
2014-09-15 00:00:00-04:00,28.873359819260102,28.95667088314293,28.61400400251624,28.84360694885254,30908000,0.0,0.0
2014-09-16 00:00:00-04:00,28.809392058490346,29.26562043245229,28.809392058490346,29.197681427001953,31592000,0.0,0.0
2014-09-17 00:00:00-04:00,29.23388150668069,29.559191924728687,29.11536186726625,29.42133140563965,34390000,0.0,0.0
2014-09-18 00:00:00-04:00,29.508613669586246,29.63308464998371,29.407944231414394,29.618703842163086,29890000,0.0,0.0
2014-09-19 00:00:00-04:00,29.728794032627935,30.02187156677246,29.64300292293764,30.02187156677246,83832000,0.0,0.0
2014-09-22 00:00:00-04:00,29.878059687074373,29.942527399481516,29.412904304830032,29.618703842163086,35644000,0.0,0.0
2014-09-23 00:00:00-04:00,29.5061323881529,29.587956570635523,29.27008246642625,29.31669807434082,28074000,0.0,0.0
2014-09-24 00:00:00-04:00,29.336038518829184,29.75953834044944,29.27305769701125,29.675729751586914,35160000,0.0,0.0
2014-09-25 00:00:00-04:00,29.604820784828764,29.658377096244852,28.997340384414972,29.022632598876953,33420000,0.0,0.0
2014-09-26 00:00:00-04:00,29.056345626238873,29.23685481349872,29.010227544514642,29.15403938293457,25782000,0.0,0.0
2014-09-29 00:00:00-04:00,28.85303116952218,29.2239659702676,28.8401391402537,29.149580001831055,22874000,0.0,0.0
2014-09-30 00:00:00-04:00,29.133710275606155,29.30777062987575,28.985435869789463,29.179332733154297,31430000,0.0,0.0
2014-10-01 00:00:00-04:00,29.099491618499908,29.19470534439833,28.664089154978516,28.74393081665039,28954000,0.0,0.0
2014-10-02 00:00:00-04:00,28.663100950503416,28.92295431690219,28.467219667703752,28.80592155456543,30726000,0.0,0.0
2014-10-03 00:00:00-04:00,28.965600970960747,29.17338302390062,28.935846205663754,29.072219848632812,24290000,0.0,0.0
2014-10-06 00:00:00-04:00,29.255702403966314,29.3771996083384,29.03006825188646,29.14809226989746,25722000,0.0,0.0
2014-10-07 00:00:00-04:00,29.005276233430553,29.052385584150127,28.469701766967773,28.469701766967773,30914000,0.0,0.0
2014-10-08 00:00:00-04:00,28.50391433240746,28.994857511429537,28.14934478414528,28.94774627685547,44158000,0.0,0.0
2014-10-09 00:00:00-04:00,28.84211966893014,28.88774212651552,28.218276023570677,28.306547164916992,48234000,0.0,0.0
2014-10-10 00:00:00-04:00,28.140921125750616,28.525739253434814,27.523026813496127,27.531953811645508,59574000,0.0,0.0
2014-10-13 00:00:00-04:00,27.52897160092228,27.81411525257574,26.9983573132289,27.014225006103516,55116000,0.0,0.0
2014-10-14 00:00:00-04:00,27.281519730426353,27.702539536925062,27.001831747990035,27.209613800048828,52198000,0.0,0.0
2014-10-15 00:00:00-04:00,26.88182241112267,26.97306732781607,26.204420558201,26.814876556396484,76720000,0.0,0.0
2014-10-16 00:00:00-04:00,26.134002071127014,26.82776721169738,26.032341384223656,26.62593650817871,76100000,0.0,0.0
2014-10-17 00:00:00-04:00,26.80098876252701,26.94976068761341,25.708022849074695,25.934154510498047,119930000,0.0,0.0
2014-10-20 00:00:00-04:00,25.809186156350105,26.43947865034859,25.744224710659385,26.40079689025879,54964000,0.0,0.0
2014-10-21 00:00:00-04:00,26.64329588363718,26.717679960774372,26.292693220421626,26.680984497070312,49190000,0.0,0.0
2014-10-22 00:00:00-04:00,26.830740777520305,27.312261293723942,26.7900765059411,26.91206932067871,59474000,0.0,0.0
2014-10-23 00:00:00-04:00,27.18928134373698,27.641544688831292,27.051420815967177,27.455581665039062,43026000,0.0,0.0
2014-10-24 00:00:00-04:00,27.52153489800793,27.522526155938767,27.03455863063362,27.22002601623535,43508000,0.0,0.0
2014-10-27 00:00:00-04:00,27.163493263006938,27.47293598272504,27.135722908035845,27.26862335205078,31934000,0.0,0.0
2014-10-28 00:00:00-04:00,27.359378065056774,27.730806610836048,27.29590160854592,27.717914581298828,34774000,0.0,0.0
2014-10-29 00:00:00-04:00,27.81262832369677,28.01694096260981,27.571124594814563,27.693613052368164,41066000,0.0,0.0
2014-10-30 00:00:00-04:00,27.68369496984324,27.894452678404008,27.38020356684155,27.78386688232422,32250000,0.0,0.0
2014-10-31 00:00:00-04:00,28.182076630843113,28.20340002719913,28.009005639961654,28.160751342773438,46810000,0.0,0.0
2014-11-03 00:00:00-05:00,27.9455310226131,28.125047081560464,27.85130854891505,27.95743179321289,30834000,0.0,0.0
2014-11-04 00:00:00-05:00,27.828001216746696,28.00801289548627,27.68617377617268,27.97825813293457,27726000,0.0,0.0
2014-11-05 00:00:00-05:00,28.107198091683898,28.11265190275333,27.480378702902357,27.56964111328125,32906000,0.0,0.0
2014-11-06 00:00:00-05:00,27.54732378629805,27.611791501241704,27.303339997605377,27.35838508605957,33014000,0.0,0.0
2014-11-07 00:00:00-05:00,27.55228181637017,27.55228181637017,27.242343448666862,27.364830017089844,31782000,0.0,0.0
2014-11-10 00:00:00-05:00,27.3935924295376,27.801718287274266,27.3549106699568,27.682703018188477,26090000,0.0,0.0
2014-11-11 00:00:00-05:00,27.697081076049695,27.894449210918587,27.584015257440253,27.83444595336914,21966000,0.0,0.0
2014-11-12 00:00:00-05:00,27.827504776029947,27.83246295712048,27.54731930572042,27.683692932128906,21882000,0.0,0.0
2014-11-13 00:00:00-05:00,27.810645959680972,27.811141588654785,27.477399793056545,27.593936920166016,30220000,0.0,0.0
2014-11-14 00:00:00-05:00,27.671301244932174,27.671301244932174,27.39905144780045,27.531953811645508,28502000,0.0,0.0
2014-11-17 00:00:00-05:00,27.531947545087686,27.531947545087686,26.998853215591307,27.107952117919922,33612000,0.0,0.0
2014-11-18 00:00:00-05:00,27.17192285395019,27.412930945165893,26.967116485168948,27.0023250579834,36440000,0.0,0.0
2014-11-19 00:00:00-05:00,27.014227817188026,27.186305662305408,26.738506761808438,27.135725021362305,30346000,0.0,0.0
2014-11-20 00:00:00-05:00,26.882316324306473,27.045467158530208,26.85305908270285,26.965131759643555,35016000,0.0,0.0
2014-11-21 00:00:00-05:00,27.326151559788197,27.326151559788197,27.02662706036032,27.070762634277344,50120000,0.0,0.0
2014-11-24 00:00:00-05:00,27.10448178435733,27.333587217312125,26.984473365884703,27.149608612060547,33076000,0.0,0.0
2014-11-25 00:00:00-05:00,27.136222958062884,27.398554486174387,27.121346520251404,27.23639488220215,38072000,0.0,0.0
2014-11-26 00:00:00-05:00,27.23639234372605,27.268625253218044,27.038031030062584,27.162006378173828,29604000,0.0,0.0
2014-11-28 00:00:00-05:00,27.125806734036228,27.25474026461603,27.00084012708314,27.228954315185547,24202000,0.0,0.0
2014-12-01 00:00:00-05:00,27.03108599692254,27.214570857571942,26.710238142826782,26.761316299438477,39888000,0.0,0.0
2014-12-02 00:00:00-05:00,26.751400379011983,26.870417545174213,26.513863567385307,26.70875358581543,41480000,0.0,0.0
2014-12-03 00:00:00-05:00,26.65469953104307,26.848596398132123,26.541138068105035,26.628416061401367,32476000,0.0,0.0
2014-12-04 00:00:00-05:00,26.661639301766137,26.912070005217892,26.525265678175217,26.906614303588867,32598000,0.0,0.0
2014-12-05 00:00:00-05:00,26.61502780911854,26.68941377742266,26.14689864797612,26.18756103515625,61402000,0.0,0.0
2014-12-08 00:00:00-05:00,26.24409385428611,26.472208040142707,26.13400368494547,26.3189754486084,64566000,0.0,0.0
2014-12-09 00:00:00-05:00,26.07846124672397,26.61254684305957,25.955972794022582,26.58576774597168,43322000,0.0,0.0
2014-12-10 00:00:00-05:00,26.57535747235516,26.74693969854653,26.158304570182903,26.185579299926758,46222000,0.0,0.0
2014-12-11 00:00:00-05:00,26.283270368080416,26.631888620553223,26.241119202227157,26.387409210205078,41426000,0.0,0.0
2014-12-12 00:00:00-05:00,26.15582417083322,26.393856624805327,25.859275334320373,25.86175537109375,47314000,0.0,0.0
2014-12-15 00:00:00-05:00,25.973333608263815,26.05317339221053,25.55876072989653,25.58057975769043,52352000,0.0,0.0
2014-12-16 00:00:00-05:00,25.46949612033694,25.56768362864668,24.655722500776463,24.703824996948242,86998000,0.0,0.0
2014-12-17 00:00:00-05:00,24.788126181389686,25.244852059424367,24.750933199891396,25.114925384521484,72788000,0.0,0.0
2014-12-18 00:00:00-05:00,25.58801386104919,25.60090778072348,25.12037848380091,25.520076751708984,77534000,0.0,0.0
2014-12-19 00:00:00-05:00,25.63760643212387,25.827040746638414,25.234438741091573,25.788856506347656,97442000,0.0,0.0
2014-12-22 00:00:00-05:00,25.81712340669135,26.430057572408113,25.816130256983005,26.396831512451172,66390000,0.0,0.0
2014-12-23 00:00:00-05:00,26.50642473321758,26.892731574784452,26.46724923553378,26.71767807006836,57544000,0.0,0.0
2014-12-24 00:00:00-05:00,26.720159282381697,26.79305647054489,26.535683143928384,26.626434326171875,14754000,0.0,0.0
2014-12-26 00:00:00-05:00,26.62643303943587,26.93984269469209,26.555022741706782,26.85405158996582,22270000,0.0,0.0
2014-12-29 00:00:00-05:00,26.80347160609146,26.973566944794825,26.63784071197349,26.645278930664062,44300000,0.0,0.0
2014-12-30 00:00:00-05:00,26.528741390283905,26.671561997143076,26.46179553137189,26.54461097717285,20972000,0.0,0.0
2014-12-31 00:00:00-05:00,26.666596591367043,26.699327016620167,26.29268808750441,26.315500259399414,24648000,0.0,0.0
2015-01-02 00:00:00-05:00,26.411706170235586,26.570396349230737,26.17764066273826,26.26045799255371,26480000,0.0,0.0
2015-01-05 00:00:00-05:00,26.14144236480419,26.183097900780766,25.675295730032687,25.760093688964844,41182000,0.0,0.0
2015-01-06 00:00:00-05:00,25.81166587947732,25.846874452934344,25.070293862462776,25.124347686767578,54456000,0.0,0.0
2015-01-07 00:00:00-05:00,25.33808262798601,25.364859835605216,24.976074833139705,25.050458908081055,46918000,0.0,0.0
2015-01-08 00:00:00-05:00,24.86995196750364,25.16699642626597,24.54811092499961,25.137739181518555,73054000,0.0,0.0
2015-01-09 00:00:00-05:00,25.200717842806696,25.221545610890498,24.728124245531504,24.830774307250977,42000000,0.0,0.0
2015-01-12 00:00:00-05:00,24.75737867048454,24.808952455825327,24.344292758819414,24.649272918701172,57138000,0.0,0.0
2015-01-13 00:00:00-05:00,24.922514988303167,25.22154383043746,24.659192240158898,24.88433074951172,60958000,0.0,0.0
2015-01-14 00:00:00-05:00,24.81589513203065,25.204681985071584,24.703822456627375,25.089136123657227,52800000,0.0,0.0
2015-01-15 00:00:00-05:00,25.235926371151862,25.278573165229815,24.894746343387073,24.993927001953125,51068000,0.0,0.0
2015-01-16 00:00:00-05:00,24.951276448892433,25.33312072618188,24.948300783435357,25.31378173828125,49658000,0.0,0.0
2015-01-20 00:00:00-05:00,25.428334942620978,25.569171129443106,25.259728399950568,25.287994384765625,46796000,0.0,0.0
2015-01-21 00:00:00-05:00,25.332624767082294,25.87861302435766,25.270637097389514,25.806211471557617,46356000,0.0,0.0
2015-01-22 00:00:00-05:00,25.935641982816453,26.721149592800394,25.88159004863909,26.6447811126709,56068000,0.0,0.0
2015-01-23 00:00:00-05:00,26.680983249796775,27.046957961996203,26.567917414782933,26.875375747680664,45966000,0.0,0.0
2015-01-26 00:00:00-05:00,26.853057539397103,26.853057539397103,26.38542219585428,26.616016387939453,30932000,0.0,0.0
2015-01-27 00:00:00-05:00,26.3521995975943,26.420634231646282,25.829519108082973,25.845884323120117,39148000,0.0,0.0
2015-01-28 00:00:00-05:00,26.034822242462525,26.06903955847943,25.407507304437367,25.411474227905273,35822000,0.0,0.0
2015-01-29 00:00:00-05:00,25.434783771142534,25.548345239425768,24.96764397707178,25.451148986816406,79018000,0.0,0.0
2015-01-30 00:00:00-05:00,25.737282057374063,26.932404292585282,25.69661778151271,26.65717887878418,121108000,0.0,0.0
2015-02-02 00:00:00-05:00,26.49700250116337,26.60511015362786,25.872167586263934,26.39187240600586,75378000,0.0,0.0
2015-02-03 00:00:00-05:00,26.27979664583379,26.652218298064415,26.12457965499123,26.446420669555664,47062000,0.0,0.0
2015-02-04 00:00:00-05:00,26.438484572025626,26.617504992397134,26.03630816237833,26.089370727539062,33896000,0.0,0.0
2015-02-05 00:00:00-05:00,26.180121018325785,26.316990282581052,26.066559557654234,26.274343490600586,33176000,0.0,0.0
2015-02-06 00:00:00-05:00,26.33285851227971,26.78958247629851,26.21582576313093,26.475181579589844,42938000,0.0,0.0
2015-02-09 00:00:00-05:00,26.335341480966584,26.47518642917053,26.161281103906838,26.247072219848633,30314000,0.0,0.0
2015-02-10 00:00:00-05:00,26.38939327600725,26.82826518596834,26.24161449122016,26.786609649658203,47430000,0.0,0.0
2015-02-11 00:00:00-05:00,26.7652859661892,26.875376137177962,26.580314199757126,26.679494857788086,38306000,0.0,0.0
2015-02-12 00:00:00-05:00,26.761813224322232,27.192255630025567,26.629904034551185,27.076711654663086,48590000,0.0,0.0
2015-02-13 00:00:00-05:00,27.15109887525243,27.400538368610793,27.105972041937573,27.332103729248047,47382000,0.0,0.0
2015-02-17 00:00:00-05:00,27.33210076845686,27.42334568324706,26.940338227851452,27.02712059020996,39174000,0.0,0.0
2015-02-18 00:00:00-05:00,26.96810833337687,27.153080089510205,26.75635937118843,26.91008758544922,31164000,0.0,0.0
2015-02-19 00:00:00-05:00,26.901159772816197,27.11886004408714,26.81586430674156,27.098527908325195,30834000,0.0,0.0
2015-02-20 00:00:00-05:00,27.154569576266784,27.154569576266784,26.684456000266565,26.867938995361328,38234000,0.0,0.0
2015-02-23 00:00:00-05:00,26.729084878532156,26.743961314439,26.381953537568048,26.530723571777344,32906000,0.0,0.0
2015-02-24 00:00:00-05:00,26.35963574491601,26.748918230341577,26.332361019234753,26.711727142333984,28406000,0.0,0.0
2015-02-25 00:00:00-05:00,26.701315550507903,27.25325328777765,26.679990262049884,27.14217185974121,40836000,0.0,0.0
2015-02-26 00:00:00-05:00,27.063319660967508,27.77692126166044,27.0310848640272,27.735265731811523,54032000,0.0,0.0
2015-02-27 00:00:00-05:00,27.678733251122836,28.237615421126364,27.623192541897847,27.900897979736328,68328000,0.0,0.0
2015-03-02 00:00:00-05:00,28.1176078515459,28.563422317291515,27.926684766133675,28.51531982421875,50406000,0.0,0.0
2015-03-03 00:00:00-05:00,28.581276560304175,28.804432570237033,28.291174693248323,28.70227813720703,50526000,0.0,0.0
2015-03-04 00:00:00-05:00,28.612022869052083,28.8431127286666,28.391346893614564,28.679466247558594,37964000,0.0,0.0
2015-03-05 00:00:00-05:00,28.74343670388251,28.920968353841317,28.67450644227373,28.833194732666016,35918000,0.0,0.0
2015-03-06 00:00:00-05:00,28.86146270113312,28.90014257258504,28.368536952412146,28.410192489624023,37592000,0.0,0.0
2015-03-09 00:00:00-04:00,28.312004714617252,28.53664762941868,28.219271008572832,28.469701766967773,23478000,0.0,0.0
2015-03-10 00:00:00-04:00,28.191004878570133,28.254481337449633,27.76155367113615,27.763042449951172,40080000,0.0,0.0
2015-03-11 00:00:00-04:00,27.76056066028267,27.977765341311013,27.542860350251907,27.556745529174805,40524000,0.0,0.0
2015-03-12 00:00:00-04:00,27.69510276401607,27.86172491755603,27.548812750646945,27.828500747680664,35602000,0.0,0.0
2015-03-13 00:00:00-04:00,27.732292666182627,27.986690312830884,27.290940746609365,27.4233455657959,35428000,0.0,0.0
2015-03-16 00:00:00-04:00,27.618236750928325,27.956441108422055,27.340035660068505,27.851806640625,36856000,0.0,0.0
2015-03-17 00:00:00-04:00,27.68567635251468,27.802213474941897,27.49326827415622,27.65195655822754,28892000,0.0,0.0
2015-03-18 00:00:00-04:00,27.65790840369397,28.093310910720167,27.448141943417497,28.07595443725586,35324000,0.0,0.0
2015-03-19 00:00:00-04:00,27.994623849019984,28.11562352549206,27.875608580105705,27.952472686767578,24660000,0.0,0.0
2015-03-20 00:00:00-04:00,28.10322722392035,28.122566212036446,27.992641430387078,28.015947341918945,44320000,0.0,0.0
2015-03-23 00:00:00-04:00,28.068017239601534,28.248526445963858,27.92222287007759,28.036775588989258,30234000,0.0,0.0
2015-03-24 00:00:00-04:00,28.19397918240136,28.855511490485483,28.171662634965077,28.640291213989258,79156000,0.0,0.0
2015-03-25 00:00:00-04:00,28.641772510872,28.765747840814715,28.117605209350586,28.117605209350586,53070000,0.0,0.0
2015-03-26 00:00:00-04:00,28.001071857479552,28.127031611706055,27.6866709384634,27.950984954833984,49842000,0.0,0.0
2015-03-27 00:00:00-04:00,27.861225682703445,27.97230899573405,27.61823507357245,27.64898109436035,34552000,0.0,0.0
2015-03-30 00:00:00-04:00,27.78287552194635,27.877591731934814,27.61129331182884,27.827009201049805,24788000,0.0,0.0
2015-03-31 00:00:00-04:00,27.668321182815355,27.891972812931563,27.506161596720883,27.50765037536621,34932000,0.0,0.0
2015-04-01 00:00:00-04:00,27.514098195679992,27.6960924051215,27.077704434444374,27.249286651611328,38902000,0.0,0.0
2015-04-02 00:00:00-04:00,27.146137606491664,27.175394849194866,26.80049315411126,26.843637466430664,47760000,0.0,0.0
2015-04-06 00:00:00-04:00,26.721149575441377,27.05340448591427,26.56543694970901,26.97455596923828,33718000,0.0,0.0
2015-04-07 00:00:00-04:00,27.026126982652872,27.282507123976,26.956701098801872,27.01968002319336,27318000,0.0,0.0
2015-04-08 00:00:00-04:00,27.07621246740875,27.348959718384886,27.07621246740875,27.21704864501953,28386000,0.0,0.0
2015-04-09 00:00:00-04:00,27.23540168831244,27.243335535686125,26.875376406810727,27.176387786865234,32366000,0.0,0.0
2015-04-10 00:00:00-04:00,27.253249479964072,27.267134656528594,27.025630953404168,27.202171325683594,26104000,0.0,0.0
2015-04-13 00:00:00-04:00,27.128283813750556,27.43673337388599,27.09109083476935,27.207130432128906,29326000,0.0,0.0
2015-04-14 00:00:00-04:00,27.104484437745917,27.104484437745917,26.56742311337836,26.76776695251465,47206000,0.0,0.0
2015-04-15 00:00:00-04:00,26.67751281880942,26.93686866461666,26.40030297870069,26.830249786376953,46962000,0.0,0.0
2015-04-16 00:00:00-04:00,26.6968516486026,27.038031678584748,26.68445524852235,26.95323371887207,31722000,0.0,0.0
2015-04-17 00:00:00-04:00,26.645276970916353,26.76875668889666,26.233184173714584,26.418649673461914,49234000,0.0,0.0
2015-04-20 00:00:00-04:00,26.46873564094278,27.066297700203453,26.44889913211863,27.00331687927246,38508000,0.0,0.0
2015-04-21 00:00:00-04:00,27.09159000513712,27.163991565110013,26.888270504070405,26.923479080200195,29128000,0.0,0.0
2015-04-22 00:00:00-04:00,26.93041822698677,27.324163257933787,26.84413149919235,27.233909606933594,31806000,0.0,0.0
2015-04-23 00:00:00-04:00,27.294906521429535,27.828496482594353,27.278541307653953,27.644515991210938,78184000,0.0,0.0
2015-04-24 00:00:00-04:00,28.76476075023351,28.99535497300244,28.184555138354348,28.447879791259766,92168000,0.0,0.0
2015-04-27 00:00:00-04:00,28.403743761447362,28.54011550691454,27.884534573920153,28.0739688873291,48062000,0.0,0.0
2015-04-28 00:00:00-04:00,27.984706395294968,28.15876864299682,27.81808425736251,27.987186431884766,37178000,0.0,0.0
2015-04-29 00:00:00-04:00,27.795765121782654,28.06008100290525,27.720885427512734,27.839405059814453,33622000,0.0,0.0
2015-04-30 00:00:00-04:00,27.699064727414658,27.825520098702157,27.11191847957301,27.213577270507812,47240000,0.0,0.0
2015-05-01 00:00:00-04:00,27.29986892565613,27.335079395096056,26.96959839223445,27.332103729248047,36572000,0.0,0.0
2015-05-04 00:00:00-04:00,27.323670463790585,27.606334107447942,27.14514565901463,27.41541290283203,35260000,0.0,0.0
2015-05-05 00:00:00-04:00,27.28250887301028,27.404006069251963,26.896202043307127,26.929428100585938,28528000,0.0,0.0
2015-05-06 00:00:00-04:00,26.90959255894804,26.97356463930399,26.393854667726384,26.534690856933594,39034000,0.0,0.0
2015-05-07 00:00:00-04:00,26.575356268918117,27.03654472515766,26.45386095483334,26.879838943481445,31844000,0.0,0.0
2015-05-08 00:00:00-04:00,27.218538646091474,27.413426762003283,27.176883113172504,27.222505569458008,28226000,0.0,0.0
2015-05-11 00:00:00-04:00,27.199693024731946,27.441694263927836,27.056378697965574,27.065303802490234,21858000,0.0,0.0
2015-05-12 00:00:00-04:00,26.91802268095449,26.925462790901502,26.530724570125198,26.715696334838867,35282000,0.0,0.0
2015-05-13 00:00:00-04:00,26.801981758818354,26.969099521531128,26.72809142566356,26.75338363647461,24238000,0.0,0.0
2015-05-14 00:00:00-04:00,26.975547499722595,27.25920428937405,26.902650313455325,27.23490333557129,31736000,0.0,0.0
2015-05-15 00:00:00-04:00,27.2939165841016,27.304330467605634,26.90264967167524,27.100513458251953,33440000,0.0,0.0
2015-05-18 00:00:00-04:00,26.968106138986847,27.19225337389267,26.890248888549937,27.109437942504883,26706000,0.0,0.0
2015-05-19 00:00:00-04:00,27.175394172101807,27.443181360734233,27.13175612361728,27.23887062072754,47126000,0.0,0.0
2015-05-20 00:00:00-04:00,27.320195528871597,27.575584410452482,27.031580592387993,27.399044036865234,30840000,0.0,0.0
2015-05-21 00:00:00-04:00,27.284497022799705,27.65196054395535,27.239865818239448,27.612287521362305,34170000,0.0,0.0
2015-05-22 00:00:00-04:00,27.49574831812216,27.68320011988938,27.45409278255471,27.49872398376465,24266000,0.0,0.0
2015-05-26 00:00:00-04:00,27.402520721493218,27.439713706801083,26.925960177331834,27.135231018066406,37474000,0.0,0.0
2015-05-27 00:00:00-04:00,27.209117713257594,27.536908186762428,27.10497887448245,27.485334396362305,34844000,0.0,0.0
2015-05-28 00:00:00-04:00,27.46252403282781,27.560215911054758,27.31424962232268,27.481863021850586,23544000,0.0,0.0
2015-05-29 00:00:00-04:00,27.433265135555313,27.46996248968932,27.028610548955445,27.042495727539062,43446000,0.0,0.0
2015-06-01 00:00:00-04:00,27.21159390883376,27.302838814200705,26.956205029533706,27.235397338867188,33210000,0.0,0.0
2015-06-02 00:00:00-04:00,27.14713105141262,27.710475843210236,27.103491106611553,27.470458984375,31842000,0.0,0.0
2015-06-03 00:00:00-04:00,27.527486477177284,27.670802711295863,27.381196469035018,27.536909103393555,26710000,0.0,0.0
2015-06-04 00:00:00-04:00,27.382684149953793,27.57013596313732,27.230938434941027,27.35838508605957,26866000,0.0,0.0
2015-06-05 00:00:00-04:00,27.37375876214894,27.43971336346798,27.144651413221656,27.251270294189453,24396000,0.0,0.0
2015-06-08 00:00:00-04:00,27.25523520237596,27.268129122621044,26.924964699478593,26.951248168945312,27336000,0.0,0.0
2015-06-09 00:00:00-04:00,26.948271262882823,27.018690300299024,26.721643977927535,26.885787963867188,30016000,0.0,0.0
2015-06-10 00:00:00-04:00,27.061335988875346,27.51161487501338,27.03207874808749,27.403507232666016,30316000,0.0,0.0
2015-06-11 00:00:00-04:00,27.49723386582882,27.514094708012614,27.233413613187267,27.27655792236328,25872000,0.0,0.0
2015-06-12 00:00:00-04:00,27.133241210035596,27.217543527688782,27.057863996383123,27.149110794067383,25468000,0.0,0.0
2015-06-15 00:00:00-04:00,26.914054908924438,26.97951387571335,26.73949892529643,26.927444458007812,27150000,0.0,0.0
2015-06-16 00:00:00-04:00,27.000836946971166,27.1104295837852,26.856529476156233,27.02017593383789,32526000,0.0,0.0
2015-06-17 00:00:00-04:00,27.047452099267378,27.193246464639486,26.8684316766305,27.105968475341797,24440000,0.0,0.0
2015-06-18 00:00:00-04:00,27.17539363774448,27.634102008760912,27.17539363774448,27.58104133605957,41192000,0.0,0.0
2015-06-19 00:00:00-04:00,27.59790588473578,27.666836151466278,27.38665253173631,27.64749526977539,59290000,0.0,0.0
2015-06-22 00:00:00-04:00,27.741220496656698,28.048678827672735,27.716423913874806,27.754608154296875,34752000,0.0,0.0
2015-06-23 00:00:00-04:00,27.760062395682265,28.013468778679943,27.62914446634922,27.938587188720703,31396000,0.0,0.0
2015-06-24 00:00:00-04:00,27.893458904499756,27.901392750798376,27.61228218098004,27.699560165405273,28924000,0.0,0.0
2015-06-25 00:00:00-04:00,27.785356566419406,27.926192769525343,27.64452036331347,27.668819427490234,26684000,0.0,0.0
2015-06-26 00:00:00-04:00,27.756099755067353,27.770480563846277,27.366321572371575,27.42632484436035,43676000,0.0,0.0
2015-06-29 00:00:00-04:00,27.113407381290678,27.319206906545624,26.790575100916495,26.840662002563477,37756000,0.0,0.0
2015-06-30 00:00:00-04:00,27.031089480051104,27.071258129999237,26.755864045325954,26.78066062927246,34510000,0.0,0.0
2015-07-01 00:00:00-04:00,26.960175786827996,27.066794662367407,26.76677454555039,26.942323684692383,30760000,0.0,0.0
2015-07-02 00:00:00-04:00,27.01373044889129,27.17539439967458,26.95570970169703,27.14266586303711,28124000,0.0,0.0
2015-07-06 00:00:00-04:00,26.89025337771514,27.204160576486395,26.882815159190336,27.057373046875,25614000,0.0,0.0
2015-07-07 00:00:00-04:00,27.14713038726974,27.32416641545881,26.77123741316802,27.276063919067383,33578000,0.0,0.0
2015-07-08 00:00:00-04:00,27.05637919589752,27.189279642021923,26.83818138427437,26.86297607421875,27662000,0.0,0.0
2015-07-09 00:00:00-04:00,27.207631030216106,27.219036172154,27.007782827381977,27.00926971435547,29766000,0.0,0.0
2015-07-10 00:00:00-04:00,27.458556603616024,27.735270820585995,27.373758641599466,27.577573776245117,43436000,0.0,0.0
2015-07-13 00:00:00-04:00,27.746177505537858,28.40770974785909,27.706008859173977,28.352169036865234,41792000,0.0,0.0
2015-07-14 00:00:00-04:00,28.489536428466536,29.243802428883303,28.473171212765315,28.969568252563477,74832000,0.0,0.0
2015-07-15 00:00:00-04:00,28.947746798720402,29.193217446799963,28.772693297581093,28.958656311035156,41466000,0.0,0.0
2015-07-16 00:00:00-04:00,29.233386610821825,29.977238677806024,29.155033723954507,29.84235382080078,112642000,0.0,0.0
2015-07-17 00:00:00-04:00,33.72129819448271,34.8618730291378,33.62211941904652,34.69425582885742,257162000,0.0,0.0
2015-07-20 00:00:00-04:00,34.166617275261125,34.604000420067635,33.80907201914201,34.3580322265625,102436000,0.0,0.0
2015-07-21 00:00:00-04:00,33.96329094268302,34.990797837634226,33.92709111290519,34.48250198364258,75604000,0.0,0.0
2015-07-22 00:00:00-04:00,34.41655364128525,35.37413924789195,34.29753834919901,34.47011184692383,83100000,0.0,0.0
2015-07-23 00:00:00-04:00,34.30893937590027,34.51821211087915,33.30424258998901,33.459957122802734,76232000,0.0,0.0
2015-07-24 00:00:00-04:00,33.561116144605975,33.61169678007174,32.391284301881726,32.470130920410156,82622000,0.0,0.0
2015-07-27 00:00:00-04:00,32.31144664446251,33.08009533437121,32.31045538646763,32.64370346069336,58382000,0.0,0.0
2015-07-28 00:00:00-04:00,32.8167700585017,32.93281155330132,32.402692871636454,32.71263122558594,34364000,0.0,0.0
2015-07-29 00:00:00-04:00,32.841563499983586,32.89462606711345,32.37442373787852,32.8004035949707,36756000,0.0,0.0
2015-07-30 00:00:00-04:00,32.60254283352619,33.12869272868121,32.317397262340016,32.955623626708984,39606000,0.0,0.0
2015-07-31 00:00:00-04:00,32.96256796855076,32.977444405791424,32.59064190382379,32.60551834106445,34922000,0.0,0.0
2015-08-03 00:00:00-04:00,32.61344739589636,33.06025499360522,32.61344739589636,32.96355438232422,31348000,0.0,0.0
2015-08-04 00:00:00-04:00,32.94471063325484,33.12621298609857,32.75478258804701,32.792964935302734,26188000,0.0,0.0
2015-08-05 00:00:00-04:00,33.014629874783736,33.716826346972184,33.006200399573686,33.38854217529297,36448000,0.0,0.0
2015-08-06 00:00:00-04:00,33.423261342237325,33.46094806495069,32.76569405170143,33.23283386230469,40660000,0.0,0.0
2015-08-07 00:00:00-04:00,33.11529833514387,33.16587896835945,32.6734508334547,32.94718933105469,27544000,0.0,0.0
2015-08-10 00:00:00-04:00,33.081087525365255,33.30573232064785,32.74090063558093,32.88520812988281,34458000,0.0,0.0
2015-08-11 00:00:00-04:00,34.69226422380548,34.91145327052835,33.935518334184174,34.2320671081543,109880000,0.0,0.0
2015-08-12 00:00:00-04:00,34.43984803080831,34.51472961114356,33.74658049758928,34.29008865356445,58498000,0.0,0.0
2015-08-13 00:00:00-04:00,34.177524505881294,34.41704573605791,33.82940377183487,34.04412841796875,36354000,0.0,0.0
2015-08-14 00:00:00-04:00,33.921637223376614,34.32926745628415,33.865105253744765,34.185951232910156,27598000,0.0,0.0
2015-08-17 00:00:00-04:00,34.11999961520021,34.452252638028696,33.87304017850036,34.42101287841797,24680000,0.0,0.0
2015-08-18 00:00:00-04:00,34.270262093636326,34.50283696440737,33.98511649425122,34.15422058105469,27710000,0.0,0.0
2015-08-19 00:00:00-04:00,34.22265336753486,34.72301544404769,34.05850936341007,34.41754150390625,50194000,0.0,0.0
2015-08-20 00:00:00-04:00,34.17256310788153,34.522666305623,33.48722558037564,33.69550323486328,57798000,0.0,0.0
2015-08-21 00:00:00-04:00,33.276966056992876,33.36871038970972,31.891418166114956,31.937538146972656,91880000,0.0,0.0
2015-08-24 00:00:00-04:00,29.783835746200477,31.126736692089594,29.411412213241473,30.652158737182617,129788000,0.0,0.0
2015-08-25 00:00:00-04:00,32.05854023191623,32.08481991953804,30.332801649332946,30.372474670410156,71430000,0.0,0.0
2015-08-26 00:00:00-04:00,31.89141785393162,32.852476523564945,31.26013596134002,32.71659851074219,87740000,0.0,0.0
2015-08-27 00:00:00-04:00,33.32408147673626,33.42276841124173,32.28814485466888,33.12423324584961,58974000,0.0,0.0
2015-08-28 00:00:00-04:00,33.01513228091517,33.076624331504334,32.419556440910505,32.7141227722168,38836000,0.0,0.0
2015-08-31 00:00:00-04:00,32.44880854942581,32.948183093947854,32.05258536168723,32.12548065185547,38936000,0.0,0.0
2015-09-01 00:00:00-04:00,31.43072650988023,31.957869555490344,30.996812790137227,31.219968795776367,51458000,0.0,0.0
2015-09-02 00:00:00-04:00,31.638509456787272,31.988614594789684,31.273525990177284,31.981176376342773,37630000,0.0,0.0
2015-09-03 00:00:00-04:00,32.130941547794635,32.29558118861784,31.43072933697807,31.591402053833008,34572000,0.0,0.0
2015-09-04 00:00:00-04:00,31.226911511157642,31.46494395422963,31.068223215776317,31.190214157104492,40478000,0.0,0.0
2015-09-08 00:00:00-04:00,31.787276986901123,31.98762080697683,31.385598088825514,31.930097579956055,39092000,0.0,0.0
2015-09-09 00:00:00-04:00,32.32681827475334,32.598570483555946,31.782315032428677,31.906789779663086,40978000,0.0,0.0
2015-09-10 00:00:00-04:00,31.931089185101307,32.47657994008775,31.82199027741857,32.287147521972656,27850000,0.0,0.0
2015-09-11 00:00:00-04:00,32.24400285432852,32.49690981350326,32.105147301136526,32.49641418457031,34892000,0.0,0.0
2015-09-14 00:00:00-04:00,32.51278104732943,32.52716185313171,32.20879025948382,32.356075286865234,29942000,0.0,0.0
2015-09-15 00:00:00-04:00,32.56633845746613,33.168364974643964,32.39922069065663,32.98091506958008,35546000,0.0,0.0
2015-09-16 00:00:00-04:00,33.00471412069936,33.129680714647485,32.83858762437274,33.00322723388672,26252000,0.0,0.0
2015-09-17 00:00:00-04:00,33.10092583938064,33.81998142157819,32.977446107114126,33.30821228027344,47752000,0.0,0.0
2015-09-18 00:00:00-04:00,32.98041224588088,33.217455291338695,32.7309746939043,32.77511215209961,72544000,0.0,0.0
2015-09-21 00:00:00-04:00,33.00273869892705,33.17580782100775,32.63031698171791,33.07563400268555,39094000,0.0,0.0
2015-09-22 00:00:00-04:00,32.604023774082435,32.67097150932334,31.987120918927292,32.39227294921875,54362000,0.0,0.0
2015-09-23 00:00:00-04:00,32.377406705795956,32.743381467920265,32.2697946666451,32.39674758911133,29160000,0.0,0.0
2015-09-24 00:00:00-04:00,32.18251495613069,32.56931744550371,31.845301850421077,32.47707748413086,38692000,0.0,0.0
2015-09-25 00:00:00-04:00,32.659074123106286,32.659074123106286,31.72082766241659,31.745126724243164,48480000,0.0,0.0
2015-09-28 00:00:00-04:00,31.69057789235324,31.879022842956157,30.638771840615803,30.95664405822754,47646000,0.0,0.0
2015-09-29 00:00:00-04:00,31.01862712105259,31.473864168626108,30.648189910301227,30.87531280517578,42130000,0.0,0.0
2015-09-30 00:00:00-04:00,31.332535483267964,31.703470251520777,31.199635036475605,31.656856536865234,52954000,0.0,0.0
2015-10-01 00:00:00-04:00,31.63553319599703,31.928116988639527,31.297328835528596,31.836868286132812,42506000,0.0,0.0
2015-10-02 00:00:00-04:00,31.63900286718666,32.580718712462634,31.41535124189224,32.580223083496094,48788000,0.0,0.0
2015-10-05 00:00:00-04:00,32.80884170916476,33.37565594594842,32.52468736378121,33.30870819091797,37960000,0.0,0.0
2015-10-06 00:00:00-04:00,33.19315357976883,33.66178017493195,32.88222399753931,33.30671691894531,42774000,0.0,0.0
2015-10-07 00:00:00-04:00,33.59235733793918,33.658809452481414,32.63576318304108,33.22539138793945,44354000,0.0,0.0
2015-10-08 00:00:00-04:00,33.198119214835195,33.31912079139769,32.45624962760866,33.076622009277344,39308000,0.0,0.0
2015-10-09 00:00:00-04:00,33.10092129145445,33.428214232948385,32.846523642870494,33.28688430786133,32124000,0.0,0.0
2015-10-12 00:00:00-04:00,33.18522220552426,33.62111840780781,33.08852159244433,33.544254302978516,26684000,0.0,0.0
2015-10-13 00:00:00-04:00,33.43664295604048,34.14082190794463,33.37961158134537,33.87849044799805,42446000,0.0,0.0
2015-10-14 00:00:00-04:00,33.90626636458576,34.21917850798546,33.6667451451537,33.74162673950195,31292000,0.0,0.0
2015-10-15 00:00:00-04:00,33.98163925971811,34.423486767909054,33.93899247192577,34.3669548034668,47156000,0.0,0.0
2015-10-16 00:00:00-04:00,34.48498688213304,34.525651163764685,34.17257033433505,34.48101806640625,36316000,0.0,0.0
2015-10-19 00:00:00-04:00,34.41555893306463,34.72500168821004,34.32679215609925,34.71062088012695,30172000,0.0,0.0
2015-10-20 00:00:00-04:00,34.60846662818564,34.61392233102678,33.40788662834572,33.72129821777344,52434000,0.0,0.0
2015-10-21 00:00:00-04:00,33.880478210998824,33.96428490972052,33.26010584875353,33.31465530395508,31952000,0.0,0.0
2015-10-22 00:00:00-04:00,33.495160778379436,34.12049317943638,33.30969339758653,33.77782440185547,88632000,0.0,0.0
2015-10-23 00:00:00-04:00,37.19558075035788,37.316582332827984,35.602746367746974,35.67167663574219,126726000,0.0,0.0
2015-10-26 00:00:00-04:00,35.705889214024495,36.44627185210069,35.705889214024495,36.25634002685547,48776000,0.0,0.0
2015-10-27 00:00:00-04:00,36.030706464907304,36.4963593573802,35.9102043026409,36.34064483642578,38778000,0.0,0.0
2015-10-28 00:00:00-04:00,36.34957189663582,36.56627903959063,36.06541759705097,36.54396438598633,39604000,0.0,0.0
2015-10-29 00:00:00-04:00,36.52958743975667,37.03342270931934,36.45668835683246,36.937217712402344,36520000,0.0,0.0
2015-10-30 00:00:00-04:00,36.972420434995975,37.009611522377696,36.52462158247046,36.56726837158203,39984000,0.0,0.0
2015-11-02 00:00:00-05:00,36.4254430052311,37.102347282876416,36.272702273183576,37.080528259277344,39914000,0.0,0.0
2015-11-03 00:00:00-05:00,36.96597381216498,37.276903412475235,36.754222968060866,37.13408660888672,36306000,0.0,0.0
2015-11-04 00:00:00-05:00,37.18764595605918,37.683547369786595,37.15293300843536,37.455928802490234,41840000,0.0,0.0
2015-11-05 00:00:00-05:00,37.62949313098857,38.00340548666917,37.56304479393347,37.72173309326172,45486000,0.0,0.0
2015-11-06 00:00:00-05:00,37.65825823986574,37.83826993515519,37.44204292717733,37.767852783203125,33544000,0.0,0.0
2015-11-09 00:00:00-05:00,37.61510882381188,37.85215188446314,37.14846848712241,37.42914581298828,35538000,0.0,0.0
2015-11-10 00:00:00-05:00,37.36517932723115,37.71826013325633,37.11375921854635,37.60221862792969,29798000,0.0,0.0
2015-11-11 00:00:00-05:00,37.80652757672948,38.13878058173137,37.676105276193994,37.9488525390625,41866000,0.0,0.0
2015-11-12 00:00:00-05:00,37.69742902616258,37.97612762255128,37.48320002892764,37.51642608642578,35452000,0.0,0.0
2015-11-13 00:00:00-05:00,37.39294827495968,37.45691846497849,36.67041958272683,36.70017623901367,48188000,0.0,0.0
2015-11-16 00:00:00-05:00,36.70711516313477,37.277398680946014,36.415522661202665,37.21342849731445,50704000,0.0,0.0
2015-11-17 00:00:00-05:00,37.3150966806788,37.438080783297195,36.89754624330496,36.993255615234375,38864000,0.0,0.0
2015-11-18 00:00:00-05:00,37.171282551527526,37.74305681978294,37.06317489340695,37.689002990722656,36266000,0.0,0.0
2015-11-19 00:00:00-05:00,37.67759398567718,37.84868056944109,37.55114049409953,37.68553161621094,28078000,0.0,0.0
2015-11-20 00:00:00-05:00,38.149693700541384,38.64658634351289,37.891826645041604,38.53153610229492,55478000,0.0,0.0
2015-11-23 00:00:00-05:00,38.55484491397244,38.82411899665248,38.358466123696665,38.516658782958984,34648000,0.0,0.0
2015-11-24 00:00:00-05:00,38.33118900991557,38.481447812923854,37.59477521323574,38.166053771972656,47880000,0.0,0.0
2015-11-25 00:00:00-05:00,38.26821487230879,38.33318010532594,38.012330322506855,38.14771270751953,23612000,0.0,0.0
2015-11-27 00:00:00-05:00,38.142749457401536,38.38276629242169,38.03563306790784,38.28209686279297,14434000,0.0,0.0
2015-11-30 00:00:00-05:00,38.27714112273493,38.43384690963323,37.7440486099861,37.82984161376953,33586000,0.0,0.0
2015-12-01 00:00:00-05:00,38.032659215447595,38.928256955024736,37.98356546484031,38.86825180053711,40398000,0.0,0.0
2015-12-02 00:00:00-05:00,38.94065444844514,39.32745689791467,38.50326757910973,38.57368850708008,46876000,0.0,0.0
2015-12-03 00:00:00-05:00,38.70807647638323,38.90246896222293,37.810000595568624,38.09514236450195,41950000,0.0,0.0
2015-12-04 00:00:00-05:00,38.170027531453435,38.800316282640765,37.96174984853431,38.64113235473633,49800000,0.0,0.0
2015-12-07 00:00:00-05:00,38.683278578277296,38.72989418233541,38.021746367453446,38.332679748535156,36626000,0.0,0.0
2015-12-08 00:00:00-05:00,37.91165997198597,38.61336089691655,37.81347246475396,38.439300537109375,31082000,0.0,0.0
2015-12-09 00:00:00-05:00,38.23895784800109,38.48641292283451,37.29227997230973,37.81496047973633,46550000,0.0,0.0
2015-12-10 00:00:00-05:00,37.86653356028792,37.989517645749316,37.440553705301625,37.690486907958984,32458000,0.0,0.0
2015-12-11 00:00:00-05:00,37.143011354083406,37.561552965405944,37.125652991030314,37.21342849731445,43184000,0.0,0.0
2015-12-14 00:00:00-05:00,37.25508860262819,37.8943062387702,36.51123649666551,37.8144645690918,53864000,0.0,0.0
2015-12-15 00:00:00-05:00,38.07480497672902,38.41995185231879,37.58931945803036,37.692962646484375,49386000,0.0,0.0
2015-12-16 00:00:00-05:00,38.01431112545281,38.75469379632032,37.542215067530634,38.51120376586914,53120000,0.0,0.0
2015-12-17 00:00:00-05:00,38.73782599851758,38.75914939196796,38.1496885188768,38.17597198486328,36510000,0.0,0.0
2015-12-18 00:00:00-05:00,38.04703799805444,38.38970675959236,37.51939749333616,37.532291412353516,67794000,0.0,0.0
2015-12-21 00:00:00-05:00,37.83975699146819,38.00340536370995,37.39840504215737,37.728179931640625,34848000,0.0,0.0
2015-12-22 00:00:00-05:00,37.90025437574304,38.20126383905244,37.74801305103078,38.04207992553711,36338000,0.0,0.0
2015-12-23 00:00:00-05:00,38.218623244545924,38.27862840063212,37.57196742689514,38.11051559448242,30594000,0.0,0.0
2015-12-24 00:00:00-05:00,38.11100788955858,38.14472957363239,37.906203423914775,37.97810745239258,10412000,0.0,0.0
2015-12-28 00:00:00-05:00,38.184406654224105,38.820151079785774,38.071838341300904,38.79138946533203,31156000,0.0,0.0
2015-12-29 00:00:00-05:00,39.02694275079181,39.60715025993219,38.9877691434778,39.372589111328125,38430000,0.0,0.0
2015-12-30 00:00:00-05:00,39.37258817383492,39.49656351997176,39.03735759691674,39.19108581542969,28566000,0.0,0.0
2015-12-31 00:00:00-05:00,39.068103784825745,39.09339599773387,38.5474095736843,38.581626892089844,32752000,0.0,0.0
2016-01-04 00:00:00-05:00,37.797609183374135,37.797609183374135,37.070615961563185,37.66073989868164,67382000,0.0,0.0
2016-01-05 00:00:00-05:00,37.89183377991551,38.14474080982683,37.47279642532648,37.76438522338867,45216000,0.0,0.0
2016-01-06 00:00:00-05:00,37.210955341035884,37.972657666344276,37.09342694910747,37.65528106689453,48206000,0.0,0.0
2016-01-07 00:00:00-05:00,37.01853991923657,37.455922991439444,36.4626334310664,36.74628829956055,63132000,0.0,0.0
2016-01-08 00:00:00-05:00,37.08350095161553,37.19855118037878,36.14723899592248,36.24592590332031,47506000,0.0,0.0
2016-01-11 00:00:00-05:00,36.29750188930507,36.452720779028354,35.68308085744033,36.35304260253906,50896000,0.0,0.0
2016-01-12 00:00:00-05:00,36.73389495664945,37.110285453731414,36.519665943780325,36.96151351928711,46816000,0.0,0.0
2016-01-13 00:00:00-05:00,37.159867757495846,37.34137008828544,35.545214729520225,35.683570861816406,51728000,0.0,0.0
2016-01-14 00:00:00-05:00,35.925085876574194,36.69125273251061,34.961053306872444,36.269737243652344,55558000,0.0,0.0
2016-01-15 00:00:00-05:00,35.20849886076103,35.91119095575997,34.78797474408008,35.23329544067383,76676000,0.0,0.0
2016-01-19 00:00:00-05:00,35.712337622552276,35.97020845919307,35.201559805863795,35.65927505493164,48724000,0.0,0.0
2016-01-20 00:00:00-05:00,35.0056808982633,36.04955509610112,34.10710924283274,35.63349533081055,82440000,0.0,0.0
2016-01-21 00:00:00-05:00,35.71333074848642,36.581158209960165,35.264044951901475,36.035667419433594,51938000,0.0,0.0
2016-01-22 00:00:00-05:00,36.79588223031551,37.12119645318262,36.72150004733301,36.967464447021484,47146000,0.0,0.0
2016-01-25 00:00:00-05:00,36.88713048466049,37.31459724254527,36.32477697420802,36.38031768798828,45340000,0.0,0.0
2016-01-26 00:00:00-05:00,36.45916528243361,36.66992108776197,36.05054002440141,36.38874435424805,30940000,0.0,0.0
2016-01-27 00:00:00-05:00,36.49288453769845,36.49288453769845,35.380084007391744,35.58489227294922,42428000,0.0,0.0
2016-01-28 00:00:00-05:00,36.606945962310576,37.25012863220827,36.230555463886446,37.10830307006836,62104000,0.0,0.0
2016-01-29 00:00:00-05:00,37.14102645006926,37.9419060083004,36.90497467160261,37.75544738769531,75808000,0.0,0.0
2016-02-01 00:00:00-05:00,38.24688475236453,38.560791890607454,37.756934765076245,38.22258758544922,111522000,0.0,0.0
2016-02-02 00:00:00-05:00,39.69691171667831,40.18537493690728,38.710065128718014,38.725440979003906,135846000,0.0,0.0
2016-02-03 00:00:00-05:00,38.99173103754169,39.247119933438036,36.51123299740429,37.16185760498047,131114000,0.0,0.0
2016-02-04 00:00:00-05:00,36.92431877439441,36.95655357313469,35.83383293677509,36.20228576660156,104922000,0.0,0.0
2016-02-05 00:00:00-05:00,35.97765052349355,36.038147532189555,34.72004294416008,34.899559020996094,109556000,0.0,0.0
2016-02-08 00:00:00-05:00,34.10214485923391,34.93724562533521,33.82096811188599,34.91939163208008,89410000,0.0,0.0
2016-02-09 00:00:00-05:00,34.363483687351945,35.75250463178157,34.142807734425496,34.763675689697266,84300000,0.0,0.0
2016-02-10 00:00:00-05:00,35.29776469654601,35.8645788531209,34.98038811650769,35.05278778076172,60314000,0.0,0.0
2016-02-11 00:00:00-05:00,34.53160307794266,35.32405338722975,34.27621413255875,35.02849578857422,65004000,0.0,0.0
2016-02-12 00:00:00-05:00,35.31859363034466,35.50653916965729,34.791448691291016,35.05477523803711,46538000,0.0,0.0
2016-02-16 00:00:00-05:00,35.637956568764324,35.84772493985097,35.2179279809767,35.58787155151367,43444000,0.0,0.0
2016-02-17 00:00:00-05:00,36.052028629810145,36.38725920195434,35.536790155612145,36.298492431640625,49154000,0.0,0.0
2016-02-18 00:00:00-05:00,36.397176913862154,36.498338185105204,35.48422084399777,35.581417083740234,47276000,0.0,0.0
2016-02-19 00:00:00-05:00,35.501576333189426,35.90474589195882,35.36371581647202,35.809532165527344,34918000,0.0,0.0
2016-02-22 00:00:00-05:00,36.176496804607964,36.4413102081515,35.87598298422507,36.1536865234375,37516000,0.0,0.0
2016-02-23 00:00:00-05:00,36.00740216126029,36.24543272250396,35.490177346966156,35.57051086425781,41332000,0.0,0.0
2016-02-24 00:00:00-05:00,35.23924105434522,35.76539463782303,34.813265042870505,35.7495231628418,37092000,0.0,0.0
2016-02-25 00:00:00-05:00,35.85020091459311,36.17650262567205,35.369175932894734,36.15716552734375,36146000,0.0,0.0
2016-02-26 00:00:00-05:00,36.3793256728897,36.50627479219468,35.80110448008465,35.94590759277344,42474000,0.0,0.0
2016-02-29 00:00:00-05:00,35.75448939760654,36.230554277133685,35.54819423813538,35.567039489746094,45068000,0.0,0.0
2016-03-01 00:00:00-05:00,35.7693684159964,36.81225132208263,35.63745921205402,36.804317474365234,60112000,0.0,0.0
2016-03-02 00:00:00-05:00,36.83902650122352,36.85142100878452,36.36196659665054,36.67091369628906,36292000,0.0,0.0
2016-03-03 00:00:00-05:00,36.67091474737662,36.746291969969896,36.18245157917267,36.27964782714844,40534000,0.0,0.0
2016-03-04 00:00:00-05:00,36.43883480475191,36.44875116757251,35.983593920971344,36.21171188354492,48516000,0.0,0.0
2016-03-07 00:00:00-05:00,35.96028544373709,36.06244175560961,34.967987132698084,35.34784698486328,61690000,0.0,0.0
2016-03-08 00:00:00-05:00,35.129162765446345,35.81648299130155,34.91146431997109,35.384056091308594,52530000,0.0,0.0
2016-03-09 00:00:00-05:00,35.46538238994127,36.01434640318758,35.34091140107319,35.97318649291992,39544000,0.0,0.0
2016-03-10 00:00:00-05:00,36.09120409724842,36.52511777944269,35.86805000263362,36.30841064453125,44616000,0.0,0.0
2016-03-11 00:00:00-05:00,36.694223845072095,36.939692605908576,36.53305362708699,36.93820571899414,35380000,0.0,0.0
2016-03-14 00:00:00-04:00,36.94316947087796,37.40386232088396,36.878204234872406,37.20450973510742,32824000,0.0,0.0
2016-03-15 00:00:00-04:00,36.99523492674588,37.341872547672736,36.83753788813147,37.22087097167969,29832000,0.0,0.0
2016-03-16 00:00:00-04:00,37.145488217713634,37.63891139910445,37.0190347416206,37.55758285522461,29306000,0.0,0.0
2016-03-17 00:00:00-04:00,37.57196494514587,37.9533116855653,37.5575841391422,37.61312484741211,44564000,0.0,0.0
2016-03-18 00:00:00-04:00,37.76933555142435,37.79462397783317,37.28285493435395,37.46088409423828,56222000,0.0,0.0
2016-03-21 00:00:00-04:00,37.38650284361155,37.85413826943706,37.25558490087775,37.795623779296875,28774000,0.0,0.0
2016-03-22 00:00:00-04:00,37.611141130032486,37.9364515228525,37.58337077678476,37.69097900390625,22096000,0.0,0.0
2016-03-23 00:00:00-04:00,37.85462913043871,37.955794186354,37.49162822203553,37.567501068115234,24678000,0.0,0.0
2016-03-24 00:00:00-04:00,37.252113683651366,37.56750397041105,37.217400737777155,37.432621002197266,31116000,0.0,0.0
2016-03-28 00:00:00-04:00,37.49857137707793,37.60420087850884,37.29376690086252,37.35525894165039,21676000,0.0,0.0
2016-03-29 00:00:00-04:00,37.37509487734354,38.04456479477911,37.107807079475975,37.9805908203125,40062000,0.0,0.0
2016-03-30 00:00:00-04:00,38.09563815367206,38.54691020969638,38.06439839574429,38.10208511352539,40396000,0.0,0.0
2016-03-31 00:00:00-04:00,38.10208707180649,38.13878253356185,37.60172123944539,37.83231735229492,32554000,0.0,0.0
2016-04-01 00:00:00-04:00,37.54766890303258,38.18638706729147,37.45046887721825,38.16804122924805,31674000,0.0,0.0
2016-04-04 00:00:00-04:00,38.160107935876745,38.30541047044651,37.7772742536606,37.94240951538086,26924000,0.0,0.0
2016-04-05 00:00:00-04:00,37.59577283294784,37.83082960126046,37.470306818416816,37.617591857910156,24478000,0.0,0.0
2016-04-06 00:00:00-04:00,37.581390895074165,38.10605770627769,37.505022410602244,38.08869934082031,25312000,0.0,0.0
2016-04-07 00:00:00-04:00,37.952325072995734,38.15266890712352,37.564531325513435,37.6944580078125,25498000,0.0,0.0
2016-04-08 00:00:00-04:00,37.97960041671229,38.042083722175875,37.47874271499384,37.66222381591797,23434000,0.0,0.0
2016-04-11 00:00:00-04:00,37.95877124526064,38.0465467604394,37.556596698364665,37.56651306152344,31774000,0.0,0.0
2016-04-12 00:00:00-04:00,37.610648487904214,37.93248572041304,37.270457850177024,37.902732849121094,27388000,0.0,0.0
2016-04-13 00:00:00-04:00,38.19977917501242,38.46954889611931,37.9161242754914,38.27912521362305,35426000,0.0,0.0
2016-04-14 00:00:00-04:00,38.45021141628466,38.66096723532075,38.3440862798703,38.451698303222656,26992000,0.0,0.0
2016-04-15 00:00:00-04:00,38.457151385783874,38.72642545688462,38.428881618750985,38.68030548095703,31712000,0.0,0.0
2016-04-18 00:00:00-04:00,38.68972305688325,39.10429961059823,38.5617826976799,39.061153411865234,33540000,0.0,0.0
2016-04-19 00:00:00-04:00,39.20101151989335,39.223326177339274,38.19780157521651,38.49435043334961,43952000,0.0,0.0
2016-04-20 00:00:00-04:00,38.638654486784844,38.66345107068384,38.24738754743505,38.42839050292969,34262000,0.0,0.0
2016-04-21 00:00:00-04:00,38.54690940948412,38.76361654493779,38.26126823289834,38.68030548095703,77628000,0.0,0.0
2016-04-22 00:00:00-04:00,36.89059560857762,37.38699257212472,36.21914704781553,36.58611297607422,140798000,0.0,0.0
2016-04-25 00:00:00-04:00,36.46610665327489,36.938698297116204,36.45370836315738,36.80629348754883,49442000,0.0,0.0
2016-04-26 00:00:00-04:00,36.91588662759573,36.973905477702885,35.720762633644206,35.971195220947266,55864000,0.0,0.0
2016-04-27 00:00:00-04:00,35.96871671908137,36.059466003152295,35.16337262850262,35.77730178833008,66262000,0.0,0.0
2016-04-28 00:00:00-04:00,35.86805077268634,36.1641039461714,34.87178360521308,34.964019775390625,62590000,0.0,0.0
2016-04-29 00:00:00-04:00,34.917411732063755,35.31363496531506,34.9005489954883,35.1038703918457,58278000,0.0,0.0
2016-05-02 00:00:00-04:00,35.30420889246359,35.47727797598857,35.02848786826442,35.42768859863281,33476000,0.0,0.0
2016-05-03 00:00:00-04:00,35.332976488490594,35.37611891358849,35.07659629956365,35.13164138793945,38620000,0.0,0.0
2016-05-04 00:00:00-04:00,35.04882898575691,35.45943307024009,34.913942212695886,35.27694320678711,34172000,0.0,0.0
2016-05-05 00:00:00-04:00,35.456950540503065,35.5834040370402,35.181725108746676,35.442569732666016,29668000,0.0,0.0
2016-05-06 00:00:00-04:00,35.318094692730455,36.00194156359911,35.305696402315974,35.96177291870117,39952000,0.0,0.0
2016-05-09 00:00:00-04:00,36.03715548540521,36.4135459970618,35.87846718145269,36.15766143798828,38074000,0.0,0.0
2016-05-10 00:00:00-04:00,36.44676553432639,36.69669871704253,36.280639041442896,36.66595458984375,32634000,0.0,0.0
2016-05-11 00:00:00-04:00,36.722491447923176,36.73637662659082,36.09666336646515,36.22807693481445,29834000,0.0,0.0
2016-05-12 00:00:00-04:00,36.29997921587671,36.467100764219005,35.91664993409312,36.1050910949707,27094000,0.0,0.0
2016-05-13 00:00:00-04:00,36.033182805724564,36.26476636015358,35.87895519564869,35.94441604614258,25244000,0.0,0.0
2016-05-16 00:00:00-04:00,35.919122772094546,36.333695534830824,35.7048938027544,36.21567153930664,22538000,0.0,0.0
2016-05-17 00:00:00-04:00,36.25337260914642,36.49090755615936,35.60572543985417,35.714324951171875,33404000,0.0,0.0
2016-05-18 00:00:00-04:00,35.63050622681401,35.98110879513547,35.457932793170826,35.79316329956055,32536000,0.0,0.0
2016-05-19 00:00:00-04:00,35.62059685429264,35.72969576269237,35.224369867887525,35.472320556640625,30598000,0.0,0.0
2016-05-20 00:00:00-04:00,35.5293505534508,36.086740169008664,35.45744273779759,35.789695739746094,34798000,0.0,0.0
2016-05-23 00:00:00-04:00,35.70390577640298,35.87846174929392,35.55315134295884,35.56852340698242,24816000,0.0,0.0
2016-05-24 00:00:00-04:00,35.697460558330654,36.40907781629918,35.68754041217357,36.35105895996094,37884000,0.0,0.0
2016-05-25 00:00:00-04:00,36.44874981704337,36.69124479417943,36.32973455046976,36.60247802734375,32216000,0.0,0.0
2016-05-26 00:00:00-04:00,36.49834412863441,36.75125491478101,36.349575971169294,36.544464111328125,27202000,0.0,0.0
2016-05-27 00:00:00-04:00,36.57322348596186,37.08896139043082,36.548426902857365,37.07358932495117,34802000,0.0,0.0
2016-05-31 00:00:00-04:00,37.131113711060095,37.365179237167304,36.972921040165026,37.13557815551758,42484000,0.0,0.0
2016-06-01 00:00:00-04:00,37.116729454640875,37.260541304222976,36.91192119246867,37.116233825683594,20788000,0.0,0.0
2016-06-02 00:00:00-04:00,36.999200362313566,37.058709886887954,36.547928313668756,36.908451080322266,33916000,0.0,0.0
2016-06-03 00:00:00-04:00,36.7705882434434,36.7705882434434,36.39469343628079,36.49139404296875,24608000,0.0,0.0
2016-06-06 00:00:00-04:00,36.622315129272636,36.622315129272636,36.116001771606534,36.203773498535156,29992000,0.0,0.0
2016-06-07 00:00:00-04:00,36.36296759129765,36.53355478555992,36.240479115112386,36.254859924316406,24314000,0.0,0.0
2016-06-08 00:00:00-04:00,36.67190373879671,36.885637102022976,36.48693577174352,36.84199905395508,32314000,0.0,0.0
2016-06-09 00:00:00-04:00,36.551405174869274,36.8915920551613,36.523139188296824,36.82167053222656,19180000,0.0,0.0
2016-06-10 00:00:00-04:00,36.495862795917674,36.67884825680012,36.22609307985645,36.35899353027344,29050000,0.0,0.0
2016-06-13 00:00:00-04:00,36.19187292359751,36.647109993122605,36.19187292359751,36.294029235839844,23354000,0.0,0.0
2016-06-14 00:00:00-04:00,36.16658523294777,36.498342637148184,36.02723781595203,36.361968994140625,26584000,0.0,0.0
2016-06-15 00:00:00-04:00,36.4447810548374,36.55536684597205,36.265760634052604,36.30940246582031,23234000,0.0,0.0
2016-06-16 00:00:00-04:00,36.09962991758213,36.22013584054017,35.48372210607657,35.915653228759766,45002000,0.0,0.0
2016-06-17 00:00:00-04:00,35.77382821617117,35.77382821617117,34.768635946528406,34.92385482788086,82262000,0.0,0.0
2016-06-20 00:00:00-04:00,35.22436478231951,35.50008578733567,34.98137420178322,35.0170783996582,45654000,0.0,0.0
2016-06-21 00:00:00-04:00,35.2114764995057,35.475794298716586,34.944188709851076,35.15345764160156,30318000,0.0,0.0
2016-06-22 00:00:00-04:00,35.40983715953866,35.41777100647632,35.00468506933066,35.232303619384766,29058000,0.0,0.0
2016-06-23 00:00:00-04:00,35.23626770133524,35.45099230248681,34.72548995784813,35.450496673583984,42500000,0.0,0.0
2016-06-24 00:00:00-04:00,34.22562795004853,34.96105061399816,33.96478331508947,33.979164123535156,95436000,0.0,0.0
2016-06-27 00:00:00-04:00,33.84477214472343,33.88642767730192,33.35730026102296,33.77782440185547,58146000,0.0,0.0
2016-06-28 00:00:00-04:00,34.28514167744008,34.353080695816615,33.961813695514344,34.279685974121094,38246000,0.0,0.0
2016-06-29 00:00:00-04:00,34.42845883641502,34.688308468505355,34.350104038427354,34.47457504272461,43124000,0.0,0.0
2016-06-30 00:00:00-04:00,34.59655672969045,34.90004810804574,34.460183104318745,34.888145446777344,42250000,0.0,0.0
2016-07-01 00:00:00-04:00,34.9660046966552,35.33445751731709,34.898065698230106,35.22139358520508,30984000,0.0,0.0
2016-07-05 00:00:00-04:00,34.96154444049597,35.11576829328428,34.66995568759762,34.95559310913086,28440000,0.0,0.0
2016-07-06 00:00:00-04:00,34.705161889897475,35.35776902803737,34.663506356617944,35.157920837402344,28902000,0.0,0.0
2016-07-07 00:00:00-04:00,35.21444999704518,35.2174237705734,34.74631902224402,35.073116302490234,21174000,0.0,0.0
2016-07-08 00:00:00-04:00,35.23676583961564,35.600758001827025,35.115268648090144,35.59480667114258,29946000,0.0,0.0
2016-07-11 00:00:00-04:00,35.676139452037354,36.147739901193745,35.64886472349586,36.06195068359375,28822000,0.0,0.0
2016-07-12 00:00:00-04:00,36.296010551777066,36.47850036333278,36.07682149960083,36.32526779174805,26468000,0.0,0.0
2016-07-13 00:00:00-04:00,36.47454087970051,36.47454087970051,36.15220421179245,36.17501449584961,20436000,0.0,0.0
2016-07-14 00:00:00-04:00,36.39618244198898,36.5052813447941,36.23005594305465,36.48842239379883,21408000,0.0,0.0
2016-07-15 00:00:00-04:00,36.74628841937157,36.74628841937157,36.43089438119106,36.4799919128418,32342000,0.0,0.0
2016-07-18 00:00:00-04:00,36.59305878213125,37.44749664493927,36.52363289185408,37.35129165649414,38698000,0.0,0.0
2016-07-19 00:00:00-04:00,37.186158559557356,37.519402852180285,37.11772392326122,37.36170959472656,30436000,0.0,0.0
2016-07-20 00:00:00-04:00,37.39344235996958,37.72024345265381,37.39344235996958,37.543701171875,22502000,0.0,0.0
2016-07-21 00:00:00-04:00,37.539732849890044,37.5967642325016,37.26798061963662,37.41129684448242,19062000,0.0,0.0
2016-07-22 00:00:00-04:00,37.55559765507527,37.66122335872897,37.32450595870848,37.652793884277344,20920000,0.0,0.0
2016-07-25 00:00:00-04:00,37.57345890283083,37.67958404998017,37.3944384540727,37.56552505493164,21466000,0.0,0.0
2016-07-26 00:00:00-04:00,37.56552111847807,37.651809745123494,37.328977459667236,37.57196807861328,23792000,0.0,0.0
2016-07-27 00:00:00-04:00,37.63742951484033,37.90918175235793,37.48667506795926,37.786197662353516,32172000,0.0,0.0
2016-07-28 00:00:00-04:00,38.12687936545779,38.1333263249172,37.64337253970932,37.97810745239258,73464000,0.0,0.0
2016-07-29 00:00:00-04:00,39.558546365718506,39.86748965197744,39.17620459857705,39.24265670776367,101810000,0.0,0.0
2016-08-01 00:00:00-04:00,39.011074854323425,40.04354191939921,38.93024192831115,39.718727111816406,60594000,0.0,0.0
2016-08-02 00:00:00-04:00,39.539706284418166,39.78716134985954,39.40085450088941,39.678062438964844,39928000,0.0,0.0
2016-08-03 00:00:00-04:00,39.49706354497551,39.64930489349958,39.32597694291635,39.61855697631836,29206000,0.0,0.0
2016-08-04 00:00:00-04:00,39.58482601604731,39.682022251733926,39.370597037717864,39.53573226928711,21520000,0.0,0.0
2016-08-05 00:00:00-04:00,39.67756561496506,40.03015076539793,39.56350663425749,40.015769958496094,36146000,0.0,0.0
2016-08-08 00:00:00-04:00,39.969655130847045,40.04900117694204,39.75592173222037,39.93147277832031,24426000,0.0,0.0
2016-08-09 00:00:00-04:00,39.894768746040526,40.3331468962697,39.87344534998043,40.04304504394531,32154000,0.0,0.0
2016-08-10 00:00:00-04:00,40.02172741726488,40.21165549329873,39.99395705714359,40.093135833740234,18370000,0.0,0.0
2016-08-11 00:00:00-04:00,40.191322750979026,40.36042683781989,39.969655502367985,40.07875442504883,25646000,0.0,0.0
2016-08-12 00:00:00-04:00,39.92451703080128,40.02865584440984,39.8526092272974,40.02171325683594,17946000,0.0,0.0
2016-08-15 00:00:00-04:00,40.02965429641467,40.235453816280426,39.87195726934371,39.96766662597656,18596000,0.0,0.0
2016-08-16 00:00:00-04:00,39.84566805586255,39.88335855170412,39.52333145937441,39.731117248535156,21158000,0.0,0.0
2016-08-17 00:00:00-04:00,39.6721127925022,39.951307041789796,39.488627908802975,39.94089126586914,21322000,0.0,0.0
2016-08-18 00:00:00-04:00,39.93792182214594,40.06883977828864,39.752950031381644,39.80849075317383,17292000,0.0,0.0
2016-08-19 00:00:00-04:00,39.661693412815055,39.73310560047904,39.517389717467125,39.65475082397461,22416000,0.0,0.0
2016-08-22 00:00:00-04:00,39.59821849911361,39.63739588701339,39.390932093681144,39.52085876464844,17056000,0.0,0.0
2016-08-23 00:00:00-04:00,39.69591541959972,39.72170326217692,39.473256921432025,39.50300979614258,18350000,0.0,0.0
2016-08-24 00:00:00-04:00,39.516394572165055,39.59574060637693,39.2138944377298,39.354732513427734,25672000,0.0,0.0
2016-08-25 00:00:00-04:00,39.27538600888076,39.41027275205477,39.038842362802484,39.24067306518555,24054000,0.0,0.0
2016-08-26 00:00:00-04:00,39.29968807735964,39.64235686348644,39.14695112076273,39.33588790893555,24978000,0.0,0.0
2016-08-29 00:00:00-04:00,39.32745977997956,39.598716386747114,39.19207739937307,39.46482467651367,15474000,0.0,0.0
2016-08-30 00:00:00-04:00,39.319026386657725,39.5729283869087,39.14992233499226,39.271419525146484,23348000,0.0,0.0
2016-08-31 00:00:00-04:00,39.156375359035735,39.25406724185126,39.037360078538164,39.16877365112305,21428000,0.0,0.0
2016-09-01 00:00:00-04:00,39.274401418766246,39.319530144945276,38.99421967688263,39.24563980102539,26070000,0.0,0.0
2016-09-02 00:00:00-04:00,39.437549226140746,39.528298512721626,39.337871051194526,39.51689147949219,26998000,0.0,0.0
2016-09-06 00:00:00-04:00,39.59227621675523,40.21215305890621,39.44549056096341,40.06983184814453,39790000,0.0,0.0
2016-09-07 00:00:00-04:00,40.06535511520292,40.197759920590386,39.856581839226074,40.06833267211914,22906000,0.0,0.0
2016-09-08 00:00:00-04:00,39.930970295705485,40.08965857723117,39.72219322322258,39.81294250488281,23554000,0.0,0.0
2016-09-09 00:00:00-04:00,39.61111224275351,39.758892905676326,39.07950668293214,39.100830078125,37752000,0.0,0.0
2016-09-12 00:00:00-04:00,38.904454963709604,39.680538014267306,38.85387054339459,39.61359405517578,37274000,0.0,0.0
2016-09-13 00:00:00-04:00,39.37506725400617,39.463338398702945,38.8950335522001,39.112735748291016,36180000,0.0,0.0
2016-09-14 00:00:00-04:00,39.05372544115536,39.49012113147056,39.05372544115536,39.19902420043945,25842000,0.0,0.0
2016-09-15 00:00:00-04:00,39.1767100923164,39.85311888166602,39.109762337354816,39.73311233520508,31144000,0.0,0.0
2016-09-16 00:00:00-04:00,39.62351678061481,39.62351678061481,39.35572955096431,39.57144546508789,42612000,0.0,0.0
2016-09-19 00:00:00-04:00,39.727163095755195,39.869983719386525,39.352758844147665,39.44350814819336,22990000,0.0,0.0
2016-09-20 00:00:00-04:00,39.67210906625243,39.8084826978531,39.58582044325571,39.661197662353516,20984000,0.0,0.0
2016-09-21 00:00:00-04:00,39.73459646229607,39.96519258740044,39.4752387210365,39.92155075073242,26970000,0.0,0.0
2016-09-22 00:00:00-04:00,40.16801559072523,40.61730140587368,40.05445601024439,40.463077545166016,35186000,0.0,0.0
2016-09-23 00:00:00-04:00,40.422911312380904,40.515147500226135,40.30340039307925,40.41398620605469,28234000,0.0,0.0
2016-09-26 00:00:00-04:00,40.15908672984777,40.171980650024054,39.694425108236764,39.803524017333984,29454000,0.0,0.0
2016-09-27 00:00:00-04:00,39.76286025686579,40.34108145584214,39.76286025686579,40.2042121887207,27346000,0.0,0.0
2016-09-28 00:00:00-04:00,39.87443357104302,40.18040687743677,39.809967758800916,40.170982360839844,29406000,0.0,0.0
2016-09-29 00:00:00-04:00,40.030642820692655,40.36190454568348,39.71475315916564,39.80302429199219,27000000,0.0,0.0
2016-09-30 00:00:00-04:00,39.85063332153985,40.07329178970308,39.7464944906586,39.873443603515625,33204000,0.0,0.0
2016-10-03 00:00:00-04:00,39.79856435558325,39.84765810849905,39.485156586603146,39.690956115722656,29784000,0.0,0.0
2016-10-04 00:00:00-04:00,39.920061304868916,39.99444726895475,39.655747290474906,39.81046676635742,25174000,0.0,0.0
2016-10-05 00:00:00-04:00,39.96965602483227,40.09363138705782,39.70732449130465,39.73311233520508,24276000,0.0,0.0
2016-10-06 00:00:00-04:00,39.87443755737931,40.01676252758669,39.697403424625215,39.82484817504883,21998000,0.0,0.0
2016-10-07 00:00:00-04:00,39.966183275553064,39.966678904553675,39.51441554978678,39.70732116699219,23262000,0.0,0.0
2016-10-10 00:00:00-04:00,39.86700513865089,40.53399321079054,39.783198427138366,40.37480926513672,29922000,0.0,0.0
2016-10-11 00:00:00-04:00,40.3748007243462,40.65696871777446,40.03758764997952,40.14668655395508,34432000,0.0,0.0
2016-10-12 00:00:00-04:00,40.26520381398781,40.391161661702405,40.096103549551785,40.25578308105469,18158000,0.0,0.0
2016-10-13 00:00:00-04:00,39.97312998690846,39.997427160726076,39.60368203827617,39.87444305419922,27380000,0.0,0.0
2016-10-14 00:00:00-04:00,40.04155648128074,40.17247440941919,39.78715884269366,39.90022277832031,22238000,0.0,0.0
2016-10-17 00:00:00-04:00,39.96915178793048,40.34107779450819,39.8620391864878,40.01130294799805,21128000,0.0,0.0
2016-10-18 00:00:00-04:00,40.3767859905438,41.10080156765005,40.333147939351875,40.7378044128418,45786000,0.0,0.0
2016-10-19 00:00:00-04:00,40.80673776431549,41.14990221886442,40.80673776431549,41.00311279296875,30002000,0.0,0.0
2016-10-20 00:00:00-04:00,41.038810212491754,41.08393893001613,40.691185154237466,40.74474334716797,27878000,0.0,0.0
2016-10-21 00:00:00-04:00,40.6639107485067,40.876652851654306,40.580104055872475,40.8652458190918,32316000,0.0,0.0
2016-10-24 00:00:00-04:00,41.16428010789189,41.55356073443632,41.11220879686245,41.444461822509766,28952000,0.0,0.0
2016-10-25 00:00:00-04:00,41.58133686152721,41.58133686152721,40.92674708255973,41.08791732788086,37814000,0.0,0.0
2016-10-26 00:00:00-04:00,41.01699309022727,41.046254116175696,40.48290937326526,40.76805114746094,35898000,0.0,0.0
2016-10-27 00:00:00-04:00,40.81318619243059,40.99022034531124,40.39662700995681,40.53250503540039,59470000,0.0,0.0
2016-10-28 00:00:00-04:00,41.156844146689444,41.60612995611763,40.51514456045022,40.64209747314453,87098000,0.0,0.0
2016-10-31 00:00:00-04:00,40.78441134185767,40.79433148720963,40.06882911024519,40.163047790527344,44854000,0.0,0.0
2016-11-01 00:00:00-04:00,40.21115832740182,40.364394714683094,39.585825836102025,39.94386672973633,47118000,0.0,0.0
2016-11-02 00:00:00-04:00,40.00734529111186,40.00734529111186,38.92826253082187,39.097862243652344,47014000,0.0,0.0
2016-11-03 00:00:00-04:00,38.90346073678692,39.17620800207094,38.6123676331153,38.788909912109375,43504000,0.0,0.0
2016-11-04 00:00:00-04:00,38.248870652847216,39.10083034211921,38.233994217349625,38.73485565185547,39412000,0.0,0.0
2016-11-07 00:00:00-05:00,39.42168309064155,39.92006263479361,39.32002239578502,39.77278137207031,39852000,0.0,0.0
2016-11-08 00:00:00-05:00,39.77277401042042,40.4675284429429,39.653259343675956,40.26619338989258,35382000,0.0,0.0
2016-11-09 00:00:00-05:00,39.76286308441992,40.25281317518037,39.27737743822736,39.94932174682617,61970000,0.0,0.0
2016-11-10 00:00:00-05:00,40.16801016326997,40.17098393698969,38.096629213823995,38.69468688964844,118192000,0.0,0.0
2016-11-11 00:00:00-05:00,38.52211510799207,38.54591664906911,37.963234795669976,38.27119064331055,71852000,0.0,0.0
2016-11-14 00:00:00-05:00,38.27168658399166,38.27267784194953,36.87473171458264,37.3522834777832,73766000,0.0,0.0
2016-11-15 00:00:00-05:00,37.95976302390478,38.69221187384428,37.94736851564315,38.44029235839844,58878000,0.0,0.0
2016-11-16 00:00:00-05:00,38.20523510608127,38.85387346355575,38.002413130908955,38.679317474365234,35968000,0.0,0.0
2016-11-17 00:00:00-05:00,38.80428024808149,39.12165680622231,38.67286669432445,38.98577880859375,30674000,0.0,0.0
2016-11-18 00:00:00-05:00,39.035872052433014,39.240180917697,38.44971698921651,38.48046112060547,36126000,0.0,0.0
2016-11-21 00:00:00-05:00,38.58608578500666,39.005123063165335,38.49682338384016,38.91834259033203,32616000,0.0,0.0
2016-11-22 00:00:00-05:00,39.126126495505844,39.363165796299874,38.865777497779675,38.928260803222656,27884000,0.0,0.0
2016-11-23 00:00:00-05:00,39.15240358493448,39.15240358493448,38.31581601216383,38.630714416503906,26260000,0.0,0.0
2016-11-25 00:00:00-05:00,38.8097430824362,38.82412389114326,38.59055398176927,38.69171905517578,12270000,0.0,0.0
2016-11-28 00:00:00-05:00,38.59848168523095,39.659214658057756,38.586083394615024,38.96743392944336,51508000,0.0,0.0
2016-11-29 00:00:00-05:00,39.095874372556494,39.49557079083197,38.94511991908441,39.148441314697266,31240000,0.0,0.0
2016-11-30 00:00:00-05:00,39.13158268627295,39.25109359617068,38.34061931970273,38.47599792480469,45582000,0.0,0.0
2016-12-01 00:00:00-05:00,38.608402838728196,38.61088098354522,37.35922489616226,37.903228759765625,57342000,0.0,0.0
2016-12-02 00:00:00-05:00,37.78272648223054,38.20920196187701,37.638914631333265,37.90967559814453,34376000,0.0,0.0
2016-12-05 00:00:00-05:00,38.184403180891515,38.68030452090309,38.03414437871744,38.59203338623047,33770000,0.0,0.0
2016-12-06 00:00:00-05:00,38.689728367066834,38.942143501208534,38.34904587457742,38.49087142944336,34682000,0.0,0.0
2016-12-07 00:00:00-05:00,38.677828769919465,39.27538704621044,38.35945715398941,39.249107360839844,40588000,0.0,0.0
2016-12-08 00:00:00-05:00,39.32250031409867,39.6225223235874,39.07256709997459,39.43259048461914,32250000,0.0,0.0
2016-12-09 00:00:00-05:00,39.63739227921947,40.16552839065662,39.575404614813294,40.14073181152344,38090000,0.0,0.0
2016-12-12 00:00:00-05:00,39.91113633053669,40.234959873944966,39.89675552333381,40.063873291015625,32572000,0.0,0.0
2016-12-13 00:00:00-05:00,40.28652937481459,40.877148826659145,40.26421472187155,40.43281936645508,42564000,0.0,0.0
2016-12-14 00:00:00-05:00,40.46158851570313,40.87517010235621,40.305873992751984,40.55928039550781,35994000,0.0,0.0
2016-12-15 00:00:00-05:00,40.53299054218747,40.81268037129161,40.267185889584006,40.44819259643555,35394000,0.0,0.0
2016-12-16 00:00:00-05:00,40.580108506608354,40.62424218801325,40.07478258380665,40.16007995605469,51978000,0.0,0.0
2016-12-19 00:00:00-05:00,40.13230881964824,40.47646450909607,39.89526574314572,40.291988372802734,25272000,0.0,0.0
2016-12-20 00:00:00-05:00,40.33513114188209,40.48985440647992,40.21760275231205,40.425880432128906,25438000,0.0,0.0
2016-12-21 00:00:00-05:00,40.451667039307594,40.451667039307594,39.92502152449157,40.2771110534668,29192000,0.0,0.0
2016-12-22 00:00:00-05:00,40.123383770654364,40.22107564952607,39.97113865211529,40.15214538574219,22632000,0.0,0.0
2016-12-23 00:00:00-05:00,40.06932996020436,40.216115593068096,39.92551810127754,40.05891418457031,15310000,0.0,0.0
2016-12-27 00:00:00-05:00,40.10255166351089,40.46555260028408,39.95973484802999,40.1645393371582,19520000,0.0,0.0
2016-12-28 00:00:00-05:00,40.33314435403471,40.33314435403471,39.79310933068708,39.89873504638672,24296000,0.0,0.0
2016-12-29 00:00:00-05:00,39.78765904771357,39.95725497065917,39.579876990598294,39.81493377685547,21148000,0.0,0.0
2016-12-30 00:00:00-05:00,39.83129470831845,39.83526352357039,39.15736415123438,39.297706604003906,34718000,0.0,0.0
2017-01-03 00:00:00-05:00,39.70285797471264,40.239423677634676,39.517889982538364,40.069332122802734,39180000,0.0,0.0
2017-01-04 00:00:00-05:00,40.16255272289262,40.33810373386275,39.87592407978732,40.05742263793945,30306000,0.0,0.0
2017-01-05 00:00:00-05:00,40.044040979631426,40.35348374827711,39.96568997526796,40.317779541015625,26810000,0.0,0.0
2017-01-06 00:00:00-05:00,40.415470344409016,41.10824620622748,40.24240123206535,40.92228317260742,40342000,0.0,0.0
2017-01-09 00:00:00-05:00,40.979801294318186,41.18113636918223,40.744248904466446,41.01996994018555,28178000,0.0,0.0
2017-01-10 00:00:00-05:00,41.01451533275923,41.130556829441424,40.81962721252851,40.96194839477539,23948000,0.0,0.0
2017-01-11 00:00:00-05:00,40.99220317879171,41.15485650891124,40.7368142580937,41.15287399291992,26508000,0.0,0.0
2017-01-12 00:00:00-05:00,41.079481367856474,41.17866392386658,40.714002256257125,41.136512756347656,26990000,0.0,0.0
2017-01-13 00:00:00-05:00,41.20940611652713,41.39040907050946,41.136015190305905,41.2064323425293,25804000,0.0,0.0
2017-01-17 00:00:00-05:00,41.15981712172326,41.168742227228606,40.82260401083469,41.03385925292969,28818000,0.0,0.0
2017-01-18 00:00:00-05:00,41.14988780541397,41.15038343426228,40.86622920027253,41.1112060546875,20554000,0.0,0.0
2017-01-19 00:00:00-05:00,41.11022772926218,41.308589050350946,40.86029450774119,40.88062286376953,21410000,0.0,0.0
2017-01-20 00:00:00-05:00,41.114681840983785,41.12212384171675,40.89202338387347,41.069061279296875,26124000,0.0,0.0
2017-01-23 00:00:00-05:00,41.23965612545367,41.93044562655304,41.09534864255038,41.87540054321289,49148000,0.0,0.0
2017-01-24 00:00:00-05:00,42.00185768787237,42.22699811397487,41.76878341409587,42.12831497192383,33768000,0.0,0.0
2017-01-25 00:00:00-05:00,42.327661405847955,42.58751095898606,42.13872084245832,42.57065200805664,33108000,0.0,0.0
2017-01-26 00:00:00-05:00,42.600412734322994,42.697113364095664,42.17741037855383,42.49776077270508,69866000,0.0,0.0
2017-01-27 00:00:00-05:00,42.59792713374453,42.99464594752585,41.74993627105297,41.9051513671875,75050000,0.0,0.0
2017-01-30 00:00:00-05:00,41.5099163492525,41.518345824168684,40.714984327185434,40.85383987426758,70338000,0.0,0.0
2017-01-31 00:00:00-05:00,40.639118710966834,40.81615663281486,40.336618550613004,40.673336029052734,40404000,0.0,0.0
2017-02-01 00:00:00-05:00,40.862277255504374,40.862277255504374,40.279591580894134,40.4278678894043,45020000,0.0,0.0
2017-02-02 00:00:00-05:00,40.415959408106055,40.89004172708558,40.26966942011146,40.57762145996094,33784000,0.0,0.0
2017-02-03 00:00:00-05:00,40.81913249418466,40.967900639756444,40.63167880428613,40.67036056518555,30562000,0.0,0.0
2017-02-06 00:00:00-05:00,40.70954211672651,40.782437418314714,40.380758465752464,40.74425506591797,27018000,0.0,0.0
2017-02-07 00:00:00-05:00,40.93665983419373,41.25502766801395,40.82706529787356,41.12162780761719,33332000,0.0,0.0
2017-02-08 00:00:00-05:00,41.18610443433162,41.37058059369023,40.91732593524437,41.15386962890625,26044000,0.0,0.0
2017-02-09 00:00:00-05:00,41.24560383092649,41.258002122135224,40.98624989062791,41.16278839111328,23884000,0.0,0.0
2017-02-10 00:00:00-05:00,41.30610711108008,41.514384795626334,41.18510931581262,41.40032958984375,28302000,0.0,0.0
2017-02-13 00:00:00-05:00,41.54165796360543,41.74200557655793,41.46975392643804,41.60414505004883,25914000,0.0,0.0
2017-02-14 00:00:00-05:00,41.64430594037271,41.754891728416695,41.4489222027776,41.65719985961914,27266000,0.0,0.0
2017-02-15 00:00:00-05:00,41.596706077532765,41.74349550332452,41.46827005924954,41.52281951904297,27144000,0.0,0.0
2017-02-16 00:00:00-05:00,41.581330563872754,41.78911260951294,41.51983851944751,41.763328552246094,20102000,0.0,0.0
2017-02-17 00:00:00-05:00,41.72067643872161,41.99987066496426,41.6448035898034,41.98052978515625,29224000,0.0,0.0
2017-02-21 00:00:00-05:00,42.05193911208206,42.260712393785354,41.980526928682885,42.115413665771484,25206000,0.0,0.0
2017-02-22 00:00:00-05:00,42.052436859863256,42.339561144431656,41.98846289059501,42.219058990478516,24488000,0.0,0.0
2017-02-23 00:00:00-05:00,42.205171207387956,42.28153967920534,41.77968701910047,42.201202392578125,27734000,0.0,0.0
2017-02-24 00:00:00-05:00,42.03507686529518,42.07028543676077,41.80249825862161,42.04301071166992,26924000,0.0,0.0
2017-02-27 00:00:00-05:00,41.90118460124211,42.18483946829443,41.804979621323916,42.135250091552734,20206000,0.0,0.0
2017-02-28 00:00:00-05:00,42.02021022187179,42.09360493893764,41.727130766085985,41.90019989013672,27662000,0.0,0.0
2017-03-01 00:00:00-05:00,42.22005070861212,42.548338683886556,42.103017956057506,42.486351013183594,36374000,0.0,0.0
2017-03-02 00:00:00-05:00,42.464530661459044,42.473459550089444,42.088143954841,42.14418029785156,25018000,0.0,0.0
2017-03-03 00:00:00-05:00,42.09904496066619,42.19227616365611,41.88928042907905,42.105987548828125,20100000,0.0,0.0
2017-03-06 00:00:00-05:00,41.99590321317,42.099050792067395,41.71373520399392,42.0162353515625,20958000,0.0,0.0
2017-03-07 00:00:00-05:00,42.015739260538844,42.31675251786228,41.92945441813467,42.20864486694336,20774000,0.0,0.0
2017-03-08 00:00:00-05:00,42.30634258826807,42.495283188996666,42.21361077297626,42.332130432128906,20576000,0.0,0.0
2017-03-09 00:00:00-05:00,42.334613311948964,42.68273407818068,42.284028881173434,42.540409088134766,26954000,0.0,0.0
2017-03-10 00:00:00-05:00,42.781411749266475,42.857284602286036,42.529000390475204,42.71744155883789,26732000,0.0,0.0
2017-03-13 00:00:00-04:00,42.68868219990831,43.00109873372764,42.6881865708931,42.8746452331543,23332000,0.0,0.0
2017-03-14 00:00:00-04:00,42.83348114251216,43.023412972764405,42.653965087417475,42.94059753417969,21234000,0.0,0.0
2017-03-15 00:00:00-04:00,43.04126490464497,43.137469896037594,42.711985652997825,43.06357955932617,26658000,0.0,0.0
2017-03-16 00:00:00-04:00,43.16970082604321,43.277808470275495,43.02043327904606,43.14341735839844,22090000,0.0,0.0
2017-03-17 00:00:00-04:00,43.325909627095676,43.362608871455045,43.062586873676324,43.260948181152344,37366000,0.0,0.0
2017-03-20 00:00:00-04:00,43.117635034666925,43.160281829713135,42.87910884644051,43.03977966308594,30844000,0.0,0.0
2017-03-21 00:00:00-04:00,43.146387885754244,43.31549192799727,42.03705689376401,42.15855407714844,50760000,0.0,0.0
2017-03-22 00:00:00-04:00,42.12583308053658,42.41693000021979,42.00284898291216,42.14170455932617,27334000,0.0,0.0
2017-03-23 00:00:00-04:00,41.724651521462356,41.73952795941788,41.308591754033465,41.638362884521484,65754000,0.0,0.0
2017-03-24 00:00:00-04:00,41.75489788822843,41.85408044189922,41.11518838833277,41.414710998535156,42114000,0.0,0.0
2017-03-27 00:00:00-04:00,41.06509611327758,41.72415022251334,40.87715058137142,41.581825256347656,38692000,0.0,0.0
2017-03-28 00:00:00-04:00,41.640338896366956,41.92349812688398,41.272377936970315,41.686954498291016,30384000,0.0,0.0
2017-03-29 00:00:00-04:00,41.7920913204996,42.230465707265346,41.72415231402535,42.145172119140625,29146000,0.0,0.0
2017-03-30 00:00:00-04:00,42.24979930346693,42.25079056128433,41.991436655242296,42.125823974609375,18988000,0.0,0.0
2017-03-31 00:00:00-04:00,41.99441231073804,42.129794677416676,41.91556569302621,42.04251480102539,28820000,0.0,0.0
2017-04-03 00:00:00-04:00,42.08962840731375,42.5979280637635,42.02912762348738,42.486351013183594,39388000,0.0,0.0
2017-04-04 00:00:00-04:00,42.05244068770654,42.30039139038541,42.02813973306625,42.27906799316406,26970000,0.0,0.0
2017-04-05 00:00:00-04:00,42.385188414042496,42.67677716272042,42.0286344337109,42.097564697265625,37104000,0.0,0.0
2017-04-06 00:00:00-04:00,42.12682059020596,42.329646342464315,41.8540771020873,41.908626556396484,30672000,0.0,0.0
2017-04-07 00:00:00-04:00,41.90366521245205,41.94730326120509,41.52182282729505,41.75985336303711,22232000,0.0,0.0
2017-04-10 00:00:00-04:00,41.732083090505675,41.98995391873593,41.69489200154322,41.74001693725586,20924000,0.0,0.0
2017-04-11 00:00:00-04:00,41.740018673254596,41.88531741587086,41.38792914386672,41.64976501464844,19486000,0.0,0.0
2017-04-12 00:00:00-04:00,41.5793469707938,41.84019157800632,41.53620455004589,41.728118896484375,22716000,0.0,0.0
2017-04-13 00:00:00-04:00,41.707285308984346,41.84068516330789,41.54909644063523,41.66463851928711,21474000,0.0,0.0
2017-04-17 00:00:00-04:00,41.724149114766554,42.43130569924211,41.70679075101963,42.40601348876953,20982000,0.0,0.0
2017-04-18 00:00:00-04:00,42.27757947852458,42.518091975061296,42.21360928359863,42.3494873046875,18724000,0.0,0.0
2017-04-19 00:00:00-04:00,42.518091026103164,42.657438447248914,42.32667229119376,42.47445297241211,21606000,0.0,0.0
2017-04-20 00:00:00-04:00,42.634626521743776,42.84240857293472,42.52354509231196,42.6514892578125,23776000,0.0,0.0
2017-04-21 00:00:00-04:00,42.67825915815733,42.76851659154503,42.534946728609526,42.59544372558594,23458000,0.0,0.0
2017-04-24 00:00:00-04:00,43.06605939579338,43.63733798513272,42.95051352925195,43.58625793457031,33930000,0.0,0.0
2017-04-25 00:00:00-04:00,43.75139229861264,44.24679802898391,43.603615418776904,44.07769775390625,40760000,0.0,0.0
2017-04-26 00:00:00-04:00,44.20414830029094,44.283494328553715,43.89470560023449,44.09257125854492,26466000,0.0,0.0
2017-04-27 00:00:00-04:00,44.135222301207726,44.30283569444593,43.995379263853415,44.20663070678711,46846000,0.0,0.0
2017-04-28 00:00:00-04:00,46.06923926718595,46.41140864894672,45.782606814790455,45.847076416015625,76918000,0.0,0.0
2017-05-01 00:00:00-04:00,45.82872214067328,46.40743890545004,45.66259564813869,46.2586669921875,46556000,0.0,0.0
2017-05-02 00:00:00-04:00,46.28098462364727,46.76300077145855,46.16841254108988,46.47041702270508,35026000,0.0,0.0
2017-05-03 00:00:00-04:00,46.418851039088835,47.120548172946634,46.37719550414564,47.03376770019531,36496000,0.0,0.0
2017-05-04 00:00:00-04:00,47.12501134273626,47.56388511814019,46.98020823231259,47.344696044921875,38752000,0.0,0.0
2017-05-05 00:00:00-04:00,47.44387462481954,47.52917199142288,47.01640788415368,47.124515533447266,32310000,0.0,0.0
2017-05-08 00:00:00-04:00,46.98417912925206,47.6556277731692,46.98169720087836,47.54157257080078,37534000,0.0,0.0
2017-05-09 00:00:00-04:00,47.672495330622844,47.715637757616314,47.32883523493765,47.44338607788086,33758000,0.0,0.0
2017-05-10 00:00:00-04:00,47.41908160383318,47.44337877330566,47.10269628773744,47.35064697265625,22920000,0.0,0.0
2017-05-11 00:00:00-04:00,47.174599602995826,47.506856391130086,47.041699157798405,47.402713775634766,20622000,0.0,0.0
2017-05-12 00:00:00-04:00,47.49991541203768,47.506358588677905,47.212787333116125,47.36552429199219,24298000,0.0,0.0
2017-05-15 00:00:00-04:00,47.37296389248894,47.740425493350756,47.250475431059215,47.56785202026367,26754000,0.0,0.0
2017-05-16 00:00:00-04:00,47.78257707538277,47.899110413907586,47.62388879195865,47.835140228271484,22030000,0.0,0.0
2017-05-17 00:00:00-04:00,47.591661664099476,47.65563186004673,46.6177089989754,46.722347259521484,48982000,0.0,0.0
2017-05-18 00:00:00-04:00,46.77341969716023,47.31791922016584,46.67771033389201,47.13542938232422,36010000,0.0,0.0
2017-05-19 00:00:00-04:00,47.250475381367266,47.584714706053184,47.20981110392905,47.341224670410156,27206000,0.0,0.0
2017-05-22 00:00:00-04:00,47.45775843027703,47.845555925359776,47.435939406148584,47.8083610534668,27748000,0.0,0.0
2017-05-23 00:00:00-04:00,48.10045390643447,48.326086170949246,47.829689135532774,48.12971115112305,30908000,0.0,0.0
2017-05-24 00:00:00-04:00,48.36327930777506,48.505104865122426,48.18326761826349,48.47981643676758,22660000,0.0,0.0
2017-05-25 00:00:00-04:00,48.548750663131486,49.38087395727008,48.490232387653094,49.18647766113281,39082000,0.0,0.0
2017-05-26 00:00:00-04:00,49.19341453452653,49.41111671969681,48.96331784181177,49.25639724731445,32728000,0.0,0.0
2017-05-30 00:00:00-04:00,49.218209511619015,49.47211152006887,49.16167754406984,49.400203704833984,30324000,0.0,0.0
2017-05-31 00:00:00-04:00,49.4021916056007,49.57030062685248,48.681645460182665,48.949928283691406,34482000,0.0,0.0
2017-06-01 00:00:00-04:00,49.14184237902644,49.249950027594366,48.662304332794264,49.009437561035156,26128000,0.0,0.0
2017-06-02 00:00:00-04:00,49.02431504481306,49.41558195960664,48.94893782326675,49.397727966308594,34710000,0.0,0.0
2017-06-05 00:00:00-04:00,49.485498768643964,49.9570991498203,49.36449720913862,49.78254318237305,27578000,0.0,0.0
2017-06-06 00:00:00-04:00,49.75428258005045,50.01710970920637,49.33227152977824,49.425498962402344,31042000,0.0,0.0
2017-06-07 00:00:00-04:00,49.54500939385229,49.78403497945871,49.38532984527418,49.66452407836914,27482000,0.0,0.0
2017-06-08 00:00:00-04:00,49.79990149461113,49.86784049676584,49.42252354896753,49.80238342285156,33758000,0.0,0.0
2017-06-09 00:00:00-04:00,49.86238360385275,49.862879232765955,47.27774313975297,48.10837936401367,72958000,0.0,0.0
2017-06-12 00:00:00-04:00,47.543060281458054,48.003257481100995,46.45604373663614,47.696292877197266,84042000,0.0,0.0
2017-06-13 00:00:00-04:00,48.20360007931239,48.4946931975367,47.70620801702307,48.12723159790039,40108000,0.0,0.0
2017-06-14 00:00:00-04:00,48.37517794405669,48.58345560190696,47.58222839054987,47.999778747558594,30110000,0.0,0.0
2017-06-15 00:00:00-04:00,47.01243789621659,47.64024839210907,46.63307368917934,47.61545181274414,48552000,0.0,0.0
2017-06-16 00:00:00-04:00,47.50289261957261,47.604057688648595,47.04616859684755,47.53810119628906,51184000,0.0,0.0
2017-06-19 00:00:00-04:00,48.08507713936887,48.56362395480943,48.01317310151894,48.361297607421875,29376000,0.0,0.0
2017-06-20 00:00:00-04:00,48.36575301788225,48.63750901209517,48.013167889343364,48.052345275878906,25946000,0.0,0.0
2017-06-21 00:00:00-04:00,48.141613193262096,48.576022547275464,48.07516107389255,48.52841567993164,23232000,0.0,0.0
2017-06-22 00:00:00-04:00,48.44311579057337,48.62313125830623,48.266577292467396,48.430721282958984,20190000,0.0,0.0
2017-06-23 00:00:00-04:00,48.375178623346095,48.92662068716568,48.323602945386355,48.90033721923828,31280000,0.0,0.0
2017-06-26 00:00:00-04:00,49.09423713824361,49.29210282004451,48.118797690918115,48.206077575683594,30358000,0.0,0.0
2017-06-27 00:00:00-04:00,47.685872724938996,47.96456751113858,46.966317912306216,47.015907287597656,48872000,0.0,0.0
2017-06-28 00:00:00-04:00,47.14336026379813,47.76720200383688,46.42430101204504,47.6566162109375,54912000,0.0,0.0
2017-06-29 00:00:00-04:00,47.177582964388236,47.19295503075513,46.0989958553538,46.50662612915039,64134000,0.0,0.0
2017-06-30 00:00:00-04:00,46.812593402635756,46.86267841078685,46.09948549310746,46.10295867919922,45754000,0.0,0.0
2017-07-03 00:00:00-04:00,46.27850562295569,46.329090043167966,45.39034611324507,45.59614562988281,33896000,0.0,0.0
2017-07-05 00:00:00-04:00,45.831207211775904,46.43075183234447,45.55499052104194,46.23090362548828,41882000,0.0,0.0
2017-07-06 00:00:00-04:00,45.870872582059434,46.42330587139221,45.61548370224968,46.004268646240234,40298000,0.0,0.0
2017-07-07 00:00:00-04:00,46.167919534397264,46.84581886255221,46.10841001006058,46.6548957824707,33266000,0.0,0.0
2017-07-10 00:00:00-04:00,46.71142717202017,47.2658467841332,46.71142717202017,47.16021728515625,29030000,0.0,0.0
2017-07-11 00:00:00-04:00,47.136418905416306,47.35312605280559,46.868631706403306,47.285682678222656,29224000,0.0,0.0
2017-07-12 00:00:00-04:00,47.649176092919355,48.08408102934724,47.45974368524639,47.98638916015625,32042000,0.0,0.0
2017-07-13 00:00:00-04:00,48.142099314728306,48.53386179738905,47.844559290160824,48.0453987121582,30492000,0.0,0.0
2017-07-14 00:00:00-04:00,48.30079140501328,48.47633863354186,48.10986832923066,48.445098876953125,21592000,0.0,0.0
2017-07-17 00:00:00-04:00,48.415845173651554,48.76446151150761,48.14210664466334,48.39799118041992,33210000,0.0,0.0
2017-07-18 00:00:00-04:00,48.26905499811704,49.136386766190476,48.20359792415932,48.94298553466797,28266000,0.0,0.0
2017-07-19 00:00:00-04:00,49.09472864527853,49.3719365580607,48.94595672882791,49.231597900390625,28242000,0.0,0.0
2017-07-20 00:00:00-04:00,49.44136889869042,49.524679972083455,48.82744346970465,49.202842712402344,28368000,0.0,0.0
2017-07-21 00:00:00-04:00,49.04464731069936,49.34764308459168,48.80512609631996,49.284664154052734,29266000,0.0,0.0
2017-07-24 00:00:00-04:00,49.297559092292246,49.897103692369484,49.10762725537784,49.50633239746094,79690000,0.0,0.0
2017-07-25 00:00:00-04:00,48.13715199644024,48.43617898692198,47.79497879664308,48.05433654785156,118672000,0.0,0.0
2017-07-26 00:00:00-04:00,48.24028926748868,48.298308118622934,47.61793446361979,47.869850158691406,44432000,0.0,0.0
2017-07-27 00:00:00-04:00,48.06177114366829,48.07863387958749,46.468936858231274,47.235103607177734,74358000,0.0,0.0
2017-07-28 00:00:00-04:00,47.010955652473044,47.69529817946804,46.87805142208544,47.52371597290039,36276000,0.0,0.0
2017-07-31 00:00:00-04:00,47.606533375916996,47.665547275688176,46.70051981236371,46.88747787475586,45670000,0.0,0.0
2017-08-01 00:00:00-04:00,47.002024441726235,47.33328617654758,46.86069452596659,46.94003677368164,28052000,0.0,0.0
2017-08-02 00:00:00-04:00,47.02979877062842,47.06600238669588,46.24379552740567,46.99359893798828,40788000,0.0,0.0
2017-08-03 00:00:00-04:00,47.06600765918957,47.11063697290806,46.58696517141574,46.62961196899414,22478000,0.0,0.0
2017-08-04 00:00:00-04:00,46.81060677422712,46.98863593588124,46.604811041169754,46.90185546875,25092000,0.0,0.0
2017-08-07 00:00:00-04:00,46.98764733959947,47.059059529941955,46.78829477158166,46.899871826171875,28916000,0.0,0.0
2017-08-08 00:00:00-04:00,46.82747365367446,47.234112649723684,46.737715621479595,46.822513580322266,30102000,0.0,0.0
2017-08-09 00:00:00-04:00,46.53786519707213,46.801187949752354,46.313220421096304,46.61869812011719,28018000,0.0,0.0
2017-08-10 00:00:00-04:00,46.3667757711071,46.431241583942295,45.71119488897528,45.80095291137695,54148000,0.0,0.0
2017-08-11 00:00:00-04:00,45.80690949370734,46.28545253059152,45.68342977220273,46.123294830322266,32334000,0.0,0.0
2017-08-14 00:00:00-04:00,46.568603354701985,46.66629521701311,46.341480463009205,46.56166076660156,23012000,0.0,0.0
2017-08-15 00:00:00-04:00,46.66580599029485,46.76697105224863,46.44810758478902,46.51951599121094,22130000,0.0,0.0
2017-08-16 00:00:00-04:00,46.67671007424736,47.10566364133383,46.61670492704827,46.826473236083984,26906000,0.0,0.0
2017-08-17 00:00:00-04:00,46.76102144882758,46.8036682426671,46.001797285718034,46.00278854370117,33914000,0.0,0.0
2017-08-18 00:00:00-04:00,45.96905915215816,46.16940295057617,45.794007561781704,45.929386138916016,26748000,0.0,0.0
2017-08-21 00:00:00-04:00,45.90906342916445,46.03204373184686,45.55350071986463,45.66606903076172,26024000,0.0,0.0
2017-08-22 00:00:00-04:00,45.96807491352462,46.71192699997821,45.928897523208725,46.63456726074219,35502000,0.0,0.0
2017-08-23 00:00:00-04:00,46.46595968241181,46.88400571291574,46.3786835784454,46.74267578125,22690000,0.0,0.0
2017-08-24 00:00:00-04:00,46.79871079100748,46.927642427308555,46.155524362730624,46.460506439208984,25892000,0.0,0.0
2017-08-25 00:00:00-04:00,46.57555459593632,46.650931821234515,46.12379065657195,46.14362716674805,23746000,0.0,0.0
2017-08-28 00:00:00-04:00,46.212063190822604,46.359344459434325,45.925926346807096,46.026100158691406,20988000,0.0,0.0
2017-08-29 00:00:00-04:00,45.620443777856764,46.52496655413783,45.588704609937814,46.40396499633789,23172000,0.0,0.0
2017-08-30 00:00:00-04:00,46.400002473723774,46.905324559167866,46.31966518345918,46.79473876953125,22406000,0.0,0.0
2017-08-31 00:00:00-04:00,46.92714896244938,47.46768346553586,46.924670817438766,47.370487213134766,33866000,0.0,0.0
2017-09-01 00:00:00-04:00,47.48106844305831,47.52371523369903,47.1245144866378,47.209312438964844,20858000,0.0,0.0
2017-09-05 00:00:00-04:00,46.9549139384626,47.179558703783755,46.39652928844489,46.6881217956543,29148000,0.0,0.0
2017-09-06 00:00:00-04:00,46.80664533223622,46.83788509210258,46.2517300385947,46.71490478515625,27830000,0.0,0.0
2017-09-07 00:00:00-04:00,46.825485150520365,47.135423485423395,46.49223712224163,47.10517120361328,22332000,0.0,0.0
2017-09-08 00:00:00-04:00,47.09575383838547,47.14534321883074,46.61522453183376,46.68465042114258,19998000,0.0,0.0
2017-09-11 00:00:00-04:00,46.97177848336426,47.24353070952721,46.664318271199875,46.77788162231445,26748000,0.0,0.0
2017-09-12 00:00:00-04:00,46.957897148866586,47.01591600986999,46.490757353099404,46.94450759887695,25696000,0.0,0.0
2017-09-13 00:00:00-04:00,46.88748076600759,47.25196861231679,46.84979026044455,47.13245391845703,21908000,0.0,0.0
2017-09-14 00:00:00-04:00,46.912266952261305,47.012936379145025,46.53339835113722,46.62117385864258,28548000,0.0,0.0
2017-09-15 00:00:00-04:00,46.619191233531005,46.70151103904058,46.18081310940268,46.38115692138672,39886000,0.0,0.0
2017-09-18 00:00:00-04:00,46.367278500176035,46.45901905237937,45.89071796093438,46.1064338684082,29474000,0.0,0.0
2017-09-19 00:00:00-04:00,46.287932095702274,46.51257308874732,45.95319715307209,46.459014892578125,24854000,0.0,0.0
2017-09-20 00:00:00-04:00,46.50215540232464,47.1106250154997,46.49074837055892,46.98863220214844,40080000,0.0,0.0
2017-09-21 00:00:00-04:00,47.017897323866876,47.2494808977475,46.58398363458047,46.989131927490234,27414000,0.0,0.0
2017-09-22 00:00:00-04:00,46.75210053203218,47.11063706328396,46.65639116010081,46.776397705078125,21496000,0.0,0.0
2017-09-25 00:00:00-04:00,46.58745775686731,46.60233419380158,45.84657941674929,46.331077575683594,37468000,0.0,0.0
2017-09-26 00:00:00-04:00,46.45058252599253,46.81705283360065,46.372727164860606,46.48727798461914,33454000,0.0,0.0
2017-09-27 00:00:00-04:00,46.750612983485105,47.87581194891243,46.711435589630995,47.60157775878906,46692000,0.0,0.0
2017-09-28 00:00:00-04:00,47.42056928387711,47.91299747578231,47.38585633874496,47.845062255859375,28018000,0.0,0.0
2017-09-29 00:00:00-04:00,47.90406977893534,48.39055039686221,47.90406977893534,48.28690719604492,40622000,0.0,0.0
2017-10-02 00:00:00-04:00,48.38261838684529,48.4862615915967,47.70323214774161,47.97697067260742,30782000,0.0,0.0
2017-10-03 00:00:00-04:00,47.98144010889871,48.223443290661784,47.74093138115347,48.205589294433594,21666000,0.0,0.0
2017-10-04 00:00:00-04:00,48.18970842825002,48.32062634786163,47.88472638912361,47.9427490234375,21156000,0.0,0.0
2017-10-05 00:00:00-04:00,48.2407923937289,48.92116993789947,48.115825784612824,48.855709075927734,35618000,0.0,0.0
2017-10-06 00:00:00-04:00,48.59833721826085,49.30549385589076,48.52444688054083,49.27474594116211,31060000,0.0,0.0
2017-10-09 00:00:00-04:00,49.34219355062421,49.61295455791978,49.168628802357816,49.208797454833984,25910000,0.0,0.0
2017-10-10 00:00:00-04:00,49.3570639761873,49.46467599871771,48.65338055030203,48.985137939453125,23268000,0.0,0.0
2017-10-11 00:00:00-04:00,49.04662945044171,49.965536911405124,48.99207999630579,49.870323181152344,36300000,0.0,0.0
2017-10-12 00:00:00-04:00,49.780565152998605,50.16240754852281,49.64468714662896,49.870323181152344,30614000,0.0,0.0
2017-10-13 00:00:00-04:00,50.04189975105938,50.32208142471648,49.94023907222384,49.98040771484375,26552000,0.0,0.0
2017-10-16 00:00:00-04:00,50.06769148351542,50.18521987248722,49.665516933576164,50.05380630493164,21420000,0.0,0.0
2017-10-17 00:00:00-04:00,49.959093051266045,50.31217385472003,49.890162785863865,50.1356315612793,20260000,0.0,0.0
2017-10-18 00:00:00-04:00,50.13810569477793,50.39894649552401,49.85395141747589,50.2219123840332,25596000,0.0,0.0
2017-10-19 00:00:00-04:00,49.825688703861445,49.953137230765876,49.456244609722525,49.68138122558594,34284000,0.0,0.0
2017-10-20 00:00:00-04:00,49.9397478654726,50.01909011648272,49.70270480350427,49.84156036376953,32120000,0.0,0.0
2017-10-23 00:00:00-04:00,49.84701473350631,49.87726701857971,48.752064375047425,48.87306594848633,32786000,0.0,0.0
2017-10-24 00:00:00-04:00,48.920668831749225,49.05753808834129,48.45352909514422,49.019351959228516,28902000,0.0,0.0
2017-10-25 00:00:00-04:00,48.90926981662191,49.313926321997364,48.48527621247619,49.16664505004883,30574000,0.0,0.0
2017-10-26 00:00:00-04:00,49.51426131724332,49.91296641964943,49.11753873057671,49.164649963378906,47396000,0.0,0.0
2017-10-27 00:00:00-04:00,51.126937649734316,52.74506415043374,50.92163374493934,51.25983810424805,103682000,0.0,0.0
2017-10-30 00:00:00-04:00,51.03618451573967,51.56531193241497,50.69748455295272,51.23305892944336,46804000,0.0,0.0
2017-10-31 00:00:00-04:00,51.226613217782514,51.623332045146604,50.89435642328823,51.22859573364258,30326000,0.0,0.0
2017-11-01 00:00:00-04:00,51.39125722427254,51.96352712322104,51.27620697630303,51.70268249511719,43262000,0.0,0.0
2017-11-02 00:00:00-04:00,51.57325048084959,51.84748465391126,51.01139258492195,51.72102737426758,26694000,0.0,0.0
2017-11-03 00:00:00-04:00,51.71012069263577,52.102378892646776,51.457209912179586,52.06915283203125,27770000,0.0,0.0
2017-11-06 00:00:00-05:00,52.025017599763366,52.19808670378432,51.672924276958234,51.70664596557617,18294000,0.0,0.0
2017-11-07 00:00:00-05:00,52.05228575215725,52.23874817925111,51.722514668837015,52.18816375732422,26104000,0.0,0.0
2017-11-08 00:00:00-05:00,52.07212195189413,52.69894125279004,51.923353811073085,52.48074722290039,24276000,0.0,0.0
2017-11-09 00:00:00-05:00,51.970466293869634,52.11328310713722,51.36794414797307,51.956581115722656,35892000,0.0,0.0
2017-11-10 00:00:00-05:00,51.76565583806449,51.902525097854394,51.634242280193455,51.779541015625,19442000,0.0,0.0
2017-11-13 00:00:00-05:00,51.61341849491961,52.00716356994942,51.53705001244632,51.63325500488281,18814000,0.0,0.0
2017-11-14 00:00:00-05:00,51.46068256847816,51.68780550451338,51.04461904670121,51.65507507324219,21012000,0.0,0.0
2017-11-15 00:00:00-05:00,51.32579228739249,51.55539335267362,51.115528318717686,51.395713806152344,18106000,0.0,0.0
2017-11-16 00:00:00-05:00,51.51175819024565,52.15692715593197,51.47456709842512,51.9937744140625,23768000,0.0,0.0
2017-11-17 00:00:00-05:00,52.05972461388224,52.11923035360443,51.26281003638333,51.36992263793945,26712000,0.0,0.0
2017-11-20 00:00:00-05:00,51.37538159051283,51.509277080214154,51.21074197113325,51.30893325805664,17526000,0.0,0.0
2017-11-21 00:00:00-05:00,51.57572693825396,52.08898669157897,51.531097629318225,52.08452224731445,22206000,0.0,0.0
2017-11-22 00:00:00-05:00,52.127165456433545,52.33891630339723,51.93326860187306,52.16485595703125,14538000,0.0,0.0
2017-11-24 00:00:00-05:00,52.28735293369742,52.56902534249971,52.16486446192515,52.39297866821289,16492000,0.0,0.0
2017-11-27 00:00:00-05:00,52.49463659479752,53.21220523777591,52.306191637903545,53.16112518310547,35430000,0.0,0.0
2017-11-28 00:00:00-05:00,53.25931305287393,53.55734875155658,52.29478502530567,52.72869873046875,36424000,0.0,0.0
2017-11-29 00:00:00-05:00,52.376106492550875,52.50454627294909,51.060480281964274,51.44381332397461,55866000,0.0,0.0
2017-11-30 00:00:00-05:00,51.5707700105157,51.7790476831608,51.08131558808607,51.383811950683594,45092000,0.0,0.0
2017-12-01 00:00:00-05:00,51.09817987971401,51.43687989350008,50.428218070983085,50.833370208740234,37762000,0.0,0.0
2017-12-04 00:00:00-05:00,50.96873628409166,51.144287285799095,50.04735079814736,50.17876434326172,38778000,0.0,0.0
2017-12-05 00:00:00-05:00,50.13513216130668,51.409102902921646,49.705187277347164,50.562103271484375,38998000,0.0,0.0
2017-12-06 00:00:00-05:00,50.40936503140444,51.552913441340976,50.34935987748786,51.21272659301758,28710000,0.0,0.0
2017-12-07 00:00:00-05:00,51.378853859003144,52.01608514583892,51.343645285821324,51.80036926269531,30866000,0.0,0.0
2017-12-08 00:00:00-05:00,52.159400621447254,52.3880104210967,51.86433870805091,52.03889846801758,31170000,0.0,0.0
2017-12-11 00:00:00-05:00,52.12469253060521,52.36718753032225,51.778058690010525,52.16733932495117,23254000,0.0,0.0
2017-12-12 00:00:00-05:00,52.06964433259001,52.68952105083513,51.81524668528287,52.00864791870117,33882000,0.0,0.0
2017-12-13 00:00:00-05:00,52.172797641942154,52.34140231178567,51.900050342574524,52.138580322265625,27680000,0.0,0.0
2017-12-14 00:00:00-05:00,52.34189504817109,52.91664303619711,52.248168206925044,52.44008255004883,30962000,0.0,0.0
2017-12-15 00:00:00-05:00,52.752995226952784,53.3217956733948,52.57000977004066,53.16062545776367,63760000,0.0,0.0
2017-12-18 00:00:00-05:00,53.3812992834663,53.87918693385484,53.079794197885974,53.80976104736328,30292000,0.0,0.0
2017-12-19 00:00:00-05:00,53.70711089541895,53.803811510787355,53.17401465506314,53.54643630981445,26350000,0.0,0.0
2017-12-20 00:00:00-05:00,53.60297094763105,53.618343011955645,52.99201935540864,53.23798751831055,28728000,0.0,0.0
2017-12-21 00:00:00-05:00,53.32873995836311,53.43436568251371,53.01185900248399,53.103599548339844,25640000,0.0,0.0
2017-12-22 00:00:00-05:00,53.06144529792869,53.146738878655704,52.94441254719107,53.004913330078125,17788000,0.0,0.0
2017-12-26 00:00:00-05:00,52.99400419260771,53.00491559685436,52.498102813475725,52.855648040771484,18376000,0.0,0.0
2017-12-27 00:00:00-05:00,52.89284270344113,52.97565814262383,52.48520868414274,52.575462341308594,22324000,0.0,0.0
2017-12-28 00:00:00-05:00,52.67712446082759,52.80556425276193,52.23725941281069,52.364707946777344,19884000,0.0,0.0
2017-12-29 00:00:00-05:00,52.34189390273837,52.46884301517318,52.20353397421298,52.23824691772461,23606000,0.0,0.0
2018-01-02 00:00:00-05:00,52.21941091232708,53.357999362017694,52.21941091232708,53.22063446044922,31766000,0.0,0.0
2018-01-03 00:00:00-05:00,53.256335915730126,54.355750700510285,53.23154311672444,54.12862777709961,31318000,0.0,0.0
2018-01-04 00:00:00-05:00,54.40484274679612,54.751476560448786,54.26450408287468,54.33888626098633,26052000,0.0,0.0
2018-01-05 00:00:00-05:00,54.720233592754916,55.22258188887261,54.63840941820427,55.05942916870117,30250000,0.0,0.0
2018-01-08 00:00:00-05:00,55.094642223098475,55.49929868498433,55.04505284208835,55.25382614135742,24644000,0.0,0.0
2018-01-09 00:00:00-05:00,55.46358847346012,55.46358847346012,54.95578448937712,55.18340301513672,26808000,0.0,0.0
2018-01-10 00:00:00-05:00,54.89627981139507,55.182912254345965,54.74652041343671,55.05199432373047,20734000,0.0,0.0
2018-01-11 00:00:00-05:00,55.159603361261865,55.28556121203924,54.87049278913783,55.14670944213867,22424000,0.0,0.0
2018-01-12 00:00:00-05:00,55.05001054507235,56.10131899756164,54.9463673433554,56.069087982177734,38586000,0.0,0.0
2018-01-16 00:00:00-05:00,56.54813187080861,56.97312049204504,55.871227516712395,56.071571350097656,36462000,0.0,0.0
2018-01-17 00:00:00-05:00,56.352250653332995,56.49903628307341,55.71402429869447,56.488128662109375,27830000,0.0,0.0
2018-01-18 00:00:00-05:00,56.50052202410961,56.5620140670971,55.762125662718006,56.332908630371094,27498000,0.0,0.0
2018-01-19 00:00:00-05:00,56.43506511586326,56.720206894332954,56.16083095816857,56.706321716308594,30552000,0.0,0.0
2018-01-22 00:00:00-05:00,56.72219609151508,57.865744604493074,56.62301354096879,57.730857849121094,29550000,0.0,0.0
2018-01-23 00:00:00-05:00,58.051202059219655,58.44246895065979,57.884084303149,58.3264274597168,39138000,0.0,0.0
2018-01-24 00:00:00-05:00,58.763321307092504,58.86597325427586,57.89152509119523,58.08443069458008,37128000,0.0,0.0
2018-01-25 00:00:00-05:00,58.551573334730485,58.764315457472286,58.11170828169678,58.62248611450195,29984000,0.0,0.0
2018-01-26 00:00:00-05:00,58.88977516753866,58.89126205444336,57.92276899966967,58.89126205444336,42170000,0.0,0.0
2018-01-29 00:00:00-05:00,58.91308855982993,59.408989965944905,58.71770101469446,58.837711334228516,31494000,0.0,0.0
2018-01-30 00:00:00-05:00,58.40329510027652,58.90960843920733,58.24410740796787,58.38593673706055,37338000,0.0,0.0
2018-01-31 00:00:00-05:00,58.70530002463101,58.82977478286543,58.12460068518997,58.6264533996582,36022000,0.0,0.0
2018-02-01 00:00:00-05:00,58.31751125615229,58.88581613611775,57.98872761220366,58.59521484375,73514000,0.0,0.0
2018-02-02 00:00:00-05:00,55.90890813522095,56.10131810025755,55.10306844525168,55.501277923583984,117842000,0.0,0.0
2018-02-05 00:00:00-05:00,54.579401181234864,55.29250913268484,52.403885060973224,52.68406677246094,83550000,0.0,0.0
2018-02-06 00:00:00-05:00,51.275216795467266,53.923328586433655,51.07834235602137,53.77703857421875,76630000,0.0,0.0
2018-02-07 00:00:00-05:00,53.803817837642576,53.881177582348684,52.29875519358381,52.33793258666992,51942000,0.0,0.0
2018-02-08 00:00:00-05:00,52.55910033343243,52.7604354198397,49.823213214703266,49.97248077392578,66792000,0.0,0.0
2018-02-09 00:00:00-05:00,50.873530413868025,52.154939421196886,49.44136696056784,51.884674072265625,98360000,0.0,0.0
2018-02-12 00:00:00-05:00,52.40041465388367,52.841766609935185,51.84599874927794,52.295780181884766,56240000,0.0,0.0
2018-02-13 00:00:00-05:00,52.069640425324955,52.62604254309008,51.91690347929381,52.27494430541992,31586000,0.0,0.0
2018-02-14 00:00:00-05:00,52.28386999116472,53.33270027203883,52.05972464235817,53.195335388183594,41304000,0.0,0.0
2018-02-15 00:00:00-05:00,53.728435037863214,54.256571212523454,52.9240821910196,54.12069320678711,37396000,0.0,0.0
2018-02-16 00:00:00-05:00,54.22086252426643,54.96124517382604,54.13011323977028,54.32599639892578,39948000,0.0,0.0
2018-02-20 00:00:00-05:00,54.190122977680886,55.35697742181171,54.05325370420619,54.7271842956543,33754000,0.0,0.0
2018-02-21 00:00:00-05:00,55.00042953171927,56.34432195580259,54.92157911573324,55.231021881103516,41486000,0.0,0.0
2018-02-22 00:00:00-05:00,55.49979401074562,55.811714885519635,54.80454007218007,55.04009246826172,28010000,0.0,0.0
2018-02-23 00:00:00-05:00,55.474503270089066,55.987267393103004,54.96769426169726,55.942138671875,25292000,0.0,0.0
2018-02-26 00:00:00-05:00,56.129086098367985,56.74102891078861,56.00411950881386,56.71623611450195,30912000,0.0,0.0
2018-02-27 00:00:00-05:00,56.716240141035705,56.74351486728619,55.38176863743762,55.41747283935547,42964000,0.0,0.0
2018-02-28 00:00:00-05:00,55.64013845884599,55.920323975107024,54.69792877661116,54.74354934692383,49292000,0.0,0.0
2018-03-01 00:00:00-05:00,55.022244310460025,55.108033526161094,52.927057899393276,53.131370544433594,55338000,0.0,0.0
2018-03-02 00:00:00-05:00,52.465376601770885,53.899030812436955,52.07510469721638,53.762657165527344,50162000,0.0,0.0
2018-03-05 00:00:00-05:00,53.464617792333975,54.60766685300695,53.17401652362872,54.28929901123047,28648000,0.0,0.0
2018-03-06 00:00:00-05:00,54.65329004456819,54.82834543933603,54.27640394048558,54.593780517578125,23382000,0.0,0.0
2018-03-07 00:00:00-05:00,54.19309752988377,55.35251755561298,54.04879003585915,55.29499053955078,30748000,0.0,0.0
2018-03-08 00:00:00-05:00,55.40210212118872,56.108263680275236,55.40210212118872,56.00611114501953,33862000,0.0,0.0
2018-03-09 00:00:00-05:00,56.507960640273545,57.57414936212211,56.249597958853435,57.56621551513672,42662000,0.0,0.0
2018-03-12 00:00:00-04:00,57.7749921970881,58.42512124352599,57.48489032731857,57.818634033203125,44306000,0.0,0.0
2018-03-13 00:00:00-04:00,58.11121150101052,58.41718483569654,56.26348396423701,56.52829360961914,43140000,0.0,0.0
2018-03-14 00:00:00-04:00,56.82038115055427,57.512657541407506,56.64929456873817,56.97361373901367,41870000,0.0,0.0
2018-03-15 00:00:00-04:00,57.00733465855208,57.648534772424746,56.31753642186147,57.05890655517578,33382000,0.0,0.0
2018-03-16 00:00:00-04:00,57.29396905727139,57.36636872328307,56.104300590504835,56.256046295166016,58656000,0.0,0.0
2018-03-19 00:00:00-04:00,55.42986412571768,55.509701995132076,53.99968344648952,54.552616119384766,63656000,0.0,0.0
2018-03-20 00:00:00-04:00,54.46980535202091,54.82437680342682,53.6773551646342,54.34087371826172,54598000,0.0,0.0
2018-03-21 00:00:00-04:00,54.18069702731863,54.980585410309004,53.91489235343885,54.251609802246094,44898000,0.0,0.0
2018-03-22 00:00:00-04:00,53.55784644884805,53.75174331979084,52.05179263650617,52.22585678100586,69312000,0.0,0.0
2018-03-23 00:00:00-04:00,52.13758574321913,52.90176997836697,50.823446283165815,50.90675735473633,49880000,0.0,0.0
2018-03-26 00:00:00-04:00,52.09939946393313,52.529348153609014,50.11480262154062,52.27246856689453,65984000,0.0,0.0
2018-03-27 00:00:00-04:00,52.7589415418127,52.79068070964248,49.472108384549784,49.934288024902344,60816000,0.0,0.0
2018-03-28 00:00:00-04:00,49.68485768262466,50.829397438195706,48.796698101182805,49.847015380859375,77698000,0.0,0.0
2018-03-29 00:00:00-04:00,50.146045610588935,51.97294539534583,49.790482890945164,51.431915283203125,69338000,0.0,0.0
2018-04-02 00:00:00-04:00,50.95982148638136,51.550441007196596,49.30499947102769,50.21646499633789,65068000,0.0,0.0
2018-04-03 00:00:00-04:00,50.39101726128376,50.82989103838948,49.45376396334763,50.5164794921875,51322000,0.0,0.0
2018-04-04 00:00:00-04:00,49.50236245886498,51.2137201179156,49.41706887438984,51.06346130371094,50724000,0.0,0.0
2018-04-05 00:00:00-04:00,51.89062756065063,51.90649525559335,50.78030509168495,51.208763122558594,35836000,0.0,0.0
2018-04-06 00:00:00-04:00,50.73566868177713,51.37538191226471,49.90007607203774,50.083560943603516,40134000,0.0,0.0
2018-04-09 00:00:00-04:00,50.58391715037624,51.80135579887167,50.54226162110507,50.58639907836914,33220000,0.0,0.0
2018-04-10 00:00:00-04:00,51.09073807094484,51.63375070876464,50.3543241899875,51.40018081665039,36620000,0.0,0.0
2018-04-11 00:00:00-04:00,51.177022357273046,51.36893671133409,50.54226917817933,50.83286666870117,34060000,0.0,0.0
2018-04-12 00:00:00-04:00,51.15074275127111,51.804337399767896,50.881964286050106,51.439353942871094,32896000,0.0,0.0
2018-04-13 00:00:00-04:00,51.915421443053674,52.21742217739098,51.085280740933705,51.37736511230469,25410000,0.0,0.0
2018-04-16 00:00:00-04:00,51.8489726768016,52.140561438040635,51.272238331440306,51.87624740600586,29776000,0.0,0.0
2018-04-17 00:00:00-04:00,52.625057782700104,53.80530174936191,52.42124076423234,53.525611877441406,54584000,0.0,0.0
2018-04-18 00:00:00-04:00,53.508255223465056,53.65652773825757,53.08723543662884,53.328739166259766,31126000,0.0,0.0
2018-04-19 00:00:00-04:00,53.012851887323954,54.42567449731254,53.012851887323954,54.025978088378906,39884000,0.0,0.0
2018-04-20 00:00:00-04:00,53.76909739769455,54.28880029452689,53.165584023727696,53.42444610595703,42434000,0.0,0.0
2018-04-23 00:00:00-04:00,53.70513061346943,53.95407636657157,52.896812655551926,53.250389099121094,69590000,0.0,0.0
2018-04-24 00:00:00-04:00,52.525870774400595,52.788202259057215,50.22786633995534,50.71285629272461,128220000,0.0,0.0
2018-04-25 00:00:00-04:00,51.06544760978405,51.37885918160674,50.43366817604129,50.730220794677734,57860000,0.0,0.0
2018-04-26 00:00:00-04:00,51.23751872622358,52.16981568812195,50.60425248870009,51.737884521484375,50926000,0.0,0.0
2018-04-27 00:00:00-04:00,51.84847307083429,52.15394698774903,50.95833100583306,51.14974594116211,40746000,0.0,0.0
2018-04-30 00:00:00-04:00,51.2970279398933,51.49290730777598,50.49763520852376,50.51152038574219,34492000,0.0,0.0
2018-05-01 00:00:00-04:00,50.39845274921856,51.659529516826396,50.11628476049857,51.610931396484375,35326000,0.0,0.0
2018-05-02 00:00:00-04:00,51.27620634858053,51.77111649862341,50.73864940386383,50.88196563720703,34698000,0.0,0.0
2018-05-03 00:00:00-04:00,50.84823576896369,51.112054125446285,49.981399702318726,50.894351959228516,39282000,0.0,0.0
2018-05-04 00:00:00-04:00,50.5625941382445,52.162870191717175,50.48523440950403,52.11922836303711,36892000,0.0,0.0
2018-05-07 00:00:00-04:00,52.262552084785746,52.81349856487074,52.08303602194404,52.53876876831055,34400000,0.0,0.0
2018-05-08 00:00:00-04:00,52.79465149922729,52.82490378360529,52.1509732359064,52.49562454223633,26030000,0.0,0.0
2018-05-09 00:00:00-04:00,52.76886730132735,54.25161135803758,52.670180384918446,54.00117874145508,47160000,0.0,0.0
2018-05-10 00:00:00-04:00,54.30120058047087,55.01579540037232,54.24565986859183,54.82040786743164,36414000,0.0,0.0
2018-05-11 00:00:00-04:00,54.56948890169885,54.99596442996426,54.41129622602034,54.71677017211914,30504000,0.0,0.0
2018-05-14 00:00:00-04:00,54.825365721168026,55.449211230043865,54.78718337501046,54.87644577026367,39338000,0.0,0.0
2018-05-15 00:00:00-04:00,54.39542566367748,54.50551583478358,53.496850300827376,53.79885482788086,35738000,0.0,0.0
2018-05-16 00:00:00-04:00,53.809759328488724,54.27045209276609,53.63817713351851,53.76016616821289,25628000,0.0,0.0
2018-05-17 00:00:00-04:00,53.62975504669495,54.10284238278998,53.37981804544918,53.619834899902344,25738000,0.0,0.0
2018-05-18 00:00:00-04:00,52.863083240908026,53.24641628659211,52.797626169446794,53.0435905456543,35482000,0.0,0.0
2018-05-21 00:00:00-04:00,53.50776398807306,54.21690317018759,53.45817460274617,53.75621032714844,25180000,0.0,0.0
2018-05-22 00:00:00-04:00,54.0433316768412,54.14251043510209,53.17351800083077,53.32476806640625,22226000,0.0,0.0
2018-05-23 00:00:00-04:00,53.061450116078554,53.954074154766744,52.91069566583666,53.852909088134766,23740000,0.0,0.0
2018-05-24 00:00:00-04:00,53.899525468439535,53.91043308993885,53.175509863785784,53.82761764526367,20604000,0.0,0.0
2018-05-25 00:00:00-04:00,53.88216635075408,54.03192954305403,53.686286961229406,53.75967788696289,22224000,0.0,0.0
2018-05-29 00:00:00-04:00,53.35898964912242,53.623803084012096,52.718285133936725,52.96574020385742,36076000,0.0,0.0
2018-05-30 00:00:00-04:00,53.2340266946181,53.507269624533045,52.89036660886792,53.43189239501953,28686000,0.0,0.0
2018-05-31 00:00:00-04:00,53.65652086294987,55.04504606073553,53.4581633633463,54.54914474487305,79368000,0.0,0.0
2018-06-01 00:00:00-04:00,55.1873731007979,56.44150724319463,55.14472252900875,56.2848014831543,63202000,0.0,0.0
2018-06-04 00:00:00-04:00,56.45836729205581,57.41843459494739,56.38398133372516,57.17940902709961,44754000,0.0,0.0
2018-06-05 00:00:00-04:00,57.25975381574138,57.579112930998754,56.90270419573107,57.07924270629883,32964000,0.0,0.0
2018-06-06 00:00:00-04:00,57.16601819840487,57.26222317811405,56.35026217000961,56.877403259277344,34934000,0.0,0.0
2018-06-07 00:00:00-04:00,56.759881533622824,56.82385172347052,55.84444723238327,56.256046295166016,36108000,0.0,0.0
2018-06-08 00:00:00-04:00,56.09685961323271,56.47225504111874,55.70112826427263,56.17124557495117,27284000,0.0,0.0
2018-06-11 00:00:00-04:00,56.1826448543146,56.91658049015151,56.1062763821522,56.5773811340332,24796000,0.0,0.0
2018-06-12 00:00:00-04:00,56.583341076973774,56.96667416633421,56.583341076973774,56.93890380859375,26092000,0.0,0.0
2018-06-13 00:00:00-04:00,57.1417162817773,57.30834218392374,56.70036440536687,56.742515563964844,34302000,0.0,0.0
2018-06-14 00:00:00-04:00,57.138251505751114,57.821602769454735,57.05840984235322,57.53001403808594,35422000,0.0,0.0
2018-06-15 00:00:00-04:00,57.520592376234816,57.71845805977032,57.21164904913898,57.48836135864258,44438000,0.0,0.0
2018-06-18 00:00:00-04:00,57.162051906971335,58.72116815848394,57.07824521357775,58.69389343261719,33038000,0.0,0.0
2018-06-19 00:00:00-04:00,58.02592410380187,58.65571726703632,57.604408637061226,58.45140838623047,47282000,0.0,0.0
2018-06-20 00:00:00-04:00,58.68001451866374,59.58205930091618,58.61703558465915,58.718196868896484,51686000,0.0,0.0
2018-06-21 00:00:00-04:00,58.7896056767175,59.028627478081944,57.69713348494236,57.99269104003906,44966000,0.0,0.0
2018-06-22 00:00:00-04:00,58.09435511024316,58.26841547546482,57.50720499767632,57.98525619506836,34220000,0.0,0.0
2018-06-25 00:00:00-04:00,57.27660748631316,57.32570123702275,55.535992641005855,56.49705123901367,57682000,0.0,0.0
2018-06-26 00:00:00-04:00,56.73806097837221,56.87343957261279,55.98726632248707,56.16678237915039,34688000,0.0,0.0
2018-06-27 00:00:00-04:00,56.33439691500152,56.84071407841611,55.377307084911294,55.38920974731445,34538000,0.0,0.0
2018-06-28 00:00:00-04:00,55.163570834243025,56.235215221429016,54.8501630802286,55.877174377441406,29726000,0.0,0.0
2018-06-29 00:00:00-04:00,56.15140445505855,56.60019454988772,55.88907298645991,55.996681213378906,31562000,0.0,0.0
2018-07-02 00:00:00-04:00,55.31036062491598,56.681031969084565,54.876446930042064,56.63739013671875,23216000,0.0,0.0
2018-07-03 00:00:00-04:00,56.999898337280264,57.02419550778411,55.264739098157946,55.35647964477539,16448000,0.0,0.0
2018-07-05 00:00:00-04:00,55.76906672616169,56.73805916810667,55.695672023074046,56.59672546386719,28594000,0.0,0.0
2018-07-06 00:00:00-04:00,56.62053700692371,57.33612314449367,56.39589221238666,57.280582427978516,21820000,0.0,0.0
2018-07-09 00:00:00-04:00,57.524555921486936,57.91780532418949,57.38719103728526,57.88557052612305,21584000,0.0,0.0
2018-07-10 00:00:00-04:00,58.019965299848046,58.19402565354228,57.65150867103395,57.878631591796875,21334000,0.0,0.0
2018-07-11 00:00:00-04:00,57.30735360137686,58.53818194817805,57.29495909360109,58.092864990234375,33252000,0.0,0.0
2018-07-12 00:00:00-04:00,58.261468868395724,59.60684802511169,58.17418898558907,59.570648193359375,44148000,0.0,0.0
2018-07-13 00:00:00-04:00,59.6470186605164,60.02588729269595,59.27459698855449,59.72735595703125,32612000,0.0,0.0
2018-07-16 00:00:00-04:00,59.69710416604418,59.94009857353567,59.18087063251283,59.33509826660156,26784000,0.0,0.0
2018-07-17 00:00:00-04:00,58.65224005936891,60.4384755046364,58.615540815278734,60.156803131103516,40162000,0.0,0.0
2018-07-18 00:00:00-04:00,59.93116989766514,60.578817000428316,59.734299252775074,60.14837646484375,38948000,0.0,0.0
2018-07-19 00:00:00-04:00,59.83794715994669,60.325419118460346,59.3956039270326,59.46354293823242,38338000,0.0,0.0
2018-07-20 00:00:00-04:00,59.47048140239475,60.042255657242656,59.33906405036968,59.403038024902344,37938000,0.0,0.0
2018-07-23 00:00:00-04:00,59.29294272859195,60.2569750899335,59.11193600879437,60.053653717041016,65446000,0.0,0.0
2018-07-24 00:00:00-04:00,63.02906172072626,63.227423020220215,61.69707215887038,62.39183044433594,107600000,0.0,0.0
2018-07-25 00:00:00-04:00,62.117601610181076,63.38809924001521,61.94056369068938,63.274044036865234,51104000,0.0,0.0
2018-07-26 00:00:00-04:00,62.839627727838064,63.84234182040767,62.63234132902849,63.74811935424805,54686000,0.0,0.0
2018-07-27 00:00:00-04:00,63.92764032936621,64.04268678664052,61.71442994578182,62.13098907470703,48362000,0.0,0.0
2018-07-30 00:00:00-04:00,61.742200025261354,62.13098879607649,60.70675921387237,60.99785232543945,43896000,0.0,0.0
2018-07-31 00:00:00-04:00,61.080667817479224,61.55177639947601,60.31103168905278,60.858009338378906,39382000,0.0,0.0
2018-08-01 00:00:00-04:00,61.44764120126705,61.784354899209696,60.744948993606215,61.14414978027344,36994000,0.0,0.0
2018-08-02 00:00:00-04:00,60.425580751599156,61.71046288718155,60.40376172708883,61.54780578613281,34704000,0.0,0.0
2018-08-03 00:00:00-04:00,61.74864867459752,61.815100793177606,60.967109863223676,61.40052795410156,21264000,0.0,0.0
2018-08-06 00:00:00-04:00,61.57161587717549,61.61376704258052,61.02215627306079,61.37622833251953,22114000,0.0,0.0
2018-08-07 00:00:00-04:00,62.08735086996037,62.78508678959442,62.07693887742796,62.27728271484375,42506000,0.0,0.0
2018-08-08 00:00:00-04:00,62.32091263658967,63.06476465719997,62.09279847094709,62.54952621459961,34344000,0.0,0.0
2018-08-09 00:00:00-04:00,62.61895322230275,63.07666844860864,62.488530923546634,62.704742431640625,27326000,0.0,0.0
2018-08-10 00:00:00-04:00,62.44290677016618,62.54308056962345,61.84683539663848,62.11214065551758,26602000,0.0,0.0
2018-08-13 00:00:00-04:00,62.047183771312895,62.77962882865743,61.840392980843816,61.920230865478516,27500000,0.0,0.0
2018-08-14 00:00:00-04:00,62.11164088889412,62.5128241220942,61.46895395282025,62.39133071899414,28080000,0.0,0.0
2018-08-15 00:00:00-04:00,61.70401855503376,62.085860958793766,60.809412028021946,61.105960845947266,37052000,0.0,0.0
2018-08-16 00:00:00-04:00,61.59045622905311,61.675257970750934,60.48162067754189,60.7013053894043,32176000,0.0,0.0
2018-08-17 00:00:00-04:00,60.601134976171906,60.84462122823014,59.706528439964295,60.29417037963867,33092000,0.0,0.0
2018-08-20 00:00:00-04:00,60.5326980557905,60.79304703382085,59.93960043624194,60.5966682434082,22218000,0.0,0.0
2018-08-21 00:00:00-04:00,60.64973160024402,61.13273906052275,60.25350461148751,60.37152862548828,23082000,0.0,0.0
2018-08-22 00:00:00-04:00,60.21333713228483,60.823793135762685,60.163747749963264,60.586753845214844,22296000,0.0,0.0
2018-08-23 00:00:00-04:00,60.49401674337012,61.252249616869754,60.46773327420355,60.557491302490234,24666000,0.0,0.0
2018-08-24 00:00:00-04:00,60.797512082349854,61.36283938682492,60.570389145868326,61.33060836791992,24454000,0.0,0.0
2018-08-27 00:00:00-04:00,61.69706839037308,62.37794145678871,61.525486198382474,62.2985954284668,28580000,0.0,0.0
2018-08-28 00:00:00-04:00,62.280251594971496,62.31298202386681,61.639051483139156,61.78236770629883,27330000,0.0,0.0
2018-08-29 00:00:00-04:00,62.23562551505126,62.83913893962649,62.12652660202709,62.714168548583984,36926000,0.0,0.0
2018-08-30 00:00:00-04:00,62.65217709910716,62.95418160769552,61.84931493225059,62.20785140991211,30104000,0.0,0.0
2018-08-31 00:00:00-04:00,62.09727138257301,62.11413033569713,60.7851143929751,61.08513641357422,42308000,0.0,0.0
2018-09-04 00:00:00-04:00,60.62493731993848,60.89024638459833,59.83347835374634,60.06903076171875,41458000,0.0,0.0
2018-09-05 00:00:00-04:00,59.96539192200416,60.24557744371791,58.285277616634275,59.46354293823242,53988000,0.0,0.0
2018-09-06 00:00:00-04:00,59.43725776135782,59.4580855302462,57.703585303195204,58.7142333984375,46854000,0.0,0.0
2018-09-07 00:00:00-04:00,58.11964267239288,58.940362668965435,57.98426407187492,58.396854400634766,32658000,0.0,0.0
2018-09-10 00:00:00-04:00,58.724643619292685,58.84663645485562,58.05071303312725,58.27138900756836,27670000,0.0,0.0
2018-09-11 00:00:00-04:00,58.0750106684798,59.05887957731326,57.81962176153576,59.01176834106445,29254000,0.0,0.0
2018-09-12 00:00:00-04:00,58.61554184719363,59.04648178265225,57.83003423960073,58.09980773925781,35716000,0.0,0.0
2018-09-13 00:00:00-04:00,58.50148832279991,58.906144800442625,57.98178160132907,58.62248611450195,40068000,0.0,0.0
2018-09-14 00:00:00-04:00,58.913087540013805,58.913087540013805,58.19501950151941,58.41619110107422,24176000,0.0,0.0
2018-09-17 00:00:00-04:00,58.40577882192011,58.60661828158501,57.44819334906225,57.51613235473633,34096000,0.0,0.0
2018-09-18 00:00:00-04:00,57.656467902342634,58.58231793606274,57.5954714892381,57.87714385986328,32314000,0.0,0.0
2018-09-19 00:00:00-04:00,57.96888551531386,58.3313870076574,57.456121435743995,58.232208251953125,25962000,0.0,0.0
2018-09-20 00:00:00-04:00,58.54958395102467,59.210620525510706,58.33039489370249,59.09011459350586,29244000,0.0,0.0
2018-09-21 00:00:00-04:00,59.256249702666175,59.33856951836281,58.12262131875296,58.12559509277344,91222000,0.0,0.0
2018-09-24 00:00:00-04:00,57.49530773446376,58.77373927041255,57.103049527865714,58.49454879760742,31150000,0.0,0.0
2018-09-25 00:00:00-04:00,58.72712607615012,59.352454758574964,58.223287034526976,59.20517349243164,33152000,0.0,0.0
2018-09-26 00:00:00-04:00,59.19525050604648,59.86719472365438,58.78414710213742,59.21359634399414,37650000,0.0,0.0
2018-09-27 00:00:00-04:00,59.50816642084424,60.344254675953586,59.41146580174746,59.87314987182617,36274000,0.0,0.0
2018-09-28 00:00:00-04:00,59.71098807412837,59.927203377959636,59.40055408003131,59.8592643737793,35612000,0.0,0.0
2018-10-01 00:00:00-04:00,60.152834776756606,60.70824186282409,59.66635416408133,59.9311637878418,33164000,0.0,0.0
2018-10-02 00:00:00-04:00,59.83893287455786,60.72411867083924,59.49130778630442,59.88703536987305,40180000,0.0,0.0
2018-10-03 00:00:00-04:00,60.10324289211977,60.211350537994456,59.61477975331187,60.07993698120117,26246000,0.0,0.0
2018-10-04 00:00:00-04:00,59.7576061952022,59.80074861861647,57.71548608579718,58.37106704711914,46576000,0.0,0.0
2018-10-05 00:00:00-04:00,58.31800151953087,58.61554159078529,57.24288769111712,57.91284942626953,31852000,0.0,0.0
2018-10-08 00:00:00-04:00,57.52456145272138,58.31106033375174,56.3046444828215,57.322235107421875,46190000,0.0,0.0
2018-10-09 00:00:00-04:00,57.09361762617503,57.601421645972316,56.73954560012242,56.78913497924805,33690000,0.0,0.0
2018-10-10 00:00:00-04:00,56.35423173524925,56.384979648297815,54.128131258402064,54.16036605834961,58980000,0.0,0.0
2018-10-11 00:00:00-04:00,53.50974303096298,55.34557169434692,53.35353288306622,54.08994674682617,67696000,0.0,0.0
2018-10-12 00:00:00-04:00,55.5231006729808,55.83006526222908,54.30268810088236,55.56773376464844,49370000,0.0,0.0
2018-10-15 00:00:00-04:00,55.44177701468576,55.63021818118948,54.460881853987075,54.6701545715332,30074000,0.0,0.0
2018-10-16 00:00:00-04:00,55.217627994318065,56.35274700722505,55.13183877872976,56.18959426879883,38378000,0.0,0.0
2018-10-17 00:00:00-04:00,56.53275154287533,56.879880960031,55.24340884331969,55.91733932495117,35652000,0.0,0.0
2018-10-18 00:00:00-04:00,56.036858277452815,56.15339540928809,53.871754093826716,54.44551086425781,46152000,0.0,0.0
2018-10-19 00:00:00-04:00,54.73313878615996,55.58807238229022,54.401876988282474,54.806034088134766,41286000,0.0,0.0
2018-10-22 00:00:00-04:00,55.16952330250244,55.62476039910742,54.54915095810386,55.11299133300781,27116000,0.0,0.0
2018-10-23 00:00:00-04:00,54.117224793175346,55.44178008457866,53.50825942535096,55.288543701171875,37686000,0.0,0.0
2018-10-24 00:00:00-04:00,55.29300386341311,55.3733411581951,52.32056935760662,52.422725677490234,49286000,0.0,0.0
2018-10-25 00:00:00-04:00,53.57222873103137,55.432850277026816,53.33667631790497,54.7271842956543,72956000,0.0,0.0
2018-10-26 00:00:00-04:00,51.98683021310207,55.39218343469779,51.68433006424773,53.74331283569336,106438000,0.0,0.0
2018-10-29 00:00:00-04:00,54.37757506459272,54.98703985909154,49.94719262788896,51.312408447265625,81290000,0.0,0.0
2018-10-30 00:00:00-04:00,50.58244141801836,52.114279389499565,50.282918801031514,52.04534912109375,59768000,0.0,0.0
2018-10-31 00:00:00-04:00,52.97218913611362,54.94587843763183,52.97218913611362,54.08201599121094,70916000,0.0,0.0
2018-11-01 00:00:00-04:00,54.12267171436205,54.54418709488099,53.449236850023254,53.8538932800293,40132000,0.0,0.0
2018-11-02 00:00:00-04:00,54.0036608708647,54.4499728681632,52.94540599746691,53.135337829589844,43438000,0.0,0.0
2018-11-05 00:00:00-05:00,53.18690854656396,53.22757282190439,51.276202151660776,52.35379409790039,45358000,0.0,0.0
2018-11-06 00:00:00-05:00,52.318589350106706,53.54842649603223,52.248667827263624,53.04012680053711,28660000,0.0,0.0
2018-11-07 00:00:00-05:00,53.730419916510975,55.0415818163461,53.586608057537674,54.9577751159668,43388000,0.0,0.0
2018-11-08 00:00:00-05:00,54.91116216518148,54.956782731858674,53.7735612372915,54.28285217285156,33694000,0.0,0.0
2018-11-09 00:00:00-05:00,53.75670205685472,53.97142669030988,52.77680195086009,53.40957260131836,34860000,0.0,0.0
2018-11-12 00:00:00-05:00,53.21666748640021,53.26476998164376,51.59110279461373,52.037906646728516,34002000,0.0,0.0
2018-11-13 00:00:00-05:00,52.308182132777226,52.89631976817074,51.59358720649853,51.9689826965332,25750000,0.0,0.0
2018-11-14 00:00:00-05:00,52.565546647513486,52.85267472897026,51.628788964411534,52.29676818847656,34666000,0.0,0.0
2018-11-15 00:00:00-05:00,52.14204341659205,53.501307638856716,51.63770882488864,53.1135139465332,41584000,0.0,0.0
2018-11-16 00:00:00-05:00,52.82490777741053,53.1824530308776,52.312639254411955,52.97566223144531,35366000,0.0,0.0
2018-11-19 00:00:00-05:00,52.7336550830274,52.96226867525788,50.724265514564266,50.94989776611328,45684000,0.0,0.0
2018-11-20 00:00:00-05:00,49.95165011439261,51.44233186700774,49.699734383253194,51.10015869140625,54458000,0.0,0.0
2018-11-21 00:00:00-05:00,51.837070517766705,52.30321906381659,51.54696864073382,51.74384307861328,29698000,0.0,0.0
2018-11-23 00:00:00-05:00,51.25140647070109,51.72251504812093,51.00444704055386,51.082801818847656,14178000,0.0,0.0
2018-11-26 00:00:00-05:00,51.77210188629733,52.41677137360216,51.56233355629475,52.36420822143555,31558000,0.0,0.0
2018-11-27 00:00:00-05:00,52.136096916276294,52.900776751961324,51.846490692518564,52.182708740234375,33048000,0.0,0.0
2018-11-28 00:00:00-05:00,52.439588587382175,54.195079932226704,51.72003368504357,54.14201736450195,46042000,0.0,0.0
2018-11-29 00:00:00-05:00,53.73240371350894,54.55659312524138,53.656530858582514,54.28037643432617,31004000,0.0,0.0
2018-11-30 00:00:00-05:00,54.33244830687817,55.0276985168457,53.715049685217814,55.0276985168457,59668000,0.0,0.0
2018-12-03 00:00:00-05:00,56.14397975127472,56.28481406682753,55.130849677853114,55.36045455932617,57532000,0.0,0.0
2018-12-04 00:00:00-05:00,55.193328765578826,55.25531643727826,52.60422736109533,52.68803405761719,45630000,0.0,0.0
2018-12-06 00:00:00-05:00,51.82169421560711,53.528587431634996,51.696727612647116,53.462135314941406,47436000,0.0,0.0
2018-12-07 00:00:00-05:00,53.17203169584198,53.80678483588291,51.542498271462186,51.90004348754883,42682000,0.0,0.0
2018-12-10 00:00:00-05:00,51.7195442232431,52.545716205093655,51.22662034015049,52.22734832763672,33652000,0.0,0.0
2018-12-11 00:00:00-05:00,52.90970087647782,53.081283083389565,52.07460390793039,52.647369384765625,33852000,0.0,0.0
2018-12-12 00:00:00-05:00,53.41254832972403,54.13904206804826,53.15914192619585,53.246421813964844,28960000,0.0,0.0
2018-12-13 00:00:00-05:00,53.34262520473422,53.97490023035937,52.81300212951065,53.236995697021484,24986000,0.0,0.0
2018-12-14 00:00:00-05:00,52.56654035265501,53.14674409029984,52.038404143978894,52.15444564819336,36358000,0.0,0.0
2018-12-17 00:00:00-05:00,51.92137162429705,52.683573360961546,50.4148259287533,50.86212921142578,49932000,0.0,0.0
2018-12-18 00:00:00-05:00,51.276203307045996,52.5501740698166,51.101643539839884,51.74284744262695,43640000,0.0,0.0
2018-12-19 00:00:00-05:00,51.93524909395202,53.344602111324576,50.55367021371119,51.34859848022461,58264000,0.0,0.0
2018-12-20 00:00:00-05:00,50.87947841740383,51.942693316807016,49.979915657086195,50.75947189331055,53674000,0.0,0.0
2018-12-21 00:00:00-05:00,51.17900616560844,51.458196608978,48.65734815338162,49.15622329711914,104656000,0.0,0.0
2018-12-24 00:00:00-05:00,48.81256335838148,50.19116856445792,48.48229286368024,48.82992172241211,36360000,0.0,0.0
2018-12-26 00:00:00-05:00,49.49046364150032,51.99278082622474,49.22565021595134,51.96302795410156,46318000,0.0,0.0
2018-12-27 00:00:00-05:00,50.8893994630254,52.235274224650134,49.93726596635877,52.21345520019531,45996000,0.0,0.0
2018-12-28 00:00:00-05:00,52.54075084153076,52.775311987505624,51.672923407636674,51.905006408691406,34398000,0.0,0.0
2018-12-31 00:00:00-05:00,52.457936179774954,52.71382450957579,51.22859846003051,51.8197135925293,33110000,0.0,0.0
2019-01-02 00:00:00-05:00,50.93898977352967,52.6047230648871,50.843776043780714,52.301727294921875,31868000,0.0,0.0
2019-01-03 00:00:00-05:00,52.10287655026425,52.87598594636795,50.699474586222124,50.85320281982422,41960000,0.0,0.0
2019-01-04 00:00:00-05:00,51.700692372040024,53.55734876361941,51.41802873823579,53.461639404296875,46022000,0.0,0.0
2019-01-07 00:00:00-05:00,53.605447431420956,53.69123663835179,52.6964601806528,53.355018615722656,47446000,0.0,0.0
2019-01-08 00:00:00-05:00,53.85489011971535,54.21937794351435,52.9796244703007,53.82365036010742,35414000,0.0,0.0
2019-01-09 00:00:00-05:00,53.95357823458152,54.13458118632317,53.27815698611534,53.63917541503906,26998000,0.0,0.0
2019-01-10 00:00:00-05:00,53.30641541050287,53.54791909889869,52.79762019782789,53.49932098388672,26598000,0.0,0.0
2019-01-11 00:00:00-05:00,53.05648645219858,53.228564287913436,52.38850724708884,52.78721237182617,30864000,0.0,0.0
2019-01-14 00:00:00-05:00,52.23527672360006,52.48868312031389,51.997741804598526,52.144527435302734,28490000,0.0,0.0
2019-01-15 00:00:00-05:00,52.46686220785265,53.96746024116966,52.28982429846491,53.88018035888672,37518000,0.0,0.0
2019-01-16 00:00:00-05:00,54.05325069106837,54.666184830089556,53.95456755691764,54.02894973754883,38280000,0.0,0.0
2019-01-17 00:00:00-05:00,53.95357830753692,54.58386705102719,53.71901337333294,54.505516052246094,24896000,0.0,0.0
2019-01-18 00:00:00-05:00,54.97513352063556,55.44177767329486,54.51344944130372,54.911163330078125,44892000,0.0,0.0
2019-01-22 00:00:00-05:00,54.35078698504477,54.49807201599434,53.105577913242634,53.48940658569336,39632000,0.0,0.0
2019-01-23 00:00:00-05:00,53.89753635595871,54.19954087399449,52.94094594559311,53.77604293823242,25194000,0.0,0.0
2019-01-24 00:00:00-05:00,53.681824076200236,53.95407574019982,53.06244293330347,53.755714416503906,29114000,0.0,0.0
2019-01-25 00:00:00-05:00,54.26302024707505,54.71577924979973,54.14251807661502,54.62403869628906,23260000,0.0,0.0
2019-01-28 00:00:00-05:00,54.05672072326006,54.22036529452775,53.29005462767031,53.5504035949707,29334000,0.0,0.0
2019-01-29 00:00:00-05:00,53.608918268991935,53.7919075035448,52.8640749781177,53.06441879272461,19704000,0.0,0.0
2019-01-30 00:00:00-05:00,53.42643557606418,54.52535482106467,53.390731369867474,54.44948196411133,29452000,0.0,0.0
2019-01-31 00:00:00-05:00,55.156137781450056,55.92131329164981,54.80950393783051,55.83304214477539,40232000,0.0,0.0
2019-02-01 00:00:00-05:00,55.654516947095594,56.25505660568584,55.25581557707563,55.4725227355957,33116000,0.0,0.0
2019-02-04 00:00:00-05:00,55.49185494416119,56.64879283225663,55.417468988335656,56.60316848754883,78408000,0.0,0.0
2019-02-05 00:00:00-05:00,56.01850335517409,57.16602057091122,55.719476412753856,57.12138748168945,82296000,0.0,0.0
2019-02-06 00:00:00-05:00,56.99246089522924,57.22702204444144,55.45962798014585,55.68427276611328,48256000,0.0,0.0
2019-02-07 00:00:00-05:00,55.13531121558473,55.143740692226345,54.231283896619765,54.84223556518555,38298000,0.0,0.0
2019-02-08 00:00:00-05:00,54.29525305025697,54.80206586505888,54.26351766034865,54.667179107666016,21766000,0.0,0.0
2019-02-11 00:00:00-05:00,54.73511453956528,55.21514822312965,54.54915152300957,54.65428161621094,18498000,0.0,0.0
2019-02-12 00:00:00-05:00,55.095132282492514,56.178679254335414,55.095132282492514,55.91684341430664,35036000,0.0,0.0
2019-02-13 00:00:00-05:00,56.187611297106514,56.67409195109993,55.83849553947913,55.96891784667969,28042000,0.0,0.0
2019-02-14 00:00:00-05:00,55.78890327451835,56.340840976368156,55.39664511522368,55.9971809387207,21106000,0.0,0.0
2019-02-15 00:00:00-05:00,56.498049231575386,56.498049231575386,55.378302215103496,55.52260971069336,27826000,0.0,0.0
2019-02-19 00:00:00-05:00,55.37433038810258,56.01899988835893,55.37433038810258,55.86378479003906,21980000,0.0,0.0
2019-02-20 00:00:00-05:00,55.98131675352632,56.08297744721995,55.1318389376627,55.570213317871094,24090000,0.0,0.0
2019-02-21 00:00:00-05:00,55.48044790900647,55.49879752935811,54.44897223963191,54.75791931152344,33272000,0.0,0.0
2019-02-22 00:00:00-05:00,55.03017826981313,55.40458246006071,54.57394989558548,55.370365142822266,29436000,0.0,0.0
2019-02-25 00:00:00-05:00,55.63666061499263,55.80873844416602,55.24886690902951,55.408546447753906,26208000,0.0,0.0
2019-02-26 00:00:00-05:00,55.261760191576904,55.860313518973165,54.88140468154048,55.640628814697266,35026000,0.0,0.0
2019-02-27 00:00:00-05:00,55.24391208286884,55.82510706806781,54.97364672917715,55.68427276611328,22092000,0.0,0.0
2019-02-28 00:00:00-05:00,55.49136804808821,56.23472452755319,55.46211080344531,55.86577224731445,27422000,0.0,0.0
2019-03-01 00:00:00-05:00,56.08644635618862,57.02865975225924,56.08644635618862,56.955265045166016,34086000,0.0,0.0
2019-03-04 00:00:00-05:00,57.254789415718996,57.79829765213025,56.44597212936097,57.19825744628906,35490000,0.0,0.0
2019-03-05 00:00:00-05:00,57.32619545576934,58.34229911039915,57.17841857831907,57.980289459228516,40094000,0.0,0.0
2019-03-06 00:00:00-05:00,58.10774323810325,58.255520128917794,57.67581203241563,57.76953887939453,23602000,0.0,0.0
2019-03-07 00:00:00-05:00,57.54936289091417,57.70209986660163,56.61756140324547,57.07081604003906,30086000,0.0,0.0
2019-03-08 00:00:00-05:00,56.2302536858285,57.1997417315838,56.04676882458191,57.02716827392578,23694000,0.0,0.0
2019-03-11 00:00:00-04:00,57.12784146729309,58.51190249750034,57.10651806966734,58.479671478271484,30032000,0.0,0.0
2019-03-12 00:00:00-04:00,58.63041793238064,59.791320897490806,58.63041793238064,59.371788024902344,42220000,0.0,0.0
2019-03-13 00:00:00-04:00,59.80223411527283,59.86124422838143,59.40452025427546,59.4615478515625,25888000,0.0,0.0
2019-03-14 00:00:00-04:00,59.45956301594842,59.74123537213367,59.073256202850935,59.13772201538086,27302000,0.0,0.0
2019-03-15 00:00:00-04:00,59.40898391890877,59.59345625699959,58.86398502991321,59.027137756347656,51886000,0.0,0.0
2019-03-18 00:00:00-04:00,58.99689299412043,59.257737607989256,58.58975837909338,58.94036102294922,24442000,0.0,0.0
2019-03-19 00:00:00-04:00,59.09756063530561,59.67727252410539,58.98548794714954,59.63016128540039,29788000,0.0,0.0
2019-03-20 00:00:00-04:00,59.57758831206408,60.99537085692639,59.48783028814234,60.81882858276367,41508000,0.0,0.0
2019-03-21 00:00:00-04:00,60.49997342953918,61.31523397427195,60.330373720799074,61.299861907958984,28150000,0.0,0.0
2019-03-22 00:00:00-04:00,60.9388435932107,61.17588288459507,59.805707096855926,59.88753128051758,34422000,0.0,0.0
2019-03-25 00:00:00-04:00,59.48635015017521,59.97630022851634,59.01226776678589,59.37824249267578,27576000,0.0,0.0
2019-03-26 00:00:00-04:00,59.765536323392006,59.88752915106915,58.60364203693624,59.004329681396484,30752000,0.0,0.0
2019-03-27 00:00:00-04:00,59.10747706719448,59.10747706719448,57.73432377537689,58.41767883300781,29428000,0.0,0.0
2019-03-28 00:00:00-04:00,58.293208898811386,58.3799893705028,57.69465556823336,58.13302993774414,22402000,0.0,0.0
2019-03-29 00:00:00-04:00,58.52528961118453,58.71323893335575,57.84094704933484,58.36214065551758,30890000,0.0,0.0
2019-04-01 00:00:00-04:00,58.89027081678806,59.518081382666765,58.831756331098426,59.457584381103516,27706000,0.0,0.0
2019-04-02 00:00:00-04:00,59.51063869950825,59.79627986782097,59.073751255208485,59.78289031982422,18288000,0.0,0.0
2019-04-03 00:00:00-04:00,60.137954468715684,60.52971698544157,59.76008091254782,60.04423141479492,22180000,0.0,0.0
2019-04-04 00:00:00-04:00,60.068034138317934,60.52724003399788,59.956457090131785,60.47269058227539,21022000,0.0,0.0
2019-04-05 00:00:00-04:00,60.46525792625682,60.51931175400298,60.00555635934501,60.07597351074219,20012000,0.0,0.0
2019-04-08 00:00:00-04:00,60.059112319693156,60.199946617238616,59.74124010883788,59.91877365112305,21750000,0.0,0.0
2019-04-09 00:00:00-04:00,59.601894179377005,59.862735013703436,59.42783003559365,59.641563415527344,19668000,0.0,0.0
2019-04-10 00:00:00-04:00,59.760586220474245,59.95150554523385,59.54090149548977,59.828025817871094,15510000,0.0,0.0
2019-04-11 00:00:00-04:00,59.94951681497526,60.13994427440462,59.7333052989614,59.983734130859375,16998000,0.0,0.0
2019-04-12 00:00:00-04:00,60.282764136523824,60.65122078299202,60.16722204644514,60.635353088378906,24312000,0.0,0.0
2019-04-15 00:00:00-04:00,60.70278993353485,60.961156397142275,60.23019825206835,60.82379150390625,23796000,0.0,0.0
2019-04-16 00:00:00-04:00,60.99586951444709,61.29241832671857,60.74990134124958,61.0905876159668,22622000,0.0,0.0
2019-04-17 00:00:00-04:00,61.34300753880639,61.744690283988895,61.13968991272568,61.498722076416016,30366000,0.0,0.0
2019-04-18 00:00:00-04:00,61.7397260025629,61.786341613203554,61.46251805060849,61.564674377441406,24750000,0.0,0.0
2019-04-22 00:00:00-04:00,61.3266379946004,62.20289491593463,61.1629896255075,62.17413330078125,19084000,0.0,0.0
2019-04-23 00:00:00-04:00,62.31694354327674,63.199151649277056,62.085356206719595,63.008724212646484,31868000,0.0,0.0
2019-04-24 00:00:00-04:00,63.0087378037284,63.177841883509664,62.47415840170821,62.48605728149414,23396000,0.0,0.0
2019-04-25 00:00:00-04:00,62.994350322114855,63.11832566441089,62.38439375673757,62.847564697265625,31344000,0.0,0.0
2019-04-26 00:00:00-04:00,63.14708736238461,63.42132151606078,62.73152328568411,63.34743118286133,27228000,0.0,0.0
2019-04-29 00:00:00-04:00,63.50065540254958,64.31691457952743,63.064263616606134,64.27872467041016,72368000,0.0,0.0
2019-04-30 00:00:00-04:00,59.04350662741325,59.55676257846437,58.66513363960765,59.45659255981445,133178000,0.0,0.0
2019-05-01 00:00:00-04:00,59.38418971821205,59.470973972298495,58.10377200341703,58.18510055541992,74340000,0.0,0.0
2019-05-02 00:00:00-04:00,58.14940522412975,58.48562710417706,57.44175288474563,57.8474006652832,45098000,0.0,0.0
2019-05-03 00:00:00-04:00,58.38791799502808,59.081684994667306,58.196503075397025,58.98994445800781,41588000,0.0,0.0
2019-05-06 00:00:00-04:00,58.1196430747011,59.28154121522016,58.077987538341475,59.1838493347168,31774000,0.0,0.0
2019-05-07 00:00:00-04:00,58.80449022210018,59.24881598225107,57.7725186735263,58.4598388671875,36604000,0.0,0.0
2019-05-08 00:00:00-04:00,58.38196772887271,58.728109683321264,57.902929116990364,58.059139251708984,25520000,0.0,0.0
2019-05-09 00:00:00-04:00,57.653499442905506,58.22229615516196,57.258759314418775,57.919795989990234,29556000,0.0,0.0
2019-05-10 00:00:00-04:00,57.962940468651176,58.33188896062332,56.84864920756702,57.9034309387207,31650000,0.0,0.0
2019-05-13 00:00:00-04:00,56.79261252207175,57.12635243643955,55.81370365034524,56.36365509033203,45626000,0.0,0.0
2019-05-14 00:00:00-04:00,56.64780051034853,56.77425398447783,55.71599923948913,55.78195571899414,40392000,0.0,0.0
2019-05-15 00:00:00-04:00,55.66740844227234,58.43206092531707,55.61038084252998,58.06013488769531,59302000,0.0,0.0
2019-05-16 00:00:00-04:00,58.11170286316471,59.2185557963173,57.94359384914411,58.7395133972168,35308000,0.0,0.0
2019-05-17 00:00:00-04:00,58.30957615771675,58.828287857261444,57.842931988016005,57.959964752197266,25362000,0.0,0.0
2019-05-20 00:00:00-04:00,57.1774327504438,57.1774327504438,56.44052324213396,56.763851165771484,30602000,0.0,0.0
2019-05-21 00:00:00-04:00,57.25082284796915,57.42538261961597,56.69690259812097,57.24884033203125,20562000,0.0,0.0
2019-05-22 00:00:00-04:00,57.09064953946734,57.71201318585571,57.07825124759412,57.318763732910156,18826000,0.0,0.0
2019-05-23 00:00:00-04:00,56.83376907485774,57.03113533695104,56.19356022860048,56.79756546020508,25214000,0.0,0.0
2019-05-24 00:00:00-04:00,57.127839468018124,57.24487222807381,56.36960656432307,56.463829040527344,18554000,0.0,0.0
2019-05-28 00:00:00-04:00,56.606154286403545,57.35050201510359,56.46680308738616,56.51094055175781,20948000,0.0,0.0
2019-05-29 00:00:00-04:00,56.170749826952495,56.28480881348524,55.14175593690512,55.53798294067383,36230000,0.0,0.0
2019-05-30 00:00:00-04:00,55.548394687102004,55.878169570146916,55.33763507998775,55.610877990722656,18088000,0.0,0.0
2019-05-31 00:00:00-04:00,54.82884368467994,55.21365987061157,54.715280327354535,54.871490478515625,31582000,0.0,0.0
2019-06-03 00:00:00-04:00,52.909211036677895,52.91268043979919,50.930565413815046,51.51126480102539,96890000,0.0,0.0
2019-06-04 00:00:00-04:00,51.79639981884811,52.488184333554216,51.376866936082195,52.292301177978516,60512000,0.0,0.0
2019-06-05 00:00:00-04:00,52.317592162166996,52.4073501849964,51.22661071101869,51.803836822509766,46988000,0.0,0.0
2019-06-06 00:00:00-04:00,51.88170064785095,52.069646185885304,51.35108630948426,51.95856475830078,29020000,0.0,0.0
2019-06-07 00:00:00-04:00,52.281894136993586,53.23154578365972,52.126675241378294,52.98061752319336,43828000,0.0,0.0
2019-06-10 00:00:00-04:00,53.40857269826691,54.29326277551675,53.323279120792726,53.6942138671875,28510000,0.0,0.0
2019-06-11 00:00:00-04:00,54.399876617191985,54.74800106239033,53.53601813851177,53.60891342163086,33508000,0.0,0.0
2019-06-12 00:00:00-04:00,53.55486936276625,53.68231410693232,53.04160963310708,53.512718200683594,23670000,0.0,0.0
2019-06-13 00:00:00-04:00,53.79091982164258,54.380048643008536,53.68479846818787,54.103336334228516,20814000,0.0,0.0
2019-06-14 00:00:00-04:00,54.04035719000536,54.28929914113113,53.630744430671754,53.86976623535156,24582000,0.0,0.0
2019-06-17 00:00:00-04:00,54.00861987588463,54.61262510963689,53.95407042265878,54.24615478515625,19770000,0.0,0.0
2019-06-18 00:00:00-04:00,55.11944356839526,55.480458228109946,54.588333571524295,54.80900955200195,34526000,0.0,0.0
2019-06-19 00:00:00-04:00,54.908182821098876,55.016786098910686,54.35227629556519,54.77280044555664,26714000,0.0,0.0
2019-06-20 00:00:00-04:00,55.62525840880668,55.675842832879255,54.896282754909315,55.20374298095703,24018000,0.0,0.0
2019-06-21 00:00:00-04:00,55.03811051103241,55.8667605353799,55.031167921989905,55.807254791259766,50774000,0.0,0.0
2019-06-24 00:00:00-04:00,55.54095626027802,55.71799417825217,55.2091988625177,55.3773078918457,24236000,0.0,0.0
2019-06-25 00:00:00-04:00,55.29697156523066,55.32771569465771,53.78546213142027,53.93324279785156,31644000,0.0,0.0
2019-06-26 00:00:00-04:00,54.1028423919935,54.307155041568436,53.24443945323548,53.573219299316406,34698000,0.0,0.0
2019-06-27 00:00:00-04:00,53.892080954369916,53.976878905152184,53.35154651318348,53.390228271484375,24078000,0.0,0.0
2019-06-28 00:00:00-04:00,53.41998844176397,53.696205139160156,53.24989310458346,53.696205139160156,33672000,0.0,0.0
2019-07-01 00:00:00-04:00,54.60071663541048,54.975124550279794,54.3175574077968,54.54914474487305,29196000,0.0,0.0
2019-07-02 00:00:00-04:00,54.788676547996936,55.18837296498841,54.53279199449286,55.17399215698242,20630000,0.0,0.0
2019-07-03 00:00:00-04:00,55.46656580697558,55.93717873539222,55.28556287173762,55.68922805786133,20154000,0.0,0.0
2019-07-05 00:00:00-04:00,55.509712175195695,56.267449439103345,55.41698037071205,56.16926193237305,29794000,0.0,0.0
2019-07-08 00:00:00-04:00,55.83204812175117,55.89850023897379,55.132333508714034,55.381771087646484,29888000,0.0,0.0
2019-07-09 00:00:00-04:00,55.060924410090834,55.93073818027176,54.90372299665193,55.753700256347656,29472000,0.0,0.0
2019-07-10 00:00:00-04:00,56.15190482385969,56.64879744980509,56.06958501516339,56.577884674072266,30710000,0.0,0.0
2019-07-11 00:00:00-04:00,56.83823211312122,57.189330386367295,56.50945227772339,56.735084533691406,26004000,0.0,0.0
2019-07-12 00:00:00-04:00,56.678054562551374,56.90468185042832,56.46134742073141,56.79756546020508,21878000,0.0,0.0
2019-07-15 00:00:00-04:00,56.79757111000112,57.062384554712914,56.53276144871689,57.053955078125,21164000,0.0,0.0
2019-07-16 00:00:00-04:00,56.866501193341406,57.45414694239544,56.866501193341406,57.20024490356445,25352000,0.0,0.0
2019-07-17 00:00:00-04:00,57.07428317923879,57.44720047303278,56.861045434017086,56.86699676513672,19538000,0.0,0.0
2019-07-18 00:00:00-04:00,56.63193513480286,56.93790846039602,56.17868433807798,56.891788482666016,25450000,0.0,0.0
2019-07-19 00:00:00-04:00,56.99494077721943,57.10701346740965,56.09884731784858,56.11372375488281,23184000,0.0,0.0
2019-07-22 00:00:00-04:00,56.30811627836571,56.5337523292604,55.79932472787328,56.49358367919922,28914000,0.0,0.0
2019-07-23 00:00:00-04:00,56.70384306743946,56.972125891678026,56.17818882306759,56.93195724487305,20648000,0.0,0.0
2019-07-24 00:00:00-04:00,56.16678964850449,56.803525405171975,55.96297261216712,56.51937484741211,27192000,0.0,0.0
2019-07-25 00:00:00-04:00,56.48068849261149,56.71078898283292,55.724937510612726,56.331424713134766,54762000,0.0,0.0
2019-07-26 00:00:00-04:00,60.89668347861036,62.89962584878067,60.89668347861036,61.75062561035156,121216000,0.0,0.0
2019-07-29 00:00:00-04:00,61.615745870948935,61.937586892558215,61.0057855147217,61.58301544189453,41382000,0.0,0.0
2019-07-30 00:00:00-04:00,60.847097204406246,61.33853791873472,60.76378613660804,60.896690368652344,28616000,0.0,0.0
2019-07-31 00:00:00-04:00,60.74147936507519,61.23936332060091,59.913820498340264,60.41071319580078,39960000,0.0,0.0
2019-08-01 00:00:00-04:00,60.38244425053876,61.30829058838138,59.855299290763305,60.092342376708984,35426000,0.0,0.0
2019-08-02 00:00:00-04:00,59.65693772407873,59.97927059539974,59.01226441458213,59.32567596435547,34910000,0.0,0.0
2019-08-05 00:00:00-04:00,58.16774521908615,58.36164587535304,56.66913339378549,57.26421356201172,47840000,0.0,0.0
2019-08-06 00:00:00-04:00,57.79830313265576,58.58579331448014,57.60043743746185,58.07402420043945,36014000,0.0,0.0
2019-08-07 00:00:00-04:00,57.41546170450556,58.50991642354329,57.07031476456262,58.313541412353516,30686000,0.0,0.0
2019-08-08 00:00:00-04:00,58.835224475708635,59.81958898703626,58.21882095613926,59.815128326416016,30116000,0.0,0.0
2019-08-09 00:00:00-04:00,59.5076692799245,59.72933649805951,58.75885714546131,58.95771408081055,20418000,0.0,0.0
2019-08-12 00:00:00-04:00,58.51636912785073,58.79456834882101,57.95699312832352,58.243621826171875,22064000,0.0,0.0
2019-08-13 00:00:00-04:00,58.23617396205058,59.777436208924264,58.16873437476789,59.34600067138672,28434000,0.0,0.0
2019-08-14 00:00:00-04:00,58.32147224303826,58.654716503422996,57.577620204599086,57.73531723022461,35430000,0.0,0.0
2019-08-15 00:00:00-04:00,57.94260262107063,58.338825802295844,57.67332855107692,57.98673629760742,28506000,0.0,0.0
2019-08-16 00:00:00-04:00,58.55554289281411,58.70679297193072,58.169236033164765,58.47718811035156,24916000,0.0,0.0
2019-08-19 00:00:00-04:00,59.10301619731981,59.973821209229875,59.03210341664599,59.52998733520508,24450000,0.0,0.0
2019-08-20 00:00:00-04:00,59.27757269477436,59.40898625651532,58.667612338630086,58.69141387939453,20206000,0.0,0.0
2019-08-21 00:00:00-04:00,59.30087828655485,59.53593505282947,58.909115748288066,59.090614318847656,14152000,0.0,0.0
2019-08-22 00:00:00-04:00,59.20070279076517,59.44766221200768,58.462306455222475,59.08763885498047,17352000,0.0,0.0
2019-08-23 00:00:00-04:00,58.7727427748867,59.29344073521031,57.02865847577189,57.20619201660156,36254000,0.0,0.0
2019-08-26 00:00:00-04:00,57.49728886317607,58.11270118156277,57.26917466846016,58.0789794921875,21166000,0.0,0.0
2019-08-27 00:00:00-04:00,58.66513575010437,58.764314514394854,57.75069271231088,58.061126708984375,23460000,0.0,0.0
2019-08-28 00:00:00-04:00,57.76606025793555,58.44197328276813,57.536954833287844,58.2064208984375,16810000,0.0,0.0
2019-08-29 00:00:00-04:00,58.8347290486105,59.467995305199445,58.77819707980944,59.22252655029297,19636000,0.0,0.0
2019-08-30 00:00:00-04:00,59.52552378949316,59.52552378949316,58.80001756048857,59.03854751586914,18064000,0.0,0.0
2019-09-03 00:00:00-04:00,58.60810648275048,58.96664298757155,57.70854363220149,57.99814987182617,25908000,0.0,0.0
2019-09-04 00:00:00-04:00,58.48908990958668,58.758364003989946,58.09633609536328,58.62893295288086,21312000,0.0,0.0
2019-09-05 00:00:00-04:00,59.19376342201617,60.202428928101156,59.145660927110434,60.1126708984375,26394000,0.0,0.0
2019-09-06 00:00:00-04:00,59.96142202276999,60.150358819891544,59.66982949021051,59.82157897949219,18972000,0.0,0.0
2019-09-09 00:00:00-04:00,59.859258753463266,60.527237915785925,59.169460567900614,59.769500732421875,31854000,0.0,0.0
2019-09-10 00:00:00-04:00,59.31427199359215,60.00407027598134,59.31030317816098,59.79083251953125,27922000,0.0,0.0
2019-09-11 00:00:00-04:00,59.70107231415297,60.62245794277462,59.62123064685338,60.499969482421875,23522000,0.0,0.0
2019-09-12 00:00:00-04:00,60.67204134573538,61.611772720950476,60.62691262879018,61.24232864379883,31644000,0.0,0.0
2019-09-13 00:00:00-04:00,61.10050182835218,61.54384003595526,60.85106426113396,61.493255615234375,23676000,0.0,0.0
2019-09-16 00:00:00-04:00,61.017684408775345,61.443168609925806,60.75733544617738,61.076698303222656,28218000,0.0,0.0
2019-09-17 00:00:00-04:00,61.0767058291929,61.24382360408933,60.666098012436215,60.98992156982422,20806000,0.0,0.0
2019-09-18 00:00:00-04:00,61.00777790676266,61.305318004923365,60.324922189704154,61.127288818359375,17440000,0.0,0.0
2019-09-19 00:00:00-04:00,61.11091940299707,61.70699079794406,61.11042377402852,61.42978286743164,16554000,0.0,0.0
2019-09-20 00:00:00-04:00,61.17637144292979,61.63061724694092,60.677496334858134,60.98793029785156,37692000,0.0,0.0
2019-09-23 00:00:00-04:00,60.82577302120918,61.47590201579958,60.687416872304546,61.22844696044922,20798000,0.0,0.0
2019-09-24 00:00:00-04:00,61.49176671272495,61.84435184221623,60.035801848501244,60.41714859008789,35804000,0.0,0.0
2019-09-25 00:00:00-04:00,60.30210403560612,61.88948638631289,59.96439530930563,61.786338806152344,26798000,0.0,0.0
2019-09-26 00:00:00-04:00,61.59788938854766,61.72335539761474,61.08612034016491,61.60532760620117,23166000,0.0,0.0
2019-09-27 00:00:00-04:00,61.63211203323862,61.739228430196306,60.261936228243556,60.7950325012207,34122000,0.0,0.0
2019-09-30 00:00:00-04:00,60.52972419632317,60.867432931571535,60.1736696213121,60.55650329589844,24470000,0.0,0.0
2019-10-01 00:00:00-04:00,60.62344456685001,61.137695539374256,59.78338755668688,59.805702209472656,24504000,0.0,0.0
2019-10-02 00:00:00-04:00,59.33460900438802,59.446681702533276,58.15089173357551,58.41322326660156,33030000,0.0,0.0
2019-10-03 00:00:00-04:00,58.68199283402586,59.06185271029427,57.68027372624603,58.9839973449707,28368000,0.0,0.0
2019-10-04 00:00:00-04:00,59.225010141084695,60.126063672322324,59.060370509137265,60.05167770385742,24282000,0.0,0.0
2019-10-07 00:00:00-04:00,59.855294432634274,60.445913908386466,59.72437649993777,59.91728210449219,17040000,0.0,0.0
2019-10-08 00:00:00-04:00,59.44717293719252,59.84885186964598,58.98648010235407,59.018714904785156,20086000,0.0,0.0
2019-10-09 00:00:00-04:00,59.57412322169878,59.927699641137494,59.41493551600524,59.62718200683594,15948000,0.0,0.0
2019-10-10 00:00:00-04:00,59.43873940465418,60.28276149090134,59.402043943686515,59.977783203125,12842000,0.0,0.0
2019-10-11 00:00:00-04:00,60.699817951472276,60.933883468749734,60.18457567938561,60.287227630615234,22330000,0.0,0.0
2019-10-14 00:00:00-04:00,60.196971434793475,60.79155593707304,60.09729704509824,60.389381408691406,13296000,0.0,0.0
2019-10-15 00:00:00-04:00,60.57435365782563,61.8453468528773,60.545592043984996,61.60285186767578,27584000,0.0,0.0
2019-10-16 00:00:00-04:00,61.58152717988631,62.19545255415238,61.41887007961055,61.640541076660156,22986000,0.0,0.0
2019-10-17 00:00:00-04:00,62.05709998659484,62.66953850932055,61.98122713403828,62.12652587890625,20958000,0.0,0.0
2019-10-18 00:00:00-04:00,62.22024718869601,62.38984308906814,61.498709818420544,61.7104606628418,31624000,0.0,0.0
2019-10-21 00:00:00-04:00,61.923199058622174,62.16172520190869,61.49126792019467,61.704010009765625,18094000,0.0,0.0
2019-10-22 00:00:00-04:00,61.71393429825658,61.92469389924961,61.48433322932572,61.5512809753418,22862000,0.0,0.0
2019-10-23 00:00:00-04:00,61.50218828619417,62.38637904416191,61.50218828619417,62.36604690551758,21282000,0.0,0.0
2019-10-24 00:00:00-04:00,62.4394416809082,62.62738721875629,62.10421109911762,62.4394416809082,20224000,0.0,0.0
2019-10-25 00:00:00-04:00,62.08685509100352,62.88030037467045,61.945525156371076,62.696815490722656,27104000,0.0,0.0
2019-10-28 00:00:00-04:00,63.2274210357221,64.42948388976356,63.09402496717139,63.92068862915039,65428000,0.0,0.0
2019-10-29 00:00:00-04:00,63.27701889560473,63.51505323612081,62.26587519841063,62.51630783081055,52654000,0.0,0.0
2019-10-30 00:00:00-04:00,62.243062237785296,62.881288593585026,62.01990812718135,62.518287658691406,29204000,0.0,0.0
2019-10-31 00:00:00-04:00,62.48357034580104,62.80689823914488,61.961881154991474,62.4240608215332,31904000,0.0,0.0
2019-11-01 00:00:00-04:00,62.77119828011663,63.128247882999425,62.469193761287805,63.0910530090332,28812000,0.0,0.0
2019-11-04 00:00:00-05:00,63.28247628200852,64.09525868097215,63.28247628200852,63.951942443847656,30632000,0.0,0.0
2019-11-05 00:00:00-05:00,64.03078380018343,64.3303101709865,63.94053392587644,64.04268646240234,25148000,0.0,0.0
2019-11-06 00:00:00-05:00,63.97574173910318,64.11954980825729,63.58794801450021,64.0213623046875,24626000,0.0,0.0
2019-11-07 00:00:00-05:00,64.18352592571782,65.59040103941366,64.1572462377244,64.81134033203125,45140000,0.0,0.0
2019-11-08 00:00:00-05:00,64.54254791724352,65.31566095485586,64.54254791724352,64.91348266601562,30392000,0.0,0.0
2019-11-11 00:00:00-05:00,64.6655404685864,64.71017734604172,64.26237843589956,64.38188934326172,17234000,0.0,0.0
2019-11-12 00:00:00-05:00,64.39626264933645,64.93084578823698,64.1815380183125,64.32881927490234,28852000,0.0,0.0
2019-11-13 00:00:00-05:00,64.12896094569881,64.59213560519636,64.07788468568658,64.2777328491211,20538000,0.0,0.0
2019-11-14 00:00:00-05:00,64.21923179805225,65.2467425940979,64.16666485694327,64.92092895507812,28948000,0.0,0.0
2019-11-15 00:00:00-05:00,65.21351099535102,66.13043212890625,65.0568014433281,66.13043212890625,39286000,0.0,0.0
2019-11-18 00:00:00-05:00,66.07091887799594,66.14927365407613,65.26855235059708,65.45104217529297,27984000,0.0,0.0
2019-11-19 00:00:00-05:00,65.78776365557141,65.78776365557141,65.05085793939855,65.09152221679688,21864000,0.0,0.0
2019-11-20 00:00:00-05:00,65.03052251032652,65.12226305261011,63.93210279744531,64.55941772460938,28892000,0.0,0.0
2019-11-21 00:00:00-05:00,64.429983634344,65.01861677417807,64.0084644651908,64.47412109375,25546000,0.0,0.0
2019-11-22 00:00:00-05:00,64.615942162773,64.80934337086836,63.939533563342145,64.15326690673828,27776000,0.0,0.0
2019-11-25 00:00:00-05:00,64.28172979324741,64.98342706933691,64.24949498583105,64.74687957763672,23590000,0.0,0.0
2019-11-26 00:00:00-05:00,64.95861817732126,65.1619395649303,64.66752884126126,65.11185455322266,21910000,0.0,0.0
2019-11-27 00:00:00-05:00,65.23186685461462,65.34195702798004,64.93680491082387,65.06871032714844,18808000,0.0,0.0
2019-11-29 00:00:00-05:00,64.79447292018561,64.9605956368257,64.62735137879393,64.66999816894531,12802000,0.0,0.0
2019-12-02 00:00:00-05:00,64.59412779237636,64.73695217046216,63.4942173937447,63.91474533081055,26538000,0.0,0.0
2019-12-03 00:00:00-05:00,63.40892668143017,64.32982047875444,63.32908879632184,64.20633697509766,25270000,0.0,0.0
2019-12-04 00:00:00-05:00,64.76968214417802,65.6707356536874,64.61842828244268,65.40641784667969,35506000,0.0,0.0
2019-12-05 00:00:00-05:00,65.80612069976046,65.85472261326721,65.17732256641182,65.80413818359375,24408000,0.0,0.0
2019-12-06 00:00:00-05:00,66.09125298585175,66.57326918477894,66.01587954811114,66.4205322265625,32968000,0.0,0.0
2019-12-09 00:00:00-05:00,66.39424795925537,67.32108920325197,66.25588803414921,66.59905242919922,30842000,0.0,0.0
2019-12-10 00:00:00-05:00,66.44781856612988,66.84751500197275,66.15324845233398,66.59410858154297,17606000,0.0,0.0
2019-12-11 00:00:00-05:00,66.86239190658026,66.94123854037991,66.50534226526831,66.66155242919922,20480000,0.0,0.0
2019-12-12 00:00:00-05:00,66.60996742116053,67.17380400933571,66.36152489090372,66.8718032836914,29114000,0.0,0.0
2019-12-13 00:00:00-05:00,66.84253439101849,67.01362094868927,66.53309548392478,66.79145812988281,33170000,0.0,0.0
2019-12-16 00:00:00-05:00,67.19462754292579,67.61762978668901,66.97692916803638,67.477294921875,28128000,0.0,0.0
2019-12-17 00:00:00-05:00,67.56210341582532,67.6573171534824,66.98487344177842,67.1891860961914,32948000,0.0,0.0
2019-12-18 00:00:00-05:00,67.29381221564596,67.4143143680724,66.96949684654093,67.04139709472656,23330000,0.0,0.0
2019-12-19 00:00:00-05:00,67.04138463349703,67.32008695394921,66.88468267991742,67.26602935791016,28922000,0.0,0.0
2019-12-20 00:00:00-05:00,67.59631181966746,67.64094112513031,66.98288209174912,67.0071792602539,50090000,0.0,0.0
2019-12-23 00:00:00-05:00,67.37960705864413,67.53432652981114,66.84750585981473,66.9779281616211,19936000,0.0,0.0
2019-12-24 00:00:00-05:00,66.9570960026882,67.04636218280068,66.65757720914816,66.67046356201172,13468000,0.0,0.0
2019-12-26 00:00:00-05:00,66.7756060246941,67.60128613780807,66.72403033918864,67.56507873535156,23662000,0.0,0.0
2019-12-27 00:00:00-05:00,67.64095444804676,67.79220832437919,67.09546739562148,67.17679595947266,23212000,0.0,0.0
2019-12-30 00:00:00-05:00,67.28438834287245,67.2938090758565,66.34366194444391,66.43639373779297,19994000,0.0,0.0
2019-12-31 00:00:00-05:00,66.24200742818745,66.48351115662122,66.06050885599129,66.4205322265625,19514000,0.0,0.0
2020-01-02 00:00:00-05:00,66.86783552352698,67.8730239868164,66.77262179859589,67.8730239868164,27278000,0.0,0.0
2020-01-03 00:00:00-05:00,66.84750602902096,68.12445054033702,66.81378055903824,67.51795959472656,23408000,0.0,0.0
2020-01-06 00:00:00-05:00,67.02751808217074,69.34288486446046,66.9962821053439,69.31759643554688,46768000,0.0,0.0
2020-01-07 00:00:00-05:00,69.44900962487809,69.59976407326137,69.00765768436452,69.18370056152344,34330000,0.0,0.0
2020-01-08 00:00:00-05:00,69.16931180182212,70.01383328257931,69.06071230813146,69.6761245727539,35314000,0.0,0.0
2020-01-09 00:00:00-05:00,70.51370271406968,70.84843766453115,69.93250773983897,70.40758514404297,33200000,0.0,0.0
2020-01-10 00:00:00-05:00,70.887623572567,71.15888019723822,70.39816911178163,70.8623275756836,26258000,0.0,0.0
2020-01-13 00:00:00-05:00,71.17423856104631,71.48318564833806,70.68429232295442,71.41128540039062,30730000,0.0,0.0
2020-01-14 00:00:00-05:00,71.40980906115557,71.54023138512193,70.8033180140317,70.94316864013672,26076000,0.0,0.0
2020-01-15 00:00:00-05:00,71.06366724106702,71.44848723259247,70.99622386006052,71.37013244628906,21550000,0.0,0.0
2020-01-16 00:00:00-05:00,71.6800692002155,71.94042198348346,71.40980383677255,71.91364288330078,26080000,0.0,0.0
2020-01-17 00:00:00-05:00,72.52755882003636,73.42067465653932,72.23051437982828,73.36959838867188,52424000,0.0,0.0
2020-01-21 00:00:00-05:00,73.34381561207009,73.88336264250772,72.90791936171401,73.50498962402344,48930000,0.0,0.0
2020-01-22 00:00:00-05:00,73.8759245867756,74.41397338110437,73.52532192544703,73.58531951904297,28458000,0.0,0.0
2020-01-23 00:00:00-05:00,73.76780967939291,74.06287159574599,73.4092694223647,73.6259765625,26650000,0.0,0.0
2020-01-24 00:00:00-05:00,74.02914675123824,74.097581382054,72.559292859008,72.70757293701172,29786000,0.0,0.0
2020-01-27 00:00:00-05:00,70.99026646132236,71.24019965615449,70.3931962623692,70.99968719482422,34132000,0.0,0.0
2020-01-28 00:00:00-05:00,71.49608309873746,72.14373017574707,70.93174708981847,71.93049621582031,29724000,0.0,0.0
2020-01-29 00:00:00-05:00,72.32522928653594,72.60690544755049,71.67709035915647,72.23795318603516,21566000,0.0,0.0
2020-01-30 00:00:00-05:00,71.3155792213507,72.1660483074748,71.16185099783613,72.11646270751953,27110000,0.0,0.0
2020-01-31 00:00:00-05:00,72.79136985685548,72.88112787586384,70.76809153712954,71.05175018310547,43822000,0.0,0.0
2020-02-03 00:00:00-05:00,72.48343235004066,73.70583517915193,72.23349910803961,73.52234649658203,71636000,0.0,0.0
2020-02-04 00:00:00-05:00,72.12835081014188,72.76557823057527,70.51865409884083,71.67807006835938,95880000,0.0,0.0
2020-02-05 00:00:00-05:00,72.58062487826129,72.6287273771318,70.89803624268711,71.70982360839844,36376000,0.0,0.0
2020-02-06 00:00:00-05:00,72.00388176660935,73.47076180394428,71.92949959238207,73.19355010986328,37822000,0.0,0.0
2020-02-07 00:00:00-05:00,72.76807866240974,73.65375637066822,72.6698911484849,73.34927368164062,28360000,0.0,0.0
2020-02-10 00:00:00-05:00,73.25604592514885,74.82557052333453,73.15537648833067,74.81465911865234,38302000,0.0,0.0
2020-02-11 00:00:00-05:00,75.04327053759313,75.86696810584262,74.65547678552417,74.88408660888672,34852000,0.0,0.0
2020-02-12 00:00:00-05:00,75.17171334002595,75.39189369571822,74.81516311800998,75.30908203125,31042000,0.0,0.0
2020-02-13 00:00:00-05:00,74.88110442539049,75.67206769006663,74.58356058636251,75.0492172241211,22914000,0.0,0.0
2020-02-14 00:00:00-05:00,75.10575582931537,75.379494369369,74.66043128930994,75.31403350830078,23198000,0.0,0.0
2020-02-18 00:00:00-05:00,75.09632856792217,75.90067759877253,74.9311895426324,75.34923553466797,25642000,0.0,0.0
2020-02-19 00:00:00-05:00,75.73405324495363,75.90960425641619,75.42560557770153,75.6185073852539,22746000,0.0,0.0
2020-02-20 00:00:00-05:00,75.32791507548832,75.72761146175247,74.59645752229817,75.22774505615234,25962000,0.0,0.0
2020-02-21 00:00:00-05:00,74.6123229813126,74.92821644497522,73.31851954400152,73.56497955322266,42520000,0.0,0.0
2020-02-24 00:00:00-05:00,70.56923390234532,71.23027423793134,69.76290240966694,70.41104125976562,49560000,0.0,0.0
2020-02-25 00:00:00-05:00,70.96349127440813,71.25358934741597,68.45522273304678,68.747802734375,51580000,0.0,0.0
2020-02-26 00:00:00-05:00,69.17724388929183,70.10408510430565,68.26329659306435,68.9535903930664,49776000,0.0,0.0
2020-02-27 00:00:00-05:00,67.39994084412521,67.90873614395468,65.17334092529835,65.20854949951172,62290000,0.0,0.0
2020-02-28 00:00:00-05:00,63.193204492422396,66.5722739739755,62.89070436777219,66.41358947753906,80198000,0.0,0.0
2020-03-02 00:00:00-05:00,67.01562107182778,68.80482655090657,65.71685370908082,68.747802734375,55430000,0.0,0.0
2020-03-03 00:00:00-05:00,69.31114862306558,69.83233844511692,65.9171948251204,66.33772277832031,56602000,0.0,0.0
2020-03-04 00:00:00-05:00,67.3910084911232,68.57224739337018,66.30200954107818,68.51373291015625,47598000,0.0,0.0
2020-03-05 00:00:00-05:00,66.72599709750645,67.12669225673191,64.5484988050263,65.1991195678711,54380000,0.0,0.0
2020-03-06 00:00:00-05:00,62.9769971984103,64.6035493381855,62.34521781036266,64.25592803955078,64640000,0.0,0.0
2020-03-09 00:00:00-04:00,59.75413741242582,62.12305866079698,59.41097297068797,60.29119873046875,69252000,0.0,0.0
2020-03-10 00:00:00-04:00,62.20537061822726,63.269572972951494,60.22771277532329,63.2358512878418,54872000,0.0,0.0
2020-03-11 00:00:00-04:00,61.901889422020155,62.33133872789939,59.06880204507788,60.048702239990234,54732000,0.0,0.0
2020-03-12 00:00:00-04:00,55.67088552919475,58.950281093480896,54.96918456837145,55.12192153930664,94326000,0.0,0.0
2020-03-13 00:00:00-04:00,58.2679152243598,60.22226345773861,55.158611522233514,60.215816497802734,79400000,0.0,0.0
2020-03-16 00:00:00-04:00,54.03391030090798,56.804014722190885,52.91664529324998,53.21022033691406,96520000,0.0,0.0
2020-03-17 00:00:00-04:00,54.08498798539528,55.83849297321683,52.02501404698684,55.44474792480469,83194000,0.0,0.0
2020-03-18 00:00:00-04:00,52.56257095894629,54.79660524805218,51.424970078900834,54.11226272583008,93044000,0.0,0.0
2020-03-19 00:00:00-04:00,53.964983044434405,57.15809373620562,52.34487397039444,55.127872467041016,74064000,0.0,0.0
2020-03-20 00:00:00-04:00,56.08149147147877,56.45738636340472,52.669690960507474,52.972686767578125,82878000,0.0,0.0
2020-03-23 00:00:00-04:00,52.38553745507887,52.90821796189328,50.03000577141187,52.27445602416992,83672000,0.0,0.0
2020-03-24 00:00:00-04:00,54.74652002572422,56.20198931680837,53.87621071144316,56.037349700927734,72468000,0.0,0.0
2020-03-25 00:00:00-04:00,55.76807440928379,56.838723734721434,53.70661363639943,54.629486083984375,90324000,0.0,0.0
2020-03-26 00:00:00-04:00,55.279116700352446,58.093854072789966,54.153917901971255,57.66936111450195,76562000,0.0,0.0
2020-03-27 00:00:00-04:00,55.911395704558494,57.08073204784074,54.74751506360393,55.05794906616211,62794000,0.0,0.0
2020-03-30 00:00:00-04:00,56.16777321835151,57.078247414984624,54.474269571410154,56.84566879272461,58736000,0.0,0.0
2020-03-31 00:00:00-04:00,56.96568065824295,58.1890670209297,56.37010109392205,57.62126159667969,65228000,0.0,0.0
2020-04-01 00:00:00-04:00,55.73931890160938,56.008097373392076,54.22632246793909,54.65329360961914,51970000,0.0,0.0
2020-04-02 00:00:00-04:00,54.549151445625526,55.6783190924219,54.208468955289,55.393672943115234,56410000,0.0,0.0
2020-04-03 00:00:00-04:00,55.27862233919662,55.48094867701905,53.31336646721793,54.18714141845703,51374000,0.0,0.0
2020-04-06 00:00:00-04:00,56.18563269892655,59.049460387953076,55.788910047440375,58.674560546875,63320000,0.0,0.0
2020-04-07 00:00:00-04:00,60.35169060850497,60.5386486628773,58.37998779819019,58.643310546875,61620000,0.0,0.0
2020-04-08 00:00:00-04:00,59.6618882417758,60.247051966830085,58.71223673380825,59.855289459228516,40334000,0.0,0.0
2020-04-09 00:00:00-04:00,60.40971984039294,60.59865664780215,59.13227577921186,59.83397674560547,54028000,0.0,0.0
2020-04-13 00:00:00-04:00,59.58254746490999,60.228211985811114,58.631904675648435,60.02439498901367,38702000,0.0,0.0
2020-04-14 00:00:00-04:00,61.49028400054519,63.26461680088407,60.923466061815894,62.7429313659668,63358000,0.0,0.0
2020-04-15 00:00:00-04:00,61.81460686948649,63.232885198503794,61.19423448072011,62.34968566894531,42236000,0.0,0.0
2020-04-16 00:00:00-04:00,62.837645447215486,63.14609692046677,61.40250825663297,62.35612487792969,57896000,0.0,0.0
2020-04-17 00:00:00-04:00,63.55968059070784,63.971279654647915,62.781115555550386,63.42578887939453,51050000,0.0,0.0
2020-04-20 00:00:00-04:00,62.97401789004605,63.3176779307609,62.307029946262375,62.54059982299805,35292000,0.0,0.0
2020-04-21 00:00:00-04:00,61.62616593937416,61.98767622078113,59.75611987683301,60.11118698120117,49648000,0.0,0.0
2020-04-22 00:00:00-04:00,61.546809349822276,63.469418241174125,61.352912506914855,62.404720306396484,46296000,0.0,0.0
2020-04-23 00:00:00-04:00,62.76822057097703,63.87953802477549,62.50985788688982,63.03749465942383,34202000,0.0,0.0
2020-04-24 00:00:00-04:00,62.23562530613796,63.36181922472336,61.69013452627562,63.3067741394043,37402000,0.0,0.0
2020-04-27 00:00:00-04:00,64.07045614945028,64.1745987676371,62.73449772386327,63.02212142944336,44186000,0.0,0.0
2020-04-28 00:00:00-04:00,63.63406872473429,63.71142467884531,61.0147150018543,61.12430953979492,80700000,0.0,0.0
2020-04-29 00:00:00-04:00,66.69874197813101,67.45003233788705,65.79273212855323,66.55889892578125,108358000,0.0,0.0
2020-04-30 00:00:00-04:00,66.02232428665536,66.94668363522894,65.53336173174351,66.78303527832031,55842000,0.0,0.0
2020-05-01 00:00:00-04:00,65.66179886879097,67.0175974915961,64.9462166247324,65.3260726928711,48872000,0.0,0.0
2020-05-04 00:00:00-04:00,64.87034957246755,65.68065376658639,64.26931430979212,65.60279083251953,30806000,0.0,0.0
2020-05-05 00:00:00-04:00,66.32681927549082,67.98858401381653,66.20433458292406,66.8980941772461,39666000,0.0,0.0
2020-05-06 00:00:00-04:00,67.34341219746076,67.87353091957088,66.70518581908316,66.72006225585938,31732000,0.0,0.0
2020-05-07 00:00:00-04:00,67.50754669271235,68.23603045485314,67.07264174294407,67.90277862548828,30652000,0.0,0.0
2020-05-08 00:00:00-04:00,68.52463821205002,69.25956128997706,68.03815763461286,68.64960479736328,33326000,0.0,0.0
2020-05-11 00:00:00-04:00,68.27520548318408,70.19632388908829,68.2112352957633,69.60421752929688,32718000,0.0,0.0
2020-05-12 00:00:00-04:00,69.83383223606998,70.13682424784653,68.16214747442724,68.19537353515625,33918000,0.0,0.0
2020-05-13 00:00:00-04:00,68.24396464855478,68.69870991776949,65.8561982347185,66.8638687133789,40368000,0.0,0.0
2020-05-14 00:00:00-04:00,66.1294392946917,67.3121612901518,65.62262654118136,67.28687286376953,36660000,0.0,0.0
2020-05-15 00:00:00-04:00,66.86039957997617,68.16560628520914,66.40118989060014,68.0902328491211,41544000,0.0,0.0
2020-05-18 00:00:00-04:00,67.52094887953119,69.0671676528227,67.15497035740877,68.69127655029297,47094000,0.0,0.0
2020-05-19 00:00:00-04:00,68.70615981767418,69.05378118346108,68.12496474010864,68.15670013427734,31586000,0.0,0.0
2020-05-20 00:00:00-04:00,68.88865203041004,70.02278001691025,68.80236716821895,69.88045501708984,38262000,0.0,0.0
2020-05-21 00:00:00-04:00,69.97120077662271,70.24245742688925,69.14800252337294,69.76094055175781,30894000,0.0,0.0
2020-05-22 00:00:00-04:00,69.61958897415187,70.26921852029433,69.22534831600099,70.082763671875,28544000,0.0,0.0
2020-05-26 00:00:00-04:00,71.5069951861751,71.6632053320512,70.38824330390248,70.48593139648438,44590000,0.0,0.0
2020-05-27 00:00:00-04:00,70.4179843310238,70.6832933415552,69.15839836325051,70.43186950683594,31684000,0.0,0.0
2020-05-28 00:00:00-04:00,69.42618481441546,71.63096165984945,69.38056425382432,70.3307113647461,35170000,0.0,0.0
2020-05-29 00:00:00-04:00,70.4393250257835,71.24764676163868,70.218652828686,71.08846282958984,37044000,0.0,0.0
2020-06-01 00:00:00-04:00,70.70065785212817,71.48814791077972,70.53105438742989,71.1553955078125,25162000,0.0,0.0
2020-06-02 00:00:00-04:00,71.16184772780194,71.55857034348811,70.49783354301282,71.52435302734375,23442000,0.0,0.0
2020-06-03 00:00:00-04:00,71.54369094375163,71.85660306579962,70.99423139231902,71.37260437011719,27732000,0.0,0.0
2020-06-04 00:00:00-04:00,71.2501248242787,71.47526904447197,69.72423813412438,70.13533782958984,26982000,0.0,0.0
2020-06-05 00:00:00-04:00,70.20178017806124,71.72221852046398,69.80406630546283,71.4107894897461,42642000,0.0,0.0
2020-06-08 00:00:00-04:00,70.72943087648002,71.85611291261435,70.64016468589004,71.80850982666016,33878000,0.0,0.0
2020-06-09 00:00:00-04:00,71.66964305931985,72.78839479746945,71.52681869758881,72.00883483886719,33624000,0.0,0.0
2020-06-10 00:00:00-04:00,72.47648141459497,73.0348622998667,72.1219137520516,72.63467407226562,31762000,0.0,0.0
2020-06-11 00:00:00-04:00,71.46088343383067,71.98505464439063,69.34735477136469,69.52042388916016,47144000,0.0,0.0
2020-06-12 00:00:00-04:00,70.70859413359544,71.1375515555571,68.7220148203328,70.06690216064453,36676000,0.0,0.0
2020-06-15 00:00:00-04:00,68.90500481086467,70.66594810504006,68.79144145539158,70.45469665527344,30468000,0.0,0.0
2020-06-16 00:00:00-04:00,71.85610266711461,72.26125473639239,70.86380812050945,71.73064422607422,30648000,0.0,0.0
2020-06-17 00:00:00-04:00,72.05150991254823,72.51071212227092,71.1683065061805,72.03166961669922,30610000,0.0,0.0
2020-06-18 00:00:00-04:00,71.89826945258076,72.05298894392186,70.72744235742255,71.11821746826172,34862000,0.0,0.0
2020-06-19 00:00:00-04:00,71.40979643273978,71.63295053322123,70.36840054135394,70.6480941772461,52784000,0.0,0.0
2020-06-22 00:00:00-04:00,70.66645003115394,71.95281537744636,70.37783504857579,71.93843078613281,29442000,0.0,0.0
2020-06-23 00:00:00-04:00,72.00487204800746,73.15536677281354,71.65774262823108,72.59896087646484,37752000,0.0,0.0
2020-06-24 00:00:00-04:00,72.56426402456245,73.18463264160842,70.91390265538281,71.04779815673828,31592000,0.0,0.0
2020-06-25 00:00:00-04:00,70.97440158641986,71.52485247707787,70.39518907866939,71.46435546875,23958000,0.0,0.0
2020-06-26 00:00:00-04:00,71.04432444908078,71.26202286929771,67.19464153368672,67.56855010986328,97640000,0.0,0.0
2020-06-29 00:00:00-04:00,67.45944641414235,69.32701421353897,67.02850648187311,69.28585052490234,45074000,0.0,0.0
2020-06-30 00:00:00-04:00,69.27147878140379,70.61635863988086,68.77805172682511,70.32129669189453,40286000,0.0,0.0
2020-07-01 00:00:00-04:00,70.3768421161721,71.83032898693156,70.12938326370785,71.50897979736328,42182000,0.0,0.0
2020-07-02 00:00:00-04:00,71.99695439492824,73.81592043493603,71.95876447702986,72.89403533935547,57218000,0.0,0.0
2020-07-06 00:00:00-04:00,73.79756767696199,74.88111101976311,73.24364363672055,74.36785125732422,44712000,0.0,0.0
2020-07-07 00:00:00-04:00,74.19329366469888,75.44246780197778,73.87442642573149,73.88533782958984,42364000,0.0,0.0
2020-07-08 00:00:00-04:00,74.42487655792402,74.9391275363047,74.00335737778137,74.56372833251953,31766000,0.0,0.0
2020-07-09 00:00:00-04:00,74.87763965842205,75.83026886920159,74.1665217588181,75.31056213378906,41836000,0.0,0.0
2020-07-10 00:00:00-04:00,75.04226597577468,76.4352556332494,74.42090622047326,76.31970977783203,35918000,0.0,0.0
2020-07-13 00:00:00-04:00,76.86174141702182,78.17191203749789,74.71052246568456,74.99169921875,42954000,0.0,0.0
2020-07-14 00:00:00-04:00,74.0276638809234,75.51585983280482,73.68747324161508,75.4196548461914,38108000,0.0,0.0
2020-07-15 00:00:00-04:00,75.53718469026553,76.18681428524529,74.2775985185989,75.2222900390625,31026000,0.0,0.0
2020-07-16 00:00:00-04:00,74.45959427860498,75.17419293783173,73.80351767649992,75.1250991821289,26484000,0.0,0.0
2020-07-17 00:00:00-04:00,75.22376845137862,75.54710012521701,74.29097965125972,75.22079467773438,34264000,0.0,0.0
2020-07-20 00:00:00-04:00,75.12905704307107,77.8074208084694,74.51910048084655,77.55104064941406,30166000,0.0,0.0
2020-07-21 00:00:00-04:00,78.60186132798782,78.70203135101997,76.99463868090396,77.15828704833984,27486000,0.0,0.0
2020-07-22 00:00:00-04:00,77.14787303751817,77.70675334704666,76.52898757148118,77.60112762451172,24482000,0.0,0.0
2020-07-23 00:00:00-04:00,77.65469369706234,77.87388279477673,74.81119054190296,75.21585083007812,33910000,0.0,0.0
2020-07-24 00:00:00-04:00,74.34505124105762,75.15039166978701,73.76980375376206,74.79235076904297,29902000,0.0,0.0
2020-07-27 00:00:00-04:00,75.0427754818971,76.24781222334954,74.9966555026243,75.84464263916016,27124000,0.0,0.0
2020-07-28 00:00:00-04:00,75.62496226274747,75.67504727423581,74.41099662396583,74.56621551513672,30910000,0.0,0.0
2020-07-29 00:00:00-04:00,74.63315872892666,76.03804366539825,74.53447181046977,75.55107116699219,22676000,0.0,0.0
2020-07-30 00:00:00-04:00,74.28454085408097,76.41295336384728,74.14568906688521,76.2879867553711,36042000,0.0,0.0
2020-07-31 00:00:00-04:00,74.23890781925564,74.63413971739837,72.10404870762487,73.78763580322266,91468000,0.0,0.0
2020-08-03 00:00:00-04:00,73.93889871670713,74.27263483646993,72.982796377369,73.5302734375,45482000,0.0,0.0
2020-08-04 00:00:00-04:00,73.72615502792115,74.04353160138255,72.60144805958299,73.06114959716797,37212000,0.0,0.0
2020-08-05 00:00:00-04:00,73.23570970460068,73.88930432200833,72.95799858052132,73.34827423095703,29134000,0.0,0.0
2020-08-06 00:00:00-04:00,73.20248543087422,74.6961371287166,72.99172582956919,74.63067626953125,33306000,0.0,0.0
2020-08-07 00:00:00-04:00,74.83350979435441,75.38147873345969,73.70433828894927,74.30438232421875,27718000,0.0,0.0
2020-08-10 00:00:00-04:00,73.92898105188225,74.73977711058357,73.26893187451145,74.2275161743164,20546000,0.0,0.0
2020-08-11 00:00:00-04:00,74.08766106264545,74.9029290830015,73.30364415071575,73.42018127441406,31098000,0.0,0.0
2020-08-12 00:00:00-04:00,73.74647443510719,74.96391299376965,73.64134057843368,74.74422454833984,22512000,0.0,0.0
2020-08-13 00:00:00-04:00,74.79233862250962,76.21855444545622,74.79233862250962,75.21087646484375,22388000,0.0,0.0
2020-08-14 00:00:00-04:00,75.06013175554337,75.36660452613891,74.33562050081562,74.61481475830078,21942000,0.0,0.0
2020-08-17 00:00:00-04:00,75.1771583632833,75.56446023024378,74.63315451205264,75.19054412841797,19990000,0.0,0.0
2020-08-18 00:00:00-04:00,75.68049915036515,77.23019092166476,75.45982697689634,77.1513442993164,28378000,0.0,0.0
2020-08-19 00:00:00-04:00,76.98818722838891,77.79998205796244,76.36880993674055,76.59741973876953,30472000,0.0,0.0
2020-08-20 00:00:00-04:00,76.36731743172305,78.36084298271476,76.09407832961335,78.16645050048828,26382000,0.0,0.0
2020-08-21 00:00:00-04:00,77.9457743659373,78.94154971294752,77.47516898620518,78.13273620605469,34838000,0.0,0.0
2020-08-24 00:00:00-04:00,78.9708081393401,79.77962926395986,78.10645386630996,78.6078109741211,25638000,0.0,0.0
2020-08-25 00:00:00-04:00,78.35737106631586,79.78457814472273,78.24728090400605,79.63432312011719,25150000,0.0,0.0
2020-08-26 00:00:00-04:00,79.65663374936909,81.96208008160359,79.39281538968537,81.53262329101562,52188000,0.0,0.0
2020-08-27 00:00:00-04:00,81.65561048941696,81.72404511830622,80.27700533270146,80.75852966308594,31350000,0.0,0.0
2020-08-28 00:00:00-04:00,80.80564164230469,81.39476664406783,80.61422293122781,81.29955291748047,22418000,0.0,0.0
2020-08-31 00:00:00-04:00,81.50486573387329,81.55098571536558,80.60034658249602,80.80862426757812,26422000,0.0,0.0
2020-09-01 00:00:00-04:00,80.93904333000434,82.2809493495807,80.80862102170718,82.07564544677734,22652000,0.0,0.0
2020-09-02 00:00:00-04:00,82.71685576471795,85.59755015191129,82.3290619784215,85.16561889648438,49522000,0.0,0.0
2020-09-03 00:00:00-04:00,84.27943415274483,84.30323947854686,79.72656344056428,80.80763244628906,63726000,0.0,0.0
2020-09-04 00:00:00-04:00,79.79052021748116,81.07936727771299,76.26813467762842,78.41241455078125,55850000,0.0,0.0
2020-09-08 00:00:00-04:00,75.62496025313807,77.13993533300419,75.20344105449351,75.55553436279297,54032000,0.0,0.0
2020-09-09 00:00:00-04:00,76.81016761668064,77.2971401284128,75.63339304854327,76.72735595703125,39242000,0.0,0.0
2020-09-10 00:00:00-04:00,76.87363960393168,78.0380120006391,75.37700663755594,75.6770248413086,33024000,0.0,0.0
2020-09-11 00:00:00-04:00,75.78116136551324,76.3043336256025,74.03905978761586,75.16674041748047,30706000,0.0,0.0
2020-09-14 00:00:00-04:00,75.95471996742477,77.21183159026285,74.63860202176961,74.82307434082031,42660000,0.0,0.0
2020-09-15 00:00:00-04:00,75.7682830632299,76.9138141369124,75.48115874300053,76.12681579589844,23042000,0.0,0.0
2020-09-16 00:00:00-04:00,76.49180158810144,77.08142606699325,74.95995988574093,74.98475646972656,22128000,0.0,0.0
2020-09-17 00:00:00-04:00,73.68151914994446,74.31875423371972,72.52359367520403,73.74251556396484,40008000,0.0,0.0
2020-09-18 00:00:00-04:00,73.80500821832771,74.14718140405718,70.99423937213804,71.95975494384766,63056000,0.0,0.0
2020-09-21 00:00:00-04:00,70.99422831812555,71.41276613993426,69.55909124439718,70.92083740234375,56908000,0.0,0.0
2020-09-22 00:00:00-04:00,71.92155731932259,72.59846532850516,70.88909043332232,72.39266204833984,33950000,0.0,0.0
2020-09-23 00:00:00-04:00,72.00934681768462,72.05844057241953,69.55910082477837,69.891845703125,37726000,0.0,0.0
2020-09-24 00:00:00-04:00,69.55909799295081,71.31012111863477,69.53281074002145,70.55982208251953,34552000,0.0,0.0
2020-09-25 00:00:00-04:00,70.66843890745302,71.70437171462316,69.8070583266298,71.36319732666016,30326000,0.0,0.0
2020-09-28 00:00:00-04:00,72.99619210723424,73.04577770670436,71.72123004229934,72.33515167236328,30784000,0.0,0.0
2020-09-29 00:00:00-04:00,72.59550743432801,72.99668695835517,72.1040628957375,72.70014190673828,31816000,0.0,0.0
2020-09-30 00:00:00-04:00,72.44822189421207,73.70086941289681,72.19134985223658,72.67931365966797,40924000,0.0,0.0
2020-10-01 00:00:00-04:00,73.57490368942042,74.14073037908443,73.23471303836575,73.78516387939453,32884000,0.0,0.0
2020-10-02 00:00:00-04:00,72.38325885946809,73.34530884042559,71.77429347982753,72.18341064453125,31222000,0.0,0.0
2020-10-05 00:00:00-04:00,72.53302071478075,73.6264842512072,72.40607158601448,73.53375244140625,21602000,0.0,0.0
2020-10-06 00:00:00-04:00,73.17024916293467,73.61754863021302,71.65824787299684,71.95628356933594,26096000,0.0,0.0
2020-10-07 00:00:00-04:00,72.3673848593541,72.8464272920144,71.07407320039421,72.35895538330078,36108000,0.0,0.0
2020-10-08 00:00:00-04:00,72.67186671262658,73.79160984769521,72.67186671262658,73.5634994506836,26076000,0.0,0.0
2020-10-09 00:00:00-04:00,74.03112767666134,74.97284538187411,73.74053020813113,74.9034194946289,32966000,0.0,0.0
2020-10-12 00:00:00-04:00,76.26962637160483,78.76995701320932,75.83818706732326,77.58822631835938,55344000,0.0,0.0
2020-10-13 00:00:00-04:00,78.20415508340002,78.60831596819463,77.29268950678924,77.71122741699219,39072000,0.0,0.0
2020-10-14 00:00:00-04:00,78.08462872761372,78.54333141599089,76.66138672902949,77.53119659423828,33174000,0.0,0.0
2020-10-15 00:00:00-04:00,76.59196719094011,77.92594312364784,76.42485320690311,77.13597106933594,31210000,0.0,0.0
2020-10-16 00:00:00-04:00,77.45138046258569,78.23887074441667,77.24459341891476,77.74247741699219,34194000,0.0,0.0
2020-10-19 00:00:00-04:00,78.1505802742587,78.54730285581954,75.52180983862715,75.87042236328125,29734000,0.0,0.0
2020-10-20 00:00:00-04:00,75.53123918577117,78.04694597778177,75.40180813556019,76.91827392578125,41670000,0.0,0.0
2020-10-21 00:00:00-04:00,77.84908337715488,80.0950243200402,77.71469603177026,78.64946746826172,60322000,0.0,0.0
2020-10-22 00:00:00-04:00,78.6003693037984,80.00971867518831,78.22745200812956,79.67449188232422,30512000,0.0,0.0
2020-10-23 00:00:00-04:00,80.09057008845635,81.03625305049565,79.93485175887724,80.97972106933594,30548000,0.0,0.0
2020-10-26 00:00:00-04:00,80.08805986687796,80.81108026890311,77.74641387017348,78.56514739990234,35826000,0.0,0.0
2020-10-27 00:00:00-04:00,78.79526915461666,79.4434081514448,78.20316272181296,79.28868865966797,25902000,0.0,0.0
2020-10-28 00:00:00-04:00,76.86520815058896,77.05364551687353,74.80572991828615,74.9207763671875,45174000,0.0,0.0
2020-10-29 00:00:00-04:00,75.22923522407544,78.78583875857211,75.20592931015136,77.20590209960938,55406000,0.0,0.0
2020-10-30 00:00:00-04:00,82.68857929063469,83.37689063114517,79.42207419697557,80.14311218261719,99878000,0.0,0.0
2020-11-02 00:00:00-05:00,80.51158068776404,82.23235921213355,80.050388434645,80.55026245117188,44228000,0.0,0.0
2020-11-03 00:00:00-05:00,80.86960946086896,82.27002983001302,79.9447507315101,81.6084976196289,31432000,0.0,0.0
2020-11-04 00:00:00-05:00,84.57994366770366,87.77603157159547,84.4520032958134,86.57694244384766,71342000,0.0,0.0
2020-11-05 00:00:00-05:00,87.79685143429904,88.85659689104831,86.33790903274921,87.4026107788086,39758000,0.0,0.0
2020-11-06 00:00:00-05:00,86.8491952834686,87.70016376285554,86.12220215146095,87.2652587890625,28622000,0.0,0.0
2020-11-09 00:00:00-05:00,89.0628918684201,90.09981569190971,87.1571418807164,87.34905242919922,53440000,0.0,0.0
2020-11-10 00:00:00-05:00,85.77952644234995,87.24788954723216,85.1026184059811,86.17376708984375,43022000,0.0,0.0
2020-11-11 00:00:00-05:00,86.70340081963118,87.42245635168302,86.43859116132685,86.6453857421875,31838000,0.0,0.0
2020-11-12 00:00:00-05:00,86.38601724295751,87.5256006507518,86.18616905114561,86.42668151855469,26474000,0.0,0.0
2020-11-13 00:00:00-05:00,86.68356532652022,88.12812330500522,86.08749390814062,87.8866195678711,29744000,0.0,0.0
2020-11-16 00:00:00-05:00,87.48394246884763,88.98156668140368,87.34459128225902,87.9743881225586,25468000,0.0,0.0
2020-11-17 00:00:00-05:00,87.66841068929054,88.12861160522714,87.25334605642084,87.36095428466797,21314000,0.0,0.0
2020-11-18 00:00:00-05:00,87.11201820971709,87.52659102492422,86.21592105216274,86.31857299804688,20108000,0.0,0.0
2020-11-19 00:00:00-05:00,85.9511206538615,87.4517188316341,85.79193672214883,87.20773315429688,20106000,0.0,0.0
2020-11-20 00:00:00-05:00,87.37782025271105,87.69321431232694,86.03888806138033,86.1073226928711,27694000,0.0,0.0
2020-11-23 00:00:00-05:00,86.29775148895854,86.58388452691703,84.80806483367506,85.66993713378906,22530000,0.0,0.0
2020-11-24 00:00:00-05:00,85.66696514111936,87.59998627783115,85.33123893145898,87.4720458984375,27984000,0.0,0.0
2020-11-25 00:00:00-05:00,87.66594925071765,87.79339022162621,86.70141738515697,87.48345184326172,19600000,0.0,0.0
2020-11-27 00:00:00-05:00,87.50377401389918,89.11397029438973,87.50377401389918,88.61856079101562,14790000,0.0,0.0
2020-11-30 00:00:00-05:00,88.05473655890232,88.28731141843316,86.67563180881602,87.00094604492188,32418000,0.0,0.0
2020-12-01 00:00:00-05:00,87.60891569180329,90.33934712767135,87.42890021723332,89.03215026855469,37350000,0.0,0.0
2020-12-02 00:00:00-05:00,89.03214790983743,90.88583053694929,88.52682579597574,90.5005111694336,29424000,0.0,0.0
2020-12-03 00:00:00-05:00,90.28083679102588,91.43578858562074,90.10528575268816,90.34530639648438,24728000,0.0,0.0
2020-12-04 00:00:00-05:00,90.26497019974981,90.72516363204076,89.93618277474572,90.44052124023438,20544000,0.0,0.0
2020-12-07 00:00:00-05:00,90.03336726128934,90.7147397818171,89.41299871935603,90.10676574707031,22288000,0.0,0.0
2020-12-08 00:00:00-05:00,89.68475306209454,90.05419714492693,88.82981962250061,89.8240966796875,19936000,0.0,0.0
2020-12-09 00:00:00-05:00,89.77600140990651,90.66912483380474,87.3778230247118,88.16432189941406,31728000,0.0,0.0
2020-12-10 00:00:00-05:00,87.40757975682408,88.02200081653986,85.9659955088699,87.65801239013672,28688000,0.0,0.0
2020-12-11 00:00:00-05:00,87.27864133152798,88.13704799737961,86.91861796512762,88.0125732421875,18628000,0.0,0.0
2020-12-14 00:00:00-05:00,87.81025930441976,88.75643400751298,86.73960226706616,86.89482116699219,33050000,0.0,0.0
2020-12-15 00:00:00-05:00,87.2717097772614,87.47701370621608,86.36967247567071,87.33221435546875,21352000,0.0,0.0
2020-12-16 00:00:00-05:00,87.7304049543823,87.7304049543823,86.73612785383081,87.13928985595703,24676000,0.0,0.0
2020-12-17 00:00:00-05:00,87.4735323654879,87.61139288477847,85.84796774736196,86.31212615966797,34880000,0.0,0.0
2020-12-18 00:00:00-05:00,86.59281350662172,86.7014130032397,85.04708672490963,85.60348510742188,85256000,0.0,0.0
2020-12-21 00:00:00-05:00,84.7559825869956,86.13806088707005,84.00568362055076,86.01705932617188,33974000,0.0,0.0
2020-12-22 00:00:00-05:00,85.75772559430041,85.92038272426797,84.58987978727575,85.30596160888672,20370000,0.0,0.0
2020-12-23 00:00:00-05:00,85.48992918586241,86.49065326644407,85.35454302432285,85.70316314697266,22974000,0.0,0.0
2020-12-24 00:00:00-05:00,85.74134221937419,86.40634763890155,85.51074990274458,85.99723052978516,9312000,0.0,0.0
2020-12-28 00:00:00-05:00,86.5303238857838,88.61757255277705,86.3770950854727,87.97091674804688,27650000,0.0,0.0
2020-12-29 00:00:00-05:00,88.62898889546618,88.69047715763739,87.03615082463631,87.16756439208984,19726000,0.0,0.0
2020-12-30 00:00:00-05:00,87.52659230132683,87.66346156450165,85.69175873529313,86.10087585449219,21026000,0.0,0.0
2020-12-31 00:00:00-05:00,86.1514640567951,87.15467009608656,86.09294200196078,86.91366577148438,21070000,0.0,0.0
2021-01-04 00:00:00-05:00,87.2786364939041,87.40211241746897,84.65730423081347,85.5990219116211,37324000,0.0,0.0
2021-01-05 00:00:00-05:00,85.54745991038807,86.62554760631905,85.14131652388939,86.2893295288086,20360000,0.0,0.0
2021-01-06 00:00:00-05:00,84.31613287098162,86.48371900443895,84.10983770465201,85.43785858154297,46588000,0.0,0.0
2021-01-07 00:00:00-05:00,85.63024996050096,88.16232337948856,85.63024996050096,87.98975372314453,41936000,0.0,0.0
2021-01-08 00:00:00-05:00,88.12961137899272,89.23051304839001,87.33913991776798,89.1546401977539,35484000,0.0,0.0
2021-01-11 00:00:00-05:00,88.12267587614072,88.48766315068418,86.88887738798617,87.09467315673828,34796000,0.0,0.0
2021-01-12 00:00:00-05:00,86.55264274953645,87.67040339276643,85.11552300350571,86.15939331054688,29528000,0.0,0.0
2021-01-13 00:00:00-05:00,85.65804035537805,87.09963218216294,85.65804035537805,86.64637756347656,23432000,0.0,0.0
2021-01-14 00:00:00-05:00,86.72670521887984,87.65305472805,85.59605062771794,85.83656311035156,29212000,0.0,0.0
2021-01-15 00:00:00-05:00,85.74233848952319,86.6647153768153,84.88393935871447,85.67291259765625,31444000,0.0,0.0
2021-01-19 00:00:00-05:00,86.43561418775866,89.45267807678509,85.93128331929772,88.49211883544922,41660000,0.0,0.0
2021-01-20 00:00:00-05:00,90.56993747642771,94.20737744445935,90.2297543947526,93.2329330444336,64152000,0.0,0.0
2021-01-21 00:00:00-05:00,93.90636166357693,95.81210413081008,93.20019257350067,93.43524932861328,58634000,0.0,0.0
2021-01-22 00:00:00-05:00,93.79776072604933,94.43896084883245,93.05589117003073,93.85231018066406,32744000,0.0,0.0
2021-01-25 00:00:00-05:00,94.85304490741599,95.3033257370761,92.19600437288214,93.93760681152344,50586000,0.0,0.0
2021-01-26 00:00:00-05:00,93.52650995574975,95.00231152937288,93.03755491647793,94.61550903320312,31462000,0.0,0.0
2021-01-27 00:00:00-05:00,92.97705264284299,93.25277371377656,89.1273696425718,90.20149230957031,82512000,0.0,0.0
2021-01-28 00:00:00-05:00,90.79954993985909,93.62568701190574,90.79954993985909,91.90045166015625,55278000,0.0,0.0
2021-01-29 00:00:00-05:00,90.94929666786128,91.61975778123126,89.33960734800256,90.61902618408203,44530000,0.0,0.0
2021-02-01 00:00:00-05:00,91.47346083810595,94.99188128707719,91.47346083810595,93.87759399414062,40252000,0.0,0.0
2021-02-02 00:00:00-05:00,94.87238913054661,96.66953234686342,94.53715474973095,95.16943359375,66332000,0.0,0.0
2021-02-03 00:00:00-05:00,102.43388711910048,104.4675776467,99.85222011919001,102.10014343261719,97882000,0.0,0.0
2021-02-04 00:00:00-05:00,102.18642035715034,102.61686084448914,100.92087916656516,101.83979034423828,48596000,0.0,0.0
2021-02-05 00:00:00-05:00,102.13386099437315,103.9379504485251,101.6597824251192,103.58536529541016,29866000,0.0,0.0
2021-02-08 00:00:00-05:00,104.13930054000004,104.88315268671433,102.32182512427782,103.37164306640625,28828000,0.0,0.0
2021-02-09 00:00:00-05:00,102.88961562155747,104.06539887651223,102.65158507922345,102.91887664794922,21892000,0.0,0.0
2021-02-10 00:00:00-05:00,103.30319541840504,104.08374671519705,101.77086200517664,103.46882629394531,25102000,0.0,0.0
2021-02-11 00:00:00-05:00,103.69298648216022,103.84175084970272,102.59505853519615,103.58140563964844,20480000,0.0,0.0
2021-02-12 00:00:00-05:00,103.13607633020287,104.11448568687386,102.8286123513811,103.892822265625,18990000,0.0,0.0
2021-02-16 00:00:00-05:00,103.73016383309847,106.37778331502909,103.73016383309847,104.6698989868164,31004000,0.0,0.0
2021-02-17 00:00:00-05:00,103.84075695054456,105.2520964251539,103.56157027886391,105.06266021728516,20294000,0.0,0.0
2021-02-18 00:00:00-05:00,104.38724144669854,105.22978044150346,103.8085208383096,104.42740631103516,22546000,0.0,0.0
2021-02-19 00:00:00-05:00,104.52559167005224,105.0606666112544,103.31757370923654,103.58436584472656,37938000,0.0,0.0
2021-02-22 00:00:00-05:00,101.83830606942489,103.1638524951323,101.56060251176662,101.87103271484375,29466000,0.0,0.0
2021-02-23 00:00:00-05:00,99.874032566136,102.77555020656679,98.69576750003357,102.16162109375,34658000,0.0,0.0
2021-02-24 00:00:00-05:00,100.66996455548863,103.56007930549984,100.54549736259403,103.33642578125,22608000,0.0,0.0
2021-02-25 00:00:00-05:00,101.95385918325073,103.296264656048,99.50212250444032,99.97124481201172,41548000,0.0,0.0
2021-02-26 00:00:00-05:00,100.66549742752122,101.98310623375514,99.23036023728218,100.26679229736328,40042000,0.0,0.0
2021-03-01 00:00:00-05:00,101.5606048992847,102.96053353696968,100.88716997270484,102.63472747802734,26060000,0.0,0.0
2021-03-02 00:00:00-05:00,102.39570360453789,103.87845154552576,101.99055905326092,102.37785339355469,25564000,0.0,0.0
2021-03-03 00:00:00-05:00,101.7564937545508,102.94863663130721,98.88273841636625,99.74610900878906,33892000,0.0,0.0
2021-03-04 00:00:00-05:00,99.91768591072356,102.87920915491242,99.44955486444132,100.86287689208984,49216000,0.0,0.0
2021-03-05 00:00:00-05:00,102.21271269276662,104.44674319929116,100.55788705118852,103.99398803710938,53100000,0.0,0.0
2021-03-08 00:00:00-05:00,103.34882412283017,104.8206529765834,99.43764570827803,99.55220031738281,36868000,0.0,0.0
2021-03-09 00:00:00-05:00,101.64739650665258,102.35008494397798,100.94569176049765,101.1817398071289,33920000,0.0,0.0
2021-03-10 00:00:00-05:00,102.22511823828405,102.22511823828405,100.13886060476449,100.9749526977539,27100000,0.0,0.0
2021-03-11 00:00:00-05:00,102.06741705146506,104.69817024362116,101.97964153853603,104.16606903076172,27702000,0.0,0.0
2021-03-12 00:00:00-05:00,102.96946888396107,103.02897463234642,100.78799753105496,101.6597900390625,33818000,0.0,0.0
2021-03-15 00:00:00-04:00,101.41084443797796,101.90723768058707,100.5583928421277,101.87996673583984,26168000,0.0,0.0
2021-03-16 00:00:00-04:00,102.45272538765994,104.81767759960309,102.12047238189682,103.34039306640625,31900000,0.0,0.0
2021-03-17 00:00:00-04:00,102.57570402029985,104.08968771643904,101.36818547416158,103.257568359375,26382000,0.0,0.0
2021-03-18 00:00:00-04:00,101.56952763068206,102.58960018110442,100.13141662467372,100.23853302001953,31700000,0.0,0.0
2021-03-19 00:00:00-04:00,100.65459585242806,101.0170935919781,99.32557619974676,100.51722717285156,46072000,0.0,0.0
2021-03-22 00:00:00-04:00,100.55044851754279,101.57745981871109,99.87453168948488,100.70219421386719,33536000,0.0,0.0
2021-03-23 00:00:00-04:00,101.16138562833157,102.35948337864184,100.56878749579266,101.22982025146484,28510000,0.0,0.0
2021-03-24 00:00:00-04:00,101.74705457606407,102.53256214622269,100.61838259998439,100.79344177246094,25218000,0.0,0.0
2021-03-25 00:00:00-04:00,100.62086633670765,101.44356501016514,98.9863728269257,100.78997039794922,35616000,0.0,0.0
2021-03-26 00:00:00-04:00,100.75674996559889,101.1336323017579,99.37119832005897,100.40664672851562,27978000,0.0,0.0
2021-03-29 00:00:00-04:00,100.27919338600256,101.6206075032876,99.45053959162658,101.45100402832031,26492000,0.0,0.0
2021-03-30 00:00:00-04:00,101.80755821783723,102.28808372412591,100.97295690505184,101.48472595214844,27312000,0.0,0.0
2021-03-31 00:00:00-04:00,101.87797712697532,103.45792116829037,101.51100739464236,102.28064727783203,42570000,0.0,0.0
2021-04-01 00:00:00-04:00,103.7549679821722,105.91213441854954,103.71430370630291,105.61608123779297,39880000,0.0,0.0
2021-04-05 00:00:00-04:00,106.47746082606572,110.53592048261828,106.38125583923181,110.03852844238281,48510000,0.0,0.0
2021-04-06 00:00:00-04:00,109.63982255502079,110.48682596318324,109.18706739203486,109.55750274658203,35240000,0.0,0.0
2021-04-07 00:00:00-04:00,109.74793242768109,111.30506244729017,109.74793242768109,111.03380584716797,24134000,0.0,0.0
2021-04-08 00:00:00-04:00,112.27207187647824,112.658382510487,111.23117534122576,111.59913635253906,28664000,0.0,0.0
2021-04-09 00:00:00-04:00,111.3516723945579,112.76647732788905,110.94602092605987,112.60282897949219,26146000,0.0,0.0
2021-04-12 00:00:00-04:00,111.78211703998792,111.91947814319695,110.4778940603642,111.3110122680664,25024000,0.0,0.0
2021-04-13 00:00:00-04:00,111.6269058095295,112.24579128521644,111.23315696050524,111.79749298095703,25682000,0.0,0.0
2021-04-14 00:00:00-04:00,112.44217717256038,112.44217717256038,110.884555124109,111.1766357421875,21002000,0.0,0.0
2021-04-15 00:00:00-04:00,112.1704155210859,113.8589591031954,111.63583238423234,113.32585906982422,29174000,0.0,0.0
2021-04-16 00:00:00-04:00,113.52373007572085,113.77168077567667,112.61523834787371,113.20188903808594,26282000,0.0,0.0
2021-04-19 00:00:00-04:00,112.57854354901255,114.26014079100582,112.57854354901255,113.54951477050781,30290000,0.0,0.0
2021-04-20 00:00:00-04:00,113.93284788352207,114.00772947962533,111.93090021599527,113.01642608642578,22288000,0.0,0.0
2021-04-21 00:00:00-04:00,112.67126807997798,113.06550874851278,111.32092512104474,112.98368835449219,23204000,0.0,0.0
2021-04-22 00:00:00-04:00,112.837393589657,113.50587220316932,111.09777377545008,111.70277404785156,24146000,0.0,0.0
2021-04-23 00:00:00-04:00,112.4208378072845,114.36080521624167,112.13569603609702,114.05384063720703,29066000,0.0,0.0
2021-04-26 00:00:00-04:00,114.28146082870616,115.27376298428891,113.92441123580916,114.54974365234375,32038000,0.0,0.0
2021-04-27 00:00:00-04:00,114.93158197534504,114.97224624824679,113.37097889164538,113.6100082397461,44386000,0.0,0.0
2021-04-28 00:00:00-04:00,118.6444052488308,120.57247005777245,116.69650771409113,116.98512268066406,81106000,0.0,0.0
2021-04-29 00:00:00-04:00,118.48224361950828,119.22262247919515,117.71954253961522,118.65729522705078,41234000,0.0,0.0
2021-04-30 00:00:00-04:00,117.43043490062821,118.1162643027293,116.36623251844566,116.71038818359375,44856000,0.0,0.0
2021-05-03 00:00:00-04:00,117.2762012400106,118.10138178756102,115.8177582594562,116.19364929199219,28242000,0.0,0.0
2021-05-04 00:00:00-04:00,114.72927091275335,115.29658074496845,111.90908129254251,114.39602661132812,44818000,0.0,0.0
2021-05-05 00:00:00-04:00,115.47707681798022,115.7929627021669,114.46791577667229,114.78975677490234,26636000,0.0,0.0
2021-05-06 00:00:00-04:00,114.3712116819427,115.90950012207031,113.71216140342943,115.90950012207031,25190000,0.0,0.0
2021-05-07 00:00:00-04:00,117.22564307589363,117.59062276334002,116.34640478417988,116.63253784179688,28898000,0.0,0.0
2021-05-10 00:00:00-04:00,115.45278230823058,115.59461543086714,113.29065197517465,113.64820098876953,30914000,0.0,0.0
2021-05-11 00:00:00-04:00,111.23416080961009,113.07940650319262,110.78040678264628,112.57259368896484,34186000,0.0,0.0
2021-05-12 00:00:00-04:00,110.3970831268485,111.47765277681279,108.78193027743689,109.11071014404297,46376000,0.0,0.0
2021-05-13 00:00:00-04:00,110.39358423544002,111.05412515587024,109.4315344654272,110.53839111328125,33204000,0.0,0.0
2021-05-14 00:00:00-04:00,112.00131096781348,113.29957888960938,111.577809256897,112.98517608642578,31996000,0.0,0.0
2021-05-17 00:00:00-04:00,112.25074645700623,113.55050506879931,111.85105006420112,113.50785827636719,21598000,0.0,0.0
2021-05-18 00:00:00-04:00,114.17385549892235,114.43817329757108,112.18231233154226,112.19619750976562,22204000,0.0,0.0
2021-05-19 00:00:00-04:00,110.50816157713805,112.81707393353265,110.35988904981882,112.64400482177734,23684000,0.0,0.0
2021-05-20 00:00:00-04:00,113.61101419771367,114.65240260155116,113.24007940429303,114.4019775390625,32352000,0.0,0.0
2021-05-21 00:00:00-04:00,114.92067995406296,114.99407844296304,113.52669887961433,113.76622009277344,40632000,0.0,0.0
2021-05-24 00:00:00-04:00,114.79571714938808,117.30795076933327,114.65041840397706,117.08430480957031,31832000,0.0,0.0
2021-05-25 00:00:00-04:00,117.6277963375595,118.22287643220353,116.78476557290928,117.17504119873047,22440000,0.0,0.0
2021-05-26 00:00:00-04:00,117.35604726795344,118.47034224534134,117.35307349417839,118.03990173339844,21572000,0.0,0.0
2021-05-27 00:00:00-04:00,118.47332287279623,118.47332287279623,116.84726630527486,117.16563415527344,35224000,0.0,0.0
2021-05-28 00:00:00-04:00,117.74781887099097,117.82963927117555,116.67816071964592,116.87651824951172,21482000,0.0,0.0
2021-06-01 00:00:00-04:00,117.74880281061728,118.30768309931028,116.74906245910415,118.08303833007812,23354000,0.0,0.0
2021-06-02 00:00:00-04:00,118.47827097273424,118.70093322748687,116.65384943203411,117.5578842163086,21158000,0.0,0.0
2021-06-03 00:00:00-04:00,116.3250837880577,116.88495540624525,115.52122648995612,116.41682434082031,18696000,0.0,0.0
2021-06-04 00:00:00-04:00,117.49241971560096,118.96822109902912,117.15222909034824,118.69745635986328,24458000,0.0,0.0
2021-06-07 00:00:00-04:00,118.49265941789501,119.2399846738455,118.07412155900927,119.13038635253906,24120000,0.0,0.0
2021-06-08 00:00:00-04:00,119.61190790368995,119.98432577535812,118.757466274763,118.93896484375,24240000,0.0,0.0
2021-06-09 00:00:00-04:00,119.58316433417386,119.65506459527367,118.86261808465082,119.41009521484375,17942000,0.0,0.0
2021-06-10 00:00:00-04:00,119.35949314078805,120.801576684723,119.20378241102719,120.75843048095703,25904000,0.0,0.0
2021-06-11 00:00:00-04:00,120.99993539094038,121.08522897452744,119.95655696176605,120.51395416259766,21958000,0.0,0.0
2021-06-14 00:00:00-04:00,120.61610768688743,121.44227956527116,119.90895486343989,121.44178771972656,22098000,0.0,0.0
2021-06-15 00:00:00-04:00,121.44624948123858,121.76908177598153,120.06367916664863,120.42420196533203,21562000,0.0,0.0
2021-06-16 00:00:00-04:00,120.5754470648677,120.88687610628577,118.49068020896921,119.78250122070312,26472000,0.0,0.0
2021-06-17 00:00:00-04:00,119.70812106140869,121.51815815207105,119.51223788888802,120.74554443359375,25842000,0.0,0.0
2021-06-18 00:00:00-04:00,120.37212775019057,120.60619327255783,119.03121296167414,119.12642669677734,46116000,0.0,0.0
2021-06-21 00:00:00-04:00,119.51273077628596,120.99993548875224,118.91566055698493,120.81397247314453,27414000,0.0,0.0
2021-06-22 00:00:00-04:00,120.75198140176597,121.39665468442757,120.07160770069062,121.32772064208984,22390000,0.0,0.0
2021-06-23 00:00:00-04:00,121.09266658134959,122.08645184131146,120.83579457394919,121.12589263916016,19148000,0.0,0.0
2021-06-24 00:00:00-04:00,121.69419951157322,122.04678467759501,121.29748444838773,121.49584197998047,21362000,0.0,0.0
2021-06-25 00:00:00-04:00,120.99993398696205,121.62774832820787,120.5685022175003,121.50426483154297,34594000,0.0,0.0
2021-06-28 00:00:00-04:00,121.67288132884134,121.77851462630447,120.41032128479314,121.53155517578125,28526000,0.0,0.0
2021-06-29 00:00:00-04:00,121.66494274006068,122.0125716067318,120.69347211365788,121.27020263671875,23108000,0.0,0.0
2021-06-30 00:00:00-04:00,120.99448449461066,121.25483726670456,120.35973131531956,121.08870697021484,24474000,0.0,0.0
2021-07-01 00:00:00-04:00,120.72718096682148,121.58211440160566,120.53527041512392,121.44078826904297,18110000,0.0,0.0
2021-07-02 00:00:00-04:00,122.14051324667714,124.37603452212761,122.05075521661516,124.2307357788086,25982000,0.0,0.0
2021-07-06 00:00:00-04:00,124.61852120164065,125.39163425827388,123.56125763749851,125.15558624267578,26404000,0.0,0.0
2021-07-07 00:00:00-04:00,126.11962731057842,126.240621316996,125.1188956447412,125.43726348876953,24060000,0.0,0.0
2021-07-08 00:00:00-04:00,123.0093289727932,124.56595957690325,123.005363941043,124.01898193359375,23790000,0.0,0.0
2021-07-09 00:00:00-04:00,124.00015429455016,124.70383400586654,123.53053255226908,124.48960876464844,18632000,0.0,0.0
2021-07-12 00:00:00-04:00,125.14370608678044,126.02790072153124,124.58135251800132,125.9346694946289,17668000,0.0,0.0
2021-07-13 00:00:00-04:00,125.99713556323269,127.00777981268853,125.63612092477611,126.29765319824219,19240000,0.0,0.0
2021-07-14 00:00:00-04:00,126.90910159126689,128.2663910341705,126.865955385297,127.1858139038086,23742000,0.0,0.0
2021-07-15 00:00:00-04:00,127.59444156322091,127.64501842152565,125.49280814322165,125.96391296386719,24218000,0.0,0.0
2021-07-16 00:00:00-04:00,126.61651932695658,126.7638005858177,125.11939443436253,125.92919921875,20424000,0.0,0.0
2021-07-19 00:00:00-04:00,125.05592359959856,125.17047821898709,122.4926060326798,123.55681610107422,27968000,0.0,0.0
2021-07-20 00:00:00-04:00,124.49851812065599,126.00159811872851,123.33117189440424,125.17493438720703,26312000,0.0,0.0
2021-07-21 00:00:00-04:00,125.09956240900131,126.55007557282694,124.99046349148195,126.50346374511719,20746000,0.0,0.0
2021-07-22 00:00:00-04:00,126.79602416530378,127.4297860202273,126.4538510284207,127.36878204345703,14302000,0.0,0.0
2021-07-23 00:00:00-04:00,129.36131958948965,132.3054917449223,128.73649417322727,131.9246368408203,41506000,0.0,0.0
2021-07-26 00:00:00-04:00,132.23557346986715,133.13661932706722,131.2169841004671,132.936279296875,30572000,0.0,0.0
2021-07-27 00:00:00-04:00,133.15005978819153,133.2973410892901,129.037548776372,130.81881713867188,54710000,0.0,0.0
2021-07-28 00:00:00-04:00,135.19463941441848,137.1633688639406,134.1686191476069,134.97842407226562,95130000,0.0,0.0
2021-07-29 00:00:00-04:00,135.03393383670254,135.54074659888502,134.43191491467985,134.66448974609375,31716000,0.0,0.0
2021-07-30 00:00:00-04:00,133.92808941978942,134.1953809902093,133.15448447715994,133.6221160888672,25576000,0.0,0.0
2021-08-02 00:00:00-04:00,134.0094449818525,134.2271434313734,132.6972916021335,133.7490997314453,21634000,0.0,0.0
2021-08-03 00:00:00-04:00,134.0272359096065,134.61934216965253,132.22662753081354,134.5181884765625,20762000,0.0,0.0
2021-08-04 00:00:00-04:00,134.23998507371272,134.53752887274624,133.38455232663114,134.017822265625,19676000,0.0,0.0
2021-08-05 00:00:00-04:00,134.56829449236173,135.23231626590845,133.74063191754414,135.13461303710938,17870000,0.0,0.0
2021-08-06 00:00:00-04:00,134.9268333121691,135.35380063089553,134.10165272092112,134.6258087158203,20488000,0.0,0.0
2021-08-09 00:00:00-04:00,134.8281306553872,136.05945443864798,134.23006169786746,135.79066467285156,17760000,0.0,0.0
2021-08-10 00:00:00-04:00,136.21616508986884,136.64314754338798,135.246684585336,135.68556213378906,19414000,0.0,0.0
2021-08-11 00:00:00-04:00,136.05699411421284,136.55387918721985,135.15444996704406,135.16189575195312,15352000,0.0,0.0
2021-08-12 00:00:00-04:00,134.86086429616063,136.1745155860973,134.31538491071916,136.0693817138672,16506000,0.0,0.0
2021-08-13 00:00:00-04:00,136.12493157350525,136.72646625528014,135.90971509193332,136.5985107421875,15948000,0.0,0.0
2021-08-16 00:00:00-04:00,136.39766610111587,137.22830997813796,134.18991525462013,137.1757354736328,22384000,0.0,0.0
2021-08-17 00:00:00-04:00,136.62083810095478,137.13211535901215,134.96651172789996,135.541259765625,21716000,0.0,0.0
2021-08-18 00:00:00-04:00,135.381094351041,135.98064658270377,134.21225730986575,134.33871459960938,19258000,0.0,0.0
2021-08-19 00:00:00-04:00,133.33351970472108,135.23479811345257,133.1495391773479,134.56781005859375,21782000,0.0,0.0
2021-08-20 00:00:00-04:00,134.8851768373789,136.42643919078785,134.1413247592316,136.30296325683594,31194000,0.0,0.0
2021-08-23 00:00:00-04:00,136.83851809316022,139.71970367913292,136.47948600587455,138.89353942871094,28454000,0.0,0.0
2021-08-24 00:00:00-04:00,139.45886528917006,140.9153334065435,139.1881081082897,140.10354614257812,19268000,0.0,0.0
2021-08-25 00:00:00-04:00,140.46404870743459,141.02392020736,140.21709687243575,140.91432189941406,15848000,0.0,0.0
2021-08-26 00:00:00-04:00,140.58802387845228,141.2500479016059,140.19824011481427,140.28106689453125,20610000,0.0,0.0
2021-08-27 00:00:00-04:00,140.49133697664018,143.3278934785733,140.3371093469741,142.8235626220703,28780000,0.0,0.0
2021-08-30 00:00:00-04:00,143.21629858007987,144.77393543856923,142.98124183306933,143.40524291992188,24434000,0.0,0.0
2021-08-31 00:00:00-04:00,143.9572070200469,143.98149662462504,143.09830844171228,143.51138305664062,22448000,0.0,0.0
2021-09-01 00:00:00-04:00,143.81142832765025,145.05514705269138,143.69588243602325,144.02516174316406,21936000,0.0,0.0
2021-09-02 00:00:00-04:00,144.02563035315396,144.32663982177834,142.01127317307444,142.11244201660156,32342000,0.0,0.0
2021-09-03 00:00:00-04:00,141.90762370846002,142.97330911300233,141.23319004017313,142.56121826171875,19850000,0.0,0.0
2021-09-07 00:00:00-04:00,142.65548084000116,143.37999214966715,142.44174743091872,143.0978240966797,20124000,0.0,0.0
2021-09-08 00:00:00-04:00,142.91879692732815,143.2163256757529,141.8278077374024,142.5131378173828,18344000,0.0,0.0
2021-09-09 00:00:00-04:00,142.66142436593762,143.12757293783594,142.00386461498047,142.3643798828125,15314000,0.0,0.0
2021-09-10 00:00:00-04:00,143.030374597101,143.53223874664417,139.58436789341664,139.7212371826172,36840000,0.0,0.0
2021-09-13 00:00:00-04:00,140.78588503191912,141.77818710345173,140.09212560958235,141.16575622558594,22094000,0.0,0.0
2021-09-14 00:00:00-04:00,141.8233140691481,142.18780941142742,140.58802520414704,141.37600708007812,19674000,0.0,0.0
2021-09-15 00:00:00-04:00,141.60117640739975,143.2664141950181,140.18885318248124,143.24559020996094,27408000,0.0,0.0
2021-09-16 00:00:00-04:00,142.77049372933465,143.1171313122396,141.23419535655154,142.4327850341797,26190000,0.0,0.0
2021-09-17 00:00:00-04:00,141.8580435231661,142.27409944382737,139.31853152816512,139.6458282470703,53384000,0.0,0.0
2021-09-20 00:00:00-04:00,137.02892719283238,137.86055460047226,135.20451354322526,137.5823516845703,46518000,0.0,0.0
2021-09-21 00:00:00-04:00,138.60394429145055,138.86380522550456,137.1445098358899,137.89332580566406,25332000,0.0,0.0
2021-09-22 00:00:00-04:00,138.16211224583924,139.73212885375122,137.41577814102456,139.13357543945312,25056000,0.0,0.0
2021-09-23 00:00:00-04:00,139.83178336894923,140.53497110583865,139.250588451323,140.05841064453125,20952000,0.0,0.0
2021-09-24 00:00:00-04:00,139.3864691123975,141.16378703061662,139.0914071880992,141.04922485351562,22984000,0.0,0.0
2021-09-27 00:00:00-04:00,139.65029458618613,140.77500156753678,138.91933644415815,139.9156036376953,21882000,0.0,0.0
2021-09-28 00:00:00-04:00,137.51839213084114,137.95627081170986,134.2504042886669,134.716552734375,45772000,0.0,0.0
2021-09-29 00:00:00-04:00,135.85713198450668,136.02673545516842,132.7676762055498,133.25216674804688,30848000,0.0,0.0
2021-09-30 00:00:00-04:00,133.1609261171282,134.43141608042833,132.46120397036233,132.58021545410156,37996000,0.0,0.0
2021-10-01 00:00:00-04:00,133.3453939422307,135.7882166913334,132.97396732571667,135.42372131347656,35360000,0.0,0.0
2021-10-04 00:00:00-04:00,134.84600656635544,134.84600656635544,129.9757666568725,132.56387329101562,51202000,0.0,0.0
2021-10-05 00:00:00-04:00,132.9422266108893,136.09963269834668,132.9422266108893,134.90797424316406,32404000,0.0,0.0
2021-10-06 00:00:00-04:00,133.64540530932422,136.62081321973588,133.44704780870487,136.4373321533203,24364000,0.0,0.0
2021-10-07 00:00:00-04:00,137.75347740127893,138.89405973958108,137.51445558203253,138.08375549316406,25110000,0.0,0.0
2021-10-08 00:00:00-04:00,138.43283107162404,139.1806480726918,138.0762809330974,138.63963317871094,26526000,0.0,0.0
2021-10-11 00:00:00-04:00,138.15020647249565,139.55856466782143,137.72074204736637,137.77529907226562,17954000,0.0,0.0
2021-10-12 00:00:00-04:00,138.33665033617203,138.3634370023765,134.64714270868552,135.33050537109375,36332000,0.0,0.0
2021-10-13 00:00:00-04:00,136.27619065855683,136.86879650740957,135.39993366753524,136.4542236328125,19654000,0.0,0.0
2021-10-14 00:00:00-04:00,138.33070229242213,140.17892171906655,137.68702021920703,139.99395751953125,31894000,0.0,0.0
2021-10-15 00:00:00-04:00,140.45366783413928,140.55631979319722,139.60121618297967,140.2091827392578,30274000,0.0,0.0
2021-10-18 00:00:00-04:00,139.9200904772288,141.62549327745987,139.91314410371137,141.60763549804688,20396000,0.0,0.0
2021-10-19 00:00:00-04:00,142.2121299993637,142.48488486692986,141.43109432493534,142.0628662109375,20164000,0.0,0.0
2021-10-20 00:00:00-04:00,142.163011218959,142.3693139266215,140.2175881873202,140.60687255859375,23288000,0.0,0.0
2021-10-21 00:00:00-04:00,140.60690087056568,140.99073718424137,139.34830579006115,140.7229461669922,26292000,0.0,0.0
2021-10-22 00:00:00-04:00,138.00934325689758,139.4305952313603,134.94071143427604,136.43882751464844,50588000,0.0,0.0
2021-10-25 00:00:00-04:00,136.42246503075222,136.86877322103567,134.31388545894404,136.3203125,34412000,0.0,0.0
2021-10-26 00:00:00-04:00,138.1219203768164,138.9346913152146,137.17078194335667,138.1665496826172,49236000,0.0,0.0
2021-10-27 00:00:00-04:00,138.26227904833755,147.43149181607174,138.26227904833755,145.01893615722656,85782000,0.0,0.0
2021-10-28 00:00:00-04:00,145.92842739017055,145.95173330507313,143.44147439811337,144.65345764160156,36206000,0.0,0.0
2021-10-29 00:00:00-04:00,143.88877021249704,147.026835739547,143.46378537419665,146.8324432373047,43320000,0.0,0.0
2021-11-01 00:00:00-04:00,146.8324309481015,146.8324309481015,142.05143515277334,142.32070922851562,46924000,0.0,0.0
2021-11-02 00:00:00-04:00,143.3943518013393,145.4072108702752,143.15234864828975,144.2403564453125,33482000,0.0,0.0
2021-11-03 00:00:00-04:00,144.70452437779974,145.4667336808486,143.405764521186,145.3963165283203,27494000,0.0,0.0
2021-11-04 00:00:00-04:00,145.91847295050908,148.5060949140484,145.10866822451723,147.05210876464844,38412000,0.0,0.0
2021-11-05 00:00:00-04:00,147.9467383281665,149.0952508155655,146.98222150325446,147.63185119628906,38354000,0.0,0.0
2021-11-08 00:00:00-05:00,148.59682386943936,149.38035641071258,147.21375439543775,147.80934143066406,23052000,0.0,0.0
2021-11-09 00:00:00-05:00,148.00970530712945,148.60627612949312,146.03799485146035,147.69778442382812,19530000,0.0,0.0
2021-11-10 00:00:00-05:00,146.29090824279103,146.85624308458767,143.35269859682205,144.69757080078125,29970000,0.0,0.0
2021-11-11 00:00:00-05:00,145.28869002419106,146.32612090055292,144.40696987833476,144.5716094970703,16518000,0.0,0.0
2021-11-12 00:00:00-05:00,145.4136656401591,147.62986135268545,144.219040793597,147.45925903320312,22360000,0.0,0.0
2021-11-15 00:00:00-05:00,147.67991725355816,148.32359927216987,146.36528227383033,147.23509216308594,23508000,0.0,0.0
2021-11-16 00:00:00-05:00,146.93507493624477,147.54304137580007,146.10493053390076,146.663818359375,18904000,0.0,0.0
2021-11-17 00:00:00-05:00,146.81407891963306,147.34171568581732,146.0330433290407,146.8334197998047,19594000,0.0,0.0
2021-11-18 00:00:00-05:00,147.026320462845,149.3461514524102,146.67225222682112,148.6102294921875,35608000,0.0,0.0
2021-11-19 00:00:00-05:00,148.74610077592874,149.72898972518277,147.67843279309778,147.70570373535156,33682000,0.0,0.0
2021-11-22 00:00:00-05:00,148.10838258410493,148.6013025990791,144.94949337082977,145.10272216796875,30594000,0.0,0.0
2021-11-23 00:00:00-05:00,144.95495136652673,145.45779912839131,142.93366287312807,144.5869903564453,27218000,0.0,0.0
2021-11-24 00:00:00-05:00,144.2810105888424,145.0506504792178,143.18953724894834,144.92221069335938,18040000,0.0,0.0
2021-11-26 00:00:00-05:00,143.16523224151518,143.3725186493825,140.67977786294543,141.01748657226562,30470000,0.0,0.0
2021-11-29 00:00:00-05:00,142.81958339759728,145.098250620001,142.71395011842046,144.33753967285156,32596000,0.0,0.0
2021-11-30 00:00:00-05:00,143.81981989380787,144.80319311094968,140.44075042064517,140.7343292236328,42068000,0.0,0.0
2021-12-01 00:00:00-05:00,142.8195800691717,144.75409160154007,139.7568960612623,139.89524841308594,34020000,0.0,0.0
2021-12-02 00:00:00-05:00,140.09216072072763,142.68523136017433,139.0651416666331,141.79409790039062,29194000,0.0,0.0
2021-12-03 00:00:00-05:00,142.50320033510963,143.21630064924545,139.15090244069415,140.83746337890625,41230000,0.0,0.0
2021-12-06 00:00:00-05:00,141.8679430077585,142.67328324398704,139.0011345584632,141.98150634765625,30618000,0.0,0.0
2021-12-07 00:00:00-05:00,144.40301145252772,146.32166315012472,144.0370329543183,146.0623016357422,32240000,0.0,0.0
2021-12-08 00:00:00-05:00,146.38661124962783,147.17659085728474,145.20587927665102,146.97177124023438,24270000,0.0,0.0
2021-12-09 00:00:00-05:00,146.38117245241173,147.8778055616714,145.9090763713213,146.42828369140625,23270000,0.0,0.0
2021-12-10 00:00:00-05:00,147.4810753999608,147.75629704872722,145.5014348041652,146.78829956054688,24458000,0.0,0.0
2021-12-13 00:00:00-05:00,146.5700951293805,146.75705697342113,144.32466128723686,144.63113403320312,27070000,0.0,0.0
2021-12-14 00:00:00-05:00,142.78786052539195,143.2956569953205,140.05742162389038,142.72735595703125,38446000,0.0,0.0
2021-12-15 00:00:00-05:00,142.2334415962049,145.51828889506476,140.51662819810505,145.24058532714844,36370000,0.0,0.0
2021-12-16 00:00:00-05:00,145.96410864255435,146.46645697869997,142.42981251292935,143.26095581054688,33650000,0.0,0.0
2021-12-17 00:00:00-05:00,141.33188874138816,142.65545262972856,140.1417284945182,140.56324768066406,50416000,0.0,0.0
2021-12-20 00:00:00-05:00,138.85237592178575,140.61233535579893,138.17894105107746,140.44619750976562,27192000,0.0,0.0
2021-12-21 00:00:00-05:00,140.88905801007334,142.68968194664052,139.35077693447047,142.2964324951172,28756000,0.0,0.0
2021-12-22 00:00:00-05:00,141.89477947536662,145.29913840440884,141.89477947536662,145.21482849121094,26322000,0.0,0.0
2021-12-23 00:00:00-05:00,145.29908379655018,147.02829142198277,145.25147315443286,145.71217346191406,26384000,0.0,0.0
2021-12-27 00:00:00-05:00,146.04891135250273,147.1279902675561,145.96311835123439,146.69407653808594,15976000,0.0,0.0
2021-12-28 00:00:00-05:00,147.0208564815043,147.08334356217858,144.8572507717245,145.48455810546875,18200000,0.0,0.0
2021-12-29 00:00:00-05:00,145.44242309096177,146.208597395199,144.45360165448406,145.4528350830078,17788000,0.0,0.0
2021-12-30 00:00:00-05:00,145.49151435657527,146.09254961389885,144.79775486353165,145.00205993652344,15688000,0.0,0.0
2021-12-31 00:00:00-05:00,144.85278953169095,145.49597213944008,143.66461181640625,143.66461181640625,18136000,0.0,0.0
2022-01-03 00:00:00-05:00,143.8659193516871,144.6553994298771,142.5349249798288,143.80294799804688,28646000,0.0,0.0
2022-01-04 00:00:00-05:00,144.2041576289817,145.2842353697018,142.53843558316575,143.21583557128906,28400000,0.0,0.0
2022-01-05 00:00:00-05:00,143.23616397542605,143.3150106060316,136.55935260045507,136.6456298828125,54618000,0.0,0.0
2022-01-06 00:00:00-05:00,135.8754787528965,138.79286404298605,135.43908316933738,136.6183319091797,37348000,0.0,0.0
2022-01-07 00:00:00-05:00,137.01305762199098,137.31358276659608,134.65356143428943,135.89381408691406,29760000,0.0,0.0
2022-01-10 00:00:00-05:00,133.97072480010584,137.68155536055949,132.07291243739996,137.53277587890625,44408000,0.0,0.0
2022-01-11 00:00:00-05:00,136.87572990846158,139.06662188460535,135.57200624477076,138.59054565429688,28730000,0.0,0.0
2022-01-12 00:00:00-05:00,139.99296095115926,141.4390172004531,139.54120457664413,140.2711639404297,26108000,0.0,0.0
2022-01-13 00:00:00-05:00,140.3797392243777,141.67901339710585,137.27440842260475,137.45095825195312,31436000,0.0,0.0
2022-01-14 00:00:00-05:00,135.9553241572003,139.5883072001904,135.87549384235362,138.33714294433594,29662000,0.0,0.0
2022-01-18 00:00:00-05:00,135.05874499682633,136.00740156008052,134.32828625328975,134.88319396972656,34872000,0.0,0.0
2022-01-19 00:00:00-05:00,135.40439065709728,136.82862410530518,133.90875636510398,134.00892639160156,28648000,0.0,0.0
2022-01-20 00:00:00-05:00,135.1331368955776,136.49786462490957,131.87456152295866,132.21475219726562,29908000,0.0,0.0
2022-01-21 00:00:00-05:00,131.50663135157177,133.75999568673876,129.0201775821634,129.2830047607422,55652000,0.0,0.0
2022-01-24 00:00:00-05:00,124.94533645029941,130.1275124017033,123.47945498392451,129.73178100585938,76622000,0.0,0.0
2022-01-25 00:00:00-05:00,127.68469738972522,128.33829204225916,125.46355309123715,125.89448547363281,46960000,0.0,0.0
2022-01-26 00:00:00-05:00,130.04420204001252,131.90977994463373,126.09979711495389,128.1736602783203,49130000,0.0,0.0
2022-01-27 00:00:00-05:00,130.2276834310956,131.56512510672957,127.87561726096432,127.9475326538086,31950000,0.0,0.0
2022-01-28 00:00:00-05:00,128.59615164447928,132.26335206297418,127.43177919070502,132.2578887939453,34362000,0.0,0.0
2022-01-31 00:00:00-05:00,133.06224407236246,134.36250208787934,131.12574979400958,134.1943817138672,39986000,0.0,0.0
2022-02-01 00:00:00-05:00,136.46660753981268,136.6634819687619,133.26705377749363,136.5157012939453,68644000,0.0,0.0
2022-02-02 00:00:00-05:00,150.01017866907893,150.3042417927189,144.32963459516995,146.7868194580078,123200000,0.0,0.0
2022-02-03 00:00:00-05:00,144.51109122384386,148.44804913070055,141.49600300849062,141.91702270507812,71518000,0.0,0.0
2022-02-04 00:00:00-05:00,142.26865554288074,143.68742564570832,139.36316498296367,142.11839294433594,57998000,0.0,0.0
2022-02-07 00:00:00-05:00,143.06754453763955,143.06754453763955,137.76139385139092,138.0599365234375,54974000,0.0,0.0
2022-02-08 00:00:00-05:00,137.8868425902189,138.8523578993204,135.89084297215734,138.25628662109375,54284000,0.0,0.0
2022-02-09 00:00:00-05:00,139.80799308806806,141.35620183871598,139.03785374463664,140.43133544921875,40144000,0.0,0.0
2022-02-10 00:00:00-05:00,138.55833324032872,140.3247247602678,136.82614390542432,137.48370361328125,39330000,0.0,0.0
2022-02-11 00:00:00-05:00,137.46387619119915,138.01580259283259,132.30648944702975,133.1817626953125,39958000,0.0,0.0
2022-02-14 00:00:00-05:00,132.16415735662878,135.18271167288583,132.16415735662878,134.41505432128906,34302000,0.0,0.0
2022-02-15 00:00:00-05:00,136.4427979327925,136.9763973849014,134.7081419187358,135.4886932373047,26680000,0.0,0.0
2022-02-16 00:00:00-05:00,135.52635776433524,136.95405656109108,133.81797410147496,136.60891723632812,25022000,0.0,0.0
2022-02-17 00:00:00-05:00,135.12617731893766,135.98954027468156,131.39254001045595,131.45254516601562,38950000,0.0,0.0
2022-02-18 00:00:00-05:00,132.37293985364457,132.97100892915242,129.12925617493363,129.3340606689453,45620000,0.0,0.0
2022-02-22 00:00:00-05:00,128.77367925061782,131.09697591573786,127.17241181915688,128.7493896484375,44990000,0.0,0.0
2022-02-23 00:00:00-05:00,130.56933788926054,130.96853484878528,126.4821167334988,126.54212188720703,32786000,0.0,0.0
2022-02-24 00:00:00-05:00,123.92920350156645,131.90974417427157,123.92920350156645,131.603271484375,54456000,0.0,0.0
2022-02-25 00:00:00-05:00,132.4572527893111,134.16265544616002,130.67150526556998,133.35731506347656,36406000,0.0,0.0
2022-02-28 00:00:00-05:00,131.95935360321266,134.6387009971114,131.5055996259116,133.9499053955078,38864000,0.0,0.0
2022-03-01 00:00:00-05:00,133.77285909543676,135.13857036774974,132.12647806196426,132.96255493164062,26496000,0.0,0.0
2022-03-02 00:00:00-05:00,133.52443917740345,134.15372912259033,131.9806947822643,133.46839904785156,23520000,0.0,0.0
2022-03-03 00:00:00-05:00,134.8950992840664,135.3210829638196,131.93506660358148,132.80191040039062,24604000,0.0,0.0
2022-03-04 00:00:00-05:00,131.8378523374268,132.75427399164153,129.26907196974855,130.82521057128906,30430000,0.0,0.0
2022-03-07 00:00:00-05:00,130.41017325885227,130.65514261832865,125.25973295853518,125.3425521850586,45112000,0.0,0.0
2022-03-08 00:00:00-05:00,125.21509629053482,130.17411000501144,124.64431332771989,126.06259155273438,40428000,0.0,0.0
2022-03-09 00:00:00-05:00,130.1741292671744,132.63925946578047,128.83568872512197,132.3263397216797,37026000,0.0,0.0
2022-03-10 00:00:00-05:00,130.19000303239358,132.17955633727135,129.83940035172492,131.34396362304688,27102000,0.0,0.0
2022-03-11 00:00:00-05:00,132.39427790231107,132.69876817612587,128.5688993986971,128.80593872070312,31526000,0.0,0.0
2022-03-14 00:00:00-04:00,129.18231231398767,129.34000556632407,124.2480949884942,124.91854858398438,38812000,0.0,0.0
2022-03-15 00:00:00-04:00,125.93516041311607,128.79007444618782,124.68995111051669,128.13894653320312,30920000,0.0,0.0
2022-03-16 00:00:00-04:00,129.66136979641874,132.24004824775446,127.6792471066061,132.18798828125,35576000,0.0,0.0
2022-03-17 00:00:00-04:00,132.05753605900716,132.9814035170428,131.1014338034284,132.74188232421875,28264000,0.0,0.0
2022-03-18 00:00:00-04:00,132.33076547882177,135.12715666182308,131.1743232843676,135.00962829589844,44566000,0.0,0.0
2022-03-21 00:00:00-04:00,135.04732810159504,135.92656630102422,132.99330550843302,134.98583984375,26832000,0.0,0.0
2022-03-22 00:00:00-04:00,134.98581644192254,139.893752942875,134.98581644192254,138.721435546875,35496000,0.0,0.0
2022-03-23 00:00:00-04:00,137.56553055143635,138.4442694271566,136.70514886604158,137.14202880859375,25154000,0.0,0.0
2022-03-24 00:00:00-04:00,138.05891879778173,140.45809558114453,136.62130746783723,140.41148376464844,26396000,0.0,0.0
2022-03-25 00:00:00-04:00,140.7526925700073,140.8707203771551,138.59205274099185,140.51168823242188,24126000,0.0,0.0
2022-03-28 00:00:00-04:00,139.7454858770039,140.8384573543801,138.66540831827635,140.2959442138672,35050000,0.0,0.0
2022-03-29 00:00:00-04:00,141.4781907391212,142.61479282683288,140.87417414180615,141.33734130859375,34318000,0.0,0.0
2022-03-30 00:00:00-04:00,141.29223395375402,141.55059664678325,140.43928293794912,140.77500915527344,19884000,0.0,0.0
2022-03-31 00:00:00-04:00,140.88852097872373,140.9430779883142,137.8848587100778,137.92750549316406,37524000,0.0,0.0
2022-04-01 00:00:00-04:00,138.3564676186564,139.31950107652258,137.17373813332352,139.0016326904297,25942000,0.0,0.0
2022-04-04 00:00:00-04:00,139.20795791982718,142.53396895874045,139.16034726925992,141.79953002929688,25942000,0.0,0.0
2022-04-05 00:00:00-04:00,141.69787954637118,141.8183741448747,139.23176584389168,139.4385528564453,21418000,0.0,0.0
2022-04-06 00:00:00-04:00,137.61264137354576,138.2181411119585,134.40614115921403,135.42869567871094,32468000,0.0,0.0
2022-04-07 00:00:00-04:00,134.89509176328988,136.04013849416,133.1272020827794,134.77459716796875,26234000,0.0,0.0
2022-04-08 00:00:00-04:00,134.47208496943966,134.5578779659387,131.87554910979466,132.19491577148438,25142000,0.0,0.0
2022-04-11 00:00:00-04:00,130.742917857672,131.0097100260204,127.61378123728949,127.76750946044922,36884000,0.0,0.0
2022-04-12 00:00:00-04:00,130.52125019058332,130.52125019058332,125.7496824779024,126.66759490966797,32710000,0.0,0.0
2022-04-13 00:00:00-04:00,126.9507670450841,129.26563457471275,126.69388743885823,128.82923889160156,27928000,0.0,0.0
2022-04-14 00:00:00-04:00,129.4099304660489,129.4099304660489,125.56321417081908,125.691162109375,31598000,0.0,0.0
2022-04-18 00:00:00-04:00,125.95896028482899,127.16151517107208,125.14766477730133,126.62991333007812,20808000,0.0,0.0
2022-04-19 00:00:00-04:00,126.64477542409657,129.26461711503015,125.95844660693362,128.9432830810547,26490000,0.0,0.0
2022-04-20 00:00:00-04:00,129.81904388797793,130.3218916355038,126.45485065417712,126.99041748046875,31696000,0.0,0.0
2022-04-21 00:00:00-04:00,128.19049308159094,129.03203315427447,123.50571015624192,123.79135131835938,36446000,0.0,0.0
2022-04-22 00:00:00-04:00,123.97535142196246,124.37405657587937,117.95015236959706,118.65482330322266,56884000,0.0,0.0
2022-04-25 00:00:00-04:00,118.12470752635328,122.26697049749592,117.5395474851339,122.06513977050781,46128000,0.0,0.0
2022-04-26 00:00:00-04:00,121.29201669374567,121.5057500530437,117.53953053843702,117.6773910522461,73054000,0.0,0.0
2022-04-27 00:00:00-04:00,113.53115064455416,116.28092257156352,111.81236253154168,113.35758972167969,91820000,0.0,0.0
2022-04-28 00:00:00-04:00,115.4607114772855,118.66869438389101,113.17956225538599,117.55093383789062,48884000,0.0,0.0
2022-04-29 00:00:00-04:00,115.77758476702827,116.9533679106837,112.8815228143991,113.17410278320312,42676000,0.0,0.0
2022-05-02 00:00:00-04:00,112.47538421530977,115.78850102043891,111.67698273748518,115.62733459472656,35534000,0.0,0.0
2022-05-03 00:00:00-04:00,115.47608756923125,117.47110390717961,115.08333755024837,116.37218475341797,24968000,0.0,0.0
2022-05-04 00:00:00-04:00,116.07217173392031,121.84743753057185,114.17236904181686,121.25880432128906,49916000,0.0,0.0
2022-05-05 00:00:00-04:00,119.21866011890872,120.04681450711568,114.06277194925556,115.55047607421875,45840000,0.0,0.0
2022-05-06 00:00:00-04:00,114.24030932144473,116.60774359414943,113.08089313905965,114.79769897460938,39710000,0.0,0.0
2022-05-09 00:00:00-04:00,112.32164753785878,114.13367438835873,111.08239366611014,111.58870697021484,40802000,0.0,0.0
2022-05-10 00:00:00-04:00,114.56065130362705,115.29706511899676,111.97501939704058,113.45726776123047,39900000,0.0,0.0
2022-05-11 00:00:00-04:00,112.30827513659509,115.41063248936665,112.30827513659509,112.67127227783203,37534000,0.0,0.0
2022-05-12 00:00:00-04:00,110.46451302431396,113.35809330514908,108.92424196384515,111.91899108886719,53836000,0.0,0.0
2022-05-13 00:00:00-04:00,113.594142514748,116.90875017939355,112.67375572924637,115.09920501708984,35038000,0.0,0.0
2022-05-16 00:00:00-04:00,114.01317216302417,115.21771695665214,112.95591618323131,113.5068588256836,25990000,0.0,0.0
2022-05-17 00:00:00-04:00,115.88272969753332,115.94174359590812,113.92838521355479,115.51824188232422,23054000,0.0,0.0
2022-05-18 00:00:00-04:00,114.05730975978481,114.45403235058096,110.64104162864625,110.98222351074219,35126000,0.0,0.0
2022-05-19 00:00:00-04:00,110.51807817312684,112.08363775970766,109.09830918068056,109.47916412353516,34144000,0.0,0.0
2022-05-20 00:00:00-04:00,111.03329836194462,111.26389823607131,104.92925348383902,108.01524353027344,48962000,0.0,0.0
2022-05-23 00:00:00-04:00,108.68918571926903,111.22819834582448,107.84962051186193,110.57410430908203,37184000,0.0,0.0
2022-05-24 00:00:00-04:00,104.90495862013972,105.58583172037198,101.04932107319485,105.10133361816406,76780000,0.0,0.0
2022-05-25 00:00:00-04:00,104.1249121947519,105.62700102602575,103.00516898284764,104.93769836425781,40258000,0.0,0.0
2022-05-26 00:00:00-04:00,104.8107448453719,107.75887468895839,104.3624465360755,106.90890502929688,37948000,0.0,0.0
2022-05-27 00:00:00-04:00,108.58555116701476,111.39731128813119,108.24386982480868,111.39582061767578,37914000,0.0,0.0
2022-05-31 00:00:00-04:00,111.82228915461961,114.78629421531303,111.15976563053904,112.8294677734375,50012000,0.0,0.0
2022-06-01 00:00:00-04:00,113.91351567650608,116.14159882441551,112.32166882859197,112.95840454101562,36606000,0.0,0.0
2022-06-02 00:00:00-04:00,113.06550709942832,116.933039706465,112.0206456249851,116.65830993652344,37992000,0.0,0.0
2022-06-03 00:00:00-04:00,115.11110884827522,115.36798842891481,112.5879638758018,113.60208129882812,26136000,0.0,0.0
2022-06-06 00:00:00-04:00,115.74783051092322,118.36867082594705,115.21176432715514,115.86288452148438,33542000,0.0,0.0
2022-06-07 00:00:00-04:00,114.53388373543117,116.72626645111426,114.10889889465038,116.18920135498047,31590000,0.0,0.0
2022-06-08 00:00:00-04:00,115.80437236671298,117.59854920159584,115.64419719383626,116.23332977294922,26108000,0.0,0.0
2022-06-09 00:00:00-04:00,115.37392377581374,117.32926690453378,113.83514351672737,113.89415740966797,25798000,0.0,0.0
2022-06-10 00:00:00-04:00,111.52326180460535,112.3504249488664,109.46130149167207,110.25028228759766,41452000,0.0,0.0
2022-06-13 00:00:00-04:00,105.91113796225396,107.89969964994525,105.24911389802193,105.52037048339844,47252000,0.0,0.0
2022-06-14 00:00:00-04:00,105.66171211229965,107.03981794977923,104.93273646839161,105.84072875976562,33706000,0.0,0.0
2022-06-15 00:00:00-04:00,107.65524481055705,110.51015135722501,106.78692542061721,108.86475372314453,39698000,0.0,0.0
2022-06-16 00:00:00-04:00,106.34207999882139,107.75787626146192,104.27615475355856,105.16431427001953,51684000,0.0,0.0
2022-06-17 00:00:00-04:00,105.16431141911136,107.80845775947009,104.18490323391687,106.26521301269531,51376000,0.0,0.0
2022-06-21 00:00:00-04:00,108.03658348672354,111.567406717593,107.70978614823225,110.62965393066406,47416000,0.0,0.0
2022-06-22 00:00:00-04:00,109.65024031138255,112.41736323198378,109.47766306713153,110.5736083984375,30774000,0.0,0.0
2022-06-23 00:00:00-04:00,111.31151793905035,111.81833075860875,109.5947120241901,111.32192993164062,28362000,0.0,0.0
2022-06-24 00:00:00-04:00,112.06875352459626,117.1110783002862,112.02659857865726,117.00792694091797,41164000,0.0,0.0
2022-06-27 00:00:00-04:00,117.30349693355397,117.60748019835728,114.23534911421451,114.88399505615234,36420000,0.0,0.0
2022-06-28 00:00:00-04:00,114.85323751449626,116.34788803372125,110.9311551773519,111.08934783935547,35792000,0.0,0.0
2022-06-29 00:00:00-04:00,110.63758563635704,112.23289804690751,109.96365128893204,110.78585815429688,24716000,0.0,0.0
2022-06-30 00:00:00-04:00,109.09830333262894,109.97902466562923,105.87494437052855,108.0698013305664,43170000,0.0,0.0
2022-07-01 00:00:00-04:00,107.0482435979797,108.35444913580423,105.85560141078064,107.84615325927734,35476000,0.0,0.0
2022-07-05 00:00:00-04:00,106.22257357959492,112.4476205204141,104.8647923311928,112.33455657958984,39342000,0.0,0.0
2022-07-06 00:00:00-04:00,112.37324154606672,114.64198891272858,110.5622056578975,113.63282775878906,37432000,0.0,0.0
2022-07-07 00:00:00-04:00,114.13666235926765,118.21247285733529,113.8921848578157,117.8093032836914,40936000,0.0,0.0
2022-07-08 00:00:00-04:00,116.2888797500777,118.70391717679874,115.94323338269083,118.37513732910156,38238000,0.0,0.0
2022-07-11 00:00:00-04:00,117.03073649463757,117.03073649463757,114.38509945369388,114.72826385498047,31196000,0.0,0.0
2022-07-12 00:00:00-04:00,115.26234549816493,116.01512640021978,112.75804977000294,113.0858383178711,29960000,0.0,0.0
2022-07-13 00:00:00-04:00,110.78536716192433,113.25991800982311,110.28996514675138,110.44071960449219,43722000,0.0,0.0
2022-07-14 00:00:00-04:00,109.3070730912963,110.18233866352448,107.48463413301555,109.46278381347656,37004000,0.0,0.0
2022-07-15 00:00:00-04:00,111.08240810060202,112.21306263725859,109.99092716981522,110.8612289428711,46770000,0.0,0.0
2022-07-18 00:00:00-04:00,111.71666191412223,112.74813768915693,107.48166747224792,108.1362533569336,43164600,0.0,20.0
2022-07-19 00:00:00-04:00,109.94133979066089,113.08535287704044,108.66191325988503,112.8770751953125,36530900,0.0,0.0
2022-07-20 00:00:00-04:00,112.24231216588865,114.45403556404811,111.55797343357686,112.9663314819336,35600400,0.0,0.0
2022-07-21 00:00:00-04:00,113.34321947485182,113.61101046049744,110.1992065063923,113.40272521972656,32676200,0.0,0.0
2022-07-22 00:00:00-04:00,110.09011304726145,111.41912519430015,105.62700035615626,107.0155258178711,48901200,0.0,0.0
2022-07-25 00:00:00-04:00,107.52133950136387,108.9693706048637,105.4286350985414,106.62871551513672,34690900,0.0,0.0
2022-07-26 00:00:00-04:00,105.72617651509084,106.32125667917839,103.21691665250424,104.15912628173828,47991000,0.0,0.0
2022-07-27 00:00:00-04:00,108.36437093577844,112.97625525163264,107.12461749425067,112.13321685791016,59858500,0.0,0.0
2022-07-28 00:00:00-04:00,111.44888817788124,113.40273342218575,110.54634395877491,113.28372192382812,32816600,0.0,0.0
2022-07-29 00:00:00-04:00,112.15306191622032,115.7533033393372,112.13322162287426,115.36650085449219,37223400,0.0,0.0
2022-08-01 00:00:00-04:00,114.35486795138794,115.76322613701662,113.40273058719856,113.91847229003906,26034300,0.0,0.0
2022-08-02 00:00:00-04:00,113.06549927804707,115.39623393400453,112.78779575367474,114.18623352050781,20236000,0.0,0.0
2022-08-03 00:00:00-04:00,114.76149298206536,117.6476425585004,114.53338259160023,117.11206817626953,28499000,0.0,0.0
2022-08-04 00:00:00-04:00,116.51698947915064,117.80632850385459,115.93182192650802,117.2211685180664,21602900,0.0,0.0
2022-08-05 00:00:00-04:00,115.27722403655466,117.1418102734219,115.04910610021622,116.5070571899414,19159500,0.0,0.0
2022-08-08 00:00:00-04:00,117.4195241692398,119.16509908636492,115.92189993370644,116.33846282958984,19138300,0.0,0.0
2022-08-09 00:00:00-04:00,116.17977937135981,116.35830417801051,114.76150106487229,115.67395782470703,19086500,0.0,0.0
2022-08-10 00:00:00-04:00,117.80633141765588,119.92878873304059,117.43936923676468,118.71878814697266,30930400,0.0,0.0
2022-08-11 00:00:00-04:00,120.28583048192732,120.49410814131456,117.58812592192379,117.86582946777344,24293700,0.0,0.0
2022-08-12 00:00:00-04:00,119.2741980957184,120.68255615234375,118.48075288719056,120.68255615234375,19096300,0.0,0.0
2022-08-15 00:00:00-04:00,120.13706749098401,121.29748248930953,119.62133337705963,121.07928466796875,19494800,0.0,0.0
2022-08-16 00:00:00-04:00,120.52387539718579,121.42641959577725,119.65109163936246,120.70240020751953,19041200,0.0,0.0
2022-08-17 00:00:00-04:00,119.13534985161822,120.29575726084148,118.40141036356964,118.57002258300781,22847000,0.0,0.0
2022-08-18 00:00:00-04:00,118.45101217804252,119.82961750509602,117.74683307742816,119.18494415283203,17987700,0.0,0.0
2022-08-19 00:00:00-04:00,118.08403247971835,118.17329866159419,115.8028907047583,116.24919891357422,21809500,0.0,0.0
2022-08-22 00:00:00-04:00,114.25568820182478,114.68216374085563,112.9167558336111,113.30355834960938,21456600,0.0,0.0
2022-08-23 00:00:00-04:00,112.54977631975122,114.06723327503279,112.50018315686643,112.9266586303711,15870400,0.0,0.0
2022-08-24 00:00:00-04:00,112.5696116974473,113.83911800192885,111.94477869138811,112.758056640625,17734600,0.0,0.0
2022-08-25 00:00:00-04:00,113.30355342238907,115.76322777545683,113.17462177828163,115.69380187988281,16956800,0.0,0.0
2022-08-26 00:00:00-04:00,113.77960949375512,114.17633209597903,109.28674437319086,109.43550872802734,37245700,0.0,0.0
2022-08-29 00:00:00-04:00,109.08837563086466,110.04050530416411,107.90813557656172,108.5230484008789,21191200,0.0,0.0
2022-08-30 00:00:00-04:00,109.26691024996742,109.59420698279374,106.91634250859858,108.0469970703125,27513300,0.0,0.0
2022-08-31 00:00:00-04:00,109.7429899257436,109.94134747453214,107.24364243661744,107.3329086303711,28627000,0.0,0.0
2022-09-01 00:00:00-04:00,107.39240011242691,109.54461025492617,106.47994340226887,108.8404312133789,28360900,0.0,0.0
2022-09-02 00:00:00-04:00,109.6834567691589,109.83222868726963,106.38075953474187,106.9659194946289,24160700,0.0,0.0
2022-09-06 00:00:00-04:00,106.42043703294185,107.14444879573196,104.91289263064388,105.9344482421875,25068300,0.0,0.0
2022-09-07 00:00:00-04:00,106.18240264265648,109.07847249571734,106.02371813346193,108.55281066894531,23167000,0.0,0.0
2022-09-08 00:00:00-04:00,107.15437545780347,108.70158540495544,106.28159171756349,107.49158477783203,24238300,0.0,0.0
2022-09-09 00:00:00-04:00,108.17593072235994,110.08019027578453,108.12633755578807,109.74298095703125,23197700,0.0,0.0
2022-09-12 00:00:00-04:00,110.08019507284304,110.70503570471661,109.02888648402806,109.95126342773438,22966800,0.0,0.0
2022-09-13 00:00:00-04:00,106.91635155696838,107.41225298799911,103.23675627988764,103.46487426757812,38172900,0.0,0.0
2022-09-14 00:00:00-04:00,103.71280676810338,104.41698576847003,102.81027025690392,104.1392822265625,26395100,0.0,0.0
2022-09-15 00:00:00-04:00,103.17724342441045,104.40707676995653,101.51101442821535,102.0664291381836,34188300,0.0,0.0
2022-09-16 00:00:00-04:00,101.23331701288926,102.28462561681641,100.11258251185099,101.95733642578125,42797200,0.0,0.0
2022-09-19 00:00:00-04:00,100.91592600767855,102.48297610964131,100.71756849189899,102.22510528564453,23036800,0.0,0.0
2022-09-20 00:00:00-04:00,101.24321763980454,101.53084132005358,99.69600034029746,100.31092071533203,26517100,0.0,0.0
2022-09-21 00:00:00-04:00,100.83659474851395,102.03667529857252,98.45626637613883,98.4661865234375,31487300,0.0,0.0
2022-09-22 00:00:00-04:00,98.00995057481285,100.4101114902342,97.98019770206167,99.31912994384766,34298600,0.0,0.0
2022-09-23 00:00:00-04:00,98.81331458217939,98.84307502364526,96.67102437480322,97.93061065673828,31625400,0.0,0.0
2022-09-26 00:00:00-04:00,97.29584663330873,99.06125428806656,96.99831035340091,97.36527252197266,27072700,0.0,0.0
2022-09-27 00:00:00-04:00,98.61493933481309,99.18026655148238,96.07592693248836,96.70075988769531,30072800,0.0,0.0
2022-09-28 00:00:00-04:00,96.84953051932892,99.87452406900852,96.31395617901546,99.2298583984375,32466300,0.0,0.0
2022-09-29 00:00:00-04:00,97.83142237621783,97.83142237621783,95.17339071110857,96.62142181396484,31047200,0.0,0.0
2022-09-30 00:00:00-04:00,96.25446166796625,98.08929527552542,94.77667009540615,94.86593627929688,32941500,0.0,0.0
2022-10-03 00:00:00-04:00,95.9668494539462,98.47610954707449,95.72881131295725,97.83143615722656,27982000,0.0,0.0
2022-10-04 00:00:00-04:00,99.61666354191142,101.00518123961032,99.5571502356858,100.80682373046875,28850800,0.0,0.0
2022-10-05 00:00:00-04:00,99.01168108917751,101.09446557674383,97.99012535655747,100.59856414794922,22176900,0.0,0.0
2022-10-06 00:00:00-04:00,99.85469877759263,102.08625491156727,99.76543259746941,100.58863067626953,22324000,0.0,0.0
2022-10-07 00:00:00-04:00,99.03150884851111,99.7059350605101,97.49421903648668,97.87110137939453,27502800,0.0,0.0
2022-10-10 00:00:00-04:00,98.18847777441846,98.2876565416277,96.21479230959145,97.05782318115234,18225100,0.0,0.0
2022-10-11 00:00:00-04:00,96.6313430235072,98.43642374055914,95.52052121037734,96.38339233398438,26507100,0.0,0.0
2022-10-12 00:00:00-04:00,96.50240591070916,97.94051680156004,95.9469912522471,96.76026916503906,21876400,0.0,0.0
2022-10-13 00:00:00-04:00,94.37003338415455,98.96207740272202,93.6063410275305,98.24797821044922,34574500,0.0,0.0
2022-10-14 00:00:00-04:00,99.17034658633813,99.86461299357255,95.58002577343595,95.76846313476562,25410700,0.0,0.0
2022-10-17 00:00:00-04:00,98.04961868688342,100.10265003936581,98.01986581562133,99.15052032470703,28419200,0.0,0.0
2022-10-18 00:00:00-04:00,102.28461724659432,102.62183412414964,99.15052441894925,99.94396209716797,24060700,0.0,0.0
2022-10-19 00:00:00-04:00,99.19019861679422,100.1919139812081,98.10912964670428,98.81330871582031,23811100,0.0,0.0
2022-10-20 00:00:00-04:00,99.18027319596912,101.48125523144144,98.57527292412537,99.15052032470703,25323200,0.0,0.0
2022-10-21 00:00:00-04:00,97.04789829825931,100.47953493084219,96.9189666638649,100.30101013183594,32458700,0.0,0.0
2022-10-24 00:00:00-04:00,100.96551960605208,101.90772916035505,99.1604389639881,101.67961120605469,27176400,0.0,0.0
2022-10-25 00:00:00-04:00,102.05650783204726,103.96076735839142,101.87798302852408,103.6235580444336,40611400,0.0,0.0
2022-10-26 00:00:00-04:00,95.63954441159298,97.50413095357072,93.91380965641918,94.15184020996094,88114100,0.0,0.0
2022-10-27 00:00:00-04:00,93.74519988449306,94.64774408921001,91.04750255104241,91.46405792236328,60710900,0.0,0.0
2022-10-28 00:00:00-04:00,91.51363539732378,95.75855747636481,91.37478361921333,95.50068664550781,43697300,0.0,0.0
2022-10-31 00:00:00-04:00,94.63782719623836,95.24282754689693,93.2096362216236,93.73529052734375,31675000,0.0,0.0
2022-11-01 00:00:00-04:00,94.66757492682962,95.24282237108928,89.62922241672638,89.72840118408203,47161400,0.0,0.0
2022-11-02 00:00:00-04:00,90.19455387405776,90.43258444006051,86.16782914537849,86.25709533691406,57038300,0.0,0.0
2022-11-03 00:00:00-04:00,85.61240274626711,85.81076024558902,82.65682757850765,82.74609375,61288000,0.0,0.0
2022-11-04 00:00:00-04:00,84.69994242037153,85.92977550920158,83.02379362739967,85.87026977539062,51124900,0.0,0.0
2022-11-07 00:00:00-05:00,86.56453757303696,88.1712606549143,86.13806211366017,87.76461791992188,34078900,0.0,0.0
2022-11-08 00:00:00-05:00,88.17127990722656,89.57963821850713,86.87201295416122,88.17127990722656,30429000,0.0,0.0
2022-11-09 00:00:00-05:00,87.72495193475426,88.70684212468586,86.56454451049467,86.60421752929688,31769100,0.0,0.0
2022-11-10 00:00:00-05:00,91.49379583808987,93.61625293565226,90.85904273789478,93.1699447631836,51620100,0.0,0.0
2022-11-11 00:00:00-05:00,93.91380328731896,96.1354392923686,93.15011094483498,95.61970520019531,33090500,0.0,0.0
2022-11-14 00:00:00-05:00,94.31051943427285,95.99658864167773,93.73527959271193,94.91551971435547,30179500,0.0,0.0
2022-11-15 00:00:00-05:00,97.4545394739204,99.31912590340235,95.91724219824151,97.63306427001953,41640800,0.0,0.0
2022-11-16 00:00:00-05:00,97.09748619804606,98.82322078363063,96.83961537638496,98.0396957397461,29105200,0.0,0.0
2022-11-17 00:00:00-05:00,96.17512087878868,98.46618297666177,95.99659606811966,97.55372619628906,26052600,0.0,0.0
2022-11-18 00:00:00-05:00,97.96035204939338,98.0892912467336,95.58003155727448,96.63134002685547,28342300,0.0,0.0
2022-11-21 00:00:00-05:00,96.49248658714596,97.59338820085925,94.5783070537111,94.81633758544922,21647400,0.0,0.0
2022-11-22 00:00:00-05:00,95.16347408012261,96.42306785300386,93.27905484436155,96.25446319580078,23438500,0.0,0.0
2022-11-23 00:00:00-05:00,96.29414321120647,97.95045986147422,96.29414321120647,97.65291595458984,18868100,0.0,0.0
2022-11-25 00:00:00-05:00,97.43469959629758,97.83142220785665,96.60158892219253,96.66109466552734,9701400,0.0,0.0
2022-11-28 00:00:00-05:00,96.24453976932135,96.78011416235111,94.82626153412802,95.26265716552734,26237500,0.0,0.0
2022-11-29 00:00:00-05:00,94.94528818097686,95.33209067906634,93.33856487339783,94.40971374511719,20061700,0.0,0.0
2022-11-30 00:00:00-05:00,94.04274131301841,100.21175594756679,93.64601867914251,100.16216278076172,43647500,0.0,0.0
2022-12-01 00:00:00-05:00,100.19191565410281,101.4118364290716,99.42823082654697,100.16216278076172,28687100,0.0,0.0
2022-12-02 00:00:00-05:00,98.23807103454332,99.94396550598155,98.08929910016103,99.6166763305664,21480700,0.0,0.0
2022-12-05 00:00:00-05:00,98.58520473725795,100.54897014150208,98.18848208415297,98.66455078125,24405100,0.0,0.0
2022-12-06 00:00:00-05:00,98.48601782310948,98.9620789139917,95.62962101039767,96.1850357055664,24910700,0.0,0.0
2022-12-07 00:00:00-05:00,95.6197019736811,96.08584288669229,93.94355298868143,94.16175079345703,31045400,0.0,0.0
2022-12-08 00:00:00-05:00,94.59814224941029,94.79650733675184,92.6839626659769,92.94183349609375,32213300,0.0,0.0
2022-12-09 00:00:00-05:00,93.0013431152763,93.48733192437892,91.98970761165849,92.06905364990234,28225400,0.0,0.0
2022-12-12 00:00:00-05:00,91.9500324704772,92.79306329851202,90.85905095379364,92.54511260986328,29420000,0.0,0.0
2022-12-13 00:00:00-05:00,96.958644678424,98.71413232006631,94.25101968178204,94.84609985351562,40593700,0.0,0.0
2022-12-14 00:00:00-05:00,94.4196191950435,96.07593554575189,92.83273630132557,94.29068756103516,28733600,0.0,0.0
2022-12-15 00:00:00-05:00,92.36660072509676,92.87242231937816,89.27218054091779,90.1152114868164,40107000,0.0,0.0
2022-12-16 00:00:00-05:00,90.01601241882409,90.5813396378672,88.78617166028681,89.52011108398438,58011800,0.0,0.0
2022-12-19 00:00:00-05:00,89.5201151224369,89.81765139665094,87.4869165311304,87.71503448486328,29493000,0.0,0.0
2022-12-20 00:00:00-05:00,87.38774657684024,88.44897528550977,86.72324050727767,88.290283203125,23453800,0.0,0.0
2022-12-21 00:00:00-05:00,88.349786515183,89.48044099017838,87.59601434290138,88.84568786621094,24745600,0.0,0.0
2022-12-22 00:00:00-05:00,87.43733387958731,87.81421619968995,85.61241288884075,87.04061126708984,27658300,0.0,0.0
2022-12-23 00:00:00-05:00,86.39594104938888,88.81594226177606,86.35626803003854,88.49856567382812,23003000,0.0,0.0
2022-12-27 00:00:00-05:00,88.07208282991216,88.21093460263191,86.29675508801945,86.67363739013672,20097300,0.0,0.0
2022-12-28 00:00:00-05:00,86.26701007977196,87.31831861670652,85.23553426923881,85.31487274169922,19523200,0.0,0.0
2022-12-29 00:00:00-05:00,85.9099593646084,88.12167532237186,85.9000392181079,87.7249526977539,23333500,0.0,0.0
2022-12-30 00:00:00-05:00,86.26700621056507,87.57618553312793,85.86036345245435,87.50675964355469,23986300,0.0,0.0
2023-01-03 00:00:00-05:00,88.85561394606133,90.30365276991351,87.7943851962897,88.38947296142578,28131200,0.0,0.0
2023-01-04 00:00:00-05:00,89.60938314842804,89.90692702075431,86.55462865105089,87.35799407958984,34854800,0.0,0.0
2023-01-05 00:00:00-05:00,86.75297117477815,86.85214991745428,85.19584145751848,85.49337768554688,27194400,0.0,0.0
2023-01-06 00:00:00-05:00,86.0785669486724,86.97119099271035,84.16438721912351,86.62405395507812,41381500,0.0,0.0
2023-01-09 00:00:00-05:00,87.63569405206921,89.31184316795068,87.13979266316744,87.29847717285156,29003900,0.0,0.0
2023-01-10 00:00:00-05:00,85.2752044746708,87.94314874861813,85.12643254757823,87.69519805908203,30467800,0.0,0.0
2023-01-11 00:00:00-05:00,88.44896825112974,90.8491290549015,88.28036360214634,90.76978302001953,26862000,0.0,0.0
2023-01-12 00:00:00-05:00,90.73011735676101,91.11691981733598,89.01429529901861,90.38298034667969,30258100,0.0,0.0
2023-01-13 00:00:00-05:00,90.1052744877532,91.4342940509324,89.3911753274604,91.3648681640625,26329200,0.0,0.0
2023-01-17 00:00:00-05:00,91.30536421618127,91.49380917136953,89.31184601733088,90.54167938232422,32602400,0.0,0.0
2023-01-18 00:00:00-05:00,91.3847206735028,92.03931423444145,89.89701628975767,90.37308502197266,29116700,0.0,0.0
2023-01-19 00:00:00-05:00,89.97635197425116,92.84266148471706,89.88708578674498,92.2872543334961,37000400,0.0,0.0
2023-01-20 00:00:00-05:00,94.3204372009586,97.49421044649547,94.24109116727796,97.21649932861328,63191100,0.0,0.0
2023-01-23 00:00:00-05:00,97.1470640983974,99.21993551954755,96.70075594385946,98.97198486328125,40005100,0.0,0.0
2023-01-24 00:00:00-05:00,97.29584675272618,98.79347100071968,96.40322277819845,96.89912414550781,33078500,0.0,0.0
2023-01-25 00:00:00-05:00,94.786582552293,95.37175007274746,92.99142210911067,94.439453125,42330000,0.0,0.0
2023-01-26 00:00:00-05:00,95.70896843494373,96.77019710869844,94.59814659536165,96.7206039428711,30114000,0.0,0.0
2023-01-27 00:00:00-05:00,96.5123239826297,99.49765240364174,96.5123239826297,98.5554428100586,33879800,0.0,0.0
2023-01-30 00:00:00-05:00,96.68093725731849,97.48429507886306,95.60978845068932,96.1453628540039,27226200,0.0,0.0
2023-01-31 00:00:00-05:00,96.07593999568378,98.0694581762873,96.02634682892345,98.02978515625,29870700,0.0,0.0
2023-02-01 00:00:00-05:00,97.90084854753133,100.36052269702401,96.78011416406397,99.60675048828125,35531100,0.0,0.0
2023-02-02 00:00:00-05:00,104.93274207361436,106.9659333278878,104.74429711518005,106.8568344116211,69883800,0.0,0.0
2023-02-03 00:00:00-05:00,102.08625562934304,106.92625024321528,101.73912618609937,103.92108917236328,65309300,0.0,0.0
2023-02-06 00:00:00-05:00,101.56060951901542,103.50454212360086,101.04486781904797,102.05651092529297,31999600,0.0,0.0
2023-02-07 00:00:00-05:00,102.3738930595634,107.29323436787847,102.27471428631476,106.75765991210938,49010200,0.0,0.0
2023-02-08 00:00:00-05:00,101.2134745048074,102.29453587919534,97.23634332555855,98.5554428100586,94743500,0.0,0.0
2023-02-09 00:00:00-05:00,99.18027975409596,99.21003262732542,92.86249320969232,94.23118591308594,119455000,0.0,0.0
2023-02-10 00:00:00-05:00,94.6675682304884,95.95691481547425,93.47740797269714,93.79478454589844,54980700,0.0,0.0
2023-02-13 00:00:00-05:00,93.96338902898977,94.4196173792314,93.07076505379771,93.83445739746094,50076100,0.0,0.0
2023-02-14 00:00:00-05:00,93.65593419962755,94.0724895395363,91.50372404324449,93.90388488769531,54726100,0.0,0.0
2023-02-15 00:00:00-05:00,93.7154415296958,96.32388765510876,93.37823222030585,96.1453628540039,50169000,0.0,0.0
2023-02-16 00:00:00-05:00,94.58823713954602,96.8792992195654,93.96339652364621,94.72708892822266,42462600,0.0,0.0
2023-02-17 00:00:00-05:00,94.07248521564689,94.77666422937034,92.44592938203277,93.57658386230469,34284100,0.0,0.0
2023-02-21 00:00:00-05:00,92.23765518012942,92.33683394114578,90.96814887866952,91.0375747680664,33629300,0.0,0.0
2023-02-22 00:00:00-05:00,90.9482977493757,91.35494045799983,89.8672365194592,90.89871215820312,30884000,0.0,0.0
2023-02-23 00:00:00-05:00,91.1665064831145,91.18634677544837,89.02421648917793,90.14495086669922,41206400,0.0,0.0
2023-02-24 00:00:00-05:00,88.70683991186095,89.15314812025682,87.85388894602733,88.39937591552734,36585100,0.0,0.0
2023-02-27 00:00:00-05:00,89.13331604003906,89.42093974612138,88.60765422535826,89.13331604003906,27502300,0.0,0.0
2023-02-28 00:00:00-05:00,88.59775024323443,90.48217716813194,88.58783009603324,89.32176208496094,30142000,0.0,0.0
2023-03-01 00:00:00-05:00,89.24241090828541,90.28379921055803,88.93494692364422,89.61929321289062,31111200,0.0,0.0
2023-03-02 00:00:00-05:00,88.92504232804767,91.52356081097336,88.85560886814189,91.24585723876953,32204400,0.0,0.0
2023-03-03 00:00:00-05:00,91.7219244117424,92.96167788657921,91.69216397218837,92.88233184814453,35160100,0.0,0.0
2023-03-06 00:00:00-05:00,93.24929513438325,95.18331511806566,93.22946240796787,94.3501968383789,32639300,0.0,0.0
2023-03-07 00:00:00-05:00,94.20142077271831,94.88575946844404,92.76330236344629,93.0905990600586,27835500,0.0,0.0
2023-03-08 00:00:00-05:00,93.34848534799025,95.17339892826718,93.22946628398542,93.4774169921875,34103300,0.0,0.0
2023-03-09 00:00:00-05:00,93.27905456209555,94.74691844025844,91.14667706997915,91.563232421875,28813500,0.0,0.0
2023-03-10 00:00:00-05:00,91.41445442058324,92.02937482791765,89.65896694454361,89.88707733154297,35941000,0.0,0.0
2023-03-13 00:00:00-04:00,89.35150848107031,91.81118269560834,88.687002437022,90.36315155029297,37335600,0.0,0.0
2023-03-14 00:00:00-04:00,91.80126150060728,93.58650950422467,91.6822500116025,93.19970703125,36050200,0.0,0.0
2023-03-15 00:00:00-04:00,92.45586439440325,96.135452119845,91.88061691598347,95.32217407226562,50622100,0.0,0.0
2023-03-16 00:00:00-04:00,95.41142746724535,100.36052894620208,94.71716852573586,99.4976577758789,65492000,0.0,0.0
2023-03-17 00:00:00-04:00,99.43814263216196,101.99698789396676,99.27945056518114,100.78699493408203,61028500,0.0,0.0
2023-03-20 00:00:00-04:00,99.29930009920032,100.9159359560501,99.05134939660562,100.3902816772461,32960400,0.0,0.0
2023-03-21 00:00:00-04:00,100.42002246352078,104.23846131049126,100.39026959348749,104.0599365234375,42110300,0.0,0.0
2023-03-22 00:00:00-04:00,103.41526808239401,105.71625013011207,102.48297865485124,102.52265167236328,43427400,0.0,0.0
2023-03-23 00:00:00-04:00,104.19879298533533,105.42863382566868,103.60371285731998,104.73436737060547,40797800,0.0,0.0
2023-03-24 00:00:00-04:00,104.12936022266562,104.62526155775176,102.98878563859677,104.57567596435547,30393300,0.0,0.0
2023-03-27 00:00:00-04:00,103.76240714497641,103.90125892558605,101.09445530767543,101.62010955810547,31120900,0.0,0.0
2023-03-28 00:00:00-04:00,101.60028121184264,101.61019379170308,98.92240911282488,100.20183563232422,32057900,0.0,0.0
2023-03-29 00:00:00-04:00,101.44158753942646,101.64986521604924,99.82495172553267,100.55888366699219,28779600,0.0,0.0
2023-03-30 00:00:00-04:00,100.0828209446528,100.33077163663715,98.96207897409658,100.06298065185547,33086200,0.0,0.0
2023-03-31 00:00:00-04:00,100.46962623998861,103.03839184898722,100.21175539436457,102.87970733642578,36863400,0.0,0.0
2023-04-03 00:00:00-04:00,101.55068678803492,103.67314414754483,101.0944584138917,103.5045394897461,25035400,0.0,0.0
2023-04-04 00:00:00-04:00,103.47478504857116,104.71453851392779,103.18716133658586,103.86158752441406,24420100,0.0,0.0
2023-04-05 00:00:00-04:00,104.91289907946413,105.2302756731111,102.8102819841236,103.61363983154297,28290500,0.0,0.0
2023-04-06 00:00:00-04:00,104.39716471996435,108.27510972849137,103.47478781441008,107.53125762939453,48711500,0.0,0.0
2023-04-10 00:00:00-04:00,106.10306402969181,106.7080567599706,104.25831026578564,105.56748962402344,27067400,0.0,0.0
2023-04-11 00:00:00-04:00,105.67658753468932,105.85511233488984,103.82191364187591,104.48641967773438,26311800,0.0,0.0
2023-04-12 00:00:00-04:00,105.70634939796318,105.87495406614505,103.48470556942307,103.7822494506836,24370300,0.0,0.0
2023-04-13 00:00:00-04:00,104.9723919871335,106.6088679220058,104.9723919871335,106.54936218261719,24843600,0.0,0.0
2023-04-14 00:00:00-04:00,106.01380426968531,108.04700310514491,105.96421110126722,107.97757720947266,26578000,0.0,0.0
2023-04-17 00:00:00-04:00,103.80207449899135,105.28977855307458,103.66321515910445,105.10133361816406,37571200,0.0,0.0
2023-04-18 00:00:00-04:00,105.61707218442865,105.66666534841484,103.2169113578442,103.64338684082031,26596400,0.0,0.0
2023-04-19 00:00:00-04:00,102.73093910158751,104.11946457904193,102.22511753880913,103.32601928710938,20905700,0.0,0.0
2023-04-20 00:00:00-04:00,103.05822535639409,105.37904011363008,103.01855233915232,104.42691040039062,27820800,0.0,0.0
2023-04-21 00:00:00-04:00,104.60544233096776,105.13109660328743,103.92109597885471,104.54593658447266,25800100,0.0,0.0
2023-04-24 00:00:00-04:00,104.62526499144161,105.75591946719655,103.84173994826861,105.10133361816406,23542800,0.0,0.0
2023-04-25 00:00:00-04:00,104.96249111597527,105.81544212100182,102.98879811509617,102.99871826171875,46664100,0.0,0.0
2023-04-26 00:00:00-04:00,104.05994371224027,105.47822196102051,101.788714484929,102.85986328125,53347600,0.0,0.0
2023-04-27 00:00:00-04:00,103.59378617149903,107.48165840059524,102.69124967380353,106.70804595947266,50089200,0.0,0.0
2023-04-28 00:00:00-04:00,106.16256960456029,106.47002604243367,104.22854965938166,106.4601058959961,36139800,0.0,0.0
2023-05-01 00:00:00-04:00,105.96420132305943,107.1047759897289,105.9443685976354,106.32125091552734,26681700,0.0,0.0
2023-05-02 00:00:00-04:00,106.26173021393583,106.32123594868573,102.85984698508899,104.45664978027344,30997200,0.0,0.0
2023-05-03 00:00:00-04:00,104.66494807746287,106.60888065380296,104.09962078519486,104.54593658447266,21795400,0.0,0.0
2023-05-04 00:00:00-04:00,104.62527823765616,104.73437715411653,103.11774126807067,103.83184051513672,23419500,0.0,0.0
2023-05-05 00:00:00-04:00,103.96076069275621,105.01206915340022,103.25658167035746,104.7046127319336,26639300,0.0,0.0
2023-05-08 00:00:00-04:00,104.31780842718317,107.07501872614742,104.29797570257264,106.8865737915039,26511400,0.0,0.0
2023-05-09 00:00:00-04:00,107.50149217757128,109.24706701792465,106.31133198501676,106.47001647949219,36360100,0.0,0.0
2023-05-10 00:00:00-04:00,107.08494078998831,112.01420151452291,107.04526777320253,110.83395385742188,63153400,0.0,0.0
2023-05-11 00:00:00-04:00,114.4540486758181,116.95338849067711,113.47216598785796,115.61445617675781,78900000,0.0,0.0
2023-05-12 00:00:00-04:00,115.7235547629223,117.06248707301147,115.15822745124665,116.5467529296875,41102300,0.0,0.0
2023-05-15 00:00:00-04:00,115.15823186734691,117.50880739385165,115.05905309369534,115.5549545288086,36266800,0.0,0.0
2023-05-16 00:00:00-04:00,115.535101164742,119.76018303268906,115.47559542065336,118.53034973144531,45035600,0.0,0.0
2023-05-17 00:00:00-04:00,118.62952837460274,120.67263963270652,117.91542917883902,119.84944152832031,33323600,0.0,0.0
2023-05-18 00:00:00-04:00,119.95854133598478,122.29919646548392,119.83952984703524,121.82313537597656,35234200,0.0,0.0
2023-05-19 00:00:00-04:00,122.5372406458961,124.93740163874087,121.14871519349788,121.75371551513672,41353400,0.0,0.0
2023-05-22 00:00:00-04:00,121.93224352318924,125.39363331471273,121.73387841515391,124.02494812011719,35253000,0.0,0.0
2023-05-23 00:00:00-04:00,123.14224182358522,123.60838279305526,121.20822178352526,121.55535125732422,34046300,0.0,0.0
2023-05-24 00:00:00-04:00,120.12715625884692,120.9106813684256,118.87748262878495,119.9089584350586,34182600,0.0,0.0
2023-05-25 00:00:00-04:00,123.49927982509996,124.29272508219533,120.96026710936242,122.46781158447266,42317000,0.0,0.0
2023-05-26 00:00:00-04:00,122.16034830832359,124.2332200823341,121.44624908602053,123.58854675292969,35635900,0.0,0.0
2023-05-30 00:00:00-04:00,124.61010271936992,124.62994301273424,120.99994114625623,122.65625,35076700,0.0,0.0
2023-05-31 00:00:00-04:00,121.7437815499549,123.04304066689512,121.49583087470042,121.86280059814453,37325800,0.0,0.0
2023-06-01 00:00:00-04:00,121.8132170497212,123.40009998321423,121.6148595206051,122.70584106445312,30772700,0.0,0.0
2023-06-02 00:00:00-04:00,122.97362222070807,125.11591981661117,122.74551182311099,123.6480484008789,26980100,0.0,0.0
2023-06-05 00:00:00-04:00,122.99346054966021,126.38542412216299,122.82484833216863,124.97706604003906,32305500,0.0,0.0
2023-06-06 00:00:00-04:00,124.97707174019685,127.23837332481472,124.33239841304952,126.26641082763672,26638300,0.0,0.0
2023-06-07 00:00:00-04:00,125.92920166945693,127.9822255786917,121.11895964321234,121.49584197998047,52539000,0.0,0.0
2023-06-08 00:00:00-04:00,121.22805249747213,122.21985523958173,120.24616233464845,121.13878631591797,29389200,0.0,0.0
2023-06-09 00:00:00-04:00,121.2478905876319,122.74551491320051,120.9106812724846,121.22805786132812,23778300,0.0,0.0
2023-06-12 00:00:00-04:00,121.7834720869418,123.03314578873348,120.66273759761951,122.62650299072266,28306400,0.0,0.0
2023-06-13 00:00:00-04:00,123.95550842884325,124.1340332227792,122.17026048948374,122.81493377685547,22278300,0.0,0.0
2023-06-14 00:00:00-04:00,122.09092270879414,123.03313990537379,120.45444658155986,122.65625,30592300,0.0,0.0
2023-06-15 00:00:00-04:00,122.13059332494937,124.43157546435972,121.39666138886585,124.06460571289062,35246300,0.0,0.0
2023-06-16 00:00:00-04:00,124.89772318191494,125.07624798326509,122.26944432692575,122.51739501953125,45535600,0.0,0.0
2023-06-20 00:00:00-04:00,121.92232245860355,123.54887849797753,121.13879731318417,122.09092712402344,26097500,0.0,0.0
2023-06-21 00:00:00-04:00,121.39666999640949,121.6545408553707,119.11552042137501,119.56183624267578,30306300,0.0,0.0
2023-06-22 00:00:00-04:00,119.01632293916366,122.22976153980194,117.85591560655178,122.1405029296875,26952200,0.0,0.0
2023-06-23 00:00:00-04:00,120.3850207964695,121.78346637257002,120.06764420404919,121.33715057373047,34913600,0.0,0.0
2023-06-26 00:00:00-04:00,119.77009470813596,120.9999279223986,117.30050056715868,117.36992645263672,33969900,0.0,0.0
2023-06-27 00:00:00-04:00,116.1202700370029,118.10387557545451,115.14829999374557,117.36002349853516,39535900,0.0,0.0
2023-06-28 00:00:00-04:00,116.13017287240949,119.40312476297248,115.89214234648705,119.1948471069336,27091400,0.0,0.0
2023-06-29 00:00:00-04:00,118.26255477904468,119.0758327106557,117.33026536325183,118.12370300292969,24090900,0.0,0.0
2023-06-30 00:00:00-04:00,119.1849366580173,120.08748080780242,118.708875567441,118.71878814697266,29532200,0.0,0.0
2023-07-03 00:00:00-04:00,118.26255895127434,119.2047761131289,117.84600360823359,118.91715240478516,14467900,0.0,0.0
2023-07-05 00:00:00-04:00,118.26256411758469,121.60494228794853,118.25265153768966,120.75199127197266,27584800,0.0,0.0
2023-07-06 00:00:00-04:00,118.81797842897954,119.31387982882194,117.42945299604987,119.12543487548828,24745200,0.0,0.0
2023-07-07 00:00:00-04:00,119.11552328876944,120.05774055629345,118.42126430584051,118.5006103515625,21709500,0.0,0.0
2023-07-10 00:00:00-04:00,117.33027117785484,117.34018375745839,115.18797355416356,115.49542999267578,35315200,0.0,0.0
2023-07-11 00:00:00-04:00,115.33674061449469,116.74509867791642,114.40444362500358,116.17977142333984,23078800,0.0,0.0
2023-07-12 00:00:00-04:00,117.82616938013048,119.34362637246984,117.4393669141167,117.9551010131836,30404400,0.0,0.0
2023-07-13 00:00:00-04:00,119.93871802592176,123.80675062438884,119.46264933218596,123.51912689208984,44297900,0.0,0.0
2023-07-14 00:00:00-04:00,123.77698624657505,125.74075145445121,122.47771949840582,124.39189910888672,33283100,0.0,0.0
2023-07-17 00:00:00-04:00,124.9076384065508,126.05812564014278,123.18189620588134,123.62821197509766,25716200,0.0,0.0
2023-07-18 00:00:00-04:00,123.57862461739118,123.65797065567115,121.95206866692536,122.74551391601562,26193600,0.0,0.0
2023-07-19 00:00:00-04:00,123.57861868845079,124.1538660880998,120.80157558357863,121.0296859741211,37224000,0.0,0.0
2023-07-20 00:00:00-04:00,120.42469622569655,123.07280793107658,117.25093023799634,118.22289276123047,37906800,0.0,0.0
2023-07-21 00:00:00-04:00,119.6312510365837,119.99821321316037,117.75674443491287,119.03616333007812,72937900,0.0,0.0
2023-07-24 00:00:00-04:00,120.66272215495184,121.99173416334048,119.98829600487059,120.53378295898438,29686100,0.0,0.0
2023-07-25 00:00:00-04:00,120.36518297759501,122.14051081744289,120.02796610605938,121.20821380615234,52509600,0.0,0.0
2023-07-26 00:00:00-04:00,129.00378761340536,129.90631659089652,127.26813284588675,128.21034240722656,61682100,0.0,0.0
2023-07-27 00:00:00-04:00,130.59066029279523,132.14779780312753,127.73426366088836,128.33926391601562,44952100,0.0,0.0
2023-07-28 00:00:00-04:00,129.70797692151828,132.64372004824634,129.4997067956334,131.49322509765625,36591200,0.0,0.0
2023-07-31 00:00:00-04:00,131.64199265883678,132.43543799339955,130.6997829450421,131.632080078125,28055500,0.0,0.0
2023-08-01 00:00:00-04:00,129.70798718682403,131.5428286779553,129.60880083941242,130.4716796875,23166800,0.0,0.0
2023-08-02 00:00:00-04:00,128.38887313460415,129.02362633955516,126.51436639391204,127.32765197753906,26273300,0.0,0.0
2023-08-03 00:00:00-04:00,126.92099551059741,128.32935355941024,126.37550098690372,127.39705657958984,20089500,0.0,0.0
2023-08-04 00:00:00-04:00,128.2202600170075,130.43197594152576,126.86149507419762,127.05985260009766,26147200,0.0,0.0
2023-08-07 00:00:00-04:00,128.10124510100812,130.53115877911966,127.962393323222,130.45181274414062,22746300,0.0,0.0
2023-08-08 00:00:00-04:00,129.54928620643435,130.431990156543,128.4781372893849,130.32289123535156,23535200,0.0,0.0
2023-08-09 00:00:00-04:00,130.58074278541653,130.95761750800182,127.94254405878128,128.59713745117188,24912900,0.0,0.0
2023-08-10 00:00:00-04:00,130.2435507528464,130.9675625582551,128.38886922887625,128.6269073486328,20857800,0.0,0.0
2023-08-11 00:00:00-04:00,127.60533894622364,128.86491747828384,127.11935017534717,128.49795532226562,19591100,0.0,0.0
2023-08-14 00:00:00-04:00,128.3293488553076,130.29311393491162,127.9028809647762,130.25344848632812,24695600,0.0,0.0
2023-08-15 00:00:00-04:00,130.0253428626258,130.3427118640274,128.22025464503122,128.71615600585938,19770700,0.0,0.0
2023-08-16 00:00:00-04:00,127.64502716064453,129.21207752133685,126.8218365240768,127.64502716064453,25216100,0.0,0.0
2023-08-17 00:00:00-04:00,128.73601474425206,130.90806543730483,128.23018559815387,128.8550262451172,33446300,0.0,0.0
2023-08-18 00:00:00-04:00,127.45655703673252,128.1904964685169,125.344020051106,126.41516876220703,30504800,0.0,0.0
2023-08-21 00:00:00-04:00,126.13747078000077,127.6747604625636,125.52255036686307,127.31771087646484,25248700,0.0,0.0
2023-08-22 00:00:00-04:00,127.4565767415667,129.21207199508038,127.2681469154346,128.02191162109375,22054900,0.0,0.0
2023-08-23 00:00:00-04:00,129.11286188164175,132.31639534159987,128.80540548113294,131.284912109375,27819700,0.0,0.0
2023-08-24 00:00:00-04:00,132.85197153912117,133.14951538235977,128.50788590918833,128.71615600585938,28500700,0.0,0.0
2023-08-25 00:00:00-04:00,128.47812893761383,129.6881295726403,126.20690716881097,128.8153533935547,26762900,0.0,0.0
2023-08-28 00:00:00-04:00,130.23360950918428,131.45352258706555,129.0732021716326,129.93606567382812,20543300,0.0,0.0
2023-08-29 00:00:00-04:00,131.15600145683445,135.45050919179718,131.15600145683445,133.46690368652344,43075600,0.0,0.0
2023-08-30 00:00:00-04:00,133.6752002776301,135.16290470137614,132.97102865860236,134.7661895751953,28315800,0.0,0.0
2023-08-31 00:00:00-04:00,134.89509514927343,136.8687881952977,134.67689731971456,135.0537872314453,30053800,0.0,0.0
2023-09-01 00:00:00-04:00,136.3332062668677,136.3332062668677,133.74460060567057,134.54795837402344,21543700,0.0,0.0
2023-09-05 00:00:00-04:00,134.32977722585983,135.30173975827023,133.47682618982745,134.65707397460938,19403100,0.0,0.0
2023-09-06 00:00:00-04:00,134.9050286366341,135.41084264478113,132.57428587282706,133.35781860351562,18684500,0.0,0.0
2023-09-07 00:00:00-04:00,132.49493620985484,134.46862928644677,131.86018300504648,134.1512451171875,18844300,0.0,0.0
2023-09-08 00:00:00-04:00,133.80410329196144,135.53975798327252,133.74459755250976,135.26205444335938,23558300,0.0,0.0
2023-09-11 00:00:00-04:00,135.42077846449305,136.35307573000554,134.67692619524962,135.79766845703125,20763400,0.0,0.0
2023-09-12 00:00:00-04:00,135.14301687903506,135.7480170706124,134.0817959661607,134.23056030273438,18405500,0.0,0.0
2023-09-13 00:00:00-04:00,133.9826247837674,135.7777852717878,133.05032781273377,135.58935546875,20749500,0.0,0.0
2023-09-14 00:00:00-04:00,136.4720856086748,137.56305972256655,135.12323305423436,136.96798706054688,24751000,0.0,0.0
2023-09-15 00:00:00-04:00,136.84895965520028,137.38454169510266,135.3612553079111,136.27371215820312,38919600,0.0,0.0
2023-09-18 00:00:00-04:00,135.49018160432044,138.019281780227,135.49018160432044,137.0770721435547,21861300,0.0,0.0
2023-09-19 00:00:00-04:00,136.2935040125057,137.27539398087168,135.50005894921352,136.90841674804688,20353700,0.0,0.0
2023-09-20 00:00:00-04:00,136.94811189062173,136.94811189062173,132.5246654075392,132.64369201660156,29927500,0.0,0.0
2023-09-21 00:00:00-04:00,130.36257622016777,131.14609385607787,129.00381108346423,129.3707733154297,31503900,0.0,0.0
2023-09-22 00:00:00-04:00,129.68811066252235,130.94770428096794,128.53763107597587,129.1822967529297,26397300,0.0,0.0
2023-09-25 00:00:00-04:00,128.76577182393018,130.09478407268804,127.90290814706238,130.0352783203125,20094600,0.0,0.0
2023-09-26 00:00:00-04:00,128.70625840016731,129.29141844193066,126.17715813897233,127.51609802246094,25718700,0.0,0.0
2023-09-27 00:00:00-04:00,127.51608742320651,129.82697452376246,127.51608742320651,129.4699249267578,22746500,0.0,0.0
2023-09-28 00:00:00-04:00,128.77567908657804,132.20732362438937,128.7260859170761,131.22543334960938,22513100,0.0,0.0
2023-09-29 00:00:00-04:00,132.18746856469267,132.9511609153293,129.29140636705122,129.7873077392578,30859800,0.0,0.0
2023-10-02 00:00:00-04:00,130.1344623833808,133.31814114938217,130.09478179335153,133.0701904296875,22288000,0.0,0.0
2023-10-03 00:00:00-04:00,132.84208398165953,133.15945304283952,130.7592918203912,131.34445190429688,22989400,0.0,0.0
2023-10-04 00:00:00-04:00,131.70149484137792,134.45872070934675,131.44363154646038,134.1314239501953,26752300,0.0,0.0
2023-10-05 00:00:00-04:00,133.9628143310547,134.37936969993646,132.35608346969923,133.9628143310547,19832600,0.0,0.0
2023-10-06 00:00:00-04:00,132.9114964978089,137.02748746801123,132.9114964978089,136.45223999023438,27597600,0.0,0.0
2023-10-09 00:00:00-04:00,135.8174603789753,137.80106572376255,134.49836100864687,137.2853240966797,19278100,0.0,0.0
2023-10-10 00:00:00-04:00,137.36466401043336,138.5746644275756,136.20425675144423,136.9282684326172,27786600,0.0,0.0
2023-10-11 00:00:00-04:00,137.44403543423456,139.95329533664227,137.44403543423456,139.39788818359375,25884300,0.0,0.0
2023-10-12 00:00:00-04:00,139.89380826258108,140.06241294699714,137.12666957424625,137.8308563232422,24765500,0.0,0.0
2023-10-13 00:00:00-04:00,138.23750077287028,138.852413762459,135.5001149302632,136.2340545654297,23420500,0.0,0.0
2023-10-16 00:00:00-04:00,137.03740849990476,138.4854474310205,136.85889123736658,137.9597930908203,28501900,0.0,0.0
2023-10-17 00:00:00-04:00,137.49361518669917,138.75319373814438,136.0554891433646,138.57467651367188,23515800,0.0,0.0
2023-10-18 00:00:00-04:00,138.30689326315832,139.56648701861894,136.25386939858822,136.82911682128906,23375000,0.0,0.0
2023-10-19 00:00:00-04:00,137.36468644323884,138.51518131196565,136.25387216099756,136.62083435058594,26066000,0.0,0.0
2023-10-20 00:00:00-04:00,136.2042943979111,136.73986130635555,133.97273786758853,134.4884796142578,26335700,0.0,0.0
2023-10-23 00:00:00-04:00,133.9330343496389,136.53156779993722,132.85197300320976,135.38107299804688,26317900,0.0,0.0
2023-10-24 00:00:00-04:00,136.70018711343607,138.2176442463873,136.2935443173615,137.67214965820312,44814300,0.0,0.0
2023-10-25 00:00:00-04:00,127.10944521580694,127.25820957616193,124.04477075596701,124.5803451538086,84366200,0.0,0.0
2023-10-26 00:00:00-04:00,122.25952391827924,123.31083999813282,120.27591838168972,121.27764129638672,57061100,0.0,0.0
2023-10-27 00:00:00-04:00,121.87272000373477,122.29919549173574,119.22460845972752,121.16854095458984,44566500,0.0,0.0
2023-10-30 00:00:00-04:00,122.20002763263162,124.37207828472111,121.7437992319236,123.43978118896484,28940100,0.0,0.0
2023-10-31 00:00:00-04:00,124.03485157297696,124.34231557609246,121.68428385885795,123.0628890991211,26292300,0.0,0.0
2023-11-01 00:00:00-04:00,123.0529643757322,125.45312516564948,122.7058349336953,125.4134521484375,30082400,0.0,0.0
2023-11-02 00:00:00-04:00,127.3673155795192,127.92272273406017,125.889531505127,126.44493865966797,27124600,0.0,0.0
2023-11-03 00:00:00-04:00,126.970599202535,128.4682159884043,126.81190712180837,128.041748046875,26393100,0.0,0.0
2023-11-06 00:00:00-05:00,127.9921365850185,129.2715553604388,127.61524673059205,129.1822967529297,19052700,0.0,0.0
2023-11-07 00:00:00-05:00,129.6385295842965,130.82868972418774,128.81533157799734,129.89639282226562,29757300,0.0,0.0
2023-11-08 00:00:00-05:00,129.89639859360128,131.1262393685652,129.70795366245193,130.75926208496094,26425800,0.0,0.0
2023-11-09 00:00:00-05:00,130.8782957156304,131.46345569784398,129.0037891497348,129.17239379882812,23747800,0.0,0.0
2023-11-10 00:00:00-05:00,129.03354879478132,131.71141329610631,128.34920244954847,131.5031280517578,26913300,0.0,0.0
2023-11-13 00:00:00-05:00,130.69976098599605,131.50311876629735,130.1741067560777,131.00721740722656,18324800,0.0,0.0
2023-11-14 00:00:00-05:00,133.0900082716238,134.58762491778677,132.22714475544407,132.52467346191406,32395200,0.0,0.0
2023-11-15 00:00:00-05:00,133.76443017621472,133.92312224608222,132.4750987262402,133.5164794921875,23861500,0.0,0.0
2023-11-16 00:00:00-05:00,134.0818138246226,136.09517216084916,133.21895029015656,135.8075408935547,28013200,0.0,0.0
2023-11-17 00:00:00-05:00,134.88518254388185,134.94468829125762,132.55443988026462,134.20083618164062,37240600,0.0,0.0
2023-11-20 00:00:00-05:00,132.59412016100978,135.53977571897755,132.524686700092,135.1331329345703,27815500,0.0,0.0
2023-11-21 00:00:00-05:00,135.17281042196478,136.05551439657017,134.84552878301855,135.8472442626953,22635300,0.0,0.0
2023-11-22 00:00:00-05:00,136.3431389603489,138.27715149054157,136.3431389603489,137.3547821044922,17813900,0.0,0.0
2023-11-24 00:00:00-05:00,136.8985310833705,136.99771741092056,134.87526015124462,135.56951904296875,12514300,0.0,0.0
2023-11-27 00:00:00-05:00,134.914934431914,137.28534253189412,134.88518155844346,135.2918243408203,23436500,0.0,0.0
2023-11-28 00:00:00-05:00,134.96453355193609,136.1249410695989,134.30994003929231,136.07534790039062,18730000,0.0,0.0
2023-11-29 00:00:00-05:00,136.44232172928395,137.15640583938017,133.73468912413915,133.8834686279297,23967200,0.0,0.0
2023-11-30 00:00:00-05:00,133.94296597089948,134.43886735166274,130.2038653225059,131.44361877441406,38988300,0.0,0.0
2023-12-01 00:00:00-05:00,130.77911376953125,131.02706446186437,129.5988660526321,130.77911376953125,31442300,0.0,0.0
2023-12-04 00:00:00-05:00,128.81534267439568,128.96410702955671,126.85156995087304,128.21034240722656,36669900,0.0,0.0
2023-12-05 00:00:00-05:00,127.89295847123121,131.05681158807658,127.19869958988002,129.91624450683594,27384800,0.0,0.0
2023-12-06 00:00:00-05:00,130.3625665785439,130.75928165761354,128.81535658297804,128.95420837402344,23576200,0.0,0.0
2023-12-07 00:00:00-05:00,133.9330343345262,137.42418419027493,133.59582503757497,135.8075408935547,56767100,0.0,0.0
2023-12-08 00:00:00-05:00,133.09993592227912,135.28189910781614,132.9313312582846,133.8834686279297,32260100,0.0,0.0
2023-12-11 00:00:00-05:00,131.29485865478858,132.24698086173262,130.28321556791462,132.1973876953125,31138000,0.0,0.0
2023-12-12 00:00:00-05:00,130.7295139721899,131.90976162921305,130.18401944998905,131.43370056152344,29032800,0.0,0.0
2023-12-13 00:00:00-05:00,132.28664939416652,132.4056608757626,130.49148892278734,131.48329162597656,30104800,0.0,0.0
2023-12-14 00:00:00-05:00,132.28665787823815,132.6238671868591,128.62690324736187,130.85845947265625,38722400,0.0,0.0
2023-12-15 00:00:00-05:00,130.54106870618423,132.41557523506742,130.10467308952005,131.51304626464844,50847100,0.0,0.0
2023-12-18 00:00:00-05:00,131.5428154285214,136.0257533662055,131.34444275367903,134.68682861328125,32258000,0.0,0.0
2023-12-19 00:00:00-05:00,135.71827586427287,136.34311639898218,134.96451127135808,135.5298309326172,25476800,0.0,0.0
2023-12-20 00:00:00-05:00,137.83081892143701,140.5384359860807,136.9382025676404,137.2059783935547,49107200,0.0,0.0
2023-12-21 00:00:00-05:00,138.34659720706435,139.53675770538266,138.03912558410573,139.2689666748047,27488300,0.0,0.0
2023-12-22 00:00:00-05:00,139.61607052198642,140.82607102846447,139.5565647812921,140.33016967773438,26532200,0.0,0.0
2023-12-26 00:00:00-05:00,140.4293273705191,141.51038857911627,140.03261238154792,140.3599090576172,16780300,0.0,0.0
2023-12-27 00:00:00-05:00,140.4293610317835,140.91534987341666,138.74329922394273,139.2193603515625,19628600,0.0,0.0
2023-12-28 00:00:00-05:00,139.62599994946305,139.98304957042203,138.60444425438513,139.08050537109375,16045700,0.0,0.0
2023-12-29 00:00:00-05:00,138.48543138650385,139.20944320132398,137.64239294340334,138.54493713378906,18733000,0.0,0.0
2024-01-02 00:00:00-05:00,137.41427392066478,138.30689034141093,135.36123496575607,137.03738403320312,23711200,0.0,0.0
2024-01-03 00:00:00-05:00,136.12491090710162,138.48540600824057,135.9563062761213,137.78121948242188,24212100,0.0,0.0
2024-01-04 00:00:00-05:00,137.28531548543515,138.01925486510476,135.23229195188463,135.27195739746094,27137700,0.0,0.0
2024-01-05 00:00:00-05:00,135.62904430152844,136.0356871158028,134.04215363464405,134.61740112304688,22513900,0.0,0.0
2024-01-08 00:00:00-05:00,135.17277404124002,137.87047841067306,135.14302117297993,137.70187377929688,21404000,0.0,0.0
2024-01-09 00:00:00-05:00,137.3646876105234,140.33018342656837,137.01755057751834,139.7946014404297,24759600,0.0,0.0
2024-01-10 00:00:00-05:00,139.84418693539638,141.82779242384171,139.75492832050645,141.1136932373047,21320200,0.0,0.0
2024-01-11 00:00:00-05:00,142.31377441409103,144.02958884214235,139.48713067468557,140.9153289794922,24008700,0.0,0.0
2024-01-12 00:00:00-05:00,141.50049214729324,142.02614637782855,140.6574689161085,141.48065185546875,18785500,0.0,0.0
2024-01-16 00:00:00-05:00,140.83598692471,143.16672938152487,140.29049239931624,141.3219757080078,22670500,0.0,0.0
2024-01-17 00:00:00-05:00,140.19132176728564,140.67729541881693,137.76139297479475,140.31033325195312,20968600,0.0,0.0
2024-01-18 00:00:00-05:00,140.88559276545064,143.02789047593322,140.826087018,142.30386352539062,25746400,0.0,0.0
2024-01-19 00:00:00-05:00,143.5535284040744,145.24950254806373,143.19647882633325,145.18008422851562,34271900,0.0,0.0
2024-01-22 00:00:00-05:00,145.89419084442545,147.17360973542569,144.64450969157375,144.7932891845703,32200400,0.0,0.0
2024-01-23 00:00:00-05:00,144.69411904062358,145.97353807473283,144.30731652950118,145.83468627929688,21636100,0.0,0.0
2024-01-24 00:00:00-05:00,147.32238701526538,148.62166144639897,146.88600647851376,147.4810791015625,25233500,0.0,0.0
2024-01-25 00:00:00-05:00,148.83982840267183,151.79539601165686,148.31415908415644,150.62506103515625,29149100,0.0,0.0
2024-01-26 00:00:00-05:00,149.86139776851957,151.28958097989496,149.77212402167038,150.9424591064453,26115500,0.0,0.0
2024-01-29 00:00:00-05:00,150.8135368633547,152.51943895245324,150.18869623371097,152.25164794921875,27784300,0.0,0.0
2024-01-30 00:00:00-05:00,151.5474722147389,152.3607426484438,149.95066908718712,150.2184600830078,36331800,0.0,0.0
2024-01-31 00:00:00-05:00,142.44271896094438,142.81960888272778,138.7234583129567,138.9515838623047,71910000,0.0,0.0
2024-02-01 00:00:00-05:00,140.95497537894425,141.88727220934672,139.6358761544074,140.0028533935547,40466500,0.0,0.0
2024-02-02 00:00:00-05:00,138.11845552974717,141.45091361668173,135.38108518943704,141.212890625,62499600,0.0,0.0
2024-02-05 00:00:00-05:00,141.64929185123162,144.27756337900828,141.60961126191953,142.50222778320312,38505400,0.0,0.0
2024-02-06 00:00:00-05:00,143.46425685279377,144.1684434401665,142.01623336193828,142.9187774658203,29128200,0.0,0.0
2024-02-07 00:00:00-05:00,143.57336464859975,144.4263156427516,142.7501665270815,144.3469696044922,25208900,0.0,0.0
2024-02-08 00:00:00-05:00,144.63459744507298,145.13049882211826,143.91058567202538,144.7139434814453,22563800,0.0,0.0
2024-02-09 00:00:00-05:00,145.47762057784595,148.21500586230158,144.9817192012369,147.7786102294922,26829500,0.0,0.0
2024-02-12 00:00:00-05:00,147.20335197335376,148.11580862305635,146.16195613244383,146.32064819335938,21564100,0.0,0.0
2024-02-13 00:00:00-05:00,143.7320585231407,145.46771340579025,142.51214532877424,143.95025634765625,27837700,0.0,0.0
2024-02-14 00:00:00-05:00,144.88253462860962,145.31893022112502,142.90884188380863,144.74368286132812,22704200,0.0,0.0
2024-02-15 00:00:00-05:00,141.96663255261817,142.34352240728126,139.30860868040443,141.59967041015625,37590700,0.0,0.0
2024-02-16 00:00:00-05:00,141.81787214200648,142.01622965333587,138.9912284210113,139.3681182861328,31468900,0.0,0.0
2024-02-20 00:00:00-05:00,138.51517229621072,140.91533307623592,138.34656764889544,139.96319580078125,25144700,0.0,0.0
2024-02-21 00:00:00-05:00,140.29049590728383,141.5203367649503,139.5268035526364,141.38148498535156,23223300,0.0,0.0
2024-02-22 00:00:00-05:00,143.74195461013204,143.8113880616519,141.6294252005615,142.90884399414062,27191900,0.0,0.0
2024-02-23 00:00:00-05:00,142.4922912292185,143.4940065020115,142.25425313452644,142.77992248535156,19493800,0.0,0.0
2024-02-26 00:00:00-05:00,140.97485281400884,141.27239668798464,136.26378939947426,136.44232177734375,53641800,0.0,0.0
2024-02-27 00:00:00-05:00,136.8886109742461,138.10852404072233,135.9662266066363,137.74156188964844,33099200,0.0,0.0
2024-02-28 00:00:00-05:00,136.76958362182845,136.87868252205917,134.30000463233606,135.26205444335938,37328600,0.0,0.0
2024-02-29 00:00:00-05:00,136.1546619911694,137.7217119413849,135.28187084580713,137.3249969482422,42133000,0.0,0.0
2024-03-01 00:00:00-05:00,137.29525760665743,137.7316532704347,135.79764079115824,136.01583862304688,31151100,0.0,0.0
2024-03-04 00:00:00-05:00,134.54798984963458,134.54798984963458,130.82872884185196,132.25692749023438,55999400,0.0,0.0
2024-03-05 00:00:00-05:00,130.79897138098846,132.14782393122584,129.5988832123646,131.58248901367188,40194800,0.0,0.0
2024-03-06 00:00:00-05:00,132.02879338468463,132.48502936431544,129.77741176310514,130.32289123535156,35318600,0.0,0.0
2024-03-07 00:00:00-05:00,131.70147977631177,133.83386475709858,130.53115980204433,133.27845764160156,37738200,0.0,0.0
2024-03-08 00:00:00-05:00,133.10985799917378,136.95804250148979,132.90157275617153,134.30001831054688,39370400,0.0,0.0
2024-03-11 00:00:00-04:00,135.01411900561908,137.95977451047298,135.01411900561908,136.54148864746094,32437800,0.0,0.0
2024-03-12 00:00:00-04:00,135.90671866415707,138.23746099222168,135.90671866415707,137.3646697998047,27563400,0.0,0.0
2024-03-13 00:00:00-04:00,137.86058646627538,139.9334506450809,137.85067388660744,138.64410400390625,23347200,0.0,0.0
2024-03-14 00:00:00-04:00,140.03263971476812,142.41296038062768,139.30862790840655,141.92698669433594,42753400,0.0,0.0
2024-03-15 00:00:00-04:00,141.33190737467106,142.0063260544533,138.88215310281325,140.02272033691406,49475400,0.0,0.0
2024-03-18 00:00:00-04:00,147.39180580449582,150.9027808454485,145.96360743742733,146.46942138671875,69273700,0.0,0.0
2024-03-19 00:00:00-04:00,146.9455254768694,147.57035103072278,144.88257357013055,145.8247833251953,24070400,0.0,0.0
2024-03-20 00:00:00-04:00,146.7868124427757,147.63976344475103,145.53714637957398,147.520751953125,21311500,0.0,0.0
2024-03-21 00:00:00-04:00,148.24475722928597,149.13737364463717,145.6958169152109,146.3900909423828,24755600,0.0,0.0
2024-03-22 00:00:00-04:00,147.89761979182254,150.3374611918101,147.75876801352786,149.5341033935547,29211800,0.0,0.0
2024-03-25 00:00:00-04:00,148.71090455162476,149.14730017654827,146.60828759558476,148.83984375,19229300,0.0,0.0
2024-03-26 00:00:00-04:00,148.98861304571224,151.011884033954,148.7505749332153,149.43492126464844,22149100,0.0,0.0
2024-03-27 00:00:00-04:00,149.94072668288968,150.3969625890798,147.679417711027,149.63327026367188,22879200,0.0,0.0
2024-03-28 00:00:00-04:00,149.61343338917058,150.1886655992159,148.9389997285373,149.69276428222656,24485400,0.0,0.0
2024-04-01 00:00:00-04:00,149.45475230591467,154.46335900189007,149.37540627332734,154.2154083251953,31730800,0.0,0.0
2024-04-02 00:00:00-04:00,152.24172129726563,153.43188156405296,150.90278153856184,153.29302978515625,24586000,0.0,0.0
2024-04-03 00:00:00-04:00,152.34091364414047,153.80877752671594,151.47803493131784,153.65008544921875,24705000,0.0,0.0
2024-04-04 00:00:00-04:00,152.24175277294765,153.50134675645634,149.2167507497395,149.2960968017578,34724700,0.0,0.0
2024-04-05 00:00:00-04:00,148.80016963270904,152.1623804461379,148.37370170217739,151.2499237060547,23459200,0.0,0.0
2024-04-08 00:00:00-04:00,151.52763410967862,153.9972285874499,151.35902944578888,153.58067321777344,20702000,0.0,0.0
2024-04-09 00:00:00-04:00,154.81047040663094,157.2602241375123,153.91785408433802,155.31629943847656,31079500,0.0,0.0
2024-04-10 00:00:00-04:00,154.92952562487014,155.32624070054823,153.41205338281176,154.86009216308594,22838600,0.0,0.0
2024-04-11 00:00:00-04:00,155.62377976256258,158.37106260079813,155.1774715327962,158.10328674316406,27166400,0.0,0.0
2024-04-12 00:00:00-04:00,156.6651983253072,158.90666751104175,155.85191265414585,156.43707275390625,25353700,0.0,0.0
2024-04-15 00:00:00-04:00,157.5577715629048,157.93466141742405,153.32276995678504,153.59056091308594,27136500,0.0,0.0
2024-04-16 00:00:00-04:00,152.9260835145476,154.37410719737133,152.1723036646899,153.1343536376953,20779500,0.0,0.0
2024-04-17 00:00:00-04:00,154.3443362556772,155.7923749027095,153.3128680735991,154.19557189941406,21763100,0.0,0.0
2024-04-18 00:00:00-04:00,154.0666493097183,155.65353990489737,153.35255005525875,154.7311553955078,19883000,0.0,0.0
2024-04-19 00:00:00-04:00,154.91959354072858,155.07828562000708,151.0515686940003,152.82688903808594,32615600,0.0,0.0
2024-04-22 00:00:00-04:00,153.04507926507185,156.34778422424392,152.7971285786509,154.99893188476562,26446200,0.0,0.0
2024-04-23 00:00:00-04:00,155.67336083793805,157.66687884737183,154.99892712206798,156.9626922607422,21151600,0.0,0.0
2024-04-24 00:00:00-04:00,156.19902087415394,158.2619724145378,155.8816367293061,157.82557678222656,22779100,0.0,0.0
2024-04-25 00:00:00-04:00,150.08950510920468,155.20721069723666,149.63326920623868,154.72122192382812,57109700,0.0,0.0
2024-04-26 00:00:00-04:00,172.94064243070838,173.27786687075127,168.2593321924788,170.5404815673828,64665300,0.0,0.0
2024-04-29 00:00:00-04:00,167.67417460775002,168.1601634153097,163.8557430067843,164.78802490234375,45610000,0.0,0.0
2024-04-30 00:00:00-04:00,164.25245175294467,166.7220460143007,161.26713096501757,161.44564819335938,33562900,0.0,0.0
2024-05-01 00:00:00-04:00,162.95319556004813,165.7500714576766,161.7531075684998,162.5167999267578,33493200,0.0,0.0
2024-05-02 00:00:00-04:00,163.43916484164697,165.36326455481128,162.54654844018515,165.25416564941406,24294500,0.0,0.0
2024-05-03 00:00:00-04:00,166.18649443027212,166.58322467748795,161.71346872060798,165.86912536621094,34662400,0.0,0.0
2024-05-06 00:00:00-04:00,166.0872775523427,166.76169608660808,164.66899190079099,166.72203063964844,21871300,0.0,0.0
2024-05-07 00:00:00-04:00,167.11874933173186,170.35202057689946,167.00965043305126,169.84620666503906,28039700,0.0,0.0
2024-05-08 00:00:00-04:00,167.6146567610361,168.75522381569002,167.35679350646177,167.99154663085938,19569100,0.0,0.0
2024-05-09 00:00:00-04:00,168.00148335133193,169.29083007689735,166.8013952497484,168.5668182373047,15346700,0.0,0.0
2024-05-10 00:00:00-04:00,166.65261946945532,168.45770778843482,164.8277059911993,167.2675323486328,29799900,0.0,0.0
2024-05-13 00:00:00-04:00,162.91350746089623,167.89236129533526,162.65564420480408,167.75350952148438,31327600,0.0,0.0
2024-05-14 00:00:00-04:00,168.37836010153808,169.8462239602229,167.41631020621995,168.9436798095703,25127100,0.0,0.0
2024-05-15 00:00:00-04:00,169.23130735927975,171.23473800953292,169.11228073886124,171.09588623046875,26948400,0.0,0.0
2024-05-16 00:00:00-04:00,171.869508596453,173.684509621438,171.27443596883012,172.75221252441406,27867900,0.0,0.0
2024-05-17 00:00:00-04:00,172.75219674772163,174.8250760090424,172.2662230829347,174.61679077148438,24479300,0.0,0.0
2024-05-20 00:00:00-04:00,174.7457452424878,177.30459839219796,174.63664632446375,175.46975708007812,22554400,0.0,0.0
2024-05-21 00:00:00-04:00,175.44989566739218,176.6896490712989,174.36883433127562,176.39212036132812,16989400,0.0,0.0
2024-05-22 00:00:00-04:00,175.19203685040134,175.69785080388766,173.77376618454468,174.93417358398438,17880000,0.0,0.0
2024-05-23 00:00:00-04:00,175.61851492474267,176.7888348703636,171.53227742671908,172.1273651123047,21024900,0.0,0.0
2024-05-24 00:00:00-04:00,173.54562953855606,174.32916213437795,172.22653015180546,173.55555725097656,16579400,0.0,0.0
2024-05-28 00:00:00-04:00,173.01999755281523,175.8168887472588,172.94065151179802,174.95401000976562,20572200,0.0,0.0
2024-05-29 00:00:00-04:00,173.99195085751208,175.39039638067896,173.28777937305267,174.45809936523438,23388700,0.0,0.0
2024-05-30 00:00:00-04:00,173.7638553909168,173.78369568525272,170.381804057889,170.69918823242188,22931500,0.0,0.0
2024-05-31 00:00:00-04:00,170.4512300886902,171.64139042387083,168.05106912485823,171.0859832763672,37638900,0.0,0.0
2024-06-03 00:00:00-04:00,171.12566288057238,173.09935606710764,169.75698519210337,171.75050354003906,27459100,0.0,0.0
2024-06-04 00:00:00-04:00,171.85957302701576,172.42490783803038,170.48096786025872,172.36538696289062,26879600,0.0,0.0
2024-06-05 00:00:00-04:00,173.7638369582265,175.2019479039631,172.50424324144495,173.9721221923828,22068500,0.0,0.0
2024-06-06 00:00:00-04:00,174.45808249066545,175.6978358202856,174.30931814459407,175.28128051757812,23251000,0.0,0.0
2024-06-07 00:00:00-04:00,175.59868809544102,176.4119585188029,172.8712304058679,173.02992248535156,19661400,0.0,0.0
2024-06-10 00:00:00-04:00,173.7349014501534,175.81014466476933,171.54049500356726,173.7746124267578,23726700,0.2,0.0
2024-06-11 00:00:00-04:00,174.97607487552963,175.59169348463175,172.54337230776866,175.3732452392578,21540600,0.0,0.0
2024-06-12 00:00:00-04:00,176.99173266950717,179.1364888587314,174.86683954251944,176.53497314453125,27864700,0.0,0.0
2024-06-13 00:00:00-04:00,174.8668444097431,175.49240210344783,173.64553119205647,173.92355346679688,20913300,0.0,0.0
2024-06-14 00:00:00-04:00,172.99017235927624,175.81012100207897,172.92065922072638,175.54202270507812,18063600,0.0,0.0
2024-06-17 00:00:00-04:00,174.2214424940307,177.10096546528717,173.57602172386774,175.98887634277344,19618500,0.0,0.0
2024-06-18 00:00:00-04:00,175.88956648496008,176.13780173263285,172.8710325397334,173.85403442382812,21869900,0.0,0.0
2024-06-20 00:00:00-04:00,174.13206841253606,176.03851342488448,173.7547611134038,175.05551147460938,20160100,0.0,0.0
2024-06-21 00:00:00-04:00,175.75057482727152,179.57340412547137,175.36332840403423,178.3620147705078,57759000,0.0,0.0
2024-06-24 00:00:00-04:00,178.88826202454848,179.61310474396652,177.40877441541713,177.95489501953125,18298000,0.0,0.0
2024-06-25 00:00:00-04:00,178.35206806848578,182.98910099326696,178.15348288701358,182.73094177246094,23130200,0.0,0.0
2024-06-26 00:00:00-04:00,181.34083960482536,183.2075585872156,181.19188934781172,182.58201599121094,19839000,0.0,0.0
2024-06-27 00:00:00-04:00,182.87988309562385,184.73669324083986,182.7210240356858,184.10121154785156,18848900,0.0,0.0
2024-06-28 00:00:00-04:00,183.01890751714419,183.82318736943728,180.67556595744807,180.8642120361328,29156600,0.0,0.0
2024-07-01 00:00:00-04:00,181.73801420146654,182.5820202242078,180.02023028518573,181.69830322265625,16006100,0.0,0.0
2024-07-02 00:00:00-04:00,180.76493422110232,184.26009121150622,180.27838761712013,183.9324188232422,17372500,0.0,0.0
2024-07-03 00:00:00-04:00,183.54516199454144,184.77639921891327,182.7011560285435,184.50831604003906,10242100,0.0,0.0
2024-07-05 00:00:00-04:00,184.54801654082962,189.5127215858847,184.48844250446135,189.2545623779297,20967500,0.0,0.0
2024-07-08 00:00:00-04:00,188.55948674203475,188.82758504993222,186.45445670495957,187.6956329345703,21035900,0.0,0.0
2024-07-09 00:00:00-04:00,188.96660951335545,190.00920064999954,187.38783687416534,187.64599609375,15121400,0.0,0.0
2024-07-10 00:00:00-04:00,187.8147905079295,190.3964432565855,187.69564243220248,189.83045959472656,15952500,0.0,0.0
2024-07-11 00:00:00-04:00,188.5098571184734,189.51272208583228,183.77352425069444,184.26007080078125,25625800,0.0,0.0
2024-07-12 00:00:00-04:00,183.77353479614163,185.7892039533301,183.18770320192158,183.76361083984375,22898400,0.0,0.0
2024-07-15 00:00:00-04:00,183.6146365772807,186.91120776647892,183.6146365772807,185.21327209472656,16474000,0.0,0.0
2024-07-16 00:00:00-04:00,186.03742351335848,187.3480977347005,182.07558352972123,182.6217041015625,18290700,0.0,0.0
2024-07-17 00:00:00-04:00,181.67841945681636,182.2543270659603,178.63008325599765,179.7421875,20734100,0.0,0.0
2024-07-18 00:00:00-04:00,180.64577548557426,181.2117592115202,175.22432531102865,176.4357147216797,25315700,0.0,0.0
2024-07-19 00:00:00-04:00,177.61730362532302,179.01733902058587,175.87965675110726,176.40591430664062,18881900,0.0,0.0
2024-07-22 00:00:00-04:00,179.31522557776697,181.41033185766577,178.9577661837674,180.38760375976562,24100300,0.0,0.0
2024-07-23 00:00:00-04:00,180.76493403159583,182.31391975552617,180.25852436340998,180.5067596435547,36352700,0.0,0.0
2024-07-24 00:00:00-04:00,172.37457678491225,174.9462905344622,170.60714288242724,171.4114227294922,49585200,0.0,0.0
2024-07-25 00:00:00-04:00,171.30219882616154,172.19583973492487,166.0098210682456,166.09918212890625,44852000,0.0,0.0
2024-07-26 00:00:00-04:00,165.97008682721892,166.90345381803442,162.90190268589552,165.82115173339844,41336900,0.0,0.0
2024-07-29 00:00:00-04:00,167.6382268176297,169.22692328878654,166.80416003394157,168.33328247070312,20293800,0.0,0.0
2024-07-30 00:00:00-04:00,169.03828621199597,170.0212881339037,167.25098932978506,169.08792114257812,18959700,0.0,0.0
2024-07-31 00:00:00-04:00,172.01712888344443,173.01999398241156,168.80991808621278,170.32911682128906,25729100,0.0,0.0
2024-08-01 00:00:00-04:00,169.0482167160951,172.82139580223534,167.6878923021726,169.5546112060547,24531400,0.0,0.0
2024-08-02 00:00:00-04:00,165.26511803151652,167.3204982165653,163.50760805366414,165.4835662841797,29130100,0.0,0.0
2024-08-05 00:00:00-04:00,154.4023257364845,163.26928160754815,153.83634209310054,158.1258544921875,53630700,0.0,0.0
2024-08-06 00:00:00-04:00,158.2052897951303,159.4365420774317,155.30590392172098,157.17262268066406,49004600,0.0,0.0
2024-08-07 00:00:00-04:00,160.11174561926643,161.82952940748444,157.35137068982363,157.81805419921875,25138600,0.0,0.0
2024-08-08 00:00:00-04:00,159.37695589283805,162.5345161798724,159.07908571101373,160.88623046875,25578800,0.0,0.0
2024-08-09 00:00:00-04:00,158.88049573069213,162.63381177677473,157.93720474099763,162.51466369628906,28602300,0.0,0.0
2024-08-12 00:00:00-04:00,163.18984972764733,163.73595512438263,160.69755826883667,161.14437866210938,15895300,0.0,0.0
2024-08-13 00:00:00-04:00,162.25648447214553,163.56715864917211,161.81958802944447,163.00119018554688,18551700,0.0,0.0
2024-08-14 00:00:00-04:00,161.25361460284537,162.06783350679044,156.5967339743886,159.23794555664062,40591100,0.0,0.0
2024-08-15 00:00:00-04:00,159.36705153563673,160.49900381900557,158.48333453503372,160.16140747070312,31524300,0.0,0.0
2024-08-16 00:00:00-04:00,160.3302046522989,163.89485965448893,159.99260830608642,161.8096923828125,24208600,0.0,0.0
2024-08-19 00:00:00-04:00,164.11328189947275,165.51333229993313,163.10047787030177,165.49346923828125,22416200,0.0,0.0
2024-08-20 00:00:00-04:00,165.72185564699794,167.44957853320707,165.642433695725,165.9998779296875,18341500,0.0,0.0
2024-08-21 00:00:00-04:00,163.98420467240848,165.67221654044488,163.50759722139043,164.6792755126953,22902000,0.0,0.0
2024-08-22 00:00:00-04:00,166.07932072756,166.4069931043409,162.15720646482643,162.6437530517578,22493300,0.0,0.0
2024-08-23 00:00:00-04:00,163.55725630307884,165.00694179876172,162.67353934579646,164.45089721679688,13955700,0.0,0.0
2024-08-26 00:00:00-04:00,165.20550875294475,166.36724776645642,163.29906407812496,164.987060546875,14190400,0.0,0.0
2024-08-27 00:00:00-04:00,164.66933228950003,165.26510295168842,163.29908400819048,163.51751708984375,11821900,0.0,0.0
2024-08-28 00:00:00-04:00,163.87498286647468,164.4310425767687,160.38976526426643,161.70045471191406,16407400,0.0,0.0
2024-08-29 00:00:00-04:00,163.15015560870546,164.7984415304893,159.11881702129344,160.6380157470703,19699800,0.0,0.0
2024-08-30 00:00:00-04:00,161.47205499845862,162.50472208741948,160.54862717284777,162.22669982910156,22123800,0.0,0.0
2024-09-03 00:00:00-04:00,160.57843019098567,160.70751737773818,155.37541355771157,156.24920654296875,38945300,0.0,0.0
2024-09-04 00:00:00-04:00,155.554151121504,157.87762958096508,154.8590954051368,155.3456268310547,19353800,0.0,0.0
2024-09-05 00:00:00-04:00,155.19668368087028,158.32444181781332,154.87893528354047,156.1300506591797,18688700,0.0,0.0
2024-09-06 00:00:00-04:00,156.1896446256026,156.71590221863735,149.4872919188711,149.85467529296875,37912100,0.0,0.0
2024-09-09 00:00:00-04:00,151.63437166613713,152.51926120186218,146.37475041538113,147.856201171875,39260500,0.2,0.0
2024-09-10 00:00:00-04:00,149.58621970938498,150.40151913279468,147.48833322690425,147.80650329589844,31118800,0.0,0.0
2024-09-11 00:00:00-04:00,149.0592434246133,150.63017379029483,146.67302891819028,150.29212951660156,29607700,0.0,0.0
2024-09-12 00:00:00-04:00,152.91699025153633,153.931138367879,151.7735836501272,153.8018798828125,29621500,0.0,0.0
2024-09-13 00:00:00-04:00,154.5376253409391,157.4707006975876,154.31890238034902,156.5559844970703,29591200,0.0,0.0
2024-09-16 00:00:00-04:00,156.4068176480649,157.3414231577179,155.7009025392383,157.1525115966797,18379800,0.0,0.0
2024-09-17 00:00:00-04:00,158.10702330973243,159.6282379126932,157.4706983462141,158.40530395507812,20715600,0.0,0.0
2024-09-18 00:00:00-04:00,158.9422025434275,159.57852752922,157.6894419945441,158.89248657226562,23677300,0.0,0.0
2024-09-19 00:00:00-04:00,162.77009990036774,162.8496272464335,160.41369644399956,161.2091064453125,26587700,0.0,0.0
2024-09-20 00:00:00-04:00,162.56130770595448,162.7899829734501,161.12957266023724,162.65078735351562,40896400,0.0,0.0
2024-09-23 00:00:00-04:00,163.40640761812853,164.53986181971814,160.74178667068307,160.92076110839844,24150900,0.0,0.0
2024-09-24 00:00:00-04:00,162.09397212944717,162.28288368359324,159.7674107357338,161.35821533203125,23332100,0.0,0.0
2024-09-25 00:00:00-04:00,160.5429462723237,161.87524922923666,160.37392412147798,160.56283569335938,18869200,0.0,0.0
2024-09-26 00:00:00-04:00,162.70046370931135,163.13793988577822,161.3482715144051,161.79568481445312,20319300,0.0,0.0
2024-09-27 00:00:00-04:00,161.87525844392792,164.74866551423864,161.69629915796872,163.0087127685547,21101300,0.0,0.0
2024-09-30 00:00:00-04:00,162.38232355982177,165.19606207708327,162.32265529939457,164.89779663085938,20413900,0.0,0.0
2024-10-01 00:00:00-04:00,166.72724331239,168.18880481054381,163.63509815814953,166.03126525878906,28338100,0.0,0.0
2024-10-02 00:00:00-04:00,165.46452779504156,166.5582184121097,163.7842281975384,164.90774536132812,17760200,0.0,0.0
2024-10-03 00:00:00-04:00,163.4660733087808,165.6832659184552,162.9788810936898,164.90774536132812,15073100,0.0,0.0
2024-10-04 00:00:00-04:00,167.0951193232447,167.26414148638466,164.52992998564537,166.10086059570312,19047400,0.0,0.0
2024-10-07 00:00:00-04:00,166.75705707061962,167.51268816069472,161.81559051224986,162.0442657470703,22463100,0.0,0.0
2024-10-08 00:00:00-04:00,162.99875730912473,163.78421492779364,161.93489332497202,163.4362335205078,23072700,0.0,0.0
2024-10-09 00:00:00-04:00,162.5115774919813,163.89359644421285,158.8228863013817,160.9307098388672,31181800,0.0,0.0
2024-10-10 00:00:00-04:00,159.94636978765286,162.13375075790051,159.47906705048007,161.14942932128906,14144100,0.0,0.0
2024-10-11 00:00:00-04:00,161.19915249290503,162.9589793006072,160.3142629412503,162.3027801513672,15344300,0.0,0.0
2024-10-14 00:00:00-04:00,162.7004954092269,165.27562183830673,162.4618678561569,164.01292419433594,19016100,0.0,0.0
2024-10-15 00:00:00-04:00,164.83814757105517,166.71729595706415,163.6848189785555,164.5100555419922,20247200,0.0,0.0
2024-10-16 00:00:00-04:00,163.58537367338423,164.84808640066018,162.7999160190336,164.21176147460938,16406000,0.0,0.0
2024-10-17 00:00:00-04:00,164.7784643120133,165.41478917356866,161.82551522151294,161.99453735351562,21453400,0.0,0.0
2024-10-18 00:00:00-04:00,162.25307524146882,163.76435267205474,162.14370618061358,162.48175048828125,19757700,0.0,0.0
2024-10-21 00:00:00-04:00,162.01445640921125,163.5555604691452,161.6863492090046,163.12803649902344,20946500,0.0,0.0
2024-10-22 00:00:00-04:00,162.04426180421996,164.81825178422423,162.04426180421996,164.19186401367188,16568100,0.0,0.0
2024-10-23 00:00:00-04:00,163.81405642655295,164.86798338254357,161.00030251118483,161.84542846679688,18280500,0.0,0.0
2024-10-24 00:00:00-04:00,161.89515092756724,162.39228029287776,160.0855927556685,161.78578186035156,22412500,0.0,0.0
2024-10-25 00:00:00-04:00,162.73030140529735,164.63927607521566,162.48173675810202,164.3211212158203,19828900,0.0,0.0
2024-10-28 00:00:00-04:00,167.78113051042075,167.78113051042075,163.00868643055472,165.76278686523438,32138600,0.0,0.0
2024-10-29 00:00:00-04:00,166.76697893071042,169.40177313699868,166.13065407857997,168.70578002929688,42169000,0.0,0.0
2024-10-30 00:00:00-04:00,179.6426331826948,180.9749512117023,173.06064622942904,173.45835876464844,68890800,0.0,0.0
2024-10-31 00:00:00-04:00,172.13600066532192,175.80481742033143,170.01822493850247,170.12759399414062,44769000,0.0,0.0
2024-11-01 00:00:00-04:00,169.0935675366594,171.33064938867685,167.91039737420323,170.30654907226562,31796500,0.0,0.0
2024-11-04 00:00:00-05:00,168.95436679599575,169.7497767581588,167.04539198951443,168.26834106445312,21492700,0.0,0.0
2024-11-05 00:00:00-05:00,168.45723948005892,169.55093008750674,167.87063050478386,168.76547241210938,18242100,0.0,0.0
2024-11-06 00:00:00-05:00,172.80213466578215,175.92410582719182,172.50385407406915,175.49656677246094,33695500,0.0,0.0
2024-11-07 00:00:00-05:00,176.39142952870222,180.0403569286527,176.1726914135067,179.71224975585938,25352900,0.0,0.0
2024-11-08 00:00:00-05:00,179.6128172813832,179.86138194143007,177.05758046511664,177.32603454589844,22006200,0.0,0.0
2024-11-11 00:00:00-05:00,177.5547178158643,179.5134086393181,177.44534875364968,179.31455993652344,17450400,0.0,0.0
2024-11-12 00:00:00-05:00,178.78758666786376,181.44225527864106,178.3600475857902,180.57723999023438,25134900,0.0,0.0
2024-11-13 00:00:00-05:00,179.423911961303,179.9210412566759,177.51492211643085,177.8529815673828,23184000,0.0,0.0
2024-11-14 00:00:00-05:00,177.2564251654299,177.79333331489727,173.3191695348543,174.57192993164062,31007500,0.0,0.0
2024-11-15 00:00:00-05:00,172.73255057874763,173.1402002652983,170.236966835199,171.4996795654297,32504600,0.0,0.0
2024-11-18 00:00:00-05:00,172.4243223269658,174.43272892051993,171.90730361382492,174.2935333251953,20135300,0.0,0.0
2024-11-19 00:00:00-05:00,172.72260407260165,177.8430297605378,172.56351905656155,177.0973358154297,23434900,0.0,0.0
2024-11-20 00:00:00-05:00,176.32181201959514,176.65985629395433,172.7822539205829,174.96961975097656,18997100,0.0,0.0
2024-11-21 00:00:00-05:00,172.90156244724747,173.13025284582125,162.7601278802168,166.66757202148438,59734400,0.0,0.0
2024-11-22 00:00:00-05:00,164.8978098993039,165.5043083073982,162.95899331574788,163.81405639648438,38604600,0.0,0.0
2024-11-25 00:00:00-05:00,165.13641317917185,167.6618386099698,164.65917328191838,166.6874542236328,33135300,0.0,0.0
2024-11-26 00:00:00-05:00,166.66758166120195,168.84501052303654,166.61786569467208,168.14901733398438,20486700,0.0,0.0
2024-11-27 00:00:00-05:00,168.02970184723952,168.50694172289835,167.0553326761747,168.2583770751953,19266500,0.0,0.0
2024-11-29 00:00:00-05:00,167.53258236969043,168.4572356311654,166.20027942100947,167.97999572753906,14257200,0.0,0.0
2024-12-02 00:00:00-05:00,167.8010472162495,171.09204112840575,167.60219850791555,170.50543212890625,23789100,0.0,0.0
2024-12-03 00:00:00-05:00,170.50541009739786,171.68856506902026,169.86908521024029,170.35626220703125,22248700,0.0,0.0
2024-12-04 00:00:00-05:00,170.1673520843779,173.90577410275552,170.0778724521122,173.36886596679688,31615100,0.0,0.0
2024-12-05 00:00:00-05:00,174.35320380974355,175.04918185581036,171.3406012044101,171.64881896972656,21356200,0.0,0.0
2024-12-06 00:00:00-05:00,171.0423185605895,174.07481055205204,170.87329640646647,173.70693969726562,21462400,0.0,0.0
2024-12-09 00:00:00-05:00,173.15945800345577,175.44886145410123,172.8508718378986,174.56295776367188,25389600,0.2,0.0
2024-12-10 00:00:00-05:00,182.00855531536865,185.502397306232,180.21683563214248,184.31787109375,54813000,0.0,0.0
2024-12-11 00:00:00-05:00,184.45722971599074,194.7098337526011,183.99935507018319,194.50079345703125,67894100,0.0,0.0
2024-12-12 00:00:00-05:00,194.10261773753882,194.2817820941682,190.8277648699629,191.0766143798828,34817500,0.0,0.0
2024-12-13 00:00:00-05:00,190.1309984875668,191.84308455058388,188.76730785856873,188.9464874267578,25143500,0.0,0.0
2024-12-16 00:00:00-05:00,191.98242240358925,198.08421748080238,191.733572884141,195.75498962402344,44934900,0.0,0.0
2024-12-17 00:00:00-05:00,196.34228662818003,200.4930951236226,194.08272855714978,194.5207061767578,43504000,0.0,0.0
2024-12-18 00:00:00-05:00,194.3216274116736,196.09343489769404,186.87605352724106,187.5330047607422,34166100,0.0,0.0
2024-12-19 00:00:00-05:00,190.748138909751,192.1416901461699,187.513095150107,187.64248657226562,32265200,0.0,0.0
2024-12-20 00:00:00-05:00,184.92507802841766,192.00235990101223,184.36765746162297,190.5291748046875,63462900,0.0,0.0
2024-12-23 00:00:00-05:00,191.73356940291157,194.20216752678672,189.27493498031782,193.7343292236328,25675000,0.0,0.0
2024-12-24 00:00:00-05:00,193.94335970742864,195.20751953125,192.88824016493578,195.20751953125,10403300,0.0,0.0
2024-12-26 00:00:00-05:00,194.25194880473947,195.84459196860374,193.48550314170072,194.69989013671875,12046600,0.0,0.0
2024-12-27 00:00:00-05:00,194.05284898883724,194.42115659969988,189.77263428806026,191.8729248046875,18891400,0.0,0.0
2024-12-30 00:00:00-05:00,188.9265638700057,191.66390866604786,188.24968525874627,190.3599395751953,14264700,0.0,0.0
2024-12-31 00:00:00-05:00,190.2006709297877,191.07662611886298,187.6424905201336,188.42886352539062,17466900,0.0,0.0
2025-01-02 00:00:00-05:00,189.77266033181004,191.1164539742449,186.63716208422355,188.5582733154297,20370800,0.0,0.0
2025-01-03 00:00:00-05:00,190.489329030918,192.32087307336826,189.10572628313417,190.9073944091797,18596200,0.0,0.0
2025-01-06 00:00:00-05:00,193.08731986382298,197.30781329054136,192.9579284385956,195.96401977539062,29563600,0.0,0.0
2025-01-07 00:00:00-05:00,196.2029178508013,200.07501580789895,193.70447411630906,194.5903778076172,26487200,0.0,0.0
2025-01-08 00:00:00-05:00,191.683825506133,195.38669258245946,191.49469743094454,193.05746459960938,24864800,0.0,0.0
2025-01-10 00:00:00-05:00,193.40587493046604,195.61566016820694,189.4342306110514,191.15626525878906,26665200,0.0,0.0
2025-01-13 00:00:00-05:00,189.19532001022134,190.3001972959748,186.49778453538255,190.1309814453125,21823700,0.0,0.0
2025-01-14 00:00:00-05:00,190.3599316953501,191.09651654383717,187.44340746260227,188.78720092773438,17174900,0.0,0.0
2025-01-15 00:00:00-05:00,192.20142977574318,195.45638605757955,190.97709427450172,194.65011596679688,21776000,0.0,0.0
2025-01-16 00:00:00-05:00,193.2465827004133,194.58041248274841,191.92270143099617,192.02224731445312,17815400,0.0,0.0
2025-01-17 00:00:00-05:00,195.6255975250055,196.3223731934333,192.85839187855623,195.09803771972656,27735100,0.0,0.0
2025-01-21 00:00:00-05:00,198.1539212272468,201.3590893649602,196.95943127097462,197.13861083984375,29971300,0.0,0.0
2025-01-22 00:00:00-05:00,198.14394994474472,199.5574134711185,196.62099201618707,197.45712280273438,26200600,0.0,0.0
2025-01-23 00:00:00-05:00,197.22819130144518,199.3782549776066,194.30171827365388,197.0689239501953,26951400,0.0,0.0
2025-01-24 00:00:00-05:00,197.18836001713137,199.97546240962188,197.08881413658432,199.2886505126953,23877500,0.0,0.0
2025-01-27 00:00:00-05:00,191.5245367578076,195.97396712425268,189.8522601854155,190.9272918701172,41728900,0.0,0.0
2025-01-28 00:00:00-05:00,191.86297701391987,194.58040947836048,189.80249572901596,194.4012451171875,24157900,0.0,0.0
2025-01-29 00:00:00-05:00,194.66004582386458,195.88438120776217,192.5398430560715,194.5107421875,18218300,0.0,0.0
2025-01-30 00:00:00-05:00,197.08882990069444,200.47317747002577,196.76034669489817,199.94561767578125,24354700,0.0,0.0
2025-01-31 00:00:00-05:00,201.07040739589794,204.534388379424,200.87133082232867,203.08111572265625,32001100,0.0,0.0
2025-02-03 00:00:00-05:00,199.7664315701441,202.81234708889096,199.17915038211245,200.30393981933594,27838300,0.0,0.0
2025-02-04 00:00:00-05:00,202.4540365472158,206.09719755510824,201.8767037764101,205.43028259277344,43856400,0.0,0.0
2025-02-05 00:00:00-05:00,190.19072588273337,191.86298743209488,187.16470709545553,190.44952392578125,70373900,0.0,0.0
2025-02-06 00:00:00-05:00,188.62793494754752,191.21597601434,187.85152566522362,190.71827697753906,29297400,0.0,0.0
2025-02-07 00:00:00-05:00,190.17080550398342,190.3001969256679,182.39674895869484,184.48707580566406,49315000,0.0,0.0
2025-02-10 00:00:00-05:00,186.48783259444508,187.33391183220394,185.00468401733505,185.61187744140625,23105600,0.0,0.0
2025-02-11 00:00:00-05:00,184.17850439769825,186.07971836409422,183.43195584227703,184.46717834472656,21239500,0.0,0.0
2025-02-12 00:00:00-05:00,182.37684051579572,184.25814231125668,180.9932377687485,182.76504516601562,22072600,0.0,0.0
2025-02-13 00:00:00-05:00,183.4717697380377,185.42274134527116,182.2971921802161,185.28338623046875,21402500,0.0,0.0
2025-02-14 00:00:00-05:00,184.208362887473,185.54219264503521,183.47177804242145,184.37757873535156,20448400,0.0,0.0
2025-02-18 00:00:00-05:00,184.74589678490392,185.10424071494356,180.90365944170068,182.92431640625,29916700,0.0,0.0
2025-02-19 00:00:00-05:00,183.22292953180167,184.6065322377559,182.74512752374517,184.4174041748047,19549400,0.0,0.0
2025-02-20 00:00:00-05:00,183.9495791218272,184.4572267048234,181.87914917011352,183.71067810058594,20441500,0.0,0.0
2025-02-21 00:00:00-05:00,184.29796286054517,184.48709094071828,178.255903940123,178.83323669433594,35199200,0.0,0.0
2025-02-24 00:00:00-05:00,181.15252162389993,182.2773112476267,178.06678116700198,178.4251251220703,29854200,0.0,0.0
2025-02-25 00:00:00-05:00,177.22067008112575,177.91746089820734,173.88609557732903,174.61273193359375,41913400,0.0,0.0
2025-02-26 00:00:00-05:00,174.26436286262216,175.26970953461128,170.79041782229913,171.93511962890625,35431300,0.0,0.0
2025-02-27 00:00:00-05:00,173.18931986196714,173.75668887755327,167.1671583548918,167.72457885742188,39991000,0.0,0.0
2025-02-28 00:00:00-05:00,167.90375578067133,169.82488214403156,166.00255682205264,169.49639892578125,48130600,0.0,0.0
2025-03-03 00:00:00-05:00,171.1387811939385,172.57215683074952,165.1663928329386,166.24142456054688,40770500,0.0,0.0
2025-03-04 00:00:00-05:00,165.4749823837437,172.49252670098738,165.03700479811678,170.13343811035156,45388000,0.0,0.0
2025-03-05 00:00:00-05:00,169.73530516145718,172.98029782260173,168.28201710781593,172.2238006591797,30954900,0.0,0.0
2025-03-06 00:00:00-05:00,169.7452376648565,174.0055403400316,169.71537693678601,171.55686950683594,28302000,0.0,0.0
2025-03-07 00:00:00-05:00,170.4718800246714,174.1648138078256,169.48644558654738,173.05992126464844,27385800,0.0,0.0
2025-03-10 00:00:00-04:00,167.6785699397653,167.87789100205225,163.12436954047675,165.2968292236328,43604000,0.2,0.0
2025-03-11 00:00:00-04:00,164.34014854098334,166.17378667553444,160.81237268027317,163.47314453125,39587400,0.0,0.0
2025-03-12 00:00:00-04:00,166.0043948548276,167.06072965689114,162.96493090148982,166.53256225585938,28372400,0.0,0.0
2025-03-13 00:00:00-04:00,165.4662354123983,165.55593597038603,161.54982298434425,162.19757080078125,31756200,0.0,0.0
2025-03-14 00:00:00-04:00,162.7058068341078,165.91468098680897,161.88863313529265,164.9181365966797,31995900,0.0,0.0
2025-03-17 00:00:00-04:00,164.4597537744784,165.72536967150563,163.10445251309577,163.72230529785156,31184300,0.0,0.0
2025-03-18 00:00:00-04:00,163.11438513260956,163.68242275706862,156.17844440971348,160.1147918701172,42074800,0.0,0.0
2025-03-19 00:00:00-04:00,161.20103994792456,165.2968386316175,160.44367156873926,163.3236846923828,34275600,0.0,0.0
2025-03-20 00:00:00-04:00,161.01169658179438,164.3202162999389,160.40380384962694,162.23744201660156,28138500,0.0,0.0
2025-03-21 00:00:00-04:00,160.65294731947398,163.67247597151626,160.33404577702316,163.42333984375,36625800,0.0,0.0
2025-03-24 00:00:00-04:00,166.492708348571,167.7383890591239,164.56936942432435,167.1005859375,30879100,0.0,0.0
2025-03-25 00:00:00-04:00,168.39609981984145,170.04040750974747,167.73839194994267,169.97064208984375,24174400,0.0,0.0
2025-03-26 00:00:00-04:00,168.41602720143118,169.0239199788623,164.27039826701778,164.48963928222656,28901600,0.0,0.0
2025-03-27 00:00:00-04:00,164.06112302928733,164.84838647984,161.44020617422274,161.67938232421875,24508300,0.0,0.0
2025-03-28 00:00:00-04:00,159.9354404969839,161.26084657481337,153.0991442674789,153.79672241210938,48669300,0.0,0.0
2025-03-31 00:00:00-04:00,152.58093987828155,155.00253588696825,150.13940872047658,154.10565185546875,54603500,0.0,0.0
2025-04-01 00:00:00-04:00,153.0891615011919,157.55369181763876,153.0891615011919,156.52725219726562,30672900,0.0,0.0
2025-04-02 00:00:00-04:00,154.61387643325034,157.86262130532444,154.1654344397735,156.49734497070312,25041700,0.0,0.0
2025-04-03 00:00:00-04:00,150.58783997911712,152.25206746912303,149.87032672274708,150.19918823242188,46883400,0.0,0.0
2025-04-04 00:00:00-04:00,147.49855413182192,150.54799324363788,144.8776522919314,145.09689331054688,62259500,0.0,0.0
2025-04-07 00:00:00-04:00,141.0608910476278,152.32184805897472,140.04441129882048,146.242919921875,76794100,0.0,0.0
2025-04-08 00:00:00-04:00,150.69745588802078,151.7139355045659,142.5357542501846,144.19998168945312,52200200,0.0,0.0
2025-04-09 00:00:00-04:00,143.9209744743003,158.99869967955883,143.4127421842368,158.16160583496094,70406200,0.0,0.0
2025-04-10 00:00:00-04:00,155.99907817143998,157.17500865516934,149.41191804525613,152.2919464111328,48022000,0.0,0.0
2025-04-11 00:00:00-04:00,152.37164602184413,157.1251674838408,152.29193584419684,156.5970001220703,33636200,0.0,0.0
2025-04-14 00:00:00-04:00,159.44711904636745,161.16117679260088,157.0155480479404,158.5203399658203,30333000,0.0,0.0
2025-04-15 00:00:00-04:00,158.5801141726002,159.0983063087552,154.67366197557098,155.7698516845703,27551500,0.0,0.0
2025-04-16 00:00:00-04:00,152.5709851557027,155.35133791385522,150.98646767664792,152.80018615722656,28187400,0.0,0.0
2025-04-17 00:00:00-04:00,153.75685420118594,154.14550597318726,147.98686786207978,150.63768005371094,33046600,0.0,0.0
2025-04-21 00:00:00-04:00,148.36555457655837,148.43530478654532,145.59516199807078,147.15972900390625,26049100,0.0,0.0
2025-04-22 00:00:00-04:00,148.37550764431742,151.66410748339032,148.02671099242252,150.94659423828125,26971800,0.0,0.0
2025-04-23 00:00:00-04:00,155.0722827287534,156.98564625118482,153.2784996745797,154.8131866455078,31128800,0.0,0.0
2025-04-24 00:00:00-04:00,155.6104249592094,159.03854063446718,155.2516683139833,158.7296142578125,45894000,0.0,0.0
2025-04-25 00:00:00-04:00,164.49959867786362,165.52603823874784,160.48351057877483,161.4003448486328,56034000,0.0,0.0
2025-04-28 00:00:00-04:00,161.86871096281394,162.58622419769722,158.05195902405725,160.0550079345703,29745800,0.0,0.0
2025-04-29 00:00:00-04:00,159.76603342291708,160.18458031932272,156.97570557414937,159.60658264160156,26809000,0.0,0.0
2025-04-30 00:00:00-04:00,157.43409270690867,158.7196436016194,154.86300612354924,158.2512664794922,34981100,0.0,0.0
2025-05-01 00:00:00-04:00,159.8955611021286,161.39037784388623,158.36088927125815,160.7426300048828,30203200,0.0,0.0
2025-05-02 00:00:00-04:00,162.84535826769726,164.39996542535462,161.31067105386134,163.4632110595703,25715000,0.0,0.0
2025-05-05 00:00:00-04:00,162.43673744969064,164.81847796110932,162.15770623374658,163.64256286621094,21341800,0.0,0.0
2025-05-06 00:00:00-04:00,161.60963501178307,164.23055216038995,160.63302556719455,162.6659698486328,21277200,0.0,0.0
2025-05-07 00:00:00-04:00,163.5130144970414,164.4298335624806,147.32912722252786,150.85690307617188,127490100,0.0,0.0
2025-05-08 00:00:00-04:00,154.46440047734652,155.39117958130052,152.37165090458322,153.74688720703125,57498700,0.0,0.0
2025-05-09 00:00:00-04:00,153.6372746936992,154.5142387821615,151.67408067225014,152.22218322753906,32435300,0.0,0.0
2025-05-12 00:00:00-04:00,156.94579570580373,158.55023292762746,155.7100750758197,157.91244506835938,44138800,0.0,0.0
2025-05-13 00:00:00-04:00,158.24131128306263,160.0151746711756,155.62040930962155,158.978759765625,42382100,0.0,0.0
2025-05-14 00:00:00-04:00,159.4072742222668,166.4229412214118,159.0584775444673,164.79856872558594,48755900,0.0,0.0
2025-05-15 00:00:00-04:00,165.26694125278715,165.6356730691148,161.80893051621783,163.39344787597656,33146700,0.0,0.0
2025-05-16 00:00:00-04:00,167.15039440077075,168.76480673115492,165.04768502743337,165.61572265625,42846900,0.0,0.0
2025-05-19 00:00:00-04:00,163.94152401470697,166.06416858529283,163.65253281131433,165.96450805664062,30426100,0.0,0.0
2025-05-20 00:00:00-04:00,165.85490703254322,167.91776161058672,162.33710588412995,163.4133758544922,46607700,0.0,0.0
2025-05-21 00:00:00-04:00,163.1243721968136,172.54171471286378,162.9948165454298,167.9775390625,73416000,0.0,0.0
2025-05-22 00:00:00-04:00,171.25618084668935,176.15917803179707,170.12012070875053,170.27955627441406,74864400,0.0,0.0
2025-05-23 00:00:00-04:00,168.47580548761593,169.3727046333075,167.30985028367255,167.88784790039062,35211400,0.0,0.0
2025-05-27 00:00:00-04:00,169.57202886061165,172.5716225630013,169.4125780788469,172.30255126953125,37995700,0.0,0.0
2025-05-28 00:00:00-04:00,172.56165823831284,174.66436785084326,171.31597754856884,171.76441955566406,34784000,0.0,0.0
2025-05-29 00:00:00-04:00,173.39873303929133,173.81727988052086,170.04038313314817,171.26612854003906,29317300,0.0,0.0
2025-05-30 00:00:00-04:00,170.75790891590938,171.61493780799663,166.86141620850907,171.1465606689453,52639900,0.0,0.0
2025-06-02 00:00:00-04:00,167.2600172613062,169.2830012834345,166.81157529888503,168.44590759277344,38612300,0.0,0.0
2025-06-03 00:00:00-04:00,166.91126012169556,167.89782954141205,164.708889870391,165.60577392578125,45084900,0.0,0.0
2025-06-04 00:00:00-04:00,166.16385878823687,167.63874059809788,165.78516695900404,167.46932983398438,26900800,0.0,0.0
2025-06-05 00:00:00-04:00,169.7513830642687,170.339340657981,167.0108857444217,167.62875366210938,36379100,0.0,0.0
2025-06-06 00:00:00-04:00,170.23969140570108,173.89700773798458,170.23969140570108,173.079833984375,35731800,0.0,0.0
2025-06-09 00:00:00-04:00,174.14743750903665,176.07310468622353,173.97782168090652,175.69395446777344,28935900,0.21,0.0
2025-06-10 00:00:00-04:00,175.80372221831115,180.70268325607967,174.5166301339373,178.19833374023438,61766100,0.0,0.0
2025-06-11 00:00:00-04:00,179.3656814209572,179.96432281914957,176.3524694759701,176.9511260986328,31646800,0.0,0.0
2025-06-12 00:00:00-04:00,175.78375628436552,176.32255032681226,174.3569797237004,175.30484008789062,20941900,0.0,0.0
2025-06-13 00:00:00-04:00,172.05218023736916,176.73163473712606,172.00228964381978,174.27716064453125,27663100,0.0,0.0
2025-06-16 00:00:00-04:00,174.33701609632743,176.5420523549515,174.25719419482596,176.3724365234375,27389200,0.0,0.0
2025-06-17 00:00:00-04:00,175.30483777675101,176.96110799729416,174.1873615915514,175.5542755126953,24973000,0.0,0.0
2025-06-18 00:00:00-04:00,175.6141436330853,176.16290971424257,172.81046582918458,172.93020629882812,28707500,0.0,0.0
2025-06-20 00:00:00-04:00,173.55878574385125,173.94790803011588,165.08788938336605,166.26522827148438,75659900,0.0,0.0
2025-06-23 00:00:00-04:00,165.8960542954959,166.9636398925432,161.63565348702906,164.8184814453125,57671000,0.0,0.0
2025-06-24 00:00:00-04:00,166.5445998017471,167.84167918331357,165.75638318822968,166.3949432373047,40524300,0.0,0.0
2025-06-25 00:00:00-04:00,167.25299905707695,171.97235685648238,167.17317715297744,170.29612731933594,35479000,0.0,0.0
2025-06-26 00:00:00-04:00,172.04218458564608,173.29936049404486,169.55779452756443,173.14968872070312,31796700,0.0,0.0
2025-06-27 00:00:00-04:00,173.14969619543672,178.27813555923768,171.3437693802371,178.12847900390625,108140200,0.0,0.0
2025-06-30 00:00:00-04:00,180.3734186271616,180.82240351749414,174.1873656755976,175.83364868164062,63378900,0.0,0.0
2025-07-01 00:00:00-04:00,175.3447530851258,175.6939567742825,173.139716841545,175.44451904296875,35904500,0.0,0.0
2025-07-02 00:00:00-04:00,175.14518633422566,178.4577266308603,174.67625741761273,178.23822021484375,29128900,0.0,0.0
2025-07-03 00:00:00-04:00,178.09853847776557,179.265905222364,176.65180269468908,179.126220703125,21689700,0.0,0.0
2025-07-07 00:00:00-04:00,178.65727862884938,178.89674433224096,175.28487562232132,176.3923797607422,34175600,0.0,0.0
2025-07-08 00:00:00-04:00,177.4500058972594,177.54977185383785,172.42133277200756,173.9678497314453,40442500,0.0,0.0
2025-07-09 00:00:00-04:00,174.85586430994886,179.03644347316074,172.3814460707259,176.2227783203125,43025600,0.0,0.0
2025-07-10 00:00:00-04:00,175.2350053597822,178.02869585837095,173.98781666417247,177.22052001953125,29252400,0.0,0.0
2025-07-11 00:00:00-04:00,176.39238193299045,181.0219456842772,176.08308157759498,179.7847442626953,34282900,0.0,0.0
2025-07-14 00:00:00-04:00,180.60287583344362,183.25689674766613,179.27586537633238,181.15164184570312,32536600,0.0,0.0
2025-07-15 00:00:00-04:00,182.39885886185957,183.8056914333515,181.19158867102598,181.59068298339844,33448300,0.0,0.0
2025-07-16 00:00:00-04:00,182.82788394956327,183.91542879782378,181.62059863833602,182.55848693847656,33104200,0.0,0.0
2025-07-17 00:00:00-04:00,181.73035050857078,183.64603043273615,180.07408034072432,183.1671142578125,31992600,0.0,0.0
2025-07-18 00:00:00-04:00,184.98301522964096,186.00072543502688,183.2968289565469,184.64378356933594,34014500,0.0,0.0
2025-07-21 00:00:00-04:00,185.83110772544197,189.86201471908177,185.73132654425748,189.67245483398438,45803100,0.0,0.0
2025-07-22 00:00:00-04:00,191.0693117786785,191.21896833519165,187.03840453704987,190.90966796875,44660200,0.0,0.0
2025-07-23 00:00:00-04:00,191.06931784155387,192.09700016081177,188.75452819755446,189.8021697998047,58681900,0.0,0.0
2025-07-24 00:00:00-04:00,196.58687870624138,197.50480780114538,190.57044138213487,191.73780822753906,74881700,0.0,0.0
2025-07-25 00:00:00-04:00,191.54821586623893,193.8929365997576,190.82983399147875,192.74551391601562,39785900,0.0,0.0
2025-07-28 00:00:00-04:00,193.2144667106556,193.61357622809174,190.41078895772904,192.14688110351562,38139500,0.0,0.0
2025-07-29 00:00:00-04:00,191.9971978721824,195.47935398479527,191.64799419278697,195.3097381591797,41389200,0.0,0.0
2025-07-30 00:00:00-04:00,195.1600963397073,197.155598285003,194.2521393007246,196.08799743652344,32445400,0.0,0.0
2025-07-31 00:00:00-04:00,195.26984291287636,195.54921195775628,190.66022322341527,191.46839904785156,51329200,0.0,0.0
2025-08-01 00:00:00-04:00,188.60486968944682,190.40082452841267,187.39759950913643,188.70465087890625,34832200,0.0,0.0
2025-08-04 00:00:00-04:00,189.86201672672937,194.830827292421,189.69240089649873,194.60133361816406,31547400,0.0,0.0
2025-08-05 00:00:00-04:00,194.2720962985156,197.4150057356091,193.45393320281906,194.232177734375,31602300,0.0,0.0
2025-08-06 00:00:00-04:00,194.06255127051267,196.18776557270928,193.23441619136784,195.6489715576172,21562900,0.0,0.0
2025-08-07 00:00:00-04:00,196.6167969951023,197.09571318148866,193.8929412029117,196.07801818847656,26321800,0.0,0.0
2025-08-08 00:00:00-04:00,196.7764442791972,202.15432130991044,196.72655368662487,200.9669952392578,39161800,0.0,0.0
2025-08-11 00:00:00-04:00,200.48808049350347,201.02685931355308,198.62229106869012,200.54794311523438,25832400,0.0,0.0
2025-08-12 00:00:00-04:00,200.91710457512625,204.04006993048975,200.1388600495838,202.88267517089844,30397900,0.0,0.0
2025-08-13 00:00:00-04:00,203.67091617948037,204.0700104890599,197.06579421729333,201.50579833984375,28342900,0.0,0.0
2025-08-14 00:00:00-04:00,201.0468177297292,203.98020797768137,200.77742070862897,202.48358154296875,25230400,0.0,0.0
2025-08-15 00:00:00-04:00,203.39153088363753,205.97570210941166,200.82730371462006,203.44140625,34931400,0.0,0.0
2025-08-18 00:00:00-04:00,203.74075053383524,204.80835140832636,202.03460485474218,203.04232788085938,18526600,0.0,0.0
2025-08-19 00:00:00-04:00,202.57339194917532,202.98247352847122,199.5103041804206,201.11668395996094,24240200,0.0,0.0
2025-08-20 00:00:00-04:00,200.27853657760338,200.82730262485018,196.15783565803162,198.87171936035156,28955500,0.0,0.0
2025-08-21 00:00:00-04:00,199.3007354736328,202.02459107482636,198.98144788878304,199.3007354736328,19774600,0.0,0.0
2025-08-22 00:00:00-04:00,202.27403645691825,208.07096677186306,200.84725997228378,205.62648010253906,42827000,0.0,0.0
2025-08-25 00:00:00-04:00,205.96572314134983,210.04653613391585,204.81831562838462,208.02110290527344,29928900,0.0,0.0
2025-08-26 00:00:00-04:00,207.04328099820484,207.38252787024734,205.23735432936843,206.6741180419922,28464100,0.0,0.0
2025-08-27 00:00:00-04:00,205.23735606521282,208.44014313706415,205.18746547556665,207.0133514404297,23022900,0.0,0.0
2025-08-28 00:00:00-04:00,206.78389053195886,211.742714118765,206.43467159929352,211.1640167236328,32339300,0.0,0.0
2025-08-29 00:00:00-04:00,210.0365409975429,214.167229203444,209.72724064780297,212.43115234375,39728400,0.0,0.0
2025-09-02 00:00:00-04:00,207.97120545801465,211.20390871469678,205.73623790289355,210.87466430664062,47523000,0.0,0.0
2025-09-03 00:00:00-04:00,225.7012467158241,230.78976737242826,224.28442698424496,230.1412353515625,103336100,0.0,0.0
2025-09-04 00:00:00-04:00,229.13349303754427,231.84737676203946,225.60146147412655,231.7775421142578,51684200,0.0,0.0
2025-09-05 00:00:00-04:00,231.677775522156,235.22976659054154,231.37844718195538,234.4714813232422,46588900,0.0,0.0
2025-09-08 00:00:00-04:00,235.15054099905157,237.8069358559837,233.3529799966882,233.72247314453125,32474700,0.21,0.0
2025-09-09 00:00:00-04:00,233.85231685973005,240.14377315813266,232.91358965088386,239.30491638183594,38061000,0.0,0.0
2025-09-10 00:00:00-04:00,238.5758820575914,241.33214736167037,237.5273187664355,238.84552001953125,35141100,0.0,0.0
2025-09-11 00:00:00-04:00,239.55457404217233,241.9213539288796,235.92949376965038,240.0438995361328,30599300,0.0,0.0
2025-09-12 00:00:00-04:00,240.04388783032,241.75157459718335,237.67710805902945,240.4733123779297,26771600,0.0,0.0
2025-09-15 00:00:00-04:00,244.32807821701437,252.06756394348793,244.32807821701437,251.26864624023438,58383800,0.0,0.0
2025-09-16 00:00:00-04:00,251.73800966841424,252.696698721273,249.13154999644232,250.8192596435547,34109700,0.0,0.0
2025-09-17 00:00:00-04:00,250.87917693990602,251.25866627901078,245.94587648389523,249.19146728515625,34108000,0.0,0.0
2025-09-18 00:00:00-04:00,251.338548569648,253.64542748570952,249.46110945180462,251.68807983398438,31239500,0.0,0.0
2025-09-19 00:00:00-04:00,252.90642848071656,255.65269769422878,251.4683796180924,254.3744354248047,55571400,0.0,0.0
2025-09-22 00:00:00-04:00,254.0848093772248,255.4329839373953,249.96042287972912,252.18739318847656,32290500,0.0,0.0
2025-09-23 00:00:00-04:00,252.69670571321294,254.01492224497756,250.1401811840686,251.31858825683594,26628000,0.0,0.0
2025-09-24 00:00:00-04:00,251.31857470864836,252.00764101873446,246.10565550148698,246.80470275878906,28201000,0.0,0.0
2025-09-25 00:00:00-04:00,244.06842931794486,246.1556055061487,240.41340622781078,245.45654296875,31020400,0.0,0.0
2025-09-26 00:00:00-04:00,246.73481561544992,249.08161830530747,245.63630185383965,246.2055206298828,18503200,0.0,0.0
2025-09-29 00:00:00-04:00,247.51375020937843,250.80926093832198,242.4406403715287,243.71890258789062,32505800,0.0,0.0
2025-09-30 00:00:00-04:00,242.48058753408858,242.9599320717839,238.92541967317948,242.77020263671875,34724300,0.0,0.0
2025-10-01 00:00:00-04:00,240.42338523813993,245.96585884887978,238.2862890899911,244.5677490234375,31658200,0.0,0.0
2025-10-02 00:00:00-04:00,244.81739828037135,246.47514981131818,241.97127402542458,245.35667419433594,25483300,0.0,0.0
2025-10-03 00:00:00-04:00,244.15831699237452,245.96585900937905,241.3321544964398,245.01715087890625,30249600,0.0,0.0
2025-10-06 00:00:00-04:00,244.44791178946252,250.97904766602093,244.24818617214953,250.09024047851562,28894700,0.0,0.0
2025-10-07 00:00:00-04:00,247.93317917084852,250.1002333278666,245.18691006468788,245.42657470703125,23181300,0.0,0.0
2025-10-08 00:00:00-04:00,244.62768203424937,245.67624536262252,243.48922922331397,244.2881317138672,21307100,0.0,0.0
2025-10-09 00:00:00-04:00,244.13833003954065,244.42792989328805,238.82554034163272,241.2023162841797,27892100,0.0,0.0
2025-10-10 00:00:00-04:00,241.10246136059908,243.75885638035138,235.5200485827795,236.2490692138672,33180300,0.0,0.0
2025-10-13 00:00:00-04:00,239.88411429337978,244.16828735447277,239.38479264234815,243.81875610351562,24995000,0.0,0.0
2025-10-14 00:00:00-04:00,240.9027132904423,246.78472157869837,240.1836889124138,245.1169891357422,22111600,0.0,0.0
2025-10-15 00:00:00-04:00,246.91455220927548,251.7679591837619,245.65626715592245,250.68942260742188,27007700,0.0,0.0
2025-10-16 00:00:00-04:00,251.42842769264908,256.6113736152233,249.76069521164578,251.1188507080078,27997200,0.0,0.0
2025-10-17 00:00:00-04:00,250.4197821526697,253.87509458891947,247.4737875390444,252.9563446044922,29671600,0.0,0.0
2025-10-20 00:00:00-04:00,254.3444728441902,256.98087539491434,253.88509020638818,256.2019348144531,22350200,0.0,0.0
2025-10-21 00:00:00-04:00,254.39440086428343,254.53421031738455,243.81875668908756,250.12020874023438,47312100,0.0,0.0
2025-10-22 00:00:00-04:00,254.02489806023604,256.01218852739623,248.95178813355238,251.34854125976562,35029400,0.0,0.0
2025-10-23 00:00:00-04:00,252.63679338694976,254.69399627404513,251.50833675008087,252.73666381835938,19901400,0.0,0.0
2025-10-24 00:00:00-04:00,256.23188733462473,261.32497431611404,254.9736174865258,259.5673828125,28655100,0.0,0.0
2025-10-27 00:00:00-04:00,264.4607188078389,269.7735083332291,263.92144290721717,268.9046630859375,35235200,0.0,0.0
2025-10-28 00:00:00-04:00,269.3241367489819,270.3627344019799,266.1384619149823,267.1071472167969,29738600,0.0,0.0
2025-10-29 00:00:00-04:00,267.38675485794886,274.96645416764926,267.3068768000952,274.197509765625,43580300,0.0,0.0
2025-10-30 00:00:00-04:00,291.1944142933695,291.1944142933695,279.6800575475708,281.09814453125,74876000,0.0,0.0
2025-10-31 00:00:00-04:00,282.82575062167336,285.6119738650845,276.6541425566326,280.8085021972656,39267900,0.0,0.0
2025-11-03 00:00:00-05:00,281.797163766903,285.14262497278366,279.42038779718166,283.3350830078125,29786000,0.0,0.0
2025-11-04 00:00:00-05:00,276.374515458966,280.88837191256465,275.8851900258856,277.1634521484375,30078400,0.0,0.0
2025-11-05 00:00:00-05:00,278.49163374098424,286.0314084420774,276.96371081227676,283.92425537109375,31010300,0.0,0.0
2025-11-06 00:00:00-05:00,284.9428776795432,287.9587999323025,280.7585903155872,284.3636779785156,37173600,0.0,0.0
2025-11-07 00:00:00-05:00,282.8257840870045,283.3950181298404,274.8166751233446,278.45172119140625,34479600,0.0,0.0
2025-11-10 00:00:00-05:00,284.03413439651047,290.40545290698407,282.47622284552773,289.7064208984375,29557300,0.0,0.0
2025-11-11 00:00:00-05:00,287.35962699643375,291.52398321941854,286.9302176656824,290.914794921875,19842100,0.0,0.0
2025-11-12 00:00:00-05:00,291.2842728658537,291.613842224268,283.30512258449664,286.3210144042969,24829900,0.0,0.0
2025-11-13 00:00:00-05:00,281.9569519907634,282.45627365196606,276.8638649512614,278.19207763671875,29494000,0.0,0.0
2025-11-14 00:00:00-05:00,271.04178706348836,278.1820807042813,270.3327588398133,276.0350036621094,31647200,0.0,0.0
2025-11-17 00:00:00-05:00,285.392279437324,293.55120856159544,283.1852862901624,284.63330078125,52670200,0.0,0.0
2025-11-18 00:00:00-05:00,287.52939388700526,288.4081743957296,277.8225797399186,283.8943176269531,49158700,0.0,0.0
2025-11-19 00:00:00-05:00,286.77042153983126,303.39782684502376,286.2411417953812,292.4127502441406,68198900,0.0,0.0
2025-11-20 00:00:00-05:00,304.1268355762142,306.0042898345543,288.2783714658303,289.05731201171875,62025200,0.0,0.0
2025-11-21 00:00:00-05:00,296.0178842040454,303.50770955644725,293.4513634023398,299.25347900390625,74137700,0.0,0.0
2025-11-24 00:00:00-05:00,310.70789188393536,319.0465694557707,309.17996886834777,318.14776611328125,85165100,0.0,0.0
2025-11-25 00:00:00-05:00,325.767421144808,328.3838617048627,317.2190369667809,323.0011901855469,88632100,0.0,0.0
2025-11-26 00:00:00-05:00,320.2449508538883,324.0597758686898,316.36024396458464,319.5159606933594,51373400,0.0,0.0
2025-11-28 00:00:00-05:00,322.9313108653273,326.40660086319315,316.36025071335513,319.7456359863281,26018600,0.0,0.0
2025-12-01 00:00:00-05:00,317.2690150587685,319.41609223758667,313.464186206563,314.46282958984375,41183000,0.0,0.0
2025-12-02 00:00:00-05:00,316.3102616947243,317.948051296999,313.4841146313127,315.38153076171875,35854700,0.0,0.0
2025-12-03 00:00:00-05:00,315.4614340573081,321.1436861691208,313.6738540884245,319.19635009765625,41838300,0.0,0.0
2025-12-04 00:00:00-05:00,321.7928484740126,321.92264650582644,314.27306548179905,317.1890869140625,31240900,0.0,0.0
2025-12-05 00:00:00-05:00,319.05652267664885,322.72155681925386,318.73697999805336,320.8341064453125,28851700,0.0,0.0
2025-12-08 00:00:00-05:00,319.82486263347363,320.21460294317257,311.0010871288888,313.49932861328125,33909400,0.21,0.0
2025-12-09 00:00:00-05:00,312.15025542764414,317.7662971049956,311.6805848338384,316.85693359375,30194000,0.0,0.0
2025-12-10 00:00:00-05:00,315.6078174223929,321.0839735202244,314.45863248382005,319.9847412109375,33428900,0.0,0.0
2025-12-11 00:00:00-05:00,319.85481737290655,320.8940942947929,308.3829128168011,312.210205078125,42353700,0.0,0.0
2025-12-12 00:00:00-05:00,313.47935032153816,314.6485102459599,305.34506149685063,309.07244873046875,35940200,0.0,0.0
2025-12-15 00:00:00-05:00,311.1009991314403,311.2009348824072,304.66552711937686,308.003173828125,29151900,0.0,0.0
2025-12-16 00:00:00-05:00,304.7354841263937,310.5513666605185,302.37712849550337,306.3543395996094,30585000,0.0,0.0
2025-12-17 00:00:00-05:00,307.7933270972379,307.87325739956634,295.9116769824828,296.5112609863281,43930400,0.0,0.0
2025-12-18 00:00:00-05:00,301.50775321966603,303.7461677101471,299.0195145942255,302.2472229003906,33518000,0.0,0.0
2025-12-19 00:00:00-05:00,301.5177661333593,307.03387224107576,300.7582909786616,306.9439392089844,59943200,0.0,0.0
2025-12-22 00:00:00-05:00,309.66200850448513,309.9118326328777,305.0852133945127,309.56207275390625,26429900,0.0,0.0
2025-12-23 00:00:00-05:00,309.41219480947996,314.7184570357758,309.1024153195162,314.1288757324219,25478700,0.0,0.0
2025-12-24 00:00:00-05:00,314.5485634057752,314.8583428959372,311.70059264113144,313.8690490722656,10097400,0.0,0.0
2025-12-26 00:00:00-05:00,314.25877806497726,314.86833429915043,312.0603135401851,313.2894592285156,10899000,0.0,0.0
2025-12-29 00:00:00-05:00,311.15095467052413,313.79908436732376,310.4014822754237,313.33941650390625,19621800,0.0,0.0
2025-12-30 00:00:00-05:00,312.28018544302313,316.72706748217655,312.24020504037514,313.6292419433594,17380900,0.0,0.0
2025-12-31 00:00:00-05:00,312.62992729269524,314.3586907819443,311.22091551782626,312.7798156738281,16377700,0.0,0.0
2026-01-02 00:00:00-05:00,316.67708324131615,322.2731502440002,310.11169732658084,314.9283142089844,32009400,0.0,0.0
2026-01-05 00:00:00-05:00,317.4365596004392,318.79558832967825,314.4086921415047,316.3173522949219,30195600,0.0,0.0
2026-01-06 00:00:00-05:00,316.17741436833177,320.71422913013345,311.5606693028291,314.1188659667969,31212100,0.0,0.0
2026-01-07 00:00:00-05:00,314.13884430323384,325.9205589972494,313.96898096999803,321.7535095214844,35104400,0.0,0.0
2026-01-08 00:00:00-05:00,328.7385750407063,330.0876314322289,321.2738288701313,325.2110595703125,31896100,0.0,0.0
2026-01-09 00:00:00-05:00,326.8598973489763,330.5972566011106,325.5707962902668,328.3388671875,26214200,0.0,0.0
2026-01-12 00:00:00-05:00,325.57079145505844,333.80501545240315,324.77136644379436,331.62652587890625,33923900,0.0,0.0
2026-01-13 00:00:00-05:00,334.7144015630273,340.25048265726696,333.38532003422745,335.7336730957031,33517600,0.0,0.0
2026-01-14 00:00:00-05:00,334.8243096530742,336.2832741209541,330.2475447349911,335.603759765625,28525600,0.0,0.0
2026-01-15 00:00:00-05:00,337.4124676651339,337.4524480652932,330.507324974913,332.5458984375,28442400,0.0,0.0
2026-01-16 00:00:00-05:00,334.1747541117482,334.4145755186536,327.46948297740045,329.7678527832031,40341600,0.0,0.0
2026-01-20 00:00:00-05:00,320.6442885211675,327.49947891315526,320.20459558658575,321.77349853515625,35361000,0.0,0.0
2026-01-21 00:00:00-05:00,320.6942733516965,332.24613943011235,319.12537039479025,328.1490173339844,35386600,0.0,0.0
2026-01-22 00:00:00-05:00,334.2147483456718,334.9142376434696,328.5187457270175,330.3074951171875,26253600,0.0,0.0
2026-01-23 00:00:00-05:00,332.25610013077164,333.45526818914374,327.21966747627397,327.6993103027344,27280000,0.0,0.0
2026-01-26 00:00:00-05:00,327.5793954045391,335.60374537803585,326.7699676491338,333.02557373046875,26042100,0.0,0.0
2026-01-27 00:00:00-05:00,335.1340666902067,337.6722883721735,333.2454121385867,334.31463623046875,21636200,0.0,0.0
2026-01-28 00:00:00-05:00,335.82360375323316,337.30257365930305,331.7065067534381,335.7736511230469,27434400,0.0,0.0
2026-01-29 00:00:00-05:00,340.06060015063264,342.0492210013424,326.3103005061971,338.0120544433594,39785600,0.0,0.0
2026-01-30 00:00:00-05:00,339.76083067041884,339.76083067041884,332.0562627255977,337.7622375488281,31024000,0.0,0.0
2026-02-02 00:00:00-05:00,335.983495554882,344.5874244246442,335.3939142353609,343.4482421875,32006100,0.0,0.0
2026-02-03 00:00:00-05:00,347.09564553860224,348.7544814019383,337.2325938809106,339.47100830078125,36506700,0.0,0.0
2026-02-04 00:00:00-05:00,342.7187296036167,343.0684894885568,328.2888852617291,332.80572509765625,70618400,0.0,0.0
2026-02-05 00:00:00-05:00,312.0003564748562,332.45595718246585,306.24439883874277,331.0169677734375,88205800,0.0,0.0
2026-02-06 00:00:00-05:00,326.94984200428365,330.147603202773,319.694969697787,322.63287353515625,56380500,0.0,0.0
2026-02-09 00:00:00-05:00,320.70422803551696,327.4694850607409,317.03682684844796,324.09185791015625,39640100,0.0,0.0
2026-02-10 00:00:00-05:00,320.7441987510988,321.4437184993816,314.38865715458337,318.3558654785156,39170000,0.0,0.0
2026-02-11 00:00:00-05:00,318.7456164455411,320.8341425405983,309.44216816023624,310.7412414550781,45406400,0.0,0.0
2026-02-12 00:00:00-05:00,311.87044586439265,316.0175203045161,306.9839017615506,308.7826232910156,47761300,0.0,0.0
2026-02-13 00:00:00-05:00,307.5135396808651,308.41290048065196,303.4963480144474,305.50494384765625,38499700,0.0,0.0
2026-02-17 00:00:00-05:00,299.82893803190484,304.22583664461854,296.04159566157676,301.8075256347656,39247600,0.0,0.0
2026-02-18 00:00:00-05:00,301.87748970860525,305.1651838815364,301.0380842700908,303.1166076660156,28482100,0.0,0.0
2026-02-19 00:00:00-05:00,301.6076886754516,305.25511494304027,299.828942056139,302.636962890625,25834400,0.0,0.0
2026-02-20 00:00:00-05:00,304.1059184917761,316.2773425544253,303.68620054308417,314.7584228515625,53210800,0.0,0.0
2026-02-23 00:00:00-05:00,318.82555353627805,319.29522413676915,309.65201848441603,311.2708740234375,31423000,0.0,0.0
2026-02-24 00:00:00-05:00,310.3015673465962,312.05033638585,305.71479964031533,310.6813049316406,25615600,0.0,0.0
2026-02-25 00:00:00-05:00,311.84046520002283,313.4193707572093,309.22231323387047,312.67987060546875,29963600,0.0,0.0
2026-02-26 00:00:00-05:00,312.42009761480955,312.9197459051382,302.1373272609355,307.1637878417969,36431200,0.0,0.0
2026-02-27 00:00:00-05:00,303.92607541564644,312.1502667227519,303.5862877430576,311.54071044921875,44640600,0.0,0.0
2026-03-02 00:00:00-05:00,303.0166882830762,308.27296712894787,301.088022863519,306.3043518066406,34790200,0.0,0.0
2026-03-03 00:00:00-05:00,298.37994467731505,303.72618716624237,296.5012623376298,303.3664245605469,35497000,0.0,0.0
2026-03-04 00:00:00-05:00,302.6769571429086,305.2551289128473,300.5384478137644,302.9167785644531,29536200,0.0,0.0
2026-03-05 00:00:00-05:00,302.82681905445145,303.08661540637286,297.78035344585857,300.6683349609375,35752300,0.0,0.0
2026-03-06 00:00:00-05:00,295.88171424137005,300.31859339921897,294.97235071392555,298.30999755859375,25576900,0.0,0.0
2026-03-09 00:00:00-04:00,294.3599853515625,306.79998779296875,294.0799865722656,306.3599853515625,29312100,0.21,0.0
2026-03-10 00:00:00-04:00,306.1700134277344,309.510009765625,305.57000732421875,307.0400085449219,23239700,0.0,0.0
2026-03-11 00:00:00-04:00,306.75,311.4200134277344,305.9200134277344,308.70001220703125,24125700,0.0,0.0
2026-03-12 00:00:00-04:00,306.82000732421875,308.94000244140625,301.0299987792969,303.54998779296875,24928300,0.0,0.0
2026-03-13 00:00:00-04:00,307.010009765625,307.69000244140625,300.44000244140625,302.2799987792969,23693100,0.0,0.0
2026-03-16 00:00:00-04:00,304.3500061035156,306.489990234375,303.0199890136719,305.55999755859375,23519700,0.0,0.0
2026-03-17 00:00:00-04:00,305.8599853515625,311.4200134277344,305.5,310.9200134277344,21955200,0.0,0.0
2026-03-18 00:00:00-04:00,309.2699890136719,312.4700012207031,306.92999267578125,307.69000244140625,20009800,0.0,0.0
2026-03-19 00:00:00-04:00,304.010009765625,308.05999755859375,302.3500061035156,307.1300048828125,25075800,0.0,0.0
2026-03-20 00:00:00-04:00,305.4599914550781,306.0,298.2699890136719,301.0,44364100,0.0,0.0
2026-03-23 00:00:00-04:00,302.1099853515625,305.9800109863281,300.92999267578125,302.05999755859375,29326900,0.0,0.0
2026-03-24 00:00:00-04:00,299.20001220703125,299.9200134277344,290.3299865722656,290.44000244140625,36864300,0.0,0.0
2026-03-25 00:00:00-04:00,293.44000244140625,296.0,289.239990234375,290.92999267578125,29460700,0.0,0.0
2026-03-26 00:00:00-04:00,287.9100036621094,287.95001220703125,278.5,280.9200134277344,39080600,0.0,0.0
2026-03-27 00:00:00-04:00,277.2799987792969,279.3699951171875,273.95001220703125,274.3399963378906,35890600,0.0,0.0
2026-03-30 00:00:00-04:00,276.4200134277344,277.0899963378906,272.1099853515625,273.5,35141200,0.0,0.0
2026-03-31 00:00:00-04:00,278.0400085449219,288.0799865722656,277.0899963378906,287.55999755859375,43875400,0.0,0.0
2026-04-01 00:00:00-04:00,290.8399963378906,300.5199890136719,290.4100036621094,297.3900146484375,37684500,0.0,0.0
2026-04-02 00:00:00-04:00,290.69000244140625,298.0799865722656,289.45001220703125,295.7699890136719,21666500,0.0,0.0
2026-04-06 00:00:00-04:00,295.8699951171875,300.6199951171875,295.17999267578125,299.989990234375,16945500,0.0,0.0
2026-04-07 00:00:00-04:00,302.7300109863281,305.6300048828125,297.7200012207031,305.4599914550781,23205400,0.0,0.0
2026-04-08 00:00:00-04:00,320.45001220703125,322.0799865722656,315.0199890136719,317.32000732421875,33547100,0.0,0.0
2026-04-09 00:00:00-04:00,315.9100036621094,319.5400085449219,311.05999755859375,318.489990234375,23739200,0.0,0.0
2026-04-10 00:00:00-04:00,320.0199890136719,321.8299865722656,316.32000732421875,317.239990234375,19152600,0.0,0.0
2026-04-13 00:00:00-04:00,317.1400146484375,321.6300048828125,315.4700012207031,321.30999755859375,18866400,0.0,0.0
2026-04-14 00:00:00-04:00,324.7900085449219,333.2900085449219,323.75,332.9100036621094,27721400,0.0,0.0
2026-04-15 00:00:00-04:00,332.8900146484375,337.4800109863281,330.8999938964844,337.1199951171875,24918800,0.0,0.0
2026-04-16 00:00:00-04:00,338.75,339.8800048828125,334.5199890136719,336.0199890136719,20541500,0.0,0.0
2026-04-17 00:00:00-04:00,337.6499938964844,342.32000732421875,336.239990234375,341.67999267578125,25581900,0.0,0.0
2026-04-20 00:00:00-04:00,340.760009765625,341.3999938964844,336.6099853515625,337.4200134277344,18784200,0.0,0.0
2026-04-21 00:00:00-04:00,337.69000244140625,339.3399963378906,331.3500061035156,332.2900085449219,23123800,0.0,0.0
2026-04-22 00:00:00-04:00,337.0199890136719,339.82000732421875,335.1700134277344,339.32000732421875,20293000,0.0,0.0
2026-04-23 00:00:00-04:00,341.17999267578125,341.9599914550781,336.17999267578125,338.8900146484375,18650300,0.0,0.0
2026-04-24 00:00:00-04:00,338.7300109863281,345.2699890136719,335.3900146484375,344.3999938964844,26426100,0.0,0.0
2026-04-27 00:00:00-04:00,345.9800109863281,353.17999267578125,342.7300109863281,350.3399963378906,28576900,0.0,0.0
2026-04-28 00:00:00-04:00,348.54998779296875,352.4200134277344,346.1199951171875,349.7799987792969,27824100,0.0,0.0
2026-04-29 00:00:00-04:00,347.57000732421875,355.7900085449219,344.2099914550781,349.94000244140625,35376300,0.0,0.0
2026-04-30 00:00:00-04:00,374.07000732421875,385.8399963378906,365.82000732421875,384.79998779296875,72040000,0.0,0.0
2026-05-01 00:00:00-04:00,381.6300048828125,386.760009765625,379.04998779296875,385.69000244140625,30105200,0.0,0.0
2026-05-04 00:00:00-04:00,385.6300048828125,387.3800048828125,379.7900085449219,383.25,26298600,0.0,0.0
2026-05-05 00:00:00-04:00,386.3489990234375,392.81988525390625,384.0199890136719,388.42999267578125,23462299,0.0,0.0
