Date,Open,High,Low,Close,Volume,Dividends,Stock Splits
2012-05-18 00:00:00-04:00,41.722583099237966,44.64961411487897,37.704118585897795,37.93232727050781,573576400,0.0,0.0
2012-05-21 00:00:00-04:00,36.24556407696098,36.3745529135857,32.74305104049431,33.76502990722656,168192700,0.0,0.0
2012-05-22 00:00:00-04:00,32.35608569746687,33.3284545591225,30.699088930463112,30.758621215820312,101786600,0.0,0.0
2012-05-23 00:00:00-04:00,31.125739809296533,32.24694028496742,31.115817446724577,31.75083351135254,73600000,0.0,0.0
2012-05-24 00:00:00-04:00,32.693440580407206,32.9514144644507,31.522628168605454,32.7728157043457,50237200,0.0,0.0
2012-05-25 00:00:00-04:00,32.643830341561234,32.69344026667106,30.867767013668946,31.661537170410156,37149800,0.0,0.0
2012-05-29 00:00:00-04:00,31.234885748381952,31.44325160231992,28.426921149580412,28.615442276000977,78063400,0.0,0.0
2012-05-30 00:00:00-04:00,28.476530091634626,29.319910108453612,27.64307054507478,27.970500946044922,57267900,0.0,0.0
2012-05-31 00:00:00-04:00,28.327700388537842,29.438980565650073,26.62109350520213,29.369525909423828,111639200,0.0,0.0
2012-06-01 00:00:00-04:00,28.665049898888423,28.923025658392614,27.17672951963154,27.504159927368164,41855500,0.0,0.0
2012-06-04 00:00:00-04:00,26.988211257669434,27.434706251777737,26.23412867834514,26.6905460357666,35230300,0.0,0.0
2012-06-05 00:00:00-04:00,26.4921049016224,27.543850828401084,25.54950118816683,25.668567657470703,42473400,0.0,0.0
2012-06-06 00:00:00-04:00,25.86700619420914,26.958441446000066,25.321289514562228,26.60124397277832,61489200,0.0,0.0
2012-06-07 00:00:00-04:00,26.789768636648773,27.13704379377147,25.946386652921472,26.105140686035156,26159500,0.0,0.0
2012-06-08 00:00:00-04:00,26.343269888378202,27.543849308669085,26.23412768107701,26.888988494873047,38034000,0.0,0.0
2012-06-11 00:00:00-04:00,26.96836855793716,27.851438141707828,26.631015749924167,26.799692153930664,28219600,0.0,0.0
2012-06-12 00:00:00-04:00,27.26602823914642,27.553771080626223,26.750076732525702,27.1866512298584,15816800,0.0,0.0
2012-06-13 00:00:00-04:00,27.444627563109794,27.881202069667882,26.88898848635228,27.05766487121582,17102800,0.0,0.0
2012-06-14 00:00:00-04:00,27.434707014407866,28.099490234890684,27.16680887499747,28.069725036621094,16855000,0.0,0.0
2012-06-15 00:00:00-04:00,28.288010518646903,29.865630325029503,28.12925649092892,29.776330947875977,43563800,0.0,0.0
2012-06-18 00:00:00-04:00,29.726719543758897,31.830215171444156,29.18100280247055,31.165430068969727,42978900,0.0,0.0
2012-06-19 00:00:00-04:00,31.294419182603846,31.929435307996815,30.46095957177691,31.661537170410156,30849000,0.0,0.0
2012-06-20 00:00:00-04:00,31.671460480017963,31.681382843835795,30.907455498521443,31.353952407836914,15553600,0.0,0.0
2012-06-21 00:00:00-04:00,31.423404682809437,32.2469418923606,31.264650658739136,31.59208106994629,21875300,0.0,0.0
2012-06-22 00:00:00-04:00,32.157639900221575,33.189542865197964,31.810366683640183,32.79265594482422,74834000,0.0,0.0
2012-06-25 00:00:00-04:00,32.604139617397436,32.762893642561494,31.30433843418298,31.81036949157715,24352900,0.0,0.0
2012-06-26 00:00:00-04:00,32.43546245735927,33.179622685715586,32.246943228773745,32.84226989746094,24858700,0.0,0.0
2012-06-27 00:00:00-04:00,32.20725071403132,32.64382709557336,31.651611659563272,31.979042053222656,28568000,0.0,0.0
2012-06-28 00:00:00-04:00,31.711144649060472,31.9393533149555,30.659398799394392,31.11581802368164,17713300,0.0,0.0
2012-06-29 00:00:00-04:00,31.671460207483577,31.740914861113346,30.520492509482708,30.857845306396484,19526900,0.0,0.0
2012-07-02 00:00:00-04:00,31.006676680918368,31.482938780537907,30.312126366266853,30.530414581298828,14122000,0.0,0.0
2012-07-03 00:00:00-04:00,30.669324614800228,31.195198545082988,30.560180504695012,30.957067489624023,8763600,0.0,0.0
2012-07-05 00:00:00-04:00,31.07613056859331,31.383716263794057,30.77846723678579,31.22496223449707,10032100,0.0,0.0
2012-07-06 00:00:00-04:00,31.195195901191425,31.65161324568061,31.01659715160966,31.48293685913086,10945600,0.0,0.0
2012-07-09 00:00:00-04:00,31.85005523807602,32.623984424539515,31.740913028315966,31.919509887695312,17785200,0.0,0.0
2012-07-10 00:00:00-04:00,32.1774883027763,32.227098227245115,30.917376539296324,31.22496223449707,14269500,0.0,0.0
2012-07-11 00:00:00-04:00,31.234882367646982,31.314259376627774,30.312123455434566,30.728853225708008,13030300,0.0,0.0
2012-07-12 00:00:00-04:00,30.46096237521317,31.155510853159292,30.36174062336444,30.570104598999023,11300700,0.0,0.0
2012-07-13 00:00:00-04:00,30.798312492555485,30.82807769074909,30.32204850398704,30.480802536010742,8108300,0.0,0.0
2012-07-16 00:00:00-04:00,30.262515684144688,30.262515684144688,27.990345565362656,28.0300350189209,24672100,0.0,0.0
2012-07-17 00:00:00-04:00,28.258241441606078,28.367385537673517,26.938597496188645,27.871278762817383,30438600,0.0,0.0
2012-07-18 00:00:00-04:00,28.089568755930706,29.061939600802855,27.93081471850207,28.88334083557129,16841800,0.0,0.0
2012-07-19 00:00:00-04:00,29.181002146494926,29.270301522879766,28.40707484865875,28.774194717407227,13685100,0.0,0.0
2012-07-20 00:00:00-04:00,28.774195191399052,29.240534914926144,28.49637469445893,28.53606414794922,11869100,0.0,0.0
2012-07-23 00:00:00-04:00,27.901046494956752,28.774193606169327,27.79190239636873,28.526140213012695,12390700,0.0,0.0
2012-07-24 00:00:00-04:00,28.595597379795358,29.22069304542438,27.881204225859562,28.228479385375977,11539800,0.0,0.0
2012-07-25 00:00:00-04:00,28.168943783552,29.26037913309993,27.861358094337575,29.111547470092773,17230200,0.0,0.0
2012-07-26 00:00:00-04:00,27.533925800090117,28.010187846216684,26.5218675326983,26.640933990478516,64597400,0.0,0.0
2012-07-27 00:00:00-04:00,23.00943337400954,24.34892208107944,22.106519170595156,23.52538299560547,123102300,0.0,0.0
2012-07-30 00:00:00-04:00,23.81312366284766,23.852813110684316,22.850677262773164,22.969741821289062,29285900,0.0,0.0
2012-07-31 00:00:00-04:00,23.18803077253861,23.18803077253861,21.441734751937965,21.54095458984375,56179400,0.0,0.0
2012-08-01 00:00:00-04:00,21.332593885540625,21.411970903368324,20.677733015337775,20.71742057800293,44604400,0.0,0.0
2012-08-02 00:00:00-04:00,20.608278147967518,20.677732801285597,19.66567441508606,19.883962631225586,56374500,0.0,0.0
2012-08-03 00:00:00-04:00,20.201469587805704,21.98745331842821,19.745050345759434,20.925785064697266,80647000,0.0,0.0
2012-08-06 00:00:00-04:00,21.223450846156762,21.977533499779813,21.134151460037092,21.749324798583984,27778900,0.0,0.0
2012-08-07 00:00:00-04:00,22.02714387544226,22.27519728893824,20.34037990667063,20.558666229248047,36782900,0.0,0.0
2012-08-08 00:00:00-04:00,20.548743865608525,20.985318403260713,20.06255940225608,20.558666229248047,29537400,0.0,0.0
2012-08-09 00:00:00-04:00,20.58843118624828,21.005160953428852,20.44952189468714,20.846406936645508,15610700,0.0,0.0
2012-08-10 00:00:00-04:00,21.243295480386934,21.650102952015278,20.96547495897106,21.640180587768555,25794700,0.0,0.0
2012-08-13 00:00:00-04:00,21.977530918132903,22.27519613439829,21.23337071621533,21.431814193725586,24973100,0.0,0.0
2012-08-14 00:00:00-04:00,21.24329622728622,21.431817369607312,20.09232842916357,20.221315383911133,39308800,0.0,0.0
2012-08-15 00:00:00-04:00,20.479286434705184,21.24329129883832,20.241155417150136,21.034927368164062,47861100,0.0,0.0
2012-08-16 00:00:00-04:00,20.2808477382254,20.32053530052271,19.536687493301496,19.715286254882812,157565300,0.0,0.0
2012-08-17 00:00:00-04:00,19.85419259658343,19.923647239604183,18.852056722648268,18.90166664123535,129293400,0.0,0.0
2012-08-20 00:00:00-04:00,18.901668587676713,19.973259214982054,18.604005260507503,19.85419464111328,101186600,0.0,0.0
2012-08-21 00:00:00-04:00,19.427540605279333,19.82442563395007,18.94135620859554,19.01081085205078,70640600,0.0,0.0
2012-08-22 00:00:00-04:00,19.20925823197649,19.377934640139415,18.812371229830212,19.28863525390625,49892200,0.0,0.0
2012-08-23 00:00:00-04:00,19.3481675472292,19.576376248715068,19.20925823197649,19.28863525390625,32813700,0.0,0.0
2012-08-24 00:00:00-04:00,19.368009455391302,19.52676347613244,19.100111335704174,19.258865356445312,29622200,0.0,0.0
2012-08-27 00:00:00-04:00,19.33824157789959,19.37793102771432,18.951278904691605,19.00088882446289,20704000,0.0,0.0
2012-08-28 00:00:00-04:00,18.9512838939383,19.22910254579337,18.802452202944853,19.189414978027344,25417000,0.0,0.0
2012-08-29 00:00:00-04:00,19.169563051182124,19.229095326730135,18.92150969515234,18.951276779174805,16124700,0.0,0.0
2012-08-30 00:00:00-04:00,19.11995924987411,19.29855802611541,18.91159338009342,18.941360473632812,30647500,0.0,0.0
2012-08-31 00:00:00-04:00,18.534549613519008,18.55439433892895,17.88961117767328,17.919376373291016,58764200,0.0,0.0
2012-09-04 00:00:00-04:00,17.939222711447524,18.127743834795787,17.41334879579073,17.591947555541992,46622400,0.0,0.0
2012-09-05 00:00:00-04:00,18.127745612916378,18.60400775730395,18.038446224281515,18.435331344604492,60781800,0.0,0.0
2012-09-06 00:00:00-04:00,18.594085859113257,19.110037474723068,18.574241129474977,18.8123722076416,46066500,0.0,0.0
2012-09-07 00:00:00-04:00,18.951282743885205,19.26879083673604,18.633774651034365,18.832216262817383,36371700,0.0,0.0
2012-09-10 00:00:00-04:00,18.911589455638012,19.050500637498033,18.405560325462595,18.663536071777344,24797800,0.0,0.0
2012-09-11 00:00:00-04:00,18.77268213570706,19.42754298640055,18.703227483739166,19.278711318969727,50508200,0.0,0.0
2012-09-12 00:00:00-04:00,20.598358113863167,20.99524324377913,20.122095957964007,20.76703453063965,121584000,0.0,0.0
2012-09-13 00:00:00-04:00,20.796793758466528,21.31274522539339,20.449520552359065,20.54874038696289,65041600,0.0,0.0
2012-09-14 00:00:00-04:00,20.96547061880053,21.908074209633924,20.737261965860935,21.828697204589844,72819800,0.0,0.0
2012-09-17 00:00:00-04:00,22.49348127050133,22.572858278858973,21.332591340460127,21.352436065673828,50667600,0.0,0.0
2012-09-18 00:00:00-04:00,21.431816504865566,21.808856881797194,21.203607805867538,21.69971466064453,36760500,0.0,0.0
2012-09-19 00:00:00-04:00,21.81877529771193,23.18803102891732,21.600489002409777,23.108654022216797,78782800,0.0,0.0
2012-09-20 00:00:00-04:00,22.840758538731635,23.059044859109267,22.364496443818243,22.414106369018555,57248900,0.0,0.0
2012-09-21 00:00:00-04:00,22.791147144557183,23.05904528761076,22.4240291492592,22.682004928588867,51218100,0.0,0.0
2012-09-24 00:00:00-04:00,21.610413598865247,21.808855189882614,20.20147016490346,20.628122329711914,79106500,0.0,0.0
2012-09-25 00:00:00-04:00,21.034931814530673,21.04485228642416,20.062560921686295,20.122095108032227,46291700,0.0,0.0
2012-09-26 00:00:00-04:00,19.993104334473717,20.618199983313062,19.645829184284892,20.45944595336914,38271900,0.0,0.0
2012-09-27 00:00:00-04:00,20.826566510579404,20.836488875238746,20.003029168829393,20.16178321838379,30215900,0.0,0.0
2012-09-28 00:00:00-04:00,20.409831575776856,21.779087277890994,20.340376932951678,21.491344451904297,65486000,0.0,0.0
2012-10-01 00:00:00-04:00,21.908076460763127,22.414105629601753,21.560801318325172,21.818777084350586,51262700,0.0,0.0
2012-10-02 00:00:00-04:00,21.908078445739232,22.31488591181181,21.650102656339982,22.096599578857422,29341400,0.0,0.0
2012-10-03 00:00:00-04:00,22.126364393059045,22.31488552289155,21.630257551129496,21.660024642944336,32000100,0.0,0.0
2012-10-04 00:00:00-04:00,22.146208880592805,22.225585898740196,21.24329458947974,21.779090881347656,46892100,0.0,0.0
2012-10-05 00:00:00-04:00,21.322672445419578,21.46158175951107,20.717421475453857,20.747188568115234,40529300,0.0,0.0
2012-10-08 00:00:00-04:00,20.24115753173828,20.588432678305544,20.00302648930575,20.24115753173828,32236700,0.0,0.0
2012-10-09 00:00:00-04:00,20.231233261370754,20.389987274694633,19.814503503271293,20.072479248046875,27161800,0.0,0.0
2012-10-10 00:00:00-04:00,19.77481674185335,19.78473910464747,19.298554682718716,19.48707389831543,39321800,0.0,0.0
2012-10-11 00:00:00-04:00,19.725206961104302,19.804583979142045,19.457310708037788,19.596220016479492,21817300,0.0,0.0
2012-10-12 00:00:00-04:00,19.59621823683211,19.64582815891381,19.328320115597606,19.368009567260742,18809400,0.0,0.0
2012-10-15 00:00:00-04:00,19.526763588918843,19.725205169742864,19.33824247851339,19.368009567260742,20189700,0.0,0.0
2012-10-16 00:00:00-04:00,19.526766870932978,19.53668923551649,19.14972458674967,19.328323364257812,21834700,0.0,0.0
2012-10-17 00:00:00-04:00,19.34816789465832,20.320536903882772,19.21918094139284,19.725208282470703,44074500,0.0,0.0
2012-10-18 00:00:00-04:00,19.546611364229285,19.635910751905772,18.742916875140896,18.832216262817383,52157400,0.0,0.0
2012-10-19 00:00:00-04:00,18.852060317993164,18.911592610150702,18.653616820804785,18.852060317993164,34835000,0.0,0.0
2012-10-22 00:00:00-04:00,19.050504427361766,19.278713131713584,18.90167085343905,19.16956901550293,32447300,0.0,0.0
2012-10-23 00:00:00-04:00,19.100112108083874,19.645828839887354,18.951280444182675,19.34816551208496,78381200,0.0,0.0
2012-10-24 00:00:00-04:00,23.942113733024257,24.061180199700967,22.6720815151249,23.049121856689453,228949900,0.0,0.0
2012-10-25 00:00:00-04:00,23.10865574820718,23.128498581991536,22.29503900313623,22.38433837890625,76142000,0.0,0.0
2012-10-26 00:00:00-04:00,22.225586242032644,22.70184835827324,21.709634669856626,21.769168853759766,73175800,0.0,0.0
2012-10-31 00:00:00-04:00,20.657888156612117,21.33259375011294,20.56858877556069,20.94563102722168,99378200,0.0,0.0
2012-11-01 00:00:00-04:00,20.915860565723236,21.273058032371267,20.846405923318798,21.04484748840332,37713900,0.0,0.0
2012-11-02 00:00:00-04:00,21.094460321368427,21.52111245109815,20.905939216779146,21.01508331298828,38344400,0.0,0.0
2012-11-05 00:00:00-05:00,20.93570774903312,21.312748091727812,20.75710899473137,21.08453941345215,31806700,0.0,0.0
2012-11-06 00:00:00-05:00,21.07461593227864,21.20360475576441,20.826562540572212,21.00516128540039,29062700,0.0,0.0
2012-11-07 00:00:00-05:00,20.687655895670982,20.786877643557382,20.211393776813182,20.31061363220215,33396800,0.0,0.0
2012-11-08 00:00:00-05:00,20.36022645831733,20.568590435925575,19.824430128757523,19.834352493286133,34254600,0.0,0.0
2012-11-09 00:00:00-05:00,19.804583118801812,19.84427257234521,18.98104588274938,19.060422897338867,42295500,0.0,0.0
2012-11-12 00:00:00-05:00,19.000892031640344,20.012950462776683,18.72307340603249,19.913728713989258,67349200,0.0,0.0
2012-11-13 00:00:00-05:00,19.457308924750578,19.953415715141997,19.407697110213107,19.70536231994629,71775100,0.0,0.0
2012-11-14 00:00:00-05:00,19.943494750285723,22.32480713259655,19.774818354028433,22.185897827148438,229751000,0.0,0.0
2012-11-15 00:00:00-05:00,22.166053797193022,22.32480783484099,21.48142582702529,21.997377395629883,78857700,0.0,0.0
2012-11-16 00:00:00-05:00,22.076751455709395,23.743670520108573,22.007296810108954,23.376550674438477,107182200,0.0,0.0
2012-11-19 00:00:00-05:00,23.77343831329651,23.932194239513915,22.642315349916842,22.74153709411621,85021300,0.0,0.0
2012-11-20 00:00:00-05:00,22.553011864382757,23.713901707471155,22.523246671288835,22.92013168334961,46655300,0.0,0.0
2012-11-21 00:00:00-05:00,23.039200796833406,24.339002070557864,22.87052439678887,24.13063621520996,89862400,0.0,0.0
2012-11-23 00:00:00-05:00,24.38861135701139,24.48783310016794,23.694061047412863,23.813127517700195,29520900,0.0,0.0
2012-11-26 00:00:00-05:00,24.745806396077008,25.88685159681192,24.616817575147763,25.738019943237305,123865000,0.0,0.0
2012-11-27 00:00:00-05:00,25.837242224327728,26.293659557301094,25.2617565379744,25.94638442993164,85760600,0.0,0.0
2012-11-28 00:00:00-05:00,25.73802104069818,26.283737757906664,25.54949992880004,26.15475082397461,49205600,0.0,0.0
2012-11-29 00:00:00-05:00,26.293662017259972,27.30572040570859,25.95630922111043,27.107276916503906,88759700,0.0,0.0
2012-11-30 00:00:00-05:00,27.047742685170697,27.781980514526367,26.55163589026844,27.781980514526367,127049600,0.0,0.0
2012-12-03 00:00:00-05:00,27.781980465477695,28.655127590265355,26.76992215146453,26.829456329345703,123526100,0.0,0.0
2012-12-04 00:00:00-05:00,26.849302109799073,27.543852454669036,26.4722617376537,27.246187210083008,72869200,0.0,0.0
2012-12-05 00:00:00-05:00,27.533927352109924,27.68275901335161,27.04774291605522,27.494237899780273,58976300,0.0,0.0
2012-12-06 00:00:00-05:00,27.46447287209159,27.533927521598763,26.611168566724,26.760000228881836,46001500,0.0,0.0
2012-12-07 00:00:00-05:00,26.859221601639153,27.563694235244604,26.631012929941893,27.275951385498047,51751900,0.0,0.0
2012-12-10 00:00:00-05:00,26.958444854189167,27.950658500802685,26.888990201725797,27.623228073120117,50608500,0.0,0.0
2012-12-11 00:00:00-05:00,27.85143774947431,28.02011415110533,27.444630291275516,27.76213836669922,77099100,0.0,0.0
2012-12-12 00:00:00-05:00,27.781985209680066,27.92089453012925,27.156891375161187,27.36525535583496,46704200,0.0,0.0
2012-12-13 00:00:00-05:00,27.37517636670812,28.526144117075546,27.216422324760714,28.02011489868164,81051600,0.0,0.0
2012-12-14 00:00:00-05:00,27.960577329485556,28.10940897916225,26.551634053718455,26.60124397277832,91631600,0.0,0.0
2012-12-17 00:00:00-05:00,26.561558440735098,26.789767113801474,26.11506156517284,26.54171371459961,57742500,0.0,0.0
2012-12-18 00:00:00-05:00,26.750077701074602,27.69268137643402,26.690545415077377,27.494237899780273,60512900,0.0,0.0
2012-12-19 00:00:00-05:00,27.613306897346853,28.000269630572262,26.740159683467166,27.196577072143555,61390300,0.0,0.0
2012-12-20 00:00:00-05:00,27.27595196370211,27.38509606660892,26.918754457823294,27.14696502685547,35574800,0.0,0.0
2012-12-21 00:00:00-05:00,26.45241756404834,26.799692743763394,25.916623140557306,26.055532455444336,54555200,0.0,0.0
2012-12-24 00:00:00-05:00,26.293661851526263,26.750079224323834,25.995998512092832,26.720314025878906,28230100,0.0,0.0
2012-12-26 00:00:00-05:00,26.81953662359656,26.968368298051,26.174596213464945,26.303585052490234,33175400,0.0,0.0
2012-12-27 00:00:00-05:00,26.34326902220704,26.591322409958508,25.321290275869174,25.8471622467041,43481700,0.0,0.0
2012-12-28 00:00:00-05:00,25.28160171571709,25.90669733466182,24.95417130805464,25.708253860473633,56574800,0.0,0.0
2012-12-31 00:00:00-05:00,25.99599943776148,26.77984726884612,25.906700054252198,26.412729263305664,60374500,0.0,0.0
2013-01-02 00:00:00-05:00,27.226341434135065,27.960579263490736,27.20649670813964,27.781980514526367,69846400,0.0,0.0
2013-01-03 00:00:00-05:00,27.66291801095744,28.248324264141935,27.37517701282299,27.553775787353516,63140600,0.0,0.0
2013-01-04 00:00:00-05:00,27.791903927482004,28.70474054028835,27.6133051717703,28.53606414794922,72715400,0.0,0.0
2013-01-07 00:00:00-05:00,28.466610089346457,29.55804548058179,28.426920635030065,29.19092559814453,83781800,0.0,0.0
2013-01-08 00:00:00-05:00,29.280225699865852,29.36952508178238,28.635287191299998,28.833728790283203,45871300,0.0,0.0
2013-01-09 00:00:00-05:00,29.438979529458695,30.361738541122303,29.26038076687898,30.351816177368164,104787700,0.0,0.0
2013-01-10 00:00:00-05:00,30.361735588046372,31.205117500144336,30.0442275487853,31.056283950805664,95316400,0.0,0.0
2013-01-11 00:00:00-05:00,31.03644408935592,31.711147791137623,30.857845327047063,31.4730167388916,89598000,0.0,0.0
2013-01-14 00:00:00-05:00,31.830215460792154,31.959200509090984,30.381582558980565,30.709012985229492,98892800,0.0,0.0
2013-01-15 00:00:00-05:00,30.401423546338886,31.463091776260402,29.647340996932662,29.865629196166992,173242600,0.0,0.0
2013-01-16 00:00:00-05:00,29.974776072069623,30.113687282081656,29.300072320929452,29.61758041381836,75332700,0.0,0.0
2013-01-17 00:00:00-05:00,29.845788827505,30.183141646028794,29.796178898162236,29.90532112121582,40256700,0.0,0.0
2013-01-18 00:00:00-05:00,30.07399464976901,30.20298348170069,29.04209345680212,29.42905616760254,49631500,0.0,0.0
2013-01-22 00:00:00-05:00,29.518355655043614,30.64947859387303,29.5084332915893,30.490724563598633,55243300,0.0,0.0
2013-01-23 00:00:00-05:00,30.8578471502036,31.254732260729238,30.56018189793626,30.580026626586914,48899800,0.0,0.0
2013-01-24 00:00:00-05:00,31.026522381252377,31.244808710632924,30.570103102096336,30.838001251220703,43845100,0.0,0.0
2013-01-25 00:00:00-05:00,31.165433304147367,31.68138490119569,30.887612776698845,31.294422149658203,54363600,0.0,0.0
2013-01-28 00:00:00-05:00,31.63177024881891,32.25686401402962,31.562315596295203,32.21717834472656,59682500,0.0,0.0
2013-01-29 00:00:00-05:00,31.750838205053043,31.820292860827006,30.470881631513073,30.550260543823242,72976500,0.0,0.0
2013-01-30 00:00:00-05:00,30.73877792074082,31.24480710107547,30.639556178861948,30.996753692626953,87682100,0.0,0.0
2013-01-31 00:00:00-05:00,28.9230245367196,31.224959664565272,28.51621713356569,30.7387752532959,190744900,0.0,0.0
2013-02-01 00:00:00-05:00,30.768542481512643,30.778464844134525,29.39928671964748,29.49850845336914,85856700,0.0,0.0
2013-02-04 00:00:00-05:00,28.833728475695626,28.972639675215426,27.791904888032683,27.89112663269043,92362200,0.0,0.0
2013-02-05 00:00:00-05:00,28.039957560828686,28.734505970044037,27.821671242360548,28.4169979095459,47948200,0.0,0.0
2013-02-06 00:00:00-05:00,28.516219163565122,29.061937789142327,28.436842149799002,28.82380485534668,38375900,0.0,0.0
2013-02-07 00:00:00-05:00,28.88334306402584,28.923030630196337,28.049883356972366,28.426923751831055,34540100,0.0,0.0
2013-02-08 00:00:00-05:00,28.665048601992737,28.94286907485023,28.288008289004914,28.327695846557617,37708800,0.0,0.0
2013-02-11 00:00:00-05:00,28.387234121966433,28.45668877708875,27.82167262454479,28.039958953857422,37361800,0.0,0.0
2013-02-12 00:00:00-05:00,27.454552305586898,27.940736776450517,26.888990816878145,27.156888961791992,93498700,0.0,0.0
2013-02-13 00:00:00-05:00,27.14696739641094,28.099491638566967,27.09735557598775,27.692684173583984,50164000,0.0,0.0
2013-02-14 00:00:00-05:00,27.801825541897223,28.407074551340834,27.791903178791948,28.278087615966797,35615800,0.0,0.0
2013-02-15 00:00:00-05:00,28.297936533234765,28.52614524096306,27.871284319005103,28.0994930267334,33109300,0.0,0.0
2013-02-19 00:00:00-05:00,28.01018650618192,28.853568355326885,27.90104430864343,28.704736709594727,49396400,0.0,0.0
2013-02-20 00:00:00-05:00,28.694816829486236,28.823803762278203,28.109410665474634,28.2383975982666,42098200,0.0,0.0
2013-02-21 00:00:00-05:00,28.059802447092714,28.327698691848642,26.93859997303159,27.067588806152344,49642300,0.0,0.0
2013-02-22 00:00:00-05:00,27.404942856821165,27.41486332828952,26.611170772036044,26.91875648498535,36350200,0.0,0.0
2013-02-25 00:00:00-05:00,26.948520771451992,27.42478283724415,26.93859840851917,27.05766487121582,34652000,0.0,0.0
2013-02-26 00:00:00-05:00,27.146964006231183,27.24618384969187,26.492103198405186,27.176729202270508,31611700,0.0,0.0
2013-02-27 00:00:00-05:00,27.127121598963072,27.127121598963072,26.42264891670168,26.660781860351562,44319700,0.0,0.0
2013-02-28 00:00:00-05:00,26.63101338818931,27.087430739437533,26.13490658422527,27.03782081604004,83027800,0.0,0.0
2013-03-01 00:00:00-05:00,26.839378504025007,27.901048700351087,26.60124745487161,27.563695907592773,54064800,0.0,0.0
2013-03-04 00:00:00-05:00,27.543849379213682,27.84151269806617,27.226341334438438,27.504159927368164,32400700,0.0,0.0
2013-03-05 00:00:00-05:00,27.662916925506714,27.960582168876826,26.998133675560126,27.305721282958984,40622200,0.0,0.0
2013-03-06 00:00:00-05:00,27.881201717659646,27.9109669135851,27.137041539568184,27.236263275146484,33532600,0.0,0.0
2013-03-07 00:00:00-05:00,27.355327900980562,28.45668557245547,27.256106165195014,28.357463836669922,74540200,0.0,0.0
2013-03-08 00:00:00-05:00,28.208632085723078,28.248319644407406,27.514081830024008,27.742290496826172,44198900,0.0,0.0
2013-03-11 00:00:00-04:00,27.79190386952562,28.416997620715716,27.61330511418636,27.92089080810547,35642100,0.0,0.0
2013-03-12 00:00:00-04:00,27.88120803928343,28.099494393050918,27.38510114140471,27.613309860229492,27569600,0.0,0.0
2013-03-13 00:00:00-04:00,27.40494069663046,27.434705893684125,26.710390413753487,26.869144439697266,39619500,0.0,0.0
2013-03-14 00:00:00-04:00,26.888988614729644,27.21641902308717,26.62109049175606,26.829456329345703,27646400,0.0,0.0
2013-03-15 00:00:00-04:00,26.819535686156883,26.849300884508917,26.35319405866989,26.442493438720703,31597400,0.0,0.0
2013-03-18 00:00:00-04:00,26.164672614285525,26.581402388440722,25.57926645791282,26.283737182617188,26653700,0.0,0.0
2013-03-19 00:00:00-04:00,26.323426515176745,26.690544473792748,26.005916585228796,26.34326934814453,25254200,0.0,0.0
2013-03-20 00:00:00-04:00,26.472260521202053,26.48218288481538,25.579268613473552,25.658645629882812,44006500,0.0,0.0
2013-03-21 00:00:00-04:00,25.460198571506563,25.906695408992842,25.360976841787714,25.539575576782227,24336100,0.0,0.0
2013-03-22 00:00:00-04:00,25.599112018234123,25.807477873759083,25.430435618046257,25.5296573638916,18456300,0.0,0.0
2013-03-25 00:00:00-04:00,25.549501372144984,25.599111297422056,24.88471815394656,24.934328079223633,39199000,0.0,0.0
2013-03-26 00:00:00-04:00,24.88471926032183,25.281604357675963,24.8351093328391,25.01370620727539,26957200,0.0,0.0
2013-03-27 00:00:00-04:00,24.805339318708818,26.0753733731257,24.527518837040287,25.886852264404297,52297400,0.0,0.0
2013-03-28 00:00:00-04:00,25.88685423035582,25.96623124650401,25.321292753737804,25.38082504272461,28585700,0.0,0.0
2013-04-01 00:00:00-04:00,25.43043475476491,25.6884105282064,25.083161494841107,25.331214904785156,22249300,0.0,0.0
2013-04-02 00:00:00-04:00,25.569349712168027,25.91662491566906,25.103008021681813,25.222074508666992,35153300,0.0,0.0
2013-04-03 00:00:00-04:00,25.628878708479792,26.18451782701803,25.4998917656485,26.045608520507812,48195200,0.0,0.0
2013-04-04 00:00:00-04:00,26.41273116953374,27.017980277281126,25.906701923959737,26.85922622680664,82016800,0.0,0.0
2013-04-05 00:00:00-04:00,26.65085721893893,27.583536616450377,26.402803825292803,27.176729202270508,64566600,0.0,0.0
2013-04-08 00:00:00-04:00,26.978286746275785,26.9882091087989,26.422645799964315,26.640933990478516,27256000,0.0,0.0
2013-04-09 00:00:00-04:00,26.373037002899085,26.680622684225057,26.21428298076328,26.382959365844727,21311100,0.0,0.0
2013-04-10 00:00:00-04:00,26.799690409892445,27.623227648213955,26.690546304844688,27.355329513549805,45949400,0.0,0.0
2013-04-11 00:00:00-04:00,27.266030206327308,27.88120349206567,27.037821524721675,27.80182647705078,33368500,0.0,0.0
2013-04-12 00:00:00-04:00,27.78197974576713,27.78197974576713,27.02789721128236,27.1866512298584,28697400,0.0,0.0
2013-04-15 00:00:00-04:00,26.94852127225327,27.266029322015157,26.154751147848547,26.313505172729492,30275400,0.0,0.0
2013-04-16 00:00:00-04:00,26.601244090183815,26.89890928334806,26.194436696106745,26.71038818359375,27365900,0.0,0.0
2013-04-17 00:00:00-04:00,26.442494111282596,26.98821276908423,26.184518328185035,26.422649383544922,26440600,0.0,0.0
2013-04-18 00:00:00-04:00,26.611169847766625,26.611169847766625,24.954172972982256,25.48996925354004,39059000,0.0,0.0
2013-04-19 00:00:00-04:00,25.420515146709377,25.757866054587716,25.13277227300762,25.5296573638916,20380900,0.0,0.0
2013-04-22 00:00:00-04:00,25.609033899984524,26.154752545612194,25.499891684856877,25.76778793334961,25687600,0.0,0.0
2013-04-23 00:00:00-04:00,26.015841007880656,26.12498511408277,25.569346004548738,25.7777099609375,25191500,0.0,0.0
2013-04-24 00:00:00-04:00,25.72809947250757,26.194439192664877,25.599110642093503,25.90669822692871,19729900,0.0,0.0
2013-04-25 00:00:00-04:00,25.86700965671268,26.194440086829395,25.797555003732974,25.936464309692383,17150000,0.0,0.0
2013-04-26 00:00:00-04:00,26.392880604892117,27.40493887228393,26.392880604892117,26.640933990478516,33018000,0.0,0.0
2013-04-29 00:00:00-04:00,26.9485190857456,27.196572466058058,26.65085578636949,26.769920349121094,29201100,0.0,0.0
2013-04-30 00:00:00-04:00,26.918757712078595,27.63315281020069,26.79969312405658,27.553775787353516,36245700,0.0,0.0
2013-05-01 00:00:00-04:00,27.633150942220773,27.702605595954786,27.097354654848623,27.216421127319336,64567600,0.0,0.0
2013-05-02 00:00:00-04:00,27.791902599026336,28.794038541786335,27.76213551033149,28.744426727294922,104257000,0.0,0.0
2013-05-03 00:00:00-04:00,28.81388652528525,28.84365172484814,27.93081505247002,28.089569091796875,58506400,0.0,0.0
2013-05-06 00:00:00-04:00,28.10941210047631,28.23839903985313,27.266030135328425,27.355329513549805,43939400,0.0,0.0
2013-05-07 00:00:00-04:00,27.335484855108916,27.6331500807573,26.640936446923984,26.68062400817871,41259100,0.0,0.0
2013-05-08 00:00:00-04:00,26.6707015209848,27.087431320960995,26.442492840461412,26.90883445739746,34654900,0.0,0.0
2013-05-09 00:00:00-04:00,26.86914388876925,27.335483593855056,26.64093521771645,26.829456329345703,33457200,0.0,0.0
2013-05-10 00:00:00-04:00,26.928680755944576,27.087434805644513,26.36311921732635,26.47226333618164,30847100,0.0,0.0
2013-05-13 00:00:00-04:00,26.392885384861593,27.11720094775409,26.323430727118133,26.61117172241211,29068800,0.0,0.0
2013-05-14 00:00:00-04:00,26.680627446898455,27.067592100865376,26.611172786378063,26.85922622680664,24930300,0.0,0.0
2013-05-15 00:00:00-04:00,26.710389433669857,26.7798440809096,26.194437922035743,26.392881393432617,30299800,0.0,0.0
2013-05-16 00:00:00-04:00,26.27381551110487,26.343270159875225,25.69833170236834,25.92654037475586,35499100,0.0,0.0
2013-05-17 00:00:00-04:00,26.194440190696955,26.39288367928072,25.99599859461055,26.045608520507812,29462700,0.0,0.0
2013-05-20 00:00:00-04:00,25.976153248760966,25.98607561220364,25.48996879505388,25.559423446655273,42402900,0.0,0.0
2013-05-21 00:00:00-04:00,25.66856710711766,25.876931058310305,25.390746613030185,25.460201263427734,26261300,0.0,0.0
2013-05-22 00:00:00-04:00,25.450278601563298,25.64872207965431,24.72596312377645,24.964094161987305,45314500,0.0,0.0
2013-05-23 00:00:00-04:00,24.606898106408472,25.331215519314842,24.577132907691382,24.8648738861084,37663100,0.0,0.0
2013-05-24 00:00:00-04:00,24.775577028409,24.775577028409,23.892507383241693,24.120716094970703,58727900,0.0,0.0
2013-05-28 00:00:00-04:00,24.348920359009387,24.348920359009387,23.73374715225286,23.91234588623047,50079700,0.0,0.0
2013-05-29 00:00:00-04:00,23.604761693179384,23.62460452624325,23.078887820794485,23.13842010498047,64237800,0.0,0.0
2013-05-30 00:00:00-04:00,23.942111191988822,24.587051488251177,23.743669625251783,24.358840942382812,60733200,0.0,0.0
2013-05-31 00:00:00-04:00,24.438222832789613,24.755732809534024,24.081027184260527,24.160404205322266,35925000,0.0,0.0
2013-06-03 00:00:00-04:00,24.081023051361928,24.13063297132468,23.525382106794027,23.66429328918457,35733800,0.0,0.0
2013-06-04 00:00:00-04:00,23.703980508568225,23.74366995797005,23.138419102072017,23.336862564086914,34760800,0.0,0.0
2013-06-05 00:00:00-04:00,23.16818800996804,23.525383620171773,22.612548922153252,22.721691131591797,53819700,0.0,0.0
2013-06-06 00:00:00-04:00,22.81099005057028,22.910211787389297,22.4934820067472,22.79114532470703,31260700,0.0,0.0
2013-06-07 00:00:00-04:00,22.850678277315826,23.217796223619313,22.682001901515076,23.108654022216797,38699200,0.0,0.0
2013-06-10 00:00:00-04:00,23.87266198690563,24.40845831338734,23.80320732810189,24.140560150146484,58393000,0.0,0.0
2013-06-11 00:00:00-04:00,23.8428955078125,24.160403583892826,23.81312841599344,23.8428955078125,29885900,0.0,0.0
2013-06-12 00:00:00-04:00,23.971881694733913,24.071103438490557,23.396397851942186,23.584918975830078,26445800,0.0,0.0
2013-06-13 00:00:00-04:00,23.535306594741822,23.644450699513158,23.088811597263042,23.545228958129883,31189300,0.0,0.0
2013-06-14 00:00:00-04:00,23.376554026690577,23.703984468973477,23.07889067643246,23.446008682250977,30677100,0.0,0.0
2013-06-17 00:00:00-04:00,23.723823672003583,24.061176399729444,23.565069669838117,23.83296775817871,33664500,0.0,0.0
2013-06-18 00:00:00-04:00,23.90242552608626,24.497754058376156,23.892503163090087,24.0214900970459,36709100,0.0,0.0
2013-06-19 00:00:00-04:00,24.011573867729368,24.993865267886807,23.91235211273923,24.120716094970703,31790600,0.0,0.0
2013-06-20 00:00:00-04:00,24.09094951064589,24.557289272089513,23.465853814830485,23.71390724182129,42765600,0.0,0.0
2013-06-21 00:00:00-04:00,24.398532989014285,24.507677092463663,23.862736727532553,24.339000701904297,45833900,0.0,0.0
2013-06-24 00:00:00-04:00,23.763517715789774,23.922271748665835,23.197954344609293,23.75359535217285,40626000,0.0,0.0
2013-06-25 00:00:00-04:00,23.952034113022556,24.23977694637562,23.852814273587693,24.06117820739746,24713200,0.0,0.0
2013-06-26 00:00:00-04:00,24.31915702584235,24.45806633259831,23.803205468609683,23.971881866455078,29890300,0.0,0.0
2013-06-27 00:00:00-04:00,24.051261025367822,24.646589652690782,24.021493931627536,24.46799087524414,34694100,0.0,0.0
2013-06-28 00:00:00-04:00,24.487831990009706,24.785495313487427,24.229856226496963,24.6862735748291,96778900,0.0,0.0
2013-07-01 00:00:00-04:00,24.775575329159437,24.864874713276144,24.42830204925829,24.6168212890625,20582200,0.0,0.0
2013-07-02 00:00:00-04:00,24.507677323490064,24.577131974522654,24.11079035902273,24.219934463500977,18394100,0.0,0.0
2013-07-03 00:00:00-04:00,24.031413449664875,24.517597901515334,23.961958798328713,24.329078674316406,10404400,0.0,0.0
2013-07-05 00:00:00-04:00,24.4580688094936,24.46799117419493,24.01157375291924,24.18025016784668,20229500,0.0,0.0
2013-07-08 00:00:00-04:00,24.27946616109177,24.84502950396326,24.229856237987708,24.517597198486328,27064600,0.0,0.0
2013-07-09 00:00:00-04:00,24.874795422254174,25.291525222905108,24.835107861119344,25.28160285949707,30387900,0.0,0.0
2013-07-10 00:00:00-04:00,25.38082523407793,25.628878647973334,25.271681126364793,25.599111557006836,26721800,0.0,0.0
2013-07-11 00:00:00-04:00,25.757867170912924,25.797556627970128,25.251839840915903,25.60903549194336,26777400,0.0,0.0
2013-07-12 00:00:00-04:00,25.539577475162844,25.728098586391898,25.351056363933786,25.708253860473633,16537900,0.0,0.0
2013-07-15 00:00:00-04:00,25.728101339873206,26.224208185940956,25.45028082477619,26.075376510620117,24234000,0.0,0.0
2013-07-16 00:00:00-04:00,26.184517365654386,26.541714881812503,25.807477014985405,26.115062713623047,30817600,0.0,0.0
2013-07-17 00:00:00-04:00,26.164674827449154,26.57148227323737,26.095218282133914,26.442493438720703,21518500,0.0,0.0
2013-07-18 00:00:00-04:00,26.541713870751995,26.561558597004236,25.91662013378448,25.976152420043945,24806900,0.0,0.0
2013-07-19 00:00:00-04:00,25.61895739304654,25.90670027401678,25.40067106067071,25.678489685058594,46539700,0.0,0.0
2013-07-22 00:00:00-04:00,25.787629963542955,25.926539255084688,25.51973185057205,25.8471622467041,27526300,0.0,0.0
2013-07-23 00:00:00-04:00,25.896775178138416,26.09521676141125,25.767786351138692,25.92654037475586,28221600,0.0,0.0
2013-07-24 00:00:00-04:00,26.11506392218265,26.323429780416802,25.8471657726662,26.303585052490234,82635600,0.0,0.0
2013-07-25 00:00:00-04:00,33.27884576568506,34.60841216958227,32.494996096485636,34.09246063232422,365457900,0.0,0.0
2013-07-26 00:00:00-04:00,33.507052898830416,34.459577022911645,33.2986889563741,33.745182037353516,136028900,0.0,0.0
2013-07-29 00:00:00-04:00,33.804717893037065,35.35257251027278,33.745183712952944,35.15412902832031,124718800,0.0,0.0
2013-07-30 00:00:00-04:00,35.372422784295274,37.66443419455996,35.04499041997449,37.337005615234375,173582800,0.0,0.0
2013-07-31 00:00:00-04:00,37.66442189524022,38.011698875964555,36.04711668655991,36.51345443725586,154828700,0.0,0.0
2013-08-01 00:00:00-04:00,37.009566592857055,37.99185972410872,36.63252436434692,37.198089599609375,106066500,0.0,0.0
2013-08-02 00:00:00-04:00,37.366764258406384,38.19030336835669,37.20801023281283,37.753726959228516,73058500,0.0,0.0
2013-08-05 00:00:00-04:00,38.13076139771402,39.01383072119318,37.95216268229197,38.88484191894531,79994800,0.0,0.0
2013-08-06 00:00:00-04:00,38.805473112021495,38.9443824054482,37.6445812733945,38.24983215332031,63950800,0.0,0.0
2013-08-07 00:00:00-04:00,38.30937077423392,38.63679932029845,37.40645647721471,38.567344665527344,68854800,0.0,0.0
2013-08-08 00:00:00-04:00,38.82531625632853,38.88484664537592,38.13076603248657,38.23991012573242,41301000,0.0,0.0
2013-08-09 00:00:00-04:00,38.28952521069108,38.43835877337759,37.71403947229763,38.200225830078125,43532300,0.0,0.0
2013-08-12 00:00:00-04:00,37.902564329296176,38.200227684121515,37.803340687691126,37.92240905761719,31161000,0.0,0.0
2013-08-13 00:00:00-04:00,37.9422523759134,38.02162750125276,36.48369707097924,36.73175048828125,65379200,0.0,0.0
2013-08-14 00:00:00-04:00,36.54323041197513,37.25762166355284,36.33486266964506,36.36463165283203,48423900,0.0,0.0
2013-08-15 00:00:00-04:00,36.07688611825381,36.781356846653416,35.73953335204923,36.27532958984375,56521100,0.0,0.0
2013-08-16 00:00:00-04:00,36.68213855058079,37.198090084479325,36.612683900343924,36.791282653808594,45840800,0.0,0.0
2013-08-19 00:00:00-04:00,37.13855606209934,37.98193612425446,36.850813204189635,37.51559829711914,57609600,0.0,0.0
2013-08-20 00:00:00-04:00,38.051389589206515,38.27960204526205,37.396528772467704,38.110923767089844,57995200,0.0,0.0
2013-08-21 00:00:00-04:00,38.081155877775,38.547493657403884,37.85294722285146,38.02162170410156,46116900,0.0,0.0
2013-08-22 00:00:00-04:00,38.071233408916164,38.44827562321319,38.04146821318026,38.24983215332031,21931200,0.0,0.0
2013-08-23 00:00:00-04:00,38.69633024234664,40.313639463555994,38.62687559342917,40.23426055908203,86442300,0.0,0.0
2013-08-26 00:00:00-04:00,40.58153576788438,41.61343498478606,40.30371339968511,41.01810836791992,94162400,0.0,0.0
2013-08-27 00:00:00-04:00,40.36325152198223,40.87920307337862,39.113060205330875,39.33134841918945,72695100,0.0,0.0
2013-08-28 00:00:00-04:00,39.64885438606726,40.531923880870416,39.56947926658779,40.23426055908203,57918200,0.0,0.0
2013-08-29 00:00:00-04:00,40.57161728259618,41.45468686336271,40.48231789886727,40.958580017089844,58303400,0.0,0.0
2013-08-30 00:00:00-04:00,41.69281366448919,41.930942795974474,40.74028956855945,40.96849822998047,67735100,0.0,0.0
2013-09-03 00:00:00-04:00,41.51422207385603,41.83173016052073,41.1867897304234,41.54398727416992,48774900,0.0,0.0
2013-09-04 00:00:00-04:00,41.68289389717249,41.84164793025286,41.117332417761524,41.45468521118164,42581900,0.0,0.0
2013-09-05 00:00:00-04:00,41.46461398533491,42.43698301702679,41.44476925591322,42.32783889770508,50035400,0.0,0.0
2013-09-06 00:00:00-04:00,42.75448379199055,44.26264890466513,42.06985777672809,43.6077880859375,117535700,0.0,0.0
2013-09-09 00:00:00-04:00,44.01459437239776,44.44124650837412,43.3597335705494,43.697086334228516,75794700,0.0,0.0
2013-09-10 00:00:00-04:00,43.89553321635737,43.91537415841512,42.89339531768103,43.26051330566406,54540300,0.0,0.0
2013-09-11 00:00:00-04:00,43.05214661664241,44.738910459094406,42.7743280255307,44.689300537109375,72328300,0.0,0.0
2013-09-12 00:00:00-04:00,45.17549106972969,45.26479045911068,44.3023456902212,44.40156555175781,68072300,0.0,0.0
2013-09-13 00:00:00-04:00,44.68929647218387,44.72898592015952,43.58793889332102,43.96498107910156,52765300,0.0,0.0
2013-09-16 00:00:00-04:00,44.50077693643465,44.590076308805195,42.09962192268465,42.17899703979492,70424200,0.0,0.0
2013-09-17 00:00:00-04:00,42.169074375170865,45.08618074582007,42.099619731940706,44.71906280517578,91934600,0.0,0.0
2013-09-18 00:00:00-04:00,44.49085259497779,45.115948147181435,44.054280026371934,44.87781524658203,79317000,0.0,0.0
2013-09-19 00:00:00-04:00,45.15564095388071,45.691437226252404,44.87782234672264,45.62198257446289,63972400,0.0,0.0
2013-09-20 00:00:00-04:00,45.959339597960444,47.22937195914919,45.38385760366991,47.12023162841797,115508400,0.0,0.0
2013-09-23 00:00:00-04:00,46.91186255584561,47.17976070922228,45.92957311179271,46.82256317138672,75177000,0.0,0.0
2013-09-24 00:00:00-04:00,48.13228048566961,49.273327649507195,47.78500723667271,48.072750091552734,136716100,0.0,0.0
2013-09-25 00:00:00-04:00,48.846677636249225,49.154265230982986,48.08267266997093,49.074886322021484,87879700,0.0,0.0
2013-09-26 00:00:00-04:00,49.620604076588556,50.20601029453047,49.114576769212555,49.99764633178711,98220100,0.0,0.0
2013-09-27 00:00:00-04:00,49.898422633292455,50.880711973382255,49.471770484366345,50.841026306152344,81410500,0.0,0.0
2013-09-30 00:00:00-04:00,49.749586889909736,51.198217767379525,49.41223413084197,49.83888626098633,100095000,0.0,0.0
2013-10-01 00:00:00-04:00,49.58091928221134,50.63266337082672,49.06496770940226,50.02741241455078,98114000,0.0,0.0
2013-10-02 00:00:00-04:00,49.73966663647929,50.7021112122818,49.56106789354804,49.88849639892578,62834000,0.0,0.0
2013-10-03 00:00:00-04:00,50.077014373067044,50.32506773725304,48.677993550457785,48.79705810546875,82045000,0.0,0.0
2013-10-04 00:00:00-04:00,49.382473960962905,50.76165033294866,49.184030473376204,50.64258575439453,74447000,0.0,0.0
2013-10-07 00:00:00-04:00,50.33499664287042,50.89063763437364,50.00756811546278,50.12663269042969,57204000,0.0,0.0
2013-10-08 00:00:00-04:00,50.20600741922377,50.20600741922377,46.71341882422966,46.77294921875,136081000,0.0,0.0
2013-10-09 00:00:00-04:00,47.01108514748683,47.46750253120155,44.90758942385454,46.40583419799805,147297000,0.0,0.0
2013-10-10 00:00:00-04:00,47.497263229042815,49.29317117954144,47.45757756225958,48.66807556152344,99774000,0.0,0.0
2013-10-11 00:00:00-04:00,48.797070012565676,49.48169610217855,48.4101072756108,48.72761535644531,58428000,0.0,0.0
2013-10-14 00:00:00-04:00,47.93383937811089,49.24356099997449,47.53695243239701,49.12449264526367,68781000,0.0,0.0
2013-10-15 00:00:00-04:00,49.60076077396992,50.60289486971769,48.79706637520576,49.11457443237305,81167000,0.0,0.0
2013-10-16 00:00:00-04:00,49.650368784261225,50.84102584523764,49.51145948772963,50.74180221557617,64678000,0.0,0.0
2013-10-17 00:00:00-04:00,50.72196138242024,51.813398682494565,50.55328687654211,51.80347442626953,71522000,0.0,0.0
2013-10-18 00:00:00-04:00,53.75813540555578,54.403075786604056,53.18264967662105,53.79782485961914,88260000,0.0,0.0
2013-10-21 00:00:00-04:00,54.25424520877952,54.383234049078766,53.09335321607603,53.43070602416992,58235000,0.0,0.0
2013-10-22 00:00:00-04:00,53.906971450417146,54.33361985378155,51.79355523656724,52.26981735229492,83204000,0.0,0.0
2013-10-23 00:00:00-04:00,51.34705039751496,51.84315716464071,50.731879066077425,51.49588394165039,57207000,0.0,0.0
2013-10-24 00:00:00-04:00,51.97215225010405,52.42856962249075,51.18830255513905,52.04160690307617,46775000,0.0,0.0
2013-10-25 00:00:00-04:00,52.765920182703056,52.825454362014035,51.47604324425491,51.54549789428711,45085000,0.0,0.0
2013-10-28 00:00:00-04:00,51.13868737665801,51.29744139357258,49.22371491856664,49.83888626098633,73472000,0.0,0.0
2013-10-29 00:00:00-04:00,50.33500021530313,50.394534399509205,48.86652440317364,49.015357971191406,102143000,0.0,0.0
2013-10-30 00:00:00-04:00,49.610676700542825,49.81904063428649,48.37040978302926,48.62838363647461,127073000,0.0,0.0
2013-10-31 00:00:00-04:00,46.7927951715883,51.59510934680621,46.13793431974017,49.81904602050781,248809000,0.0,0.0
2013-11-01 00:00:00-04:00,50.45406243443693,51.68440902207764,49.33286373855677,49.36262893676758,95033000,0.0,0.0
2013-11-04 00:00:00-05:00,48.985582978882064,49.36262519595614,47.646096170979504,47.844539642333984,80371000,0.0,0.0
2013-11-05 00:00:00-05:00,47.41788678127536,49.78927657609843,47.14006441161385,49.71982192993164,76835000,0.0,0.0
2013-11-06 00:00:00-05:00,49.868652624781795,50.05717562646859,48.33072234020133,48.73752975463867,67889000,0.0,0.0
2013-11-07 00:00:00-05:00,48.856605171662714,49.48169708921507,46.93170813508735,47.1896858215332,97128000,0.0,0.0
2013-11-08 00:00:00-05:00,47.4377344965473,48.271194088075035,46.88209350719728,47.159912109375,70731000,0.0,0.0
2013-11-11 00:00:00-05:00,46.67372283827535,47.15990532211491,45.373921821592916,45.84026336669922,80910000,0.0,0.0
2013-11-12 00:00:00-05:00,45.641827021445785,47.00115863598165,45.473152520990034,46.24707794189453,68196000,0.0,0.0
2013-11-13 00:00:00-05:00,45.87003719312775,48.36049560722602,45.70136268719009,48.330726623535156,79245000,0.0,0.0
2013-11-14 00:00:00-05:00,48.320811934941545,49.184036865385394,47.65602673287912,48.60855484008789,75117000,0.0,0.0
2013-11-15 00:00:00-05:00,48.72760726087225,49.09472520865787,48.3307203332702,48.62838363647461,42453000,0.0,0.0
2013-11-18 00:00:00-05:00,48.09259551986661,48.459713500592315,45.443383178157056,45.47315216064453,85910000,0.0,0.0
2013-11-19 00:00:00-05:00,45.899799805778734,46.63403954053799,45.364007334462016,45.9990234375,75602000,0.0,0.0
2013-11-20 00:00:00-05:00,46.24707638094886,47.17975579991765,45.94941305872431,46.068477630615234,53933000,0.0,0.0
2013-11-21 00:00:00-05:00,46.624119044529074,47.09045686588478,46.32645193452154,46.33637619018555,34886000,0.0,0.0
2013-11-22 00:00:00-05:00,46.673731506603175,46.90194019435932,45.6021389362755,45.87003707885742,40545000,0.0,0.0
2013-11-25 00:00:00-05:00,45.99902192892287,46.28676477398598,43.697086738406824,44.471012115478516,82565000,0.0,0.0
2013-11-26 00:00:00-05:00,44.312261976577865,45.81050294022734,43.2109042065798,45.532684326171875,82016000,0.0,0.0
2013-11-27 00:00:00-05:00,45.612062065833214,46.306608583154976,45.1754856435228,46.128013610839844,44993000,0.0,0.0
2013-11-29 00:00:00-05:00,46.38598517826549,46.84240251974922,46.137931781590275,46.643959045410156,22953900,0.0,0.0
2013-12-02 00:00:00-05:00,46.534822776468125,47.16983892157218,45.89980284636929,46.69357681274414,50774000,0.0,0.0
2013-12-03 00:00:00-05:00,46.385990815991754,46.832487741273006,45.92957341903532,46.366146087646484,32086000,0.0,0.0
2013-12-04 00:00:00-05:00,46.0982506091438,48.39026576867539,45.899807099163525,48.241432189941406,60890000,0.0,0.0
2013-12-05 00:00:00-05:00,47.77509235769081,48.32080914926982,47.49726994098179,47.9636116027832,43855000,0.0,0.0
2013-12-06 00:00:00-05:00,48.598618219532106,49.00542561521747,47.33850658289836,47.566715240478516,42938000,0.0,0.0
2013-12-09 00:00:00-05:00,47.71554901674213,48.58869798674017,47.36827579372861,48.45970916748047,36056000,0.0,0.0
2013-12-10 00:00:00-05:00,48.26126960584366,50.37468566462184,48.162049758387035,49.858734130859375,68479000,0.0,0.0
2013-12-11 00:00:00-05:00,50.15639432635243,50.37468251912009,48.62838454696742,48.995506286621094,65776000,0.0,0.0
2013-12-12 00:00:00-05:00,50.652504368517356,51.664562711610465,50.2655416636571,51.42643356323242,92723000,0.0,0.0
2013-12-13 00:00:00-05:00,51.25775644315441,53.08342969045005,50.94024838145036,52.90483093261719,82641000,0.0,0.0
2013-12-16 00:00:00-05:00,52.835380681752525,54.07564783390634,52.498027864966886,53.391021728515625,85119000,0.0,0.0
2013-12-17 00:00:00-05:00,54.333618617165264,54.75035032456408,53.817670842282546,54.43284225463867,78751000,0.0,0.0
2013-12-18 00:00:00-05:00,54.432843039036925,55.45482191727425,53.33148524967698,55.13731384277344,76003000,0.0,0.0
2013-12-19 00:00:00-05:00,53.906965758448884,54.76026626007362,53.52992353726948,54.62135696411133,89753200,0.0,0.0
2013-12-20 00:00:00-05:00,54.50229954379802,54.720587771799956,53.8077491878786,54.690818786621094,239824000,0.0,0.0
2013-12-23 00:00:00-05:00,55.06785736901844,57.86589954875277,55.01824744370295,57.32018280029297,98297000,0.0,0.0
2013-12-24 00:00:00-05:00,57.81628891363424,58.12387650280559,56.46687776564911,57.50870132446289,46617800,0.0,0.0
2013-12-26 00:00:00-05:00,57.86589705270268,57.92543123151007,56.923293372388834,57.28049087524414,55101000,0.0,0.0
2013-12-27 00:00:00-05:00,57.03243647892436,57.2308799531575,54.8198006359618,55.00831985473633,60466000,0.0,0.0
2013-12-30 00:00:00-05:00,54.50229567813071,54.75034908872296,53.01397521457715,53.29179382324219,68307000,0.0,0.0
2013-12-31 00:00:00-05:00,53.69860384576936,54.43284364180494,53.49023987925739,54.22447967529297,43076200,0.0,0.0
2014-01-02 00:00:00-05:00,54.403076389632936,54.790039108553316,53.76805647256431,54.28400802612305,43195500,0.0,0.0
2014-01-03 00:00:00-05:00,54.591594978738534,55.216690632329474,54.105408629280106,54.13517761230469,38246200,0.0,0.0
2014-01-06 00:00:00-05:00,53.996263171811535,56.81414999295864,53.629145193649975,56.75461959838867,68852600,0.0,0.0
2014-01-07 00:00:00-05:00,57.25072878330139,58.09410887800986,56.77446668199599,57.46901321411133,77207400,0.0,0.0
2014-01-08 00:00:00-05:00,57.151496683307286,57.95519098930478,56.78437874426879,57.77659225463867,56682400,0.0,0.0
2014-01-09 00:00:00-05:00,58.1933255005896,58.500909274882844,56.208898425173,56.77445983886719,92253300,0.0,0.0
2014-01-10 00:00:00-05:00,56.68516287729829,57.84605094893917,56.61570822950752,57.488853454589844,42449500,0.0,0.0
2014-01-13 00:00:00-05:00,57.45909395181236,57.79644675379223,54.94879455722368,55.474666595458984,63010900,0.0,0.0
2014-01-14 00:00:00-05:00,56.020384426224624,57.330106203511875,55.66318688969267,57.29042053222656,37503600,0.0,0.0
2014-01-15 00:00:00-05:00,57.52854292215487,58.11394908583559,56.82407218865613,57.1515007019043,33663400,0.0,0.0
2014-01-16 00:00:00-05:00,56.81415222385604,57.56823672130556,56.387503834371486,56.74469757080078,34541800,0.0,0.0
2014-01-17 00:00:00-05:00,56.85383928467953,57.36979081779115,55.633416994528716,55.86162567138672,40849200,0.0,0.0
2014-01-21 00:00:00-05:00,56.1592925029384,58.12387891065138,56.060072649415225,58.054420471191406,48669200,0.0,0.0
2014-01-22 00:00:00-05:00,58.391772732198056,58.84819389517046,56.65539881663573,57.06220626831055,61352900,0.0,0.0
2014-01-23 00:00:00-05:00,55.931078744704216,56.2386663187515,55.25637320388689,56.189056396484375,47951800,0.0,0.0
2014-01-24 00:00:00-05:00,55.71279931171612,55.9806936729133,53.97642538213452,54.02603530883789,55200700,0.0,0.0
2014-01-27 00:00:00-05:00,54.30384991891082,54.51221386668523,51.44627368873858,53.13303756713867,73924100,0.0,0.0
2014-01-28 00:00:00-05:00,53.59938081978489,54.84956832988962,53.57953609295852,54.71065902709961,48191200,0.0,0.0
2014-01-29 00:00:00-05:00,54.18477824786666,54.52213097935012,52.775833151084896,53.11318588256836,92995600,0.0,0.0
2014-01-30 00:00:00-05:00,61.636303647817684,62.01334585038643,59.98922933343119,60.60440444946289,150178900,0.0,0.0
2014-01-31 00:00:00-05:00,59.99916592783962,62.87658349607296,59.70149877854391,62.08281326293945,87794600,0.0,0.0
2014-02-03 00:00:00-05:00,62.539223543407424,63.27346329096288,60.22736776643198,61.00129318237305,74866600,0.0,0.0
2014-02-04 00:00:00-05:00,61.56685563943681,62.64836865904151,61.33864695630852,62.26140594482422,45985500,0.0,0.0
2014-02-05 00:00:00-05:00,62.25148145084459,62.668209336149395,60.79292628228891,61.70576095581055,51685100,0.0,0.0
2014-02-06 00:00:00-05:00,60.98145216600729,62.29117392728541,60.98145216600729,61.676002502441406,42086500,0.0,0.0
2014-02-07 00:00:00-05:00,61.78514237730734,64.06723293913207,61.73553245346226,63.81917953491211,60704300,0.0,0.0
2014-02-10 00:00:00-05:00,63.79933979289589,63.98785523605483,62.97580065860441,63.05517578125,43666100,0.0,0.0
2014-02-11 00:00:00-05:00,63.25362110955281,64.49388819013228,62.85673412976948,64.34505462646484,45675600,0.0,0.0
2014-02-12 00:00:00-05:00,64.41450751426622,64.55341681788379,63.55128649464124,63.94816589355469,47282100,0.0,0.0
2014-02-13 00:00:00-05:00,63.68026614974164,66.80574035644531,63.55128111301636,66.80574035644531,61911700,0.0,0.0
2014-02-14 00:00:00-05:00,66.9744229338998,67.05380184454488,66.20049748008418,66.56761169433594,36694900,0.0,0.0
2014-02-18 00:00:00-05:00,66.41878817653799,67.01411488860045,65.55555952355404,66.77598571777344,43809900,0.0,0.0
2014-02-19 00:00:00-05:00,66.52792946027289,68.5421219948989,66.47831574888238,67.53005981445312,62087100,0.0,0.0
2014-02-20 00:00:00-05:00,67.20264466607473,69.56411080811515,65.21821704654782,69.08784484863281,130928900,0.0,0.0
2014-02-21 00:00:00-05:00,69.14735666635964,69.41525096285547,67.91700655730129,68.05591583251953,70932400,0.0,0.0
2014-02-24 00:00:00-05:00,68.20476505559532,70.88374648692593,68.00632535104764,70.2288818359375,76620300,0.0,0.0
2014-02-25 00:00:00-05:00,70.39755532540502,70.44716903582037,68.90923485281726,69.30612182617188,52077000,0.0,0.0
2014-02-26 00:00:00-05:00,69.64348509769032,70.66546404257613,68.31391474464219,68.7207260131836,55322700,0.0,0.0
2014-02-27 00:00:00-05:00,68.8000852432045,69.46487408764858,68.33375122454922,68.40320587158203,41653700,0.0,0.0
2014-02-28 00:00:00-05:00,68.929086497377,69.33589017530987,66.85535594160544,67.92694854736328,66783700,0.0,0.0
2014-03-03 00:00:00-05:00,66.43861595409031,67.5201326201753,65.99212290102054,66.88511657714844,56824100,0.0,0.0
2014-03-04 00:00:00-05:00,68.12538818943861,68.3635173295767,67.09348515552178,68.26429748535156,42013500,0.0,0.0
2014-03-05 00:00:00-05:00,69.14738187726995,71.40962812133206,69.07792721433789,71.01274108886719,74567700,0.0,0.0
2014-03-06 00:00:00-05:00,71.32030940364643,71.3302336590431,69.70300399347775,70.28840637207031,46026500,0.0,0.0
2014-03-07 00:00:00-05:00,70.52655552762349,70.62577538913308,68.92909077635137,69.25652313232422,38927000,0.0,0.0
2014-03-10 00:00:00-04:00,70.21896292806613,71.58822273170152,69.9609928065033,71.46915435791016,59871600,0.0,0.0
2014-03-11 00:00:00-04:00,71.93549852870225,72.02479413465977,69.4152746373668,69.55418395996094,59408300,0.0,0.0
2014-03-12 00:00:00-04:00,69.31604750054419,70.79444374730079,68.46274313986841,70.3281021118164,46340500,0.0,0.0
2014-03-13 00:00:00-04:00,70.73490415264808,70.79443454263294,67.61935424363162,68.29405975341797,57091000,0.0,0.0
2014-03-14 00:00:00-04:00,67.95671978694914,68.88940316411544,66.93474080302798,67.19271850585938,48227000,0.0,0.0
2014-03-17 00:00:00-04:00,67.64912052170568,68.41312162870119,66.10126979740957,68.20475769042969,52197000,0.0,0.0
2014-03-18 00:00:00-04:00,68.22460823158083,69.05806400947637,67.7681908908301,68.65126037597656,40827000,0.0,0.0
2014-03-19 00:00:00-04:00,68.63140756071728,68.75047590865854,66.94464759981899,67.70864868164062,43981000,0.0,0.0
2014-03-20 00:00:00-04:00,67.48044268892704,67.69873087153015,66.29970619393112,66.44853973388672,44439000,0.0,0.0
2014-03-21 00:00:00-04:00,67.00418113701014,67.3911438235153,65.66469433218543,66.71643829345703,59999900,0.0,0.0
2014-03-24 00:00:00-04:00,66.66683111689505,66.83550560428091,62.86665138820717,63.600887298583984,85696000,0.0,0.0
2014-03-25 00:00:00-04:00,64.3847427368164,65.67462350167669,63.283384986663684,64.3847427368164,68786000,0.0,0.0
2014-03-26 00:00:00-04:00,64.23590852362958,64.44427247829971,59.899936004328595,59.91978073120117,97503900,0.0,0.0
2014-03-27 00:00:00-04:00,60.038848602263,61.41802880813443,57.52854918253784,60.495269775390625,112650000,0.0,0.0
2014-03-28 00:00:00-04:00,60.86238194901918,61.46763284637813,58.877954762921384,59.5427360534668,67052000,0.0,0.0
2014-03-31 00:00:00-04:00,60.30674279722902,61.040982543676925,59.40382855166157,59.77095031738281,53011000,0.0,0.0
2014-04-01 00:00:00-04:00,59.989238188630345,62.172109041783195,59.77095375281143,62.13241958618164,59291000,0.0,0.0
2014-04-02 00:00:00-04:00,62.717818574923974,63.41236882786219,61.725605009296345,62.23163604736328,66277000,0.0,0.0
2014-04-03 00:00:00-04:00,62.062961909690486,62.67813330158419,58.66959310586316,59.026790618896484,83859000,0.0,0.0
2014-04-04 00:00:00-04:00,59.47328471778333,59.73126238594391,55.88147237065857,56.30812454223633,125214400,0.0,0.0
2014-04-07 00:00:00-04:00,55.46474157436714,57.54838861362114,55.0083204432495,56.50656509399414,108488000,0.0,0.0
2014-04-08 00:00:00-04:00,57.23088068892901,58.25285948462594,56.72484963387914,57.736907958984375,78836000,0.0,0.0
2014-04-09 00:00:00-04:00,59.16570048096816,61.973663117196736,58.72912405647004,61.92405319213867,100215000,0.0,0.0
2014-04-10 00:00:00-04:00,62.588835336405616,62.68805518182381,58.223094008104134,58.69935607910156,114988000,0.0,0.0
2014-04-11 00:00:00-04:00,57.15150176222305,59.84040349087718,56.86376269524067,58.07426071166992,91452000,0.0,0.0
2014-04-14 00:00:00-04:00,59.62211847308844,59.97931599324589,57.33010357540796,58.431461334228516,72325000,0.0,0.0
2014-04-15 00:00:00-04:00,58.82834536335953,59.21530806249029,55.44489713237752,58.62990188598633,108623000,0.0,0.0
2014-04-16 00:00:00-04:00,59.32445572161144,59.72133891516193,57.29041847280531,59.255001068115234,78774000,0.0,0.0
2014-04-17 00:00:00-04:00,58.83826515562538,60.10830112517473,58.26278324137188,58.4810676574707,88040000,0.0,0.0
2014-04-21 00:00:00-04:00,58.997021680600874,60.76316452026367,58.68943787691957,60.76316452026367,60364000,0.0,0.0
2014-04-22 00:00:00-04:00,62.16218047843843,62.946026307060755,61.73552834874807,62.53921890258789,60631000,0.0,0.0
2014-04-23 00:00:00-04:00,62.955955486315816,62.98572068397301,60.78300521747003,60.88222885131836,95908700,0.0,0.0
2014-04-24 00:00:00-04:00,63.10477662158863,63.1543903242188,59.30460091275261,60.396034240722656,138769000,0.0,0.0
2014-04-25 00:00:00-04:00,59.50305963800429,59.542745311300855,57.12174513043724,57.26065444946289,92502000,0.0,0.0
2014-04-28 00:00:00-04:00,57.59799718942467,57.8559748381528,54.23439378058146,55.7028694152832,107758000,0.0,0.0
2014-04-29 00:00:00-04:00,55.65325487922981,57.826201062610686,55.40520150640119,57.69721603393555,75557000,0.0,0.0
2014-04-30 00:00:00-04:00,57.131662467243515,59.38398407004521,56.71493077564952,59.31452941894531,76093000,0.0,0.0
2014-05-01 00:00:00-04:00,59.9594712320623,61.795064972393995,59.74118301764643,60.673866271972656,82429000,0.0,0.0
2014-05-02 00:00:00-04:00,60.82269065392555,61.40809680748593,59.71141252318179,59.98923110961914,54189000,0.0,0.0
2014-05-05 00:00:00-04:00,59.20538628969704,60.87230551354422,58.7192037239885,60.74332046508789,46057000,0.0,0.0
2014-05-06 00:00:00-04:00,60.5051847851053,60.67386306505518,58.03457504432392,58.07426071166992,55901000,0.0,0.0
2014-05-07 00:00:00-04:00,58.31239786217271,58.838269896273445,55.82193942993291,56.94314193725586,78587000,0.0,0.0
2014-05-08 00:00:00-04:00,56.7843843623373,58.36200415130991,56.06006888230509,56.31804275512695,61251000,0.0,0.0
2014-05-09 00:00:00-04:00,56.40734122821099,57.20111513032736,55.94100341346127,56.794307708740234,52584000,0.0,0.0
2014-05-12 00:00:00-04:00,57.52854218611943,59.433594203806194,57.52854218611943,59.364139556884766,48575000,0.0,0.0
2014-05-13 00:00:00-04:00,59.19546128222246,60.41588351597746,59.04662773310832,59.364139556884766,48525000,0.0,0.0
2014-05-14 00:00:00-04:00,59.06647359115788,59.97931205890426,58.49099167920438,58.7688102722168,47429000,0.0,0.0
2014-05-15 00:00:00-04:00,58.79857966629527,58.91764803036766,57.07213002218752,57.46901321411133,56814000,0.0,0.0
2014-05-16 00:00:00-04:00,57.85597634220793,57.99488564052144,56.86376274283201,57.568233489990234,47933000,0.0,0.0
2014-05-19 00:00:00-04:00,57.43924084109702,59.096239410019244,57.12173281321867,58.74896240234375,43034000,0.0,0.0
2014-05-20 00:00:00-04:00,59.03671004386446,59.721336075052406,57.726988375942994,58.10403060913086,53931000,0.0,0.0
2014-05-21 00:00:00-04:00,58.10403219145566,60.028925292791726,57.7964446000846,60.019004821777344,58992000,0.0,0.0
2014-05-22 00:00:00-04:00,60.46550266435934,61.00129898093925,59.9297101327744,60.04877471923828,54200000,0.0,0.0
2014-05-23 00:00:00-04:00,59.939627341382135,60.97153046121099,59.681653453922294,60.87230682373047,38294000,0.0,0.0
2014-05-27 00:00:00-04:00,61.14020360700409,63.01548678621924,61.09059368186508,62.985721588134766,55682000,0.0,0.0
2014-05-28 00:00:00-04:00,62.896419284404736,63.640579481872834,62.132414360804816,63.01548385620117,47795000,0.0,0.0
2014-05-29 00:00:00-04:00,63.342909208493644,63.7993302894479,63.01547694074346,63.33298873901367,42700000,0.0,0.0
2014-05-30 00:00:00-04:00,63.45206164270173,63.67034606491565,62.07288531896346,62.80712127685547,45253500,0.0,0.0
2014-06-02 00:00:00-04:00,62.73767408875658,63.094871639405035,61.566861577184426,62.588844299316406,35996000,0.0,0.0
2014-06-03 00:00:00-04:00,62.13241686671842,62.92618701903303,61.834753532724775,62.380470275878906,32217000,0.0,0.0
2014-06-04 00:00:00-04:00,61.96374365254688,63.094866616217935,61.58670140299162,62.8468132019043,36514000,0.0,0.0
2014-06-05 00:00:00-04:00,63.16431675547289,63.85886702291493,62.330857191541334,62.697975158691406,47352000,0.0,0.0
2014-06-06 00:00:00-04:00,62.87658010047977,62.98572421132796,61.66608197969617,62.01335525512695,42442000,0.0,0.0
2014-06-09 00:00:00-04:00,61.914126443511044,62.84680580901795,61.30887557818435,62.39038848876953,37617000,0.0,0.0
2014-06-10 00:00:00-04:00,63.03532495558479,65.30749486952305,63.005559760596846,65.25788116455078,69338000,0.0,0.0
2014-06-11 00:00:00-04:00,64.81139725198986,65.28766314901767,64.39466932333404,65.26781463623047,44242000,0.0,0.0
2014-06-12 00:00:00-04:00,65.33725643607701,65.95243152162271,63.561193390538975,63.789405822753906,55730000,0.0,0.0
2014-06-13 00:00:00-04:00,64.19621571987531,64.46411762617767,63.332994748429435,63.99777603149414,29419000,0.0,0.0
2014-06-16 00:00:00-04:00,63.660439418318795,64.37482697731059,63.25362813709661,63.69020462036133,31046000,0.0,0.0
2014-06-17 00:00:00-04:00,63.60088865506558,64.37481403250808,63.43221416408223,63.898555755615234,27715000,0.0,0.0
2014-06-18 00:00:00-04:00,63.98785281095174,65.2380440639413,63.55128397545477,65.0892105102539,35570000,0.0,0.0
2014-06-19 00:00:00-04:00,64.95030173928832,65.06937009720242,63.71003473180882,63.839019775390625,34245000,0.0,0.0
2014-06-20 00:00:00-04:00,63.958086579820126,64.30535981948162,62.85672889833019,63.99777603149414,46466000,0.0,0.0
2014-06-23 00:00:00-04:00,63.81917284453391,65.14874288816397,63.7199530072453,64.86100006103516,34560000,0.0,0.0
2014-06-24 00:00:00-04:00,64.85107736250744,66.64698144148817,64.76177420781289,65.2082748413086,57335000,0.0,0.0
2014-06-25 00:00:00-04:00,65.06937602320025,66.95458356025654,65.05945176663965,66.9148941040039,44308000,0.0,0.0
2014-06-26 00:00:00-04:00,67.4705361363167,67.4705361363167,66.37910250693317,66.60730743408203,47714000,0.0,0.0
2014-06-27 00:00:00-04:00,66.78589605902664,67.17285876360066,66.31955444838893,67.07363891601562,46461000,0.0,0.0
2014-06-30 00:00:00-04:00,66.93473438540208,67.39115177281045,66.60730205204727,66.76605987548828,27102800,0.0,0.0
2014-07-01 00:00:00-04:00,67.05380149305824,67.90710585304605,66.86527847376179,67.53005981445312,33243000,0.0,0.0
2014-07-02 00:00:00-04:00,67.51021794602583,67.76819561573726,65.27773722388207,65.9325942993164,41895000,0.0,0.0
2014-07-03 00:00:00-04:00,66.33941101419246,66.47832033167437,65.24797741826747,65.77384948730469,25203200,0.0,0.0
2014-07-07 00:00:00-04:00,65.78376939675113,66.0516637570502,64.6129569625016,64.78163146972656,28745000,0.0,0.0
2014-07-08 00:00:00-04:00,64.55340678224486,65.04951352374995,61.72559986966353,62.27131652832031,68926000,0.0,0.0
2014-07-09 00:00:00-04:00,62.91625692901173,64.61294486486449,62.65828308832322,64.464111328125,51432000,0.0,0.0
2014-07-10 00:00:00-04:00,62.817036663747224,64.83122502818269,62.55905903983373,64.3648910522461,44422000,0.0,0.0
2014-07-11 00:00:00-04:00,64.77169665464136,66.07149392900138,64.28551415484071,65.82344055175781,39212000,0.0,0.0
2014-07-14 00:00:00-04:00,66.6072910915452,67.63919406413883,66.37908622038792,67.37129974365234,38537000,0.0,0.0
2014-07-15 00:00:00-04:00,67.43082987442023,67.55981490675481,65.74406991932565,66.64698028564453,44213200,0.0,0.0
2014-07-16 00:00:00-04:00,67.01410273273267,67.41098965877853,66.5477611623779,67.13317108154297,29541600,0.0,0.0
2014-07-17 00:00:00-04:00,66.50807375170602,67.32168856854814,65.52578444636961,65.89290618896484,38188000,0.0,0.0
2014-07-18 00:00:00-04:00,66.2798716177485,67.92694226008159,65.64485551829608,67.88725280761719,42456000,0.0,0.0
2014-07-21 00:00:00-04:00,68.27421679758693,69.4152639750491,67.9666329976583,68.85962677001953,49539000,0.0,0.0
2014-07-22 00:00:00-04:00,69.21682673834482,69.22674342450902,68.07577952033948,68.73063659667969,40398000,0.0,0.0
2014-07-23 00:00:00-04:00,69.19697493646278,70.77459851035546,69.06798989255522,70.73490905761719,78435000,0.0,0.0
2014-07-24 00:00:00-04:00,75.36854428986025,76.1424696881228,73.92983759514028,74.39617919921875,124168000,0.0,0.0
2014-07-25 00:00:00-04:00,74.4061059334877,75.08081157668066,74.07868115384218,74.60455322265625,45917000,0.0,0.0
2014-07-28 00:00:00-04:00,74.5846927986545,74.91212509600389,73.27497117924578,74.33663940429688,41725000,0.0,0.0
2014-07-29 00:00:00-04:00,74.13821593285599,74.33665566375073,72.84833497206864,73.13607788085938,41324000,0.0,0.0
2014-07-30 00:00:00-04:00,73.63217672797437,74.60454947102754,73.55279781629866,74.09851837158203,36853000,0.0,0.0
2014-07-31 00:00:00-04:00,73.42380692391956,73.59248142032577,71.87595611927127,72.08432006835938,43992000,0.0,0.0
2014-08-01 00:00:00-04:00,71.65766053912397,72.64987404408002,70.9928793076006,71.79656982421875,43535000,0.0,0.0
2014-08-04 00:00:00-04:00,71.79658245428308,73.304743916329,71.79658245428308,72.93762969970703,30777000,0.0,0.0
2014-08-05 00:00:00-04:00,72.6300393414343,73.01700207632798,71.6179847047869,72.12401580810547,34986000,0.0,0.0
2014-08-06 00:00:00-04:00,71.45922289259236,73.14599061953122,71.23101799499966,71.90572357177734,30986000,0.0,0.0
2014-08-07 00:00:00-04:00,72.4315910118911,73.42380458739646,72.13392391124395,72.60026550292969,38141000,0.0,0.0
2014-08-08 00:00:00-04:00,72.82849125723435,72.8582564587375,71.99502776519476,72.49113464355469,27202000,0.0,0.0
2014-08-11 00:00:00-04:00,72.88799737083232,73.33449795455722,72.49111048640609,72.86815643310547,24591000,0.0,0.0
2014-08-12 00:00:00-04:00,72.5208943009688,72.75903103476941,71.65767324340794,72.26292419433594,27419000,0.0,0.0
2014-08-13 00:00:00-04:00,72.55066199613123,73.67186065190009,72.48120734612765,73.19559478759766,29266000,0.0,0.0
2014-08-14 00:00:00-04:00,73.39403379271609,73.80083739124747,73.11621522396524,73.72146606445312,22207000,0.0,0.0
2014-08-15 00:00:00-04:00,73.74132392513476,74.06875627200796,72.43160210763197,73.05669403076172,38846600,0.0,0.0
2014-08-18 00:00:00-04:00,73.42379872062646,74.13819364910636,73.3841092723789,74.00920104980469,23974000,0.0,0.0
2014-08-19 00:00:00-04:00,74.22749999111255,74.99150873315915,73.92984044108564,74.70376586914062,26679000,0.0,0.0
2014-08-20 00:00:00-04:00,74.38625873351027,74.59462269212082,74.03898546915937,74.22750091552734,22917000,0.0,0.0
2014-08-21 00:00:00-04:00,74.33664552009161,74.60454744723232,73.83062200436265,73.98937225341797,20102000,0.0,0.0
2014-08-22 00:00:00-04:00,73.76115978103846,74.14813007246276,72.99715859435645,73.98937225341797,20897000,0.0,0.0
2014-08-25 00:00:00-04:00,74.35649596797134,74.69384498723853,74.20766240124007,74.43586730957031,19734000,0.0,0.0
2014-08-26 00:00:00-04:00,74.41602136712605,75.39831072957514,74.14812702099962,75.36854553222656,23993000,0.0,0.0
2014-08-27 00:00:00-04:00,74.6839205703105,74.90220879171535,73.88022990967417,74.04890441894531,36323000,0.0,0.0
2014-08-28 00:00:00-04:00,73.42380614851103,73.85045829784924,73.15591180822378,73.28489685058594,21947000,0.0,0.0
2014-08-29 00:00:00-04:00,73.72147897832299,74.2374267578125,73.43373610457303,74.2374267578125,26241000,0.0,0.0
2014-09-02 00:00:00-04:00,74.42595171604415,76.10278772053744,74.23742869075015,76.08294677734375,34979000,0.0,0.0
2014-09-03 00:00:00-04:00,76.53936044897371,76.87671702678063,75.01135051770692,75.23956298828125,32389000,0.0,0.0
2014-09-04 00:00:00-04:00,75.29908929649751,76.3309923461293,74.94189179585617,75.3586196899414,26676000,0.0,0.0
2014-09-05 00:00:00-04:00,75.50745297502584,76.7774851639058,75.01134617812029,76.6584243774414,29476000,0.0,0.0
2014-09-08 00:00:00-04:00,76.65842409358545,77.56133452421592,76.41037069605119,77.28351593017578,28183000,0.0,0.0
2014-09-09 00:00:00-04:00,76.98585570273622,77.56134145322456,75.60667929483492,76.0730209350586,28882000,0.0,0.0
2014-09-10 00:00:00-04:00,75.92418461263307,77.34305042456884,75.91426792659787,76.82710266113281,29909000,0.0,0.0
2014-09-11 00:00:00-04:00,76.52944368741163,77.74986992871563,76.45007234073368,77.31329345703125,32219000,0.0,0.0
2014-09-12 00:00:00-04:00,77.41250532095543,77.69033150059359,76.499670583541,76.87671661376953,26676800,0.0,0.0
2014-09-15 00:00:00-04:00,76.549286951348,76.64850680538292,72.85825084932733,73.99929809570312,49679000,0.0,0.0
2014-09-16 00:00:00-04:00,72.9475306158986,75.6364357676341,72.50103758464445,75.48760223388672,37742000,0.0,0.0
2014-09-17 00:00:00-04:00,75.36855062964345,76.64850719212428,74.981587897962,75.83489227294922,28693000,0.0,0.0
2014-09-18 00:00:00-04:00,76.17223918803835,76.72788398406867,75.92418577355731,76.40045166015625,23031000,0.0,0.0
2014-09-19 00:00:00-04:00,76.79733654340495,77.69033032518661,75.8448123661676,77.3033676147461,76671000,0.0,0.0
2014-09-22 00:00:00-04:00,76.40044316051629,76.92631512951388,75.35861590760472,76.2020034790039,31961000,0.0,0.0
2014-09-23 00:00:00-04:00,75.73567432857372,78.01776132040773,75.44793144417055,77.68041229248047,36814000,0.0,0.0
2014-09-24 00:00:00-04:00,77.49187516258213,78.00783043726635,76.90647281360064,77.92845153808594,30680000,0.0,0.0
2014-09-25 00:00:00-04:00,77.9879883253324,78.32534488953044,76.52943310568864,76.61873626708984,37533000,0.0,0.0
2014-09-26 00:00:00-04:00,76.98586027404329,78.22612744616016,76.72789015263584,78.17652130126953,28872000,0.0,0.0
2014-09-29 00:00:00-04:00,77.51173476000018,78.58331977226624,77.30337079733764,78.38488006591797,34031000,0.0,0.0
2014-09-30 00:00:00-04:00,78.73214432751413,79.08934181405772,77.98798415887981,78.424560546875,35899000,0.0,0.0
2014-10-01 00:00:00-04:00,78.16658091387367,78.20627036358992,75.30900866420019,75.95394897460938,55090000,0.0,0.0
2014-10-02 00:00:00-04:00,75.97378923459667,76.87670717508716,75.05103035441985,76.47982025146484,36488000,0.0,0.0
2014-10-03 00:00:00-04:00,77.15452891193308,77.45218843935471,76.65842212957496,76.83702087402344,23340000,0.0,0.0
2014-10-06 00:00:00-04:00,76.58897860699899,77.28352517518418,76.251622009602,76.95609283447266,25729000,0.0,0.0
2014-10-07 00:00:00-04:00,76.45006071097781,77.3430468926853,75.64636254945647,75.69597625732422,25317000,0.0,0.0
2014-10-08 00:00:00-04:00,75.58684196461013,77.10492775449562,74.51524932351803,76.9164047241211,32976000,0.0,0.0
2014-10-09 00:00:00-04:00,76.67826701783754,77.15453288421683,75.25940124444375,75.31893920898438,32487000,0.0,0.0
2014-10-10 00:00:00-04:00,75.00141780384153,75.9043357582201,72.19345924074835,72.34229278564453,52146000,0.0,0.0
2014-10-13 00:00:00-04:00,72.65980572225871,74.19773227007504,71.95532740017484,72.42166900634766,43938000,0.0,0.0
2014-10-14 00:00:00-04:00,73.42381718978667,73.6024159668317,71.48900341345725,73.01700592041016,50299000,0.0,0.0
2014-10-15 00:00:00-04:00,71.13180727913549,73.22537893017645,69.77247169505027,72.63996887207031,61528000,0.0,0.0
2014-10-16 00:00:00-04:00,70.23880649685954,72.77887106565458,70.0304425348871,72.0644760131836,53529000,0.0,0.0
2014-10-17 00:00:00-04:00,73.65201866130818,75.40823339780398,73.17575280379005,75.3586196899414,76342000,0.0,0.0
2014-10-20 00:00:00-04:00,75.01134329201535,76.48973937031482,74.79305509857745,76.350830078125,34701000,0.0,0.0
2014-10-21 00:00:00-04:00,76.95608714314389,78.12689953577505,76.54928348900361,78.0772933959961,32252000,0.0,0.0
2014-10-22 00:00:00-04:00,78.20627396618482,79.22825274099338,77.40258338987691,77.75978088378906,41862000,0.0,0.0
2014-10-23 00:00:00-04:00,78.76191394568849,80.00218096305565,78.39479975334083,79.41677856445312,35056000,0.0,0.0
2014-10-24 00:00:00-04:00,79.5755209242562,80.19069602913277,78.7023757557116,80.04186248779297,32248000,0.0,0.0
2014-10-27 00:00:00-04:00,80.11133225088277,80.1708702206486,79.13896706125527,79.65491485595703,30169000,0.0,0.0
2014-10-28 00:00:00-04:00,79.55568041985224,80.52805300126712,78.95042956641826,80.14108276367188,74212000,0.0,0.0
2014-10-29 00:00:00-04:00,74.8625216297524,76.2813875423675,74.1977402587343,75.26933288574219,106120000,0.0,0.0
2014-10-30 00:00:00-04:00,74.46563457220114,74.7632941136622,72.33237379344594,73.53295135498047,83270000,0.0,0.0
2014-10-31 00:00:00-04:00,74.34656701717157,75.1105681755004,73.87030114770158,74.40609741210938,44544000,0.0,0.0
2014-11-03 00:00:00-05:00,74.88236452777097,74.93197066771496,73.12614214798688,73.30474090576172,40727000,0.0,0.0
2014-11-04 00:00:00-05:00,73.65204179901603,75.18004455734898,73.0765559149735,75.17012786865234,39326000,0.0,0.0
2014-11-05 00:00:00-05:00,75.91427191019304,76.2020147900893,73.84054135162683,74.24735260009766,35913000,0.0,0.0
2014-11-06 00:00:00-05:00,74.3068894065342,75.01136028220017,73.73140359712016,74.67401123046875,21383000,0.0,0.0
2014-11-07 00:00:00-05:00,74.80298857509165,75.26933021492674,74.43586678905369,75.0113525390625,20774000,0.0,0.0
2014-11-10 00:00:00-05:00,74.77322077161477,74.89228913401797,74.02906053907083,74.41602325439453,21575100,0.0,0.0
2014-11-11 00:00:00-05:00,74.36640170396753,74.39617446892146,73.45356706508224,74.029052734375,18715700,0.0,0.0
2014-11-12 00:00:00-05:00,73.7016224611626,74.55492673340454,72.96738654202026,74.13819885253906,26536600,0.0,0.0
2014-11-13 00:00:00-05:00,74.15804228522605,74.65414908483017,73.0666088400948,73.67185974121094,26448500,0.0,0.0
2014-11-14 00:00:00-05:00,73.69170039518812,74.34656500170796,73.4634955074535,74.29695129394531,19476900,0.0,0.0
2014-11-17 00:00:00-05:00,74.29695767830664,75.07089070796775,73.3047439977043,73.66194152832031,28701200,0.0,0.0
2014-11-18 00:00:00-05:00,73.87029063392137,74.21757140826875,73.3245777613534,73.76114654541016,20690500,0.0,0.0
2014-11-19 00:00:00-05:00,73.43373882902159,73.95961088435469,72.54074497563053,72.759033203125,25441200,0.0,0.0
2014-11-20 00:00:00-05:00,72.23314265141198,73.41387151689527,71.9453998406674,73.02690887451172,19154900,0.0,0.0
2014-11-21 00:00:00-05:00,73.91992632332494,73.91992632332494,72.92771254717293,73.17576599121094,23060400,0.0,0.0
2014-11-24 00:00:00-05:00,72.96738947321386,73.77108007145239,72.77886646573012,73.43373107910156,22103800,0.0,0.0
2014-11-25 00:00:00-05:00,73.63218074241742,75.15026655353067,73.55280182641395,75.04112243652344,32250200,0.0,0.0
2014-11-26 00:00:00-05:00,74.9418945684453,77.17437524505326,74.92205362655963,77.015625,32695300,0.0,0.0
2014-11-28 00:00:00-05:00,77.06522839454571,77.66055503977034,76.62865955870845,77.0949935913086,15992000,0.0,0.0
2014-12-01 00:00:00-05:00,76.65842864583408,76.70803478629335,74.21758397754961,74.51524353027344,31789900,0.0,0.0
2014-12-02 00:00:00-05:00,74.74345148205336,75.31893718051602,74.45570863282202,74.8724365234375,16773900,0.0,0.0
2014-12-03 00:00:00-05:00,74.79305809161586,75.14033890597642,73.82069300737541,74.29695129394531,16689900,0.0,0.0
2014-12-04 00:00:00-05:00,74.24734067397192,74.96173563068879,74.07866618974391,74.65414428710938,14362800,0.0,0.0
2014-12-05 00:00:00-05:00,75.20980462177614,76.16232890506636,74.7732281531885,75.76544189453125,24306400,0.0,0.0
2014-12-08 00:00:00-05:00,75.58683769229825,76.64850601652364,74.81291224080546,75.92418670654297,25733900,0.0,0.0
2014-12-09 00:00:00-05:00,74.6144618440223,76.33099475232542,74.19773393680047,76.24169158935547,25358600,0.0,0.0
2014-12-10 00:00:00-05:00,76.05317940517838,76.94617322318233,75.47769365913257,75.58683776855469,32210500,0.0,0.0
2014-12-11 00:00:00-05:00,75.9241859280423,77.90861324792829,75.88450404323532,77.12477111816406,33462100,0.0,0.0
2014-12-12 00:00:00-05:00,76.55921005502965,78.26581120070797,76.42029317748481,77.22399139404297,28091600,0.0,0.0
2014-12-15 00:00:00-05:00,77.84909662606492,77.96816501152335,75.9638888245893,76.39054107666016,29396500,0.0,0.0
2014-12-16 00:00:00-05:00,75.59676477468129,76.78741819533664,74.00921678715437,74.10844421386719,31554600,0.0,0.0
2014-12-17 00:00:00-05:00,74.42594628497972,75.81504687685432,74.31680218040455,75.51737976074219,29203900,0.0,0.0
2014-12-18 00:00:00-05:00,76.29129858489686,77.78954315185547,75.91426016439905,77.78954315185547,34222100,0.0,0.0
2014-12-19 00:00:00-05:00,78.1368273885722,79.3770944899781,77.72009945929733,79.25802612304688,43335000,0.0,0.0
2014-12-22 00:00:00-05:00,79.45647559200572,81.2523799819607,79.37709667852963,80.81580352783203,31395800,0.0,0.0
2014-12-23 00:00:00-05:00,81.38135517464994,81.53018872688006,79.77397400653355,79.98233795166016,19865800,0.0,0.0
2014-12-24 00:00:00-05:00,80.39906039873924,80.79594732115325,80.12124182404595,80.14108276367188,7685500,0.0,0.0
2014-12-26 00:00:00-05:00,80.3891530402495,80.64713072953901,79.88312948855352,80.1510238647461,10647400,0.0,0.0
2014-12-29 00:00:00-05:00,79.86326847097378,80.32961006206475,79.08934309426486,79.39692687988281,14134700,0.0,0.0
2014-12-30 00:00:00-05:00,79.22824884204714,79.9624847345164,78.48408869468291,78.60315704345703,14370800,0.0,0.0
2014-12-31 00:00:00-05:00,78.92067509969706,79.17865276983142,77.2537558549641,77.41250610351562,19935400,0.0,0.0
2015-01-02 00:00:00-05:00,77.9681497226088,78.31542298294325,77.09499687378008,77.83915710449219,18177500,0.0,0.0
2015-01-05 00:00:00-05:00,77.3728313977153,78.6329395268451,76.2615492747893,76.58898162841797,26452200,0.0,0.0
2015-01-06 00:00:00-05:00,76.6286526484625,76.98584254739528,74.77321066101061,75.55706024169922,27399300,0.0,0.0
2015-01-07 00:00:00-05:00,76.16231108792728,76.75763767946633,75.22962796685682,75.55706024169922,22045300,0.0,0.0
2015-01-08 00:00:00-05:00,76.14247604592094,77.62087988654834,75.48761895039947,77.5712661743164,23961000,0.0,0.0
2015-01-09 00:00:00-05:00,77.59110671526334,78.00784221387961,76.59889303568202,77.13468933105469,21157000,0.0,0.0
2015-01-12 00:00:00-05:00,77.23390162587435,77.39265943266423,75.61659621164416,76.12262725830078,19190200,0.0,0.0
2015-01-13 00:00:00-05:00,76.62865397875957,77.47203396224693,75.25939446746183,75.85472106933594,25179600,0.0,0.0
2015-01-14 00:00:00-05:00,75.82495971016981,76.59888508875221,75.43799702087861,75.68605041503906,25918600,0.0,0.0
2015-01-15 00:00:00-05:00,75.8051274778207,75.97380198842959,72.96739571703131,73.47342681884766,34134000,0.0,0.0
2015-01-16 00:00:00-05:00,73.4635118648203,74.73354433844378,73.26506455957247,74.59463500976562,21791500,0.0,0.0
2015-01-20 00:00:00-05:00,75.13040698912368,75.71580931708476,74.23741333038049,75.64635467529297,22821600,0.0,0.0
2015-01-21 00:00:00-05:00,75.56698559356548,76.69810840490923,75.25939425364678,76.14246368408203,25096700,0.0,0.0
2015-01-22 00:00:00-05:00,76.56912899327122,77.14461475292012,76.0829464025284,77.04539489746094,19519500,0.0,0.0
2015-01-23 00:00:00-05:00,77.04539263147332,77.58118891918227,76.44014168998672,77.22399139404297,16746500,0.0,0.0
2015-01-26 00:00:00-05:00,77.3728265690452,77.85900915561304,76.68819670327338,76.89656066894531,19260800,0.0,0.0
2015-01-27 00:00:00-05:00,76.11270030807603,76.28137479432661,75.04110786015123,75.18994140625,20110000,0.0,0.0
2015-01-28 00:00:00-05:00,76.30121921503405,77.03545508111702,75.40822555629086,75.64635467529297,53306400,0.0,0.0
2015-01-29 00:00:00-05:00,76.25161487593701,77.4125029898647,73.63217153528464,77.39266204833984,61293500,0.0,0.0
2015-01-30 00:00:00-05:00,77.3926620324119,77.55141984453472,75.16018139686156,75.31893920898438,42649500,0.0,0.0
2015-02-02 00:00:00-05:00,75.51737939421322,75.54714459168213,73.17575464012992,74.40609741210938,41955300,0.0,0.0
2015-02-03 00:00:00-05:00,74.6045404175393,74.99150310251216,73.28489455853504,74.81290435791016,26957700,0.0,0.0
2015-02-04 00:00:00-05:00,74.5053261084852,75.7555175405744,74.42595476247183,75.04112243652344,20277400,0.0,0.0
2015-02-05 00:00:00-05:00,75.12048295827258,75.38838484168737,74.62437620971444,75.0212631225586,15062600,0.0,0.0
2015-02-06 00:00:00-05:00,75.09072183635801,75.1105627765814,73.67185615574414,73.89014434814453,21211000,0.0,0.0
2015-02-09 00:00:00-05:00,73.47341938548252,74.24734477467375,72.87808517534562,73.86038208007812,16194300,0.0,0.0
2015-02-10 00:00:00-05:00,74.26719661606474,74.7533792270451,73.91992332250734,74.60455322265625,15811300,0.0,0.0
2015-02-11 00:00:00-05:00,74.50531186943243,76.15238999676815,74.445781478802,75.91426086425781,20877400,0.0,0.0
2015-02-12 00:00:00-05:00,76.26153591834472,76.27146017368355,75.29908754017586,75.63644409179688,17235000,0.0,0.0
2015-02-13 00:00:00-05:00,75.86464827391941,75.88449678441374,74.9121241598877,75.15025329589844,18621900,0.0,0.0
2015-02-17 00:00:00-05:00,74.7136929776711,76.31115760477064,74.49540475732366,75.0113525390625,25254400,0.0,0.0
2015-02-18 00:00:00-05:00,75.34869275142485,76.30121676685916,74.86250270449383,76.1126937866211,22426400,0.0,0.0
2015-02-19 00:00:00-05:00,76.39052578417925,79.21833313530364,76.35083633030513,78.80160522460938,45851200,0.0,0.0
2015-02-20 00:00:00-05:00,78.93059692335343,79.71443902577717,78.583316098495,79.27787017822266,36931700,0.0,0.0
2015-02-23 00:00:00-05:00,79.33740973845852,79.56562222944397,77.76971021253091,78.22612762451172,24139100,0.0,0.0
2015-02-24 00:00:00-05:00,77.88877081453539,78.8611435134612,77.49188384415773,77.83915710449219,18897100,0.0,0.0
2015-02-25 00:00:00-05:00,77.88876959036018,79.57552972546785,77.88876959036018,78.94051361083984,25593800,0.0,0.0
2015-02-26 00:00:00-05:00,79.25801784503979,80.7364215258981,79.09926760903492,79.78389739990234,31111900,0.0,0.0
2015-02-27 00:00:00-05:00,80.05179453695986,80.5975150516782,78.00783691817676,78.35511016845703,30739200,0.0,0.0
2015-03-02 00:00:00-05:00,78.38487573701386,79.23818005316782,77.908609870095,79.12903594970703,21662500,0.0,0.0
2015-03-03 00:00:00-05:00,78.99012597687317,79.07942156804182,77.90860920723317,78.9802017211914,18635000,0.0,0.0
2015-03-04 00:00:00-05:00,78.68253286538732,80.51812630976517,78.23603225243822,80.27007293701172,28126700,0.0,0.0
2015-03-05 00:00:00-05:00,80.59751574793796,81.35159264934963,80.41891699339537,80.57766723632812,27825700,0.0,0.0
2015-03-06 00:00:00-05:00,80.27007812547487,80.69673025698808,79.208409924266,79.38700866699219,24488600,0.0,0.0
2015-03-09 00:00:00-04:00,79.05957841957616,79.28779087395131,78.01775113175863,78.82144927978516,18925100,0.0,0.0
2015-03-10 00:00:00-04:00,77.88876687542316,78.64285132400505,76.9461669921875,76.9461669921875,23067100,0.0,0.0
2015-03-11 00:00:00-04:00,77.19422351326926,77.81931537555027,76.65842724417585,76.96601104736328,20215700,0.0,0.0
2015-03-12 00:00:00-04:00,77.49186783071256,78.4344751368214,77.30335242548101,78.3154067993164,16093300,0.0,0.0
2015-03-13 00:00:00-04:00,77.98798126634712,78.76190660182415,77.07514664347619,77.44226837158203,18557300,0.0,0.0
2015-03-16 00:00:00-04:00,77.35296071077259,77.5117184985365,76.75763414663393,77.46210479736328,19305400,0.0,0.0
2015-03-17 00:00:00-04:00,77.74987451101283,79.15881629995383,77.73002599568093,78.7420883178711,22170000,0.0,0.0
2015-03-18 00:00:00-04:00,78.63292819090854,80.60743114512748,78.55354928571656,80.2800064086914,36912400,0.0,0.0
2015-03-19 00:00:00-04:00,80.48837679288887,82.35373579411349,80.36930842558063,82.10568237304688,42099500,0.0,0.0
2015-03-20 00:00:00-04:00,82.74069548467315,83.94127309011577,82.42318742017585,83.14750671386719,44466300,0.0,0.0
2015-03-23 00:00:00-04:00,83.2665596052503,84.2984626094417,82.65139204678195,83.77259063720703,27357300,0.0,0.0
2015-03-24 00:00:00-04:00,84.050425221603,85.39983651704759,83.86190218812483,84.645751953125,32576500,0.0,0.0
2015-03-25 00:00:00-04:00,84.83426602959565,84.85410697155581,82.27435302734375,82.27435302734375,37436100,0.0,0.0
2015-03-26 00:00:00-04:00,82.07591223082487,83.11773199456887,81.50042651181055,82.36365509033203,32794800,0.0,0.0
2015-03-27 00:00:00-04:00,82.73077667833338,83.2963381920367,82.2346698217519,82.65140533447266,18372600,0.0,0.0
2015-03-30 00:00:00-04:00,83.157413025661,83.68328498219307,81.76832014802473,82.55216217041016,24527700,0.0,0.0
2015-03-31 00:00:00-04:00,82.25450901812243,82.84983566458874,81.56987921119222,81.57980346679688,19734300,0.0,0.0
2015-04-01 00:00:00-04:00,81.85761958588091,82.07590778264147,80.24031419077401,81.0340805053711,22058200,0.0,0.0
2015-04-02 00:00:00-04:00,81.6095718502648,81.91715565611847,80.8058812246527,80.92494201660156,19664100,0.0,0.0
2015-04-06 00:00:00-04:00,80.17086592322688,82.16520990871837,80.17086592322688,81.798095703125,19062900,0.0,0.0
2015-04-07 00:00:00-04:00,82.00645604945137,82.77045719527203,81.57980389607413,81.67902374267578,17467000,0.0,0.0
2015-04-08 00:00:00-04:00,81.9866242098304,82.45296591067505,81.20277439330286,81.63935089111328,18966700,0.0,0.0
2015-04-09 00:00:00-04:00,81.85760649816075,82.15527354978546,81.0737569942041,81.5301742553711,15927300,0.0,0.0
2015-04-10 00:00:00-04:00,81.56988147022032,81.96676843551907,81.27222192373817,81.40120697021484,12529700,0.0,0.0
2015-04-13 00:00:00-04:00,81.29206255906175,83.2864140639277,81.28213830321965,82.36365509033203,26883100,0.0,0.0
2015-04-14 00:00:00-04:00,82.5224090418264,83.0383643889499,81.79809730258127,82.86968231201172,19634200,0.0,0.0
2015-04-15 00:00:00-04:00,82.89945000065904,83.00859410317011,81.6294102232565,82.06598663330078,22390900,0.0,0.0
2015-04-16 00:00:00-04:00,81.82785570786024,82.42318234589347,81.51034766290992,81.66909790039062,13769700,0.0,0.0
2015-04-17 00:00:00-04:00,80.84557801745018,81.47066994189287,79.7442201720107,80.1510238647461,24215000,0.0,0.0
2015-04-20 00:00:00-04:00,80.90510464392825,82.50256927962556,80.60743751094516,82.44303131103516,28796800,0.0,0.0
2015-04-21 00:00:00-04:00,83.34594868853705,83.83213126962309,82.88953130649857,82.96891021728516,27171900,0.0,0.0
2015-04-22 00:00:00-04:00,83.66345500799572,84.08018292590573,82.99867367656935,83.97103881835938,45548000,0.0,0.0
2015-04-23 00:00:00-04:00,83.44515384383492,84.92354983937697,81.76831817626953,81.76831817626953,73728100,0.0,0.0
2015-04-24 00:00:00-04:00,82.12552258650055,82.29420466451975,80.84557360675623,80.89517974853516,29660400,0.0,0.0
2015-04-27 00:00:00-04:00,81.23253497151862,82.28427902745473,80.99439824301314,81.27222442626953,25446000,0.0,0.0
2015-04-28 00:00:00-04:00,81.19283540966049,81.26229005433132,79.60529526719259,80.05178833007812,23775300,0.0,0.0
2015-04-29 00:00:00-04:00,79.38702738960792,80.75627969344042,78.90083718253057,79.84344482421875,26430300,0.0,0.0
2015-04-30 00:00:00-04:00,79.38701230242248,80.32961219498286,77.71016889503693,78.15666198730469,28999000,0.0,0.0
2015-05-01 00:00:00-04:00,78.62301529008464,79.1389706783583,77.5018164797821,78.37496185302734,24136400,0.0,0.0
2015-05-04 00:00:00-04:00,78.71230540029919,79.06950289597847,78.0177513498166,78.19635009765625,14692000,0.0,0.0
2015-05-05 00:00:00-04:00,77.93838985660723,78.18644328381478,76.61874380706551,76.95609283447266,22311300,0.0,0.0
2015-05-06 00:00:00-04:00,77.3628972786214,78.19635308707656,76.45006256364981,77.49188232421875,28663000,0.0,0.0
2015-05-07 00:00:00-04:00,77.39266848554233,78.3253517845597,76.95609203579127,77.81932067871094,19749400,0.0,0.0
2015-05-08 00:00:00-04:00,78.48409932772321,78.61309194886826,77.42243100978143,77.89869689941406,19943600,0.0,0.0
2015-05-11 00:00:00-04:00,77.8689371862647,78.41465019804882,77.32321660449055,77.40259552001953,18874100,0.0,0.0
2015-05-12 00:00:00-04:00,77.26367614081379,77.28351708211713,76.1920836306959,76.85686492919922,21285300,0.0,0.0
2015-05-13 00:00:00-04:00,77.11483631357054,77.91852684579237,77.04538166967468,77.82923126220703,21512300,0.0,0.0
2015-05-14 00:00:00-04:00,78.32534783837018,81.21268561923542,78.05744591406955,80.7364273071289,49438000,0.0,0.0
2015-05-15 00:00:00-04:00,80.77611252370848,80.88524905493232,79.5556864692327,79.79381561279297,27069900,0.0,0.0
2015-05-18 00:00:00-04:00,79.70452355099812,80.74634333143588,79.60530370095489,80.25023651123047,21613700,0.0,0.0
2015-05-19 00:00:00-04:00,80.61736486873288,81.05394132857263,79.92281829170592,80.00218963623047,17955400,0.0,0.0
2015-05-20 00:00:00-04:00,79.84343450585584,80.46852638704256,78.84129658872426,79.92281341552734,23056900,0.0,0.0
2015-05-21 00:00:00-04:00,79.56560494783196,80.28991658148503,79.45646085454368,79.85334777832031,13402700,0.0,0.0
2015-05-22 00:00:00-04:00,79.72436455901148,80.67688874619569,79.62514470888611,79.91288757324219,19567900,0.0,0.0
2015-05-26 00:00:00-04:00,79.80374429367777,79.97241879763686,78.46425737813834,78.71231079101562,16321300,0.0,0.0
2015-05-27 00:00:00-04:00,78.98020589565463,80.03195752382828,78.81153139009481,79.92281341552734,14160900,0.0,0.0
2015-05-28 00:00:00-04:00,79.62514453252278,80.43875941373153,79.37709112276414,79.52592468261719,11982000,0.0,0.0
2015-05-29 00:00:00-04:00,79.32748704097772,79.44655541730963,78.26581862115317,78.57341003417969,16134600,0.0,0.0
2015-06-01 00:00:00-04:00,78.68255876775913,79.75414393762982,78.04754253006143,79.66484832763672,18119000,0.0,0.0
2015-06-02 00:00:00-04:00,79.1389617221249,80.71657776967372,78.94051445294345,79.81366729736328,18923300,0.0,0.0
2015-06-03 00:00:00-04:00,80.71657888856465,81.88739129800251,80.61735903759319,81.798095703125,31775000,0.0,0.0
2015-06-04 00:00:00-04:00,81.5004207694251,82.30411132625652,80.87532895522165,81.41112518310547,20863900,0.0,0.0
2015-06-05 00:00:00-04:00,81.23253289585716,81.8179353059986,80.87533538221554,81.50042724609375,16143100,0.0,0.0
2015-06-08 00:00:00-04:00,81.18290954474688,81.36150828035694,79.50606628096274,80.04186248779297,16915500,0.0,0.0
2015-06-09 00:00:00-04:00,79.97240784449951,80.5578177551058,78.7023757557116,80.04186248779297,16497500,0.0,0.0
2015-06-10 00:00:00-04:00,80.20062542412644,81.95684012852834,80.18077691334854,81.52027130126953,21531200,0.0,0.0
2015-06-11 00:00:00-04:00,81.66910653837031,82.25451655284604,80.72650655928652,81.1928482055664,18656800,0.0,0.0
2015-06-12 00:00:00-04:00,80.73642949685716,81.45081698439252,80.56774741883795,80.89517974853516,11417900,0.0,0.0
2015-06-15 00:00:00-04:00,79.92281560323465,80.29985407951062,79.44654970215844,80.0815658569336,18805100,0.0,0.0
2015-06-16 00:00:00-04:00,80.19069625360076,80.87532600368718,79.8235745266001,80.42882537841797,13693700,0.0,0.0
2015-06-17 00:00:00-04:00,81.12339489516974,81.57981229250436,80.7066593845687,81.15316009521484,18350300,0.0,0.0
2015-06-18 00:00:00-04:00,81.0043042536193,82.54223810635457,80.93484961594666,82.26441955566406,26782600,0.0,0.0
2015-06-19 00:00:00-04:00,82.18505413006838,82.33388768374975,81.4805833839648,81.86754608154297,23353200,0.0,0.0
2015-06-22 00:00:00-04:00,82.76055400790295,84.30840506331351,82.6613265751282,84.08019256591797,29383100,0.0,0.0
2015-06-23 00:00:00-04:00,84.29847747531548,87.28504291806452,84.1000377575871,87.19573974609375,50667900,0.0,0.0
2015-06-24 00:00:00-04:00,86.97744519351473,88.55506113646896,86.76907368219172,88.16809844970703,41370200,0.0,0.0
2015-06-25 00:00:00-04:00,88.56499227934343,88.70390158436902,87.15604314695769,87.29496002197266,27302000,0.0,0.0
2015-06-26 00:00:00-04:00,87.43386639318108,87.65214702947597,86.15390992268864,87.32472229003906,38214600,0.0,0.0
2015-06-29 00:00:00-04:00,85.935625762433,86.81869531489392,85.06248046617658,85.1319351196289,35957900,0.0,0.0
2015-06-30 00:00:00-04:00,85.92569670194067,86.02491654846933,84.90371789971609,85.10215759277344,23016500,0.0,0.0
2015-07-01 00:00:00-04:00,86.09438236822052,87.2651948771379,85.81656373389946,86.2332992553711,25260000,0.0,0.0
2015-07-02 00:00:00-04:00,86.7194727792196,86.75916223281979,85.66772118378785,86.6103286743164,16908800,0.0,0.0
2015-07-06 00:00:00-04:00,85.8165573930768,87.50332515823554,85.71733754100616,86.8683090209961,24635900,0.0,0.0
2015-07-07 00:00:00-04:00,87.11636404653137,87.16597018848893,84.56637519423259,86.54087829589844,33059900,0.0,0.0
2015-07-08 00:00:00-04:00,85.61811702341669,86.07453439538541,84.78465361852508,84.98310089111328,24399300,0.0,0.0
2015-07-09 00:00:00-04:00,86.05470676117181,86.91792792795891,84.98311403344583,85.21131896972656,23307400,0.0,0.0
2015-07-10 00:00:00-04:00,86.6698482758405,87.53307675166204,86.0943626252928,87.26517486572266,23245900,0.0,0.0
2015-07-13 00:00:00-04:00,87.96966267247565,89.5175134882999,87.73152595466489,89.39844512939453,29976700,0.0,0.0
2015-07-14 00:00:00-04:00,89.7556530982201,90.09300970278038,88.95196239939911,88.98172760009766,26627800,0.0,0.0
2015-07-15 00:00:00-04:00,89.29922533938098,90.28151469851721,88.72373962595202,89.06109619140625,30886600,0.0,0.0
2015-07-16 00:00:00-04:00,89.57704716453843,90.1525328986811,89.07101608313782,90.14260864257812,21804100,0.0,0.0
2015-07-17 00:00:00-04:00,91.82937461396821,94.64725769354638,91.81945035805724,94.23052978515625,54001600,0.0,0.0
2015-07-20 00:00:00-04:00,95.10368620447724,97.83227401069328,94.61750358769417,97.14765167236328,54860500,0.0,0.0
2015-07-21 00:00:00-04:00,98.17953859419386,98.46728146389057,96.38363429262725,97.6239013671875,39453300,0.0,0.0
2015-07-22 00:00:00-04:00,95.98674906740509,96.82021249312241,95.17313415443722,96.28441619873047,28299500,0.0,0.0
2015-07-23 00:00:00-04:00,96.20503799639624,96.6912205824855,94.07177705948877,94.6968765258789,29418800,0.0,0.0
2015-07-24 00:00:00-04:00,96.59199346453049,96.9988046784149,95.1334382459523,96.19510650634766,33444900,0.0,0.0
2015-07-27 00:00:00-04:00,95.82799071419305,95.85775591081136,93.09940333100981,93.43675231933594,38585400,0.0,0.0
2015-07-28 00:00:00-04:00,94.10154160021122,94.81593665966284,92.58345588387135,94.54804229736328,35236000,0.0,0.0
2015-07-29 00:00:00-04:00,95.57003605383441,96.52256042473752,94.00233638151876,96.23481750488281,64648300,0.0,0.0
2015-07-30 00:00:00-04:00,94.17099890138289,95.06398510902032,91.08521391813312,94.46865844726562,86211300,0.0,0.0
2015-07-31 00:00:00-04:00,94.21069089792347,95.57995069393108,93.2184771651597,93.27801513671875,46509000,0.0,0.0
2015-08-03 00:00:00-04:00,92.80173913442448,94.33967328115978,92.07742742737334,93.40699005126953,29343100,0.0,0.0
2015-08-04 00:00:00-04:00,93.05970425991399,93.99238736415714,92.60328696230236,93.32759857177734,20136000,0.0,0.0
2015-08-05 00:00:00-04:00,94.50834271185572,96.33401205033265,94.43888806463082,95.68907928466797,29813200,0.0,0.0
2015-08-06 00:00:00-04:00,96.42332948108609,97.97118045978137,93.68481749801832,94.3793716430664,42271300,0.0,0.0
2015-08-07 00:00:00-04:00,94.6373351097225,94.65718362189516,92.88112028191219,93.56575012207031,23199100,0.0,0.0
2015-08-10 00:00:00-04:00,94.93499380099965,95.15328199557581,92.90095297334582,93.41690826416016,21624200,0.0,0.0
2015-08-11 00:00:00-04:00,93.00019636213194,94.02217529413504,92.17665714838556,92.89105224609375,22491000,0.0,0.0
2015-08-12 00:00:00-04:00,91.9782152658318,93.70467271008967,90.47997789396301,93.45661926269531,27050500,0.0,0.0
2015-08-13 00:00:00-04:00,93.31769747037833,93.992403059949,92.62314336847327,92.70252227783203,17451800,0.0,0.0
2015-08-14 00:00:00-04:00,92.81166157600062,93.98247393340537,92.48422926935602,93.68480682373047,15929700,0.0,0.0
2015-08-17 00:00:00-04:00,93.6848062011415,93.72449565350033,92.66282740536583,93.19862365722656,18313500,0.0,0.0
2015-08-18 00:00:00-04:00,93.34745356049517,95.10366823125567,93.30776410968848,94.42896270751953,22278800,0.0,0.0
2015-08-19 00:00:00-04:00,93.89318072640555,95.35173609245814,93.426846641128,94.56788635253906,23251300,0.0,0.0
2015-08-20 00:00:00-04:00,92.81165816525382,94.03207661609572,89.7556385555218,89.8548583984375,44598200,0.0,0.0
2015-08-21 00:00:00-04:00,86.83853891757634,88.48561727845998,84.94341470389797,85.38990783691406,62778700,0.0,0.0
2015-08-24 00:00:00-04:00,76.43022190468774,81.45082092285156,71.43938808702845,81.45082092285156,83710700,0.0,0.0
2015-08-25 00:00:00-04:00,86.27296996137397,86.98736496845889,82.35372924804688,82.35372924804688,52021200,0.0,0.0
2015-08-26 00:00:00-04:00,85.28075053198025,86.77899509341023,82.61170126332657,86.51110076904297,45124300,0.0,0.0
2015-08-27 00:00:00-04:00,88.40622690477736,89.35875101637897,86.51110293679595,89.03132629394531,42431400,0.0,0.0
2015-08-28 00:00:00-04:00,89.18016241543786,90.76771035199266,89.09086681825119,90.3013687133789,33215900,0.0,0.0
2015-08-31 00:00:00-04:00,89.8945458704457,90.34104650871922,88.19786161297901,88.73365783691406,32850700,0.0,0.0
2015-09-01 00:00:00-04:00,86.17375049229321,88.69397396944238,85.82647724288053,86.55079650878906,36097400,0.0,0.0
2015-09-02 00:00:00-04:00,88.1184862445279,89.19007873535156,86.94767390899587,89.19007873535156,27190500,0.0,0.0
2015-09-03 00:00:00-04:00,89.06109518375473,89.12062557757758,87.0469027795314,87.46363067626953,27048200,0.0,0.0
2015-09-04 00:00:00-04:00,86.52102520275157,87.7017618406824,86.02491838950188,87.5727767944336,27328700,0.0,0.0
2015-09-08 00:00:00-04:00,88.99164355776094,89.53735651631871,88.13833922402696,88.8328857421875,27012500,0.0,0.0
2015-09-09 00:00:00-04:00,90.07315069203362,91.26381157114847,89.46789978173112,89.73580169677734,32551100,0.0,0.0
2015-09-10 00:00:00-04:00,89.368677616408,91.34318053799265,88.93210121505682,91.26380920410156,26437400,0.0,0.0
2015-09-11 00:00:00-04:00,90.96613784672968,91.36302477758574,90.42041737055405,91.33325958251953,21185000,0.0,0.0
2015-09-14 00:00:00-04:00,91.59123229980469,91.89882365435062,90.88676157292264,91.59123229980469,20127900,0.0,0.0
2015-09-15 00:00:00-04:00,91.65077138380803,92.52391661162252,91.07528568889015,92.17664337158203,18859400,0.0,0.0
2015-09-16 00:00:00-04:00,92.1766609298142,92.87120754219559,91.9087589721883,92.72237396240234,16321200,0.0,0.0
2015-09-17 00:00:00-04:00,92.64298973678628,94.76632630806198,92.17664811758277,93.60543060302734,27841800,0.0,0.0
2015-09-18 00:00:00-04:00,92.47429440701687,94.4488047060744,92.32546843923862,93.66495513916016,62300000,0.0,0.0
2015-09-21 00:00:00-04:00,93.88326359458797,95.7386983801661,93.784036167988,94.80602264404297,28790000,0.0,0.0
2015-09-22 00:00:00-04:00,93.03986613236415,93.94278414381401,91.20427248259055,92.23617553710938,36888900,0.0,0.0
2015-09-23 00:00:00-04:00,92.67275791020225,93.58559266604404,92.0774312246528,93.23831939697266,21701400,0.0,0.0
2015-09-24 00:00:00-04:00,92.33538668883143,94.03207088015559,91.52177191457093,93.67488098144531,29106000,0.0,0.0
2015-09-25 00:00:00-04:00,95.04414253733574,95.10367293149353,91.34318244408168,92.04765319824219,28961600,0.0,0.0
2015-09-28 00:00:00-04:00,91.36303682606335,91.5714007889933,87.49340198738976,88.515380859375,41199900,0.0,0.0
2015-09-29 00:00:00-04:00,88.40623480973774,89.35875900651058,85.05255539380906,85.99515533447266,42281800,0.0,0.0
2015-09-30 00:00:00-04:00,87.75137362315539,89.3190653654092,87.32472147032952,89.20000457763672,36169100,0.0,0.0
2015-10-01 00:00:00-04:00,89.34884268470908,90.24182891845703,87.67199918491274,90.24182891845703,29283700,0.0,0.0
2015-10-02 00:00:00-04:00,88.20778841863547,91.48208867737675,87.68191643456419,91.35310363769531,37881700,0.0,0.0
2015-10-05 00:00:00-04:00,92.21634674546112,93.53598525684451,91.93852811148567,93.27801513671875,27292500,0.0,0.0
2015-10-06 00:00:00-04:00,93.34745526474914,93.43675085320292,91.62099818808765,92.07742309570312,22172800,0.0,0.0
2015-10-07 00:00:00-04:00,92.38499739324418,92.93071783325965,90.65854806390406,91.68052673339844,24129300,0.0,0.0
2015-10-08 00:00:00-04:00,91.17449908698097,92.49414487582227,89.76555771558073,91.74998474121094,27290500,0.0,0.0
2015-10-09 00:00:00-04:00,92.1766433251264,93.01009910080352,91.52177872710391,92.51399230957031,20012900,0.0,0.0
2015-10-12 00:00:00-04:00,92.59337119261436,93.86340336669399,91.94843085015516,93.52605438232422,18449600,0.0,0.0
2015-10-13 00:00:00-04:00,92.93073624431909,94.6274207167055,92.8215921346928,93.38715362548828,19480300,0.0,0.0
2015-10-14 00:00:00-04:00,93.34744866874128,94.45872295313856,92.8811071086867,93.3375244140625,19253400,0.0,0.0
2015-10-15 00:00:00-04:00,94.2503659462188,95.5501708850126,94.16107035751719,95.21281433105469,27557500,0.0,0.0
2015-10-16 00:00:00-04:00,95.43111396990471,96.83013135052624,94.60757478209764,96.78052520751953,25412900,0.0,0.0
2015-10-19 00:00:00-04:00,96.42332862321712,97.8025050742693,96.16535093906646,97.70328521728516,23729900,0.0,0.0
2015-10-20 00:00:00-04:00,97.9612455747682,98.81454224989884,95.80813645209022,96.24471282958984,30881800,0.0,0.0
2015-10-21 00:00:00-04:00,96.61184424151531,97.41553486244028,95.71885045716019,96.35386657714844,21917800,0.0,0.0
2015-10-22 00:00:00-04:00,97.02856966932283,98.95346649192584,96.79044052291485,98.89392852783203,26392100,0.0,0.0
2015-10-23 00:00:00-04:00,101.11649900981918,102.04917471448465,99.38012508274242,101.39431762695312,42809700,0.0,0.0
2015-10-26 00:00:00-04:00,101.40423051044729,103.0016950690493,100.75929770342515,102.96200561523438,25961200,0.0,0.0
2015-10-27 00:00:00-04:00,102.13846314602196,103.28942690381297,101.60266693170962,102.89253997802734,23795500,0.0,0.0
2015-10-28 00:00:00-04:00,103.09098946350784,103.66647513988852,102.11861685272707,103.3886489868164,24081500,0.0,0.0
2015-10-29 00:00:00-04:00,103.15051984216562,104.30149119479302,102.7139434573775,104.0633544921875,20316700,0.0,0.0
2015-10-30 00:00:00-04:00,103.6962489274021,103.90461288197955,100.85851733079421,101.176025390625,33487100,0.0,0.0
2015-11-02 00:00:00-05:00,100.92796872449559,102.6643425265824,100.39217247145297,102.50558471679688,24003900,0.0,0.0
2015-11-03 00:00:00-05:00,102.41628898648081,102.84294113721073,101.60267413741317,101.7812728881836,21242300,0.0,0.0
2015-11-04 00:00:00-05:00,102.38652369970126,103.32912359072338,101.68205295283406,103.13068389892578,43469300,0.0,0.0
2015-11-05 00:00:00-05:00,107.95284405494468,109.78843772384994,107.10945642843035,107.91315460205078,63232900,0.0,0.0
2015-11-06 00:00:00-05:00,107.19875834144861,107.89330483402996,105.08534609688904,106.26607513427734,35084300,0.0,0.0
2015-11-09 00:00:00-05:00,106.16684337717459,107.40711023905747,105.03572060473645,105.66081237792969,26383500,0.0,0.0
2015-11-10 00:00:00-05:00,105.13495728582949,107.3079075984239,104.42056224771684,107.06977844238281,25031700,0.0,0.0
2015-11-11 00:00:00-05:00,107.42698073062186,109.01452880654819,106.27601670256455,108.16122436523438,25057100,0.0,0.0
2015-11-12 00:00:00-05:00,107.6353418793613,108.53825237953751,107.15907598861651,107.17891693115234,20924700,0.0,0.0
2015-11-13 00:00:00-05:00,106.87132741876971,107.40712367854405,103.0215413229704,103.1406021118164,30278400,0.0,0.0
2015-11-16 00:00:00-05:00,102.5155015927794,103.35888157908408,99.6876945469397,103.22989654541016,49309200,0.0,0.0
2015-11-17 00:00:00-05:00,103.805377938219,105.37306949755501,103.32911213273245,104.3114013671875,26807200,0.0,0.0
2015-11-18 00:00:00-05:00,104.97620039237488,107.03999889738661,104.56938918865359,106.93085479736328,23836500,0.0,0.0
2015-11-19 00:00:00-05:00,106.52405061209335,106.89117236208818,105.12502582994098,105.4326171875,25520600,0.0,0.0
2015-11-20 00:00:00-05:00,106.00810149337676,107.03008789972282,105.78982085171913,106.48436737060547,22129600,0.0,0.0
2015-11-23 00:00:00-05:00,106.35538526535382,106.63320388059479,105.25402749065603,106.11724853515625,19897200,0.0,0.0
2015-11-24 00:00:00-05:00,105.17464942772685,105.66083200831454,103.57718480723486,104.91667175292969,23577300,0.0,0.0
2015-11-25 00:00:00-05:00,105.5020757389039,105.76997008476596,104.28164965889216,104.58924102783203,15150800,0.0,0.0
2015-11-27 00:00:00-05:00,104.95636146816118,105.13496023269535,104.04352670275966,104.6289291381836,5913100,0.0,0.0
2015-11-30 00:00:00-05:00,105.01589273720936,105.27387041478462,102.94216977013375,103.42835235595703,20383200,0.0,0.0
2015-12-01 00:00:00-05:00,104.0137641630158,106.31569964809397,103.68633182466667,106.28593444824219,22781900,0.0,0.0
2015-12-02 00:00:00-05:00,106.16685378715249,107.0796884702073,104.96627625552821,105.24409484863281,24429100,0.0,0.0
2015-12-03 00:00:00-05:00,105.44253621608252,106.01802192238011,102.54527431332703,103.56725311279297,23236500,0.0,0.0
2015-12-04 00:00:00-05:00,103.99390560165284,106.89117508378474,103.29935910558746,105.35324096679688,21224700,0.0,0.0
2015-12-07 00:00:00-05:00,105.65091785109145,105.998191131253,103.84508922426163,104.78768920898438,15474900,0.0,0.0
2015-12-08 00:00:00-05:00,103.19020290865568,106.07754779671335,103.1405892061851,105.66081237792969,20401800,0.0,0.0
2015-12-09 00:00:00-05:00,105.35323697427994,105.6112146216088,102.74371801510978,103.78553771972656,23517300,0.0,0.0
2015-12-10 00:00:00-05:00,104.23204504177377,105.57153193061838,103.59702892306241,104.59915924072266,17454300,0.0,0.0
2015-12-11 00:00:00-05:00,103.339052096688,103.52756754065274,101.11649566318634,101.32485961914062,26427700,0.0,0.0
2015-12-14 00:00:00-05:00,101.4935360479337,103.92445648354003,100.66999689448734,103.84508514404297,24648100,0.0,0.0
2015-12-15 00:00:00-05:00,104.48009925541896,104.97620607511233,103.46803710405047,103.7359390258789,21764300,0.0,0.0
2015-12-16 00:00:00-05:00,104.54955453417139,106.25615564535696,103.37874212987623,105.95849609375,22680500,0.0,0.0
2015-12-17 00:00:00-05:00,106.65304473028617,106.91102240278089,105.30363354029923,105.39293670654297,21675700,0.0,0.0
2015-12-18 00:00:00-05:00,105.2540130545345,105.76003650432422,103.16044190112598,103.22989654541016,35994200,0.0,0.0
2015-12-21 00:00:00-05:00,104.09313287242553,104.3312620178874,102.79332790305367,103.95421600341797,16138800,0.0,0.0
2015-12-22 00:00:00-05:00,104.40071844513318,104.83729486090485,103.99390722680245,104.68846130371094,14597100,0.0,0.0
2015-12-23 00:00:00-05:00,105.0654911680642,105.28377935811028,103.05129889262022,103.81529998779297,19599700,0.0,0.0
2015-12-24 00:00:00-05:00,103.92445951588738,104.49994527147219,103.68633035046905,104.20227813720703,6501800,0.0,0.0
2015-12-28 00:00:00-05:00,104.20226845700326,105.1548001701674,103.71608591485935,105.10518646240234,13069700,0.0,0.0
2015-12-29 00:00:00-05:00,105.59137182628393,106.90109350439836,105.42269732735757,106.42483520507812,17179900,0.0,0.0
2015-12-30 00:00:00-05:00,106.16686215403763,106.41491557028539,105.23417888654944,105.39293670654297,13115000,0.0,0.0
2015-12-31 00:00:00-05:00,105.17464781298959,105.34332231815635,103.80539568929971,103.84508514404297,18391100,0.0,0.0
2016-01-04 00:00:00-05:00,101.15617036271875,101.44391320621605,98.97330353824177,101.424072265625,37912400,0.0,0.0
2016-01-05 00:00:00-05:00,102.08885735732959,102.90247221178147,100.8783555463182,101.93010711669922,23258200,0.0,0.0
2016-01-06 00:00:00-05:00,100.34255132221384,102.96199442951064,100.11434645005659,102.16822814941406,25096200,0.0,0.0
2016-01-07 00:00:00-05:00,99.71746755052955,100.64022650827431,96.54238703462772,97.15755462646484,45172900,0.0,0.0
2016-01-08 00:00:00-05:00,99.10229131368604,99.71746646883909,96.27448407707497,96.57215118408203,35402300,0.0,0.0
2016-01-11 00:00:00-05:00,97.14763462409908,97.83225684228596,94.64725217945063,96.75074768066406,29932400,0.0,0.0
2016-01-12 00:00:00-05:00,98.2291459447009,99.18167008788721,96.79043925936502,98.59626770019531,28395400,0.0,0.0
2016-01-13 00:00:00-05:00,99.79685426156115,99.79685426156115,94.46866404751638,94.6968765258789,33410600,0.0,0.0
2016-01-14 00:00:00-05:00,95.10365986235071,98.10014878966683,91.73013254053271,97.60404205322266,48658600,0.0,0.0
2016-01-15 00:00:00-05:00,93.24824040966828,95.62954706903434,92.81166398945618,94.23052978515625,46132800,0.0,0.0
2016-01-19 00:00:00-05:00,95.77838037769398,96.66144990173449,93.18870220090444,94.51827239990234,30998300,0.0,0.0
2016-01-20 00:00:00-05:00,92.10719502678985,94.260296832374,88.67413670318844,93.6153564453125,59051400,0.0,0.0
2016-01-21 00:00:00-05:00,94.17099428969338,95.24257920037907,91.89882428844395,93.42683410644531,30518900,0.0,0.0
2016-01-22 00:00:00-05:00,95.65931314302624,97.30638371950066,94.74647091282333,97.17739868164062,30495400,0.0,0.0
2016-01-25 00:00:00-05:00,97.95132293515347,98.70540735327344,96.17525977102267,96.254638671875,32482000,0.0,0.0
2016-01-26 00:00:00-05:00,96.99879720505635,97.11785798434569,94.91515029761926,96.58206176757812,26877100,0.0,0.0
2016-01-27 00:00:00-05:00,97.0285742665037,97.08810466342895,93.49629607580232,93.7145767211914,58699400,0.0,0.0
2016-01-28 00:00:00-05:00,106.36529772230153,109.48084790360475,103.99390776079983,108.26042938232422,107475300,0.0,0.0
2016-01-29 00:00:00-05:00,108.14135941151464,111.96138030227671,107.99252585577293,111.33628845214844,62739500,0.0,0.0
2016-02-01 00:00:00-05:00,111.39582078437658,114.81896234603114,111.13785069125814,114.19386291503906,46132700,0.0,0.0
2016-02-02 00:00:00-05:00,113.90613624637021,116.67440581891911,112.31858826398988,113.71761322021484,59778600,0.0,0.0
2016-02-03 00:00:00-05:00,114.3724509456468,114.44190559035616,108.89543555859706,111.81254577636719,56919300,0.0,0.0
2016-02-04 00:00:00-05:00,110.92948948183255,111.06839878771405,108.399341637582,109.62968444824219,38890200,0.0,0.0
2016-02-05 00:00:00-05:00,108.65731071302814,108.72676536047551,102.37659696675937,103.2596664428711,76894700,0.0,0.0
2016-02-08 00:00:00-05:00,99.62817702575454,101.8804986984469,96.70114219288475,98.97331237792969,71229700,0.0,0.0
2016-02-09 00:00:00-05:00,96.38363174956366,101.60267758120673,96.0661236896532,98.76494598388672,62709000,0.0,0.0
2016-02-10 00:00:00-05:00,100.75929779849145,102.44605795227655,99.45949278729114,100.21357727050781,45179400,0.0,0.0
2016-02-11 00:00:00-05:00,98.82447462488635,104.2915737678292,98.11007961027447,101.11649322509766,43670600,0.0,0.0
2016-02-12 00:00:00-05:00,102.9322465832525,103.42835343067323,100.30287877792478,101.2157211303711,36176800,0.0,0.0
2016-02-16 00:00:00-05:00,102.9917827740371,103.12076782694282,99.45949693380537,100.81883239746094,45687200,0.0,0.0
2016-02-17 00:00:00-05:00,101.22563487315226,104.89682997929619,99.61825357904733,104.38087463378906,44073400,0.0,0.0
2016-02-18 00:00:00-05:00,104.97619654489043,105.17463622675679,102.22776077411079,102.66433715820312,29593500,0.0,0.0
2016-02-19 00:00:00-05:00,101.75150731813467,104.20226854195381,101.26531720560541,103.75577545166016,32404500,0.0,0.0
2016-02-22 00:00:00-05:00,104.66861243409203,107.40712413913008,104.51977887740718,106.32561492919922,35709700,0.0,0.0
2016-02-23 00:00:00-05:00,106.01801594592897,106.63319107005005,104.30149074941203,104.63883972167969,25319300,0.0,0.0
2016-02-24 00:00:00-05:00,103.39858937889919,106.11725281334864,101.94003402009187,106.04779815673828,34412400,0.0,0.0
2016-02-25 00:00:00-05:00,106.2759991085237,107.22852325439453,104.78767871122758,107.22852325439453,29906300,0.0,0.0
2016-02-26 00:00:00-05:00,107.85360673186109,108.59776687279846,106.32560457072616,107.07968139648438,26686200,0.0,0.0
2016-02-29 00:00:00-05:00,106.76218420339289,108.06198919568611,105.91880413876822,106.08747863769531,32779000,0.0,0.0
2016-03-01 00:00:00-05:00,106.99040170419758,108.96490478515625,106.76218922961935,108.96490478515625,26817300,0.0,0.0
2016-03-02 00:00:00-05:00,108.82599297552747,109.68922157258062,107.9230749242431,109.09388732910156,25670200,0.0,0.0
2016-03-03 00:00:00-05:00,109.39155746727499,109.44117117892945,107.69487299454866,108.72677612304688,21353100,0.0,0.0
2016-03-04 00:00:00-05:00,109.19310629532474,109.19310629532474,107.08961080387037,107.54602813720703,24938900,0.0,0.0
2016-03-07 00:00:00-05:00,107.22852986945963,107.22852986945963,103.90461562443959,104.90675354003906,31436400,0.0,0.0
2016-03-08 00:00:00-05:00,103.96413931370671,106.5339764621596,103.58710087265474,105.10518646240234,25617000,0.0,0.0
2016-03-09 00:00:00-05:00,105.86919151985784,106.67288970947266,104.66861393338398,106.67288970947266,20493300,0.0,0.0
2016-03-10 00:00:00-05:00,107.06977735365766,107.81393758245987,104.94643320308516,106.48436737060547,24854300,0.0,0.0
2016-03-11 00:00:00-05:00,107.63532372351513,108.56799926516682,107.07967901637367,108.5580825805664,20697600,0.0,0.0
2016-03-14 00:00:00-04:00,108.42909665680641,109.47092392310171,107.92306562146393,109.03434753417969,17249400,0.0,0.0
2016-03-15 00:00:00-04:00,108.26042257792481,109.96703111927057,107.99252067644052,109.80827331542969,17618500,0.0,0.0
2016-03-16 00:00:00-04:00,109.62968271391074,111.62403424535815,109.24272000079264,111.30652618408203,24744800,0.0,0.0
2016-03-17 00:00:00-04:00,111.27676199065431,111.81255826826744,109.86782042914724,110.15555572509766,24241200,0.0,0.0
2016-03-18 00:00:00-04:00,110.69135083165494,111.54465516438285,109.41139433256309,110.58220672607422,36256900,0.0,0.0
2016-03-21 00:00:00-04:00,110.79057239626783,111.49504313233896,110.16547299370596,110.97908782958984,18448000,0.0,0.0
2016-03-22 00:00:00-04:00,110.49292220220276,112.0010837495217,110.30439917004162,111.37599182128906,19001100,0.0,0.0
2016-03-23 00:00:00-04:00,111.13785477520462,112.3086672031146,111.12793051895407,111.66372680664062,18562000,0.0,0.0
2016-03-24 00:00:00-04:00,111.25691173448011,112.20943591197536,110.81041862846303,112.16975402832031,17839100,0.0,0.0
2016-03-28 00:00:00-04:00,112.4376344413376,113.69774226589973,112.0705127181244,112.80475616455078,21351800,0.0,0.0
2016-03-29 00:00:00-04:00,112.94366877749844,115.41427836599395,112.75514578299868,115.23567962646484,29825300,0.0,0.0
2016-03-30 00:00:00-04:00,115.82109228222087,116.07906235763531,113.46954341794432,113.80689239501953,33235200,0.0,0.0
2016-03-31 00:00:00-04:00,113.80689738834467,114.11448875327866,112.88413843352072,113.2115707397461,21207500,0.0,0.0
2016-04-01 00:00:00-04:00,112.86429250347221,115.26544750301252,112.46740556528643,115.15630340576172,24760500,0.0,0.0
2016-04-04 00:00:00-04:00,113.18181411087858,113.65808000780504,110.74096936785585,111.67365264892578,48487900,0.0,0.0
2016-04-05 00:00:00-04:00,111.23707781191645,112.43765547295523,111.0287138446277,111.34622192382812,22962400,0.0,0.0
2016-04-06 00:00:00-04:00,111.59426510142997,112.92382769538845,111.54465139330178,112.8246078491211,20814600,0.0,0.0
2016-04-07 00:00:00-04:00,112.90399103073624,113.99542452099685,112.18959599856876,112.75515747070312,20714500,0.0,0.0
2016-04-08 00:00:00-04:00,113.36040895500463,113.43978786341171,109.04428111272881,109.76859283447266,48497800,0.0,0.0
2016-04-11 00:00:00-04:00,109.83803400904426,110.04640551054175,107.92306160614096,108.14134979248047,39762300,0.0,0.0
2016-04-12 00:00:00-04:00,108.48864078833881,110.29447696396058,108.14136751225374,109.7487564086914,26248100,0.0,0.0
2016-04-13 00:00:00-04:00,111.3561371291504,111.77286502985555,105.69059073675174,109.64952850341797,88227400,0.0,0.0
2016-04-14 00:00:00-04:00,109.75867096629153,111.16761245904358,109.40147346531369,109.9769515991211,28473300,0.0,0.0
2016-04-15 00:00:00-04:00,109.92735554526004,110.10595431213251,108.34973184288823,108.78630828857422,20922800,0.0,0.0
2016-04-18 00:00:00-04:00,108.88553312406196,109.94720151736875,108.34973679893658,109.59000396728516,21167200,0.0,0.0
2016-04-19 00:00:00-04:00,110.23492053253355,111.57440727022639,108.31003145177039,111.41565704345703,30210500,0.0,0.0
2016-04-20 00:00:00-04:00,111.55458673219539,112.38804260763429,110.69135808692813,111.54466247558594,21027900,0.0,0.0
2016-04-21 00:00:00-04:00,111.67364739141743,113.15204358458364,111.43551066917068,112.55671691894531,20875200,0.0,0.0
2016-04-22 00:00:00-04:00,110.3440675160099,110.87986373912106,108.16120074332467,109.69912719726562,38458200,0.0,0.0
2016-04-25 00:00:00-04:00,109.01450904342269,109.80827536749455,108.22073514936196,109.24271392822266,21017900,0.0,0.0
2016-04-26 00:00:00-04:00,109.62967991227436,109.6396041679951,107.30790369289983,107.91315460205078,22521500,0.0,0.0
2016-04-27 00:00:00-04:00,107.09953726404571,108.09175085346251,105.48222426850342,108.0421371459961,52213100,0.0,0.0
2016-04-28 00:00:00-04:00,118.64891342516964,119.84949106708139,115.32499911805996,115.82110595703125,87110100,0.0,0.0
2016-04-29 00:00:00-04:00,115.91039762741411,116.92245221383175,114.9380249251789,116.66448211669922,37140600,0.0,0.0
2016-05-02 00:00:00-04:00,116.91254587917321,117.8055397521302,115.6623544570334,117.64678192138672,28095200,0.0,0.0
2016-05-03 00:00:00-04:00,116.6049511173078,117.23997485200805,116.10884426550342,116.51565551757812,24117500,0.0,0.0
2016-05-04 00:00:00-04:00,115.70202516105729,117.37886851904005,115.66233570980452,117.14073181152344,23448400,0.0,0.0
2016-05-05 00:00:00-04:00,117.1208974014546,118.05358063292836,116.33704772798038,116.89268493652344,22056700,0.0,0.0
2016-05-06 00:00:00-04:00,116.24774889749906,118.70843438393241,116.1981351895513,118.55960083007812,26395600,0.0,0.0
2016-05-09 00:00:00-04:00,118.60922107920273,119.34345706339016,117.9742049463937,118.31155395507812,21138100,0.0,0.0
2016-05-10 00:00:00-04:00,118.6885994041239,119.5617446899414,118.07342421662264,119.5617446899414,23220000,0.0,0.0
2016-05-11 00:00:00-04:00,119.47244014387424,120.13722142201827,118.49014325468836,118.58936309814453,22038400,0.0,0.0
2016-05-12 00:00:00-04:00,119.04579291097554,119.89908965586172,117.97420038950575,119.34345245361328,22035500,0.0,0.0
2016-05-13 00:00:00-04:00,119.44267481217459,119.70065247720866,118.74812829476276,118.87711334228516,18124300,0.0,0.0
2016-05-16 00:00:00-04:00,118.45045769112316,118.67867015155274,116.43626527989615,117.74598693847656,31247800,0.0,0.0
2016-05-17 00:00:00-04:00,117.89483468610479,118.08335771654644,116.28744572389421,116.436279296875,21328600,0.0,0.0
2016-05-18 00:00:00-04:00,115.89056001658922,117.34910775688387,115.82110536228947,116.73394012451172,21642300,0.0,0.0
2016-05-19 00:00:00-04:00,116.1386036307184,116.57517246232455,114.97770797829413,115.90046691894531,20544100,0.0,0.0
2016-05-20 00:00:00-04:00,116.04931654911893,117.07129547626906,116.03939229225621,116.436279296875,18944800,0.0,0.0
2016-05-23 00:00:00-04:00,116.50571562127348,116.68431436674764,115.03724377625375,115.06700897216797,20441000,0.0,0.0
2016-05-24 00:00:00-04:00,115.33490785678629,116.81331158543729,115.21584706843093,116.78353881835938,20183600,0.0,0.0
2016-05-25 00:00:00-04:00,117.21019030256372,117.74598655706407,116.46603009964473,116.97206115722656,20019800,0.0,0.0
2016-05-26 00:00:00-04:00,117.3193383001902,118.82750726737876,117.00183023920144,118.53976440429688,18481300,0.0,0.0
2016-05-27 00:00:00-04:00,118.62907638219492,118.91681928501775,118.08336334855743,118.45047760009766,13493600,0.0,0.0
2016-05-31 00:00:00-04:00,118.52983567832791,119.16485177635766,117.20027308869969,117.88489532470703,23547600,0.0,0.0
2016-06-01 00:00:00-04:00,117.5773144530974,118.15280017185933,116.90260888592563,117.85513305664062,15029500,0.0,0.0
2016-06-02 00:00:00-04:00,117.76583813362093,118.50999835590939,117.2994965164552,118.00396728515625,13228300,0.0,0.0
2016-06-03 00:00:00-04:00,118.05356978000638,118.05356978000638,116.94228789509361,117.54753875732422,14135100,0.0,0.0
2016-06-06 00:00:00-04:00,117.69636916040731,118.50005968028488,117.43839152847578,117.86504364013672,12744700,0.0,0.0
2016-06-07 00:00:00-04:00,118.31155053925929,118.37108850435892,116.7537754506264,116.84307861328125,17103000,0.0,0.0
2016-06-08 00:00:00-04:00,116.8430783090163,117.67653411834874,116.3568881835832,117.46817016601562,14505600,0.0,0.0
2016-06-09 00:00:00-04:00,117.2101962754921,117.75591681343775,116.79346835741875,117.63684844970703,13859200,0.0,0.0
2016-06-10 00:00:00-04:00,116.62477152119097,117.19033289313444,115.35473949787846,115.7119369506836,18510800,0.0,0.0
2016-06-13 00:00:00-04:00,114.10456381756032,114.58082967559399,112.4277204138449,113.06273651123047,31718200,0.0,0.0
2016-06-14 00:00:00-04:00,113.18181530985923,114.05496063181943,112.69563272138059,114.0450439453125,17618500,0.0,0.0
2016-06-15 00:00:00-04:00,114.40224917902974,114.5411584993728,113.18182292745546,113.70769500732422,19819400,0.0,0.0
2016-06-16 00:00:00-04:00,112.98336561212321,113.60845745633758,112.0606066592416,113.49931335449219,19236300,0.0,0.0
2016-06-17 00:00:00-04:00,113.52907704010575,113.53900129559295,111.68355915890936,112.13997650146484,24644300,0.0,0.0
2016-06-20 00:00:00-04:00,112.88414595270305,113.82675348159424,111.87209133967171,112.48726654052734,20785400,0.0,0.0
2016-06-21 00:00:00-04:00,113.231425041676,114.31293429210635,113.08259147941776,113.48939514160156,19166300,0.0,0.0
2016-06-22 00:00:00-04:00,113.75729198260645,113.84658757397614,112.72538891906295,113.02305603027344,14846300,0.0,0.0
2016-06-23 00:00:00-04:00,113.47948152578228,114.19386901796958,112.65594235299555,114.18395233154297,16176900,0.0,0.0
2016-06-24 00:00:00-04:00,110.14563762269253,112.79484620850086,110.13571336675618,111.20730590820312,40643100,0.0,0.0
2016-06-27 00:00:00-04:00,110.70128274402362,110.70128274402362,107.38729260351825,108.12152862548828,36130400,0.0,0.0
2016-06-28 00:00:00-04:00,109.76858224480168,111.8720776947232,109.68921091404113,111.82246398925781,26813800,0.0,0.0
2016-06-29 00:00:00-04:00,112.48725328958129,113.36039849149712,112.1598210001171,113.27110290527344,20968300,0.0,0.0
2016-06-30 00:00:00-04:00,113.7771299287211,114.28316097646149,112.78491634412602,113.39016723632812,23192700,0.0,0.0
2016-07-01 00:00:00-04:00,113.31078948828944,114.23354843417259,112.92382679195029,113.30087280273438,14980000,0.0,0.0
2016-07-05 00:00:00-04:00,113.05281331588932,113.31078338623047,112.09036496964913,113.31078338623047,14207000,0.0,0.0
2016-07-06 00:00:00-04:00,112.47733851561046,115.88063159391584,112.09037580271186,115.79132843017578,24337600,0.0,0.0
2016-07-07 00:00:00-04:00,115.7218777226838,116.05923430721589,114.46176969131845,114.94795227050781,16630200,0.0,0.0
2016-07-08 00:00:00-04:00,115.52343491975275,116.58510321645622,114.94794918920599,116.3271255493164,18142600,0.0,0.0
2016-07-11 00:00:00-04:00,116.7934592960603,117.77574861816265,116.58509535318944,116.95221710205078,17711600,0.0,0.0
2016-07-12 00:00:00-04:00,117.70628807965966,117.79559123355713,116.65454416257062,117.0117416381836,15217700,0.0,0.0
2016-07-13 00:00:00-04:00,117.46817690986019,117.47810116625224,115.77149242632183,115.87071228027344,16207700,0.0,0.0
2016-07-14 00:00:00-04:00,116.58509581625707,116.72400511205605,115.79132192312956,116.3767318725586,14579700,0.0,0.0
2016-07-15 00:00:00-04:00,116.82322610662959,117.35902235426865,115.67226227724821,115.95008087158203,16646000,0.0,0.0
2016-07-18 00:00:00-04:00,116.40651065059349,118.67868092553906,115.97985845800564,118.4405517578125,20868400,0.0,0.0
2016-07-19 00:00:00-04:00,118.06350194471125,119.90901996824144,117.73607718827036,119.67089080810547,21541300,0.0,0.0
2016-07-20 00:00:00-04:00,120.3058913544666,121.24849118656805,119.62126159157887,120.97067260742188,20046500,0.0,0.0
2016-07-21 00:00:00-04:00,120.97068828758498,121.14928705018434,119.31369328290675,119.67089080810547,17801700,0.0,0.0
2016-07-22 00:00:00-04:00,118.96642017910355,120.06777795499686,118.38101017921933,120.05785369873047,18422400,0.0,0.0
2016-07-25 00:00:00-04:00,120.44481609165388,120.9012334687872,116.86292415829227,120.68294525146484,18487400,0.0,0.0
2016-07-26 00:00:00-04:00,121.05006373143725,121.11951838323769,119.80979668500859,120.27613830566406,17612000,0.0,0.0
2016-07-27 00:00:00-04:00,121.46678870577966,124.02670164451995,120.5638782542019,122.37962341308594,52654200,0.0,0.0
2016-07-28 00:00:00-04:00,126.52708566334518,127.33078389504459,122.66737503786524,124.0267105102539,78955800,0.0,0.0
2016-07-29 00:00:00-04:00,123.67942342640143,124.86015243104137,122.74674024509879,122.9749526977539,35058800,0.0,0.0
2016-08-01 00:00:00-04:00,122.88566178180731,123.60998109327238,121.90337236597567,123.34207916259766,25006900,0.0,0.0
2016-08-02 00:00:00-04:00,123.09402500549135,123.82826856886652,121.11952192936458,122.13157653808594,23968400,0.0,0.0
2016-08-03 00:00:00-04:00,122.13157711390133,122.95511627752165,121.35765166182037,121.55609893798828,18525300,0.0,0.0
2016-08-04 00:00:00-04:00,121.98274397254764,123.81833764211724,121.55609181627024,123.39168548583984,21066000,0.0,0.0
2016-08-05 00:00:00-04:00,124.006870228374,124.86016703684247,123.64967269460128,124.17554473876953,20184000,0.0,0.0
2016-08-08 00:00:00-04:00,124.2747589714972,124.47319867239807,123.58021244835484,124.28468322753906,15233900,0.0,0.0
2016-08-09 00:00:00-04:00,124.36406130008176,125.10822157373947,123.56037062692816,124.08624267578125,19621000,0.0,0.0
2016-08-10 00:00:00-04:00,124.09616156671004,124.50297279898169,123.57028954059452,123.90763854980469,10670100,0.0,0.0
2016-08-11 00:00:00-04:00,124.2251497965935,124.40374856192045,123.77865666827094,123.927490234375,11729500,0.0,0.0
2016-08-12 00:00:00-04:00,123.72903978904947,124.02670691363797,123.21309201908409,123.90763854980469,12159000,0.0,0.0
2016-08-15 00:00:00-04:00,123.93741011855553,123.94732680462025,122.73682494566235,122.93527221679688,19295100,0.0,0.0
2016-08-16 00:00:00-04:00,122.53838262903855,122.95511053454233,121.82398760818111,122.3399429321289,14222400,0.0,0.0
2016-08-17 00:00:00-04:00,122.69713297658149,123.41152038398009,121.89343484202634,123.40160369873047,13794200,0.0,0.0
2016-08-18 00:00:00-04:00,123.0444255464864,123.29247897650592,122.6773037448611,122.94520568847656,12400800,0.0,0.0
2016-08-19 00:00:00-04:00,122.63758983991484,123.19323455998425,122.32008181558452,122.597900390625,11688300,0.0,0.0
2016-08-22 00:00:00-04:00,122.36971940629732,123.85803998023917,122.15143117758745,123.18333435058594,14386400,0.0,0.0
2016-08-23 00:00:00-04:00,123.5405129921126,124.11599110612907,123.28253534583632,123.40160369873047,13309500,0.0,0.0
2016-08-24 00:00:00-04:00,123.50082877928679,123.71911698385676,122.13156915788929,122.51853942871094,12243700,0.0,0.0
2016-08-25 00:00:00-04:00,122.16133004402,123.4015969311913,122.1414815346318,122.92533111572266,10730800,0.0,0.0
2016-08-26 00:00:00-04:00,123.08410430014963,124.21522723707574,122.94519499701761,123.98701477050781,17504800,0.0,0.0
2016-08-29 00:00:00-04:00,123.38175267516026,125.74322575453435,123.38175267516026,125.55470275878906,15925900,0.0,0.0
2016-08-30 00:00:00-04:00,125.61423763818392,125.61423763818392,124.17553097604784,124.86015319824219,17804300,0.0,0.0
2016-08-31 00:00:00-04:00,124.62202990480637,125.23720507808893,124.12592309183341,125.13798522949219,14200600,0.0,0.0
2016-09-01 00:00:00-04:00,125.39594786399745,125.6440012557311,124.62202249298667,125.18758392333984,13536100,0.0,0.0
2016-09-02 00:00:00-04:00,125.86229711983339,125.87222137570421,125.01891705055368,125.52494812011719,12118800,0.0,0.0
2016-09-06 00:00:00-04:00,125.68370764869786,128.92825068912504,125.48526793655721,128.71987915039062,26278400,0.0,0.0
2016-09-07 00:00:00-04:00,129.02745657322828,130.9523534794418,128.9381609781925,130.02960205078125,27990800,0.0,0.0
2016-09-08 00:00:00-04:00,129.90060908526553,130.05936690266986,128.7992513294885,129.25567626953125,15676600,0.0,0.0
2016-09-09 00:00:00-04:00,128.70003732683477,128.9381589097769,126.1103515625,126.1103515625,27100700,0.0,0.0
2016-09-12 00:00:00-04:00,124.97921904486576,127.7574124694424,124.77085510577166,127.6879653930664,21252800,0.0,0.0
2016-09-13 00:00:00-04:00,127.0331202505507,127.35063590536699,125.67379231082029,126.2195053100586,18016200,0.0,0.0
2016-09-14 00:00:00-04:00,125.9019935397644,127.7971253065271,125.9019935397644,126.77513885498047,15691100,0.0,0.0
2016-09-15 00:00:00-04:00,126.98349471275978,128.09477662492085,126.67590336163245,127.35061645507812,15077200,0.0,0.0
2016-09-16 00:00:00-04:00,127.20179672165915,128.1741619345292,127.20179672165915,128.06503295898438,24119200,0.0,0.0
2016-09-19 00:00:00-04:00,128.89846844040872,128.92823363629392,127.26130696683522,127.64826965332031,14958800,0.0,0.0
2016-09-20 00:00:00-04:00,127.64827575560084,128.16423107557227,127.03310815792838,127.63835906982422,11083800,0.0,0.0
2016-09-21 00:00:00-04:00,128.12453215584014,128.99766972740855,127.3902887265888,128.92822265625,14068300,0.0,0.0
2016-09-22 00:00:00-04:00,129.4838512324393,129.7120560797095,128.55116819580192,129.06712341308594,15538300,0.0,0.0
2016-09-23 00:00:00-04:00,126.56677420907059,127.59868491148471,126.30880410345667,126.96366119384766,28326300,0.0,0.0
2016-09-26 00:00:00-04:00,126.37826355640784,127.16211329935682,125.81270204187376,126.3187255859375,15064900,0.0,0.0
2016-09-27 00:00:00-04:00,126.61637293202074,128.0054658593147,126.43777418851313,127.6879653930664,15637100,0.0,0.0
2016-09-28 00:00:00-04:00,128.20395202513592,128.46192216327705,127.40024612788713,128.22378540039062,12047600,0.0,0.0
2016-09-29 00:00:00-04:00,128.17415299072167,128.28329709863056,126.55685502440868,127.09264373779297,14532200,0.0,0.0
2016-09-30 00:00:00-04:00,127.03311113973648,127.58874835583497,126.45762541164058,127.27124786376953,18402900,0.0,0.0
2016-10-03 00:00:00-04:00,127.38039415186272,128.08485737006293,126.80490841390852,127.7673568725586,13156900,0.0,0.0
2016-10-04 00:00:00-04:00,128.16422910406263,128.27337320583962,126.55684791423616,127.19186401367188,14307500,0.0,0.0
2016-10-05 00:00:00-04:00,127.25140020203317,127.79712073576863,126.83467228717484,127.46968841552734,12386800,0.0,0.0
2016-10-06 00:00:00-04:00,127.42996520204137,128.05506451584873,127.08269958101833,127.73756408691406,11682700,0.0,0.0
2016-10-07 00:00:00-04:00,128.03522478426652,128.24359628314414,127.3307616699182,127.98562622070312,12804400,0.0,0.0
2016-10-10 00:00:00-04:00,128.6702692245395,129.68233146821854,128.1940108733882,129.22592163085938,15138700,0.0,0.0
2016-10-11 00:00:00-04:00,129.21597465565685,129.62278587081417,127.23154742852253,127.87649536132812,17537900,0.0,0.0
2016-10-12 00:00:00-04:00,128.00546899388598,128.6504169073338,127.45976363478572,128.045166015625,11073000,0.0,0.0
2016-10-13 00:00:00-04:00,127.2117001508129,127.25138202942732,125.7630617717732,126.8247299194336,17139300,0.0,0.0
2016-10-14 00:00:00-04:00,127.48953583871644,127.94594563395772,126.58661779424621,126.88427734375,13345300,0.0,0.0
2016-10-17 00:00:00-04:00,127.20177780212492,127.46967970765357,126.32863257778499,126.54692077636719,11351700,0.0,0.0
2016-10-18 00:00:00-04:00,127.67804528798368,128.3825236414781,127.01326395890014,127.56891632080078,13504000,0.0,0.0
2016-10-19 00:00:00-04:00,127.73758081932192,129.45410606116167,127.5986715247218,129.09690856933594,16752300,0.0,0.0
2016-10-20 00:00:00-04:00,129.05723993437937,129.64264236885265,128.49167087261492,128.98777770996094,13167500,0.0,0.0
2016-10-21 00:00:00-04:00,128.76947888779267,131.1011868873239,128.69009998355565,131.04165649414062,19088800,0.0,0.0
2016-10-24 00:00:00-04:00,131.68658086338294,132.37121062122236,131.12101188430623,132.24221801757812,17470200,0.0,0.0
2016-10-25 00:00:00-04:00,132.46051861661175,132.46051861661175,131.1904863908867,131.2599334716797,13336800,0.0,0.0
2016-10-26 00:00:00-04:00,130.61498748977348,131.23015502890016,129.92044105205358,130.0196533203125,13084700,0.0,0.0
2016-10-27 00:00:00-04:00,130.7142320560537,130.7737624528186,128.26346312270582,128.68019104003906,16741400,0.0,0.0
2016-10-28 00:00:00-04:00,129.48387338028624,131.93464215661328,128.91830436729794,130.26771545410156,24545500,0.0,0.0
2016-10-31 00:00:00-04:00,130.9820938287681,131.0912379153209,129.8609029105175,129.9700469970703,15669000,0.0,0.0
2016-11-01 00:00:00-04:00,130.38680042140186,130.91267244890332,127.64828103594482,128.49166870117188,22077800,0.0,0.0
2016-11-02 00:00:00-04:00,129.21597314043396,129.21597314043396,125.29673244079744,126.17980194091797,39640900,0.0,0.0
2016-11-03 00:00:00-04:00,121.05006294250488,122.32009517857223,118.5695288658142,119.06563568115234,63766300,0.0,0.0
2016-11-04 00:00:00-04:00,118.65882771754903,120.98061161348596,118.32147870744977,119.80979919433594,30545500,0.0,0.0
2016-11-07 00:00:00-05:00,121.87360389718934,122.25064235729438,120.40512437101032,121.19889831542969,23008900,0.0,0.0
2016-11-08 00:00:00-05:00,121.07981935431302,123.63973215250029,120.5936368301575,123.25276947021484,19460800,0.0,0.0
2016-11-09 00:00:00-05:00,120.55395935411892,122.84597047993641,119.57166995305278,122.22087860107422,31916000,0.0,0.0
2016-11-10 00:00:00-05:00,122.96503135026614,123.21308474945816,114.37245796865996,119.85940551757812,67846700,0.0,0.0
2016-11-11 00:00:00-05:00,118.59929278453474,119.76018090310927,117.23004071416393,118.09326171875,32840100,0.0,0.0
2016-11-14 00:00:00-05:00,118.20241320130378,118.20241320130378,112.6658666094118,114.18395233154297,51377000,0.0,0.0
2016-11-15 00:00:00-05:00,115.8211033795011,117.56739396342483,114.92810957522791,116.28743743896484,34681400,0.0,0.0
2016-11-16 00:00:00-05:00,113.58862496396593,116.96214540651357,113.32072303224069,115.43413543701172,32397900,0.0,0.0
2016-11-17 00:00:00-05:00,115.90046065639307,116.87283325195312,115.10669437000648,116.87283325195312,18597800,0.0,0.0
2016-11-18 00:00:00-05:00,117.46817640261798,118.20241240267696,115.93024217804526,116.10884094238281,22879300,0.0,0.0
2016-11-21 00:00:00-05:00,117.2796437805873,121.00044475801697,116.88276439898598,120.82184600830078,35415400,0.0,0.0
2016-11-22 00:00:00-05:00,121.44695949159228,122.02244525959087,119.95863892814137,120.52420043945312,26089200,0.0,0.0
2016-11-23 00:00:00-05:00,120.28605626114185,120.36542759476401,119.00609982787189,119.89908599853516,15672100,0.0,0.0
2016-11-25 00:00:00-05:00,120.06778749289792,120.19677255464907,119.13510414949535,119.44268798828125,8658600,0.0,0.0
2016-11-28 00:00:00-05:00,119.18469216493816,120.74246710706365,118.88702507740294,119.4724349975586,18101300,0.0,0.0
2016-11-29 00:00:00-05:00,119.63121163094415,121.14929745846703,119.4625371101061,119.92887878417969,18891000,0.0,0.0
2016-11-30 00:00:00-05:00,119.38313203208514,120.84168713733484,117.0315832328062,117.4979248046875,30188900,0.0,0.0
2016-12-01 00:00:00-05:00,117.45825614089267,117.52771079771992,113.11236282086625,114.20379638671875,43277000,0.0,0.0
2016-12-02 00:00:00-05:00,114.21371434622446,115.57304977774207,113.41002370867923,114.50145721435547,25070400,0.0,0.0
2016-12-05 00:00:00-05:00,115.04717590544162,116.65456483048416,114.17403057146223,116.51565551757812,20201500,0.0,0.0
2016-12-06 00:00:00-05:00,116.7736219435533,116.88276604602834,115.42421083112458,116.39657592773438,19131200,0.0,0.0
2016-12-07 00:00:00-05:00,116.08899341278253,117.0315933227539,115.66234125385051,117.0315933227539,21913700,0.0,0.0
2016-12-08 00:00:00-05:00,117.06137184561776,118.56953328972091,116.72401526220642,117.984130859375,22442800,0.0,0.0
2016-12-09 00:00:00-05:00,118.29170582434912,119.00610082284368,118.02380391491917,118.74812316894531,17464700,0.0,0.0
2016-12-12 00:00:00-05:00,118.29170342005602,118.31154436072696,116.73392841277415,116.85298919677734,17805500,0.0,0.0
2016-12-13 00:00:00-05:00,116.94229445150398,120.5737922585003,116.6942410537314,119.37321472167969,29768000,0.0,0.0
2016-12-14 00:00:00-05:00,119.06564573295596,120.74248933275852,117.92459844735049,119.27400970458984,25913100,0.0,0.0
2016-12-15 00:00:00-05:00,119.14501251737602,121.5461676450773,118.69851184933941,119.63119506835938,20139600,0.0,0.0
2016-12-16 00:00:00-05:00,119.95863198711135,120.55395866404703,118.34131889028194,118.93665313720703,25324300,0.0,0.0
2016-12-19 00:00:00-05:00,118.91680488947257,119.42283597248864,117.58724222702537,118.31155395507812,15918100,0.0,0.0
2016-12-20 00:00:00-05:00,118.56953095590569,118.83742531011535,117.87498443018485,118.1627197265625,13684400,0.0,0.0
2016-12-21 00:00:00-05:00,117.99404504052846,118.27186365038676,117.55747618360371,118.11311340332031,10767600,0.0,0.0
2016-12-22 00:00:00-05:00,117.93451666056797,118.06350171163918,116.01954398702895,116.48588562011719,16258600,0.0,0.0
2016-12-23 00:00:00-05:00,116.08899347093742,116.64463067541033,115.39444696534628,116.35688781738281,10890000,0.0,0.0
2016-12-27 00:00:00-05:00,116.04930577353751,117.75591443594074,115.95008592409322,117.09113311767578,12051500,0.0,0.0
2016-12-28 00:00:00-05:00,117.26973626862821,117.32926666652746,115.7417263059677,116.0096206665039,12087400,0.0,0.0
2016-12-29 00:00:00-05:00,116.08900169158137,116.61487373590899,115.15631840089334,115.44406127929688,9934900,0.0,0.0
2016-12-30 00:00:00-05:00,115.69211676794068,115.92032925143643,113.87636386661526,114.15419006347656,18684100,0.0,0.0
2017-01-03 00:00:00-05:00,115.12654177410039,116.92244595175039,114.61059403747888,115.95008087158203,20663900,0.0,0.0
2017-01-04 00:00:00-05:00,116.63471568606668,118.72828705907143,116.37673802167089,117.76583862304688,19630900,0.0,0.0
2017-01-05 00:00:00-05:00,117.93451111990012,120.00823394579456,117.39871485833196,119.73041534423828,19492200,0.0,0.0
2017-01-06 00:00:00-05:00,120.03802455857614,122.91543841959965,119.0954169403182,122.44910430908203,28545300,0.0,0.0
2017-01-09 00:00:00-05:00,122.58800327941769,124.45336227395168,122.08197218265973,123.927490234375,22880400,0.0,0.0
2017-01-10 00:00:00-05:00,123.84811656320583,124.52282219743375,123.31232024455514,123.38177490234375,17324600,0.0,0.0
2017-01-11 00:00:00-05:00,123.38175817876433,125.13798046907344,123.09401532978745,125.10820770263672,18356500,0.0,0.0
2017-01-12 00:00:00-05:00,124.63194877042609,125.7432307086195,123.82825819056546,125.63408660888672,18653900,0.0,0.0
2017-01-13 00:00:00-05:00,126.49731056134408,128.26345713954092,126.37824977336814,127.34069061279297,24884300,0.0,0.0
2017-01-17 00:00:00-05:00,127.04301842102089,127.34068551903188,126.40800991390904,126.87435150146484,15294500,0.0,0.0
2017-01-18 00:00:00-05:00,127.41014792350683,127.42998129408659,125.852365354276,126.92395782470703,13145900,0.0,0.0
2017-01-19 00:00:00-05:00,127.23155226372366,127.35062819706218,126.45762682692792,126.55685424804688,12195500,0.0,0.0
2017-01-20 00:00:00-05:00,127.10257098346555,127.4796018644898,125.79284173575864,126.05081939697266,19097200,0.0,0.0
2017-01-23 00:00:00-05:00,126.31872791148109,128.2436249756792,125.96153036204248,127.92610931396484,16593600,0.0,0.0
2017-01-24 00:00:00-05:00,128.37258746423257,128.88852758340704,127.38037396431419,128.36265563964844,15162700,0.0,0.0
2017-01-25 00:00:00-05:00,128.98776592775425,130.71422301441004,128.7595610426143,130.45623779296875,18731300,0.0,0.0
2017-01-26 00:00:00-05:00,130.6050543985086,132.10329117881057,130.41653143052872,131.74609375,20020100,0.0,0.0
2017-01-27 00:00:00-05:00,131.6468941571951,131.9147960703759,130.05936146940766,131.15078735351562,19539500,0.0,0.0
2017-01-30 00:00:00-05:00,130.5554783091399,130.5554783091399,128.59089945474207,129.96014404296875,18956100,0.0,0.0
2017-01-31 00:00:00-05:00,129.15644146996812,129.64263158050088,128.51150869107875,129.30528259277344,19790500,0.0,0.0
2017-02-01 00:00:00-05:00,131.22024662020044,132.4505969160295,129.6624640245142,132.19261169433594,50139800,0.0,0.0
2017-02-02 00:00:00-05:00,132.18270131720746,134.43503050190992,129.38465160669884,129.82122802734375,54366400,0.0,0.0
2017-02-03 00:00:00-05:00,130.2181292902999,131.81559392654714,129.7418558213713,129.96014404296875,24804900,0.0,0.0
2017-02-06 00:00:00-05:00,129.96013053869066,131.03172302246094,129.28543257111926,131.03172302246094,17058500,0.0,0.0
2017-02-07 00:00:00-05:00,131.2103405951669,131.96441753066398,130.63485485229586,130.81344604492188,14596400,0.0,0.0
2017-02-08 00:00:00-05:00,131.5675271655939,133.393196524772,131.40876935871464,133.15505981445312,22390600,0.0,0.0
2017-02-09 00:00:00-05:00,133.44281610365246,133.45273278952712,132.27199615137192,133.0955352783203,16470600,0.0,0.0
2017-02-10 00:00:00-05:00,133.055846013709,133.88930178029693,132.6391029904374,133.1451416015625,15061900,0.0,0.0
2017-02-13 00:00:00-05:00,133.65117365170323,133.65117365170323,132.6589600163677,133.00624084472656,13526200,0.0,0.0
2017-02-14 00:00:00-05:00,133.05585370021,133.1848311767901,131.51791954731843,132.80780029296875,14364900,0.0,0.0
2017-02-15 00:00:00-05:00,132.41090240341967,132.6589558043777,131.62706031798254,132.40098571777344,13226500,0.0,0.0
2017-02-16 00:00:00-05:00,132.03387323723885,132.82763201859083,131.98425952840978,132.79786682128906,12831100,0.0,0.0
2017-02-17 00:00:00-05:00,132.46051495471045,133.0459173422639,132.13308265150818,132.4902801513672,12276500,0.0,0.0
2017-02-21 00:00:00-05:00,132.46051428919625,132.86732549476525,131.86518007909638,132.67880249023438,14759100,0.0,0.0
2017-02-22 00:00:00-05:00,132.55975208659888,135.72490096959757,132.4208427786929,135.06011962890625,27360100,0.0,0.0
2017-02-23 00:00:00-05:00,134.83190225759947,135.0601071409205,133.28405150119988,134.3060302734375,18422500,0.0,0.0
2017-02-24 00:00:00-05:00,133.1154045823802,134.56402822522847,133.1154045823802,134.38543701171875,12625700,0.0,0.0
2017-02-27 00:00:00-05:00,134.20681507265033,136.11186349542285,133.96869348229066,135.34786987304688,14306700,0.0,0.0
2017-02-28 00:00:00-05:00,135.72488608951662,135.74473459989255,133.70077709051557,134.484619140625,16112100,0.0,0.0
2017-03-01 00:00:00-05:00,135.4074061077574,136.40953650367177,135.2387315939884,136.35000610351562,16257000,0.0,0.0
2017-03-02 00:00:00-05:00,136.02254641073932,136.74687317360116,135.24862108437395,135.6951141357422,12294800,0.0,0.0
2017-03-03 00:00:00-05:00,135.56615526261615,136.26070178664028,135.02043472946193,136.10194396972656,11160600,0.0,0.0
2017-03-06 00:00:00-05:00,135.81421736213062,136.75681735788885,135.4470879945349,136.35000610351562,12748200,0.0,0.0
2017-03-07 00:00:00-05:00,135.96300938115743,137.2925717856115,135.92332750429765,136.2309112548828,13527100,0.0,0.0
2017-03-08 00:00:00-05:00,136.0821054736562,136.9155765038098,135.98289318576687,136.64767456054688,10184500,0.0,0.0
2017-03-09 00:00:00-05:00,136.64767986093693,137.49106761059946,136.3301641914234,137.16363525390625,15535300,0.0,0.0
2017-03-10 00:00:00-05:00,137.8283807245867,138.40386637057384,137.14375098815415,137.7093048095703,16314100,0.0,0.0
2017-03-13 00:00:00-04:00,137.6299766282297,138.5924100418718,137.59027959963763,138.51304626464844,10955500,0.0,0.0
2017-03-14 00:00:00-04:00,138.3741082659313,138.3741082659313,137.44142510706516,138.23519897460938,12944000,0.0,0.0
2017-03-15 00:00:00-04:00,138.20545079738108,139.00915667701366,137.41169188512004,138.63211059570312,19344800,0.0,0.0
2017-03-16 00:00:00-04:00,139.1083502839701,139.1579639943168,138.64200865867323,138.89999389648438,13612900,0.0,0.0
2017-03-17 00:00:00-04:00,139.24728182950506,139.24728182950506,138.61226559958783,138.7511749267578,20592800,0.0,0.0
2017-03-20 00:00:00-04:00,138.6221826614811,139.09844099819367,138.16575769797936,138.8503875732422,12099500,0.0,0.0
2017-03-21 00:00:00-04:00,140.05094665167545,141.20191808648096,137.32235919190865,137.43150329589844,29894800,0.0,0.0
2017-03-22 00:00:00-04:00,136.85601926817202,138.70153723298068,136.52860209213853,138.5030975341797,17055400,0.0,0.0
2017-03-23 00:00:00-04:00,138.39394403293133,139.29686201214992,138.0069813475487,138.4435577392578,13022800,0.0,0.0
2017-03-24 00:00:00-04:00,138.98928333156874,139.92196654082906,138.67176771140433,139.24725341796875,16664700,0.0,0.0
2017-03-27 00:00:00-04:00,137.96730150477003,139.55483415082898,137.6894829132103,139.2274169921875,12800500,0.0,0.0
2017-03-28 00:00:00-04:00,139.2671111434532,140.84472724308128,138.91983030341876,140.6562042236328,14679400,0.0,0.0
2017-03-29 00:00:00-04:00,140.8843962208827,141.74761709600253,140.32874395945132,141.53924560546875,16527600,0.0,0.0
2017-03-30 00:00:00-04:00,141.2911851195634,141.83690552920564,140.7454798498965,141.30111694335938,12404000,0.0,0.0
2017-03-31 00:00:00-04:00,141.2019398575959,141.5194555326961,140.7852118890124,140.9439697265625,11478300,0.0,0.0
2017-04-03 00:00:00-04:00,140.82485362130012,141.3606573852487,139.72351117980045,141.17213439941406,13564000,0.0,0.0
2017-04-04 00:00:00-04:00,140.7554574891565,140.9836624356603,140.17005495074244,140.62646484375,12948600,0.0,0.0
2017-04-05 00:00:00-04:00,141.15231001077797,142.32313000393944,140.18986154808707,140.74551391601562,17158100,0.0,0.0
2017-04-06 00:00:00-04:00,141.0034686850918,141.1126127815694,139.81281544895813,140.07078552246094,15103400,0.0,0.0
2017-04-07 00:00:00-04:00,140.1005658111678,140.44784664827628,139.14804917563535,139.683837890625,11818300,0.0,0.0
2017-04-10 00:00:00-04:00,139.9021210951146,140.32876568658384,139.53500689873613,139.94180297851562,9039400,0.0,0.0
2017-04-11 00:00:00-04:00,139.7037041241055,139.93190905573547,137.7291932391864,138.83055114746094,16638100,0.0,0.0
2017-04-12 00:00:00-04:00,138.63211917110348,139.30681731625648,138.35430050663086,138.4932098388672,11612500,0.0,0.0
2017-04-13 00:00:00-04:00,138.53286187763672,139.4853936219771,138.24512658714656,138.30465698242188,10965600,0.0,0.0
2017-04-17 00:00:00-04:00,138.67176942128867,140.44784027102958,138.66185273552802,140.31884765625,11519700,0.0,0.0
2017-04-18 00:00:00-04:00,140.17001053171177,140.80502658943266,139.51514596406858,139.8624267578125,14807500,0.0,0.0
2017-04-19 00:00:00-04:00,140.2494119209995,141.92624034888445,140.17003300855853,141.16224670410156,15563900,0.0,0.0
2017-04-20 00:00:00-04:00,141.836955864636,143.12683679791667,141.57898573397216,142.6803436279297,15968200,0.0,0.0
2017-04-21 00:00:00-04:00,142.7795217095268,143.0474236033186,141.16222394176611,142.5612335205078,12382000,0.0,0.0
2017-04-24 00:00:00-04:00,143.83130252056097,144.5357657589211,143.216119740327,144.3373260498047,14407200,0.0,0.0
2017-04-25 00:00:00-04:00,144.65481883834596,146.0042299843108,144.65481883834596,145.34938049316406,17767500,0.0,0.0
2017-04-26 00:00:00-04:00,145.94466461267388,146.44077131009135,144.95245121783896,145.41879272460938,12395000,0.0,0.0
2017-04-27 00:00:00-04:00,145.52796324543056,146.5995557233529,145.0020912618174,146.54994201660156,11275100,0.0,0.0
2017-04-28 00:00:00-04:00,148.33593318386997,150.35012558045273,147.90928860310584,149.08009338378906,30652200,0.0,0.0
2017-05-01 00:00:00-04:00,150.55849319897402,151.3820322823545,150.2409775880419,151.27288818359375,25218300,0.0,0.0
2017-05-02 00:00:00-04:00,152.14603026173106,152.24525767802965,150.47911867575667,151.59039306640625,21870400,0.0,0.0
2017-05-03 00:00:00-04:00,152.40399879248545,152.40399879248545,150.16158660560578,150.61801147460938,29782500,0.0,0.0
2017-05-04 00:00:00-04:00,149.00070197496873,150.34019627840487,147.561995403856,149.6754150390625,36225500,0.0,0.0
2017-05-05 00:00:00-04:00,150.27074513607988,150.44935145501913,148.62366694353923,149.07017517089844,17148500,0.0,0.0
2017-05-08 00:00:00-04:00,149.53652337474267,149.9036375743651,148.57407493899555,149.8837890625,15827500,0.0,0.0
2017-05-09 00:00:00-04:00,150.31043393460115,151.40185973960186,149.04040182043272,149.30828857421875,17453900,0.0,0.0
2017-05-10 00:00:00-04:00,149.06028160345247,149.34803209671523,147.7009534814329,149.11981201171875,12080700,0.0,0.0
2017-05-11 00:00:00-04:00,149.13963655325483,149.47698557252204,148.24665029284657,148.87173461914062,11841900,0.0,0.0
2017-05-12 00:00:00-04:00,149.22891668244637,149.28846221494993,148.4649231250615,149.1594696044922,9598200,0.0,0.0
2017-05-15 00:00:00-04:00,149.0007050789277,150.30050239038897,148.60382572000015,149.0205535888672,15064700,0.0,0.0
2017-05-16 00:00:00-04:00,148.94120187512067,149.04042930295293,147.8696092424475,148.61376953125,14550800,0.0,0.0
2017-05-17 00:00:00-04:00,146.84761963954074,147.5124009657061,143.29549296930034,143.72215270996094,28300100,0.0,0.0
2017-05-18 00:00:00-04:00,143.59317360698944,146.9964594666478,143.3848020600809,146.51028442382812,23031600,0.0,0.0
2017-05-19 00:00:00-04:00,147.29412828457313,148.22681163276192,146.8079532362477,146.90716552734375,16187900,0.0,0.0
2017-05-22 00:00:00-04:00,146.92699657966912,147.43302008206632,146.54003386842925,147.08575439453125,12586700,0.0,0.0
2017-05-23 00:00:00-04:00,147.36357685874273,147.65131215823249,146.10346127274804,146.91708374023438,12817800,0.0,0.0
2017-05-24 00:00:00-04:00,147.35364889245895,149.0602576416662,147.26435329441398,148.87173461914062,17862400,0.0,0.0
2017-05-25 00:00:00-04:00,149.12970103231345,151.40186342215313,148.7824202304708,150.7767791748047,19891400,0.0,0.0
2017-05-26 00:00:00-04:00,151.04467736737098,151.06452587925847,149.97308482512463,150.94546508789062,14996200,0.0,0.0
2017-05-30 00:00:00-04:00,150.78671597439174,151.70946744070014,150.45928363925603,151.1935272216797,13226000,0.0,0.0
2017-05-31 00:00:00-04:00,151.511036039479,152.15598405859393,149.91357130225808,150.28070068359375,18023900,0.0,0.0
2017-06-01 00:00:00-04:00,150.56841638076787,151.10420507236105,149.12970966410379,150.35012817382812,14530600,0.0,0.0
2017-06-02 00:00:00-04:00,150.66766492803777,152.43380420279416,150.12194433415678,152.41395568847656,16854400,0.0,0.0
2017-06-05 00:00:00-04:00,152.44369354085825,153.5053693366645,152.21548865707828,152.43377685546875,12520400,0.0,0.0
2017-06-06 00:00:00-04:00,152.21549720015935,153.3168549393149,151.29273064790434,151.6201629638672,13457100,0.0,0.0
2017-06-07 00:00:00-04:00,152.07657549192112,152.55283375811868,151.15380901493748,151.927734375,12066700,0.0,0.0
2017-06-08 00:00:00-04:00,152.88024129426412,153.52517394323493,151.9078764090547,153.50534057617188,17799400,0.0,0.0
2017-06-09 00:00:00-04:00,153.5648922798733,154.37849950169897,145.46842624134283,148.43515014648438,35577700,0.0,0.0
2017-06-12 00:00:00-04:00,147.0162777936205,148.03825652437234,143.4343863235171,147.2841796875,33170200,0.0,0.0
2017-06-13 00:00:00-04:00,148.98087236543873,150.0028512060158,147.74060531231325,149.50674438476562,20483400,0.0,0.0
2017-06-14 00:00:00-04:00,150.082223669288,151.21334656756588,147.88944009191414,149.08009338378906,20808800,0.0,0.0
2017-06-15 00:00:00-04:00,146.5201710220902,148.87171225726075,145.23029039749053,148.6335906982422,18994200,0.0,0.0
2017-06-16 00:00:00-04:00,148.4252289651916,149.65557928103254,147.4429471896208,149.46705627441406,22882400,0.0,0.0
2017-06-19 00:00:00-04:00,150.5287312355979,152.3742491288356,150.5287312355979,151.6796875,19026500,0.0,0.0
2017-06-20 00:00:00-04:00,151.68962886823076,152.6421455014497,151.02484753421905,151.0645294189453,14743900,0.0,0.0
2017-06-21 00:00:00-04:00,151.17367467723804,152.88028339305185,150.69741635700458,152.71160888671875,15039800,0.0,0.0
2017-06-22 00:00:00-04:00,151.8185884720343,153.34660580370257,151.71937620191142,152.20555114746094,13005500,0.0,0.0
2017-06-23 00:00:00-04:00,151.5308561638543,153.99154155458854,151.46139394743332,153.86256408691406,18027000,0.0,0.0
2017-06-26 00:00:00-04:00,155.03339617396708,155.28144960784542,152.00714125265523,152.39410400390625,18049700,0.0,0.0
2017-06-27 00:00:00-04:00,151.6499291144433,152.11627073647367,149.2190087242717,149.40753173828125,19360800,0.0,0.0
2017-06-28 00:00:00-04:00,149.744886227169,152.2750341300132,148.6931421525699,152.0468292236328,16719100,0.0,0.0
2017-06-29 00:00:00-04:00,151.0943184760044,151.31260672641477,147.76047945335102,149.8639678955078,23973500,0.0,0.0
2017-06-30 00:00:00-04:00,150.71724758424244,150.73709609646355,148.8915780993513,149.80441284179688,17666000,0.0,0.0
2017-07-03 00:00:00-04:00,150.5386527877377,150.96529738040775,146.6491771844189,147.27426147460938,13862700,0.0,0.0
2017-07-05 00:00:00-04:00,147.83982523743282,149.67542643898943,146.9766042570139,149.1693878173828,14334300,0.0,0.0
2017-07-06 00:00:00-04:00,147.86959600785116,148.87172632335327,146.84761718056308,147.66123962402344,14951800,0.0,0.0
2017-07-07 00:00:00-04:00,148.08789851797098,150.8065695759969,148.02836811684298,150.26084899902344,13615900,0.0,0.0
2017-07-10 00:00:00-04:00,150.5089051176457,152.78106792781998,150.33029877109277,152.3048095703125,13378700,0.0,0.0
2017-07-11 00:00:00-04:00,152.17578977920388,154.2098306175873,151.71938001721156,154.06100463867188,13667700,0.0,0.0
2017-07-12 00:00:00-04:00,155.2715267430781,157.92073549469688,154.9837762928391,157.66275024414062,22739400,0.0,0.0
2017-07-13 00:00:00-04:00,157.50400303098422,158.5358985836042,157.18648739019096,158.0199432373047,13929200,0.0,0.0
2017-07-14 00:00:00-04:00,158.8831688205445,159.0716918271875,158.08939491151096,158.7244110107422,16371200,0.0,0.0
2017-07-17 00:00:00-04:00,159.00222237825233,159.52809435183087,157.57343243495308,158.48626708984375,12858800,0.0,0.0
2017-07-18 00:00:00-04:00,158.41680831050775,162.45510931304918,158.17867162422468,161.59188842773438,23722900,0.0,0.0
2017-07-19 00:00:00-04:00,162.31621797266106,164.4097892585536,161.89949008058483,162.8619384765625,26273600,0.0,0.0
2017-07-20 00:00:00-04:00,163.5168185605214,163.71525826982227,161.54230787402614,163.24891662597656,18523100,0.0,0.0
2017-07-21 00:00:00-04:00,162.8818019269268,163.7648714996967,162.4749906830719,163.14968872070312,14744000,0.0,0.0
2017-07-24 00:00:00-04:00,163.35804738715314,164.87613299221408,163.0306150805744,164.70745849609375,17367000,0.0,0.0
2017-07-25 00:00:00-04:00,163.72518581623982,164.25105789375914,162.58414605708967,163.9930877685547,15383200,0.0,0.0
2017-07-26 00:00:00-04:00,164.71739028682083,164.71739028682083,162.822273633106,164.3205108642578,35236900,0.0,0.0
2017-07-27 00:00:00-04:00,173.33972455016118,174.12358182526808,166.19578917768342,169.11289978027344,68910700,0.0,0.0
2017-07-28 00:00:00-04:00,167.75353705031895,172.0795732041449,167.73368854191378,171.10720825195312,24557600,0.0,0.0
2017-07-31 00:00:00-04:00,170.66073144098505,171.37512641170363,167.23759770461191,167.93214416503906,25478900,0.0,0.0
2017-08-01 00:00:00-04:00,168.4977174103853,169.14265018134674,167.73370871464778,168.5373992919922,14385000,0.0,0.0
2017-08-02 00:00:00-04:00,168.97397934848246,169.2220327488355,165.6103758452944,167.9817657470703,17433800,0.0,0.0
2017-08-03 00:00:00-04:00,167.98177633663607,168.37865574622896,166.93994896148095,167.2772979736328,10793800,0.0,0.0
2017-08-04 00:00:00-04:00,167.6543530283995,168.73586234669372,167.37653439874558,168.29928588867188,10777700,0.0,0.0
2017-08-07 00:00:00-04:00,168.62670715552937,170.72027856717287,168.33897185799546,170.64089965820312,12787800,0.0,0.0
2017-08-08 00:00:00-04:00,170.5416917488346,171.70257993481653,169.29149282548545,169.89674377441406,14393500,0.0,0.0
2017-08-09 00:00:00-04:00,168.6564688624425,170.1150241121124,168.23974095396233,169.8471221923828,10815000,0.0,0.0
2017-08-10 00:00:00-04:00,168.73584953854018,169.2617215576094,165.5508522260626,166.0965576171875,20832700,0.0,0.0
2017-08-11 00:00:00-04:00,166.64226288672253,167.5054989714028,165.55083706444998,166.77125549316406,13791200,0.0,0.0
2017-08-14 00:00:00-04:00,168.76563698532792,169.7479340708126,167.97186293907595,169.42050170898438,12954200,0.0,0.0
2017-08-15 00:00:00-04:00,170.15473876423775,170.164655451189,168.68625153652636,169.66854858398438,8729200,0.0,0.0
2017-08-16 00:00:00-04:00,169.91658233193792,170.04557494726032,167.92223840722238,168.6763153076172,15779900,0.0,0.0
2017-08-17 00:00:00-04:00,168.0214539550905,168.537409286443,165.55085168414874,165.61038208007812,17216000,0.0,0.0
2017-08-18 00:00:00-04:00,165.54092204012605,167.35667483979876,164.91583773464967,166.1064910888672,15093600,0.0,0.0
2017-08-21 00:00:00-04:00,165.85844988906211,166.6919057843889,164.52888713128183,166.47361755371094,11907500,0.0,0.0
2017-08-22 00:00:00-04:00,166.9697262866525,168.5473424933329,165.84851992015356,168.3191375732422,11391000,0.0,0.0
2017-08-23 00:00:00-04:00,167.52538558851361,168.0413410382955,166.89036931954436,167.3964080810547,9856500,0.0,0.0
2017-08-24 00:00:00-04:00,167.5650524418617,167.97184854747877,165.1142834217768,166.43392944335938,14030400,0.0,0.0
2017-08-25 00:00:00-04:00,166.5529809702761,167.06893629841107,164.88605419475488,165.0249786376953,12614500,0.0,0.0
2017-08-28 00:00:00-04:00,165.61038810506784,166.3942302466192,165.0349023568495,165.9378204345703,8553700,0.0,0.0
2017-08-29 00:00:00-04:00,163.9633147119512,167.11854702590475,163.71526128576068,166.74151611328125,11121000,0.0,0.0
2017-08-30 00:00:00-04:00,166.86056522520565,168.8549091816899,166.32477652375476,168.59693908691406,11138300,0.0,0.0
2017-08-31 00:00:00-04:00,169.07319875817996,170.80957263391232,168.7358497530611,170.6309814453125,17226500,0.0,0.0
2017-09-01 00:00:00-04:00,171.05760334900083,171.57355861424185,169.97609425491868,170.68057250976562,11677600,0.0,0.0
2017-09-05 00:00:00-04:00,169.9364370914954,171.04771154135142,168.22982839208575,169.39071655273438,13210900,0.0,0.0
2017-09-06 00:00:00-04:00,169.5792106119036,171.13697791292637,168.24964817358324,170.75001525878906,13906300,0.0,0.0
2017-09-07 00:00:00-04:00,170.6012277327987,171.9605556708088,168.94423265376997,171.86134338378906,18049500,0.0,0.0
2017-09-08 00:00:00-04:00,171.74224823970172,172.13914276334026,169.47008575928587,169.61891174316406,10998500,0.0,0.0
2017-09-11 00:00:00-04:00,171.05762358941567,172.5360273470681,170.85918389160463,172.1589813232422,12372000,0.0,0.0
2017-09-12 00:00:00-04:00,172.40702473644265,172.64516144399872,170.41268090808495,171.61326599121094,11186300,0.0,0.0
2017-09-13 00:00:00-04:00,171.66290916960725,171.82166701590268,170.72030905969822,171.70260620117188,9119300,0.0,0.0
2017-09-14 00:00:00-04:00,170.91872616906412,170.93857468221861,169.17243551095655,169.6288604736328,15615700,0.0,0.0
2017-09-15 00:00:00-04:00,169.549466199047,170.9980895885034,168.93428346683214,170.3035430908203,15660500,0.0,0.0
2017-09-18 00:00:00-04:00,170.65082740560135,170.7302063126739,168.02145220625115,168.6862335205078,12954000,0.0,0.0
2017-09-19 00:00:00-04:00,169.2914818283992,171.21637866027874,169.0335117393761,171.17669677734375,13168600,0.0,0.0
2017-09-20 00:00:00-04:00,171.15685431778004,171.70257485229624,169.37086672299006,170.8294219970703,12264100,0.0,0.0
2017-09-21 00:00:00-04:00,170.353134560156,170.92862019453077,168.68620804335046,169.77764892578125,11161400,0.0,0.0
2017-09-22 00:00:00-04:00,168.8846800099497,170.392833749842,167.90238311595937,169.21209716796875,12097100,0.0,0.0
2017-09-25 00:00:00-04:00,167.92224859269697,167.9817789910787,160.30203966027116,161.60183715820312,41251600,0.0,0.0
2017-09-26 00:00:00-04:00,163.2191470429256,164.21136070276103,161.51253833681037,162.93141174316406,23363300,0.0,0.0
2017-09-27 00:00:00-04:00,164.60823533755251,167.02923901974563,164.28081816248243,166.37437438964844,19242500,0.0,0.0
2017-09-28 00:00:00-04:00,166.63235663756362,167.75356286536928,165.8584312303992,167.41619873046875,12178700,0.0,0.0
2017-09-29 00:00:00-04:00,167.5154414863997,170.32340808590754,167.49559297312265,169.53955078125,15340400,0.0,0.0
2017-10-02 00:00:00-04:00,170.05546922410073,170.53172745948729,167.4360262195101,168.15042114257812,13392300,0.0,0.0
2017-10-03 00:00:00-04:00,167.98177779854615,169.40063608316885,167.88255037529487,168.6366424560547,8190300,0.0,0.0
2017-10-04 00:00:00-04:00,168.5076368648283,169.34109265206823,166.9796194482438,167.10861206054688,12127900,0.0,0.0
2017-10-05 00:00:00-04:00,167.86270433288422,169.9761243314083,167.2872337174915,169.90667724609375,14580600,0.0,0.0
2017-10-06 00:00:00-04:00,168.92438289966614,171.02787110478334,168.4282760482721,170.8889617919922,13124500,0.0,0.0
2017-10-09 00:00:00-04:00,171.3553153366863,173.5183492316824,170.66076872452447,171.15687561035156,14570400,0.0,0.0
2017-10-10 00:00:00-04:00,171.65296164929737,171.851401351532,169.47009464475872,170.25393676757812,11341100,0.0,0.0
2017-10-11 00:00:00-04:00,170.61113176247508,171.43467089753997,170.0654112344226,171.39498901367188,11283700,0.0,0.0
2017-10-12 00:00:00-04:00,171.26601233492536,172.49636280903846,170.9484966745168,171.20648193359375,10351000,0.0,0.0
2017-10-13 00:00:00-04:00,172.09945659097363,173.29010995699778,171.8514031755528,172.38720703125,13658300,0.0,0.0
2017-10-16 00:00:00-04:00,173.13136761379,173.6373911318389,172.7047078656484,173.1611328125,11498800,0.0,0.0
2017-10-17 00:00:00-04:00,173.34963088174402,174.75857226449244,173.00235009347094,174.7387237548828,15990100,0.0,0.0
2017-10-18 00:00:00-04:00,175.27451508171865,175.3638258063429,174.38152895529262,174.6593475341797,12752400,0.0,0.0
2017-10-19 00:00:00-04:00,173.56793514678944,174.65937627198252,171.28585575044315,173.20082092285156,14048400,0.0,0.0
2017-10-20 00:00:00-04:00,174.13352439230593,174.5105704864964,173.2703032187449,173.61756896972656,12602200,0.0,0.0
2017-10-23 00:00:00-04:00,173.83580855701294,173.97471784651603,169.91656811605412,169.93641662597656,13852700,0.0,0.0
2017-10-24 00:00:00-04:00,170.95840232065564,171.89108550529875,170.16462843117358,170.46229553222656,12267900,0.0,0.0
2017-10-25 00:00:00-04:00,170.56151783546116,170.90879866377375,167.5749602438914,169.2716522216797,15868200,0.0,0.0
2017-10-26 00:00:00-04:00,170.0455517144827,170.94845447844398,169.06325491503657,169.3013916015625,11833100,0.0,0.0
2017-10-27 00:00:00-04:00,172.79399687464306,176.82239691291616,172.54594346819655,176.49496459960938,30285300,0.0,0.0
2017-10-30 00:00:00-04:00,177.8642314285921,179.2831049643125,176.22708479658732,178.469482421875,24353200,0.0,0.0
2017-10-31 00:00:00-04:00,179.16404346101154,179.3922483834972,177.54673020952833,178.6580047607422,20174200,0.0,0.0
2017-11-01 00:00:00-04:00,180.94008007226162,181.47586877649684,179.16402431750365,181.2377471923828,40918300,0.0,0.0
2017-11-02 00:00:00-04:00,179.22356279071064,180.52336029584066,175.9591712882284,177.52687072753906,35529900,0.0,0.0
2017-11-03 00:00:00-04:00,177.89398494624558,178.45955401396256,175.33408696177935,177.52687072753906,17822100,0.0,0.0
2017-11-06 00:00:00-05:00,177.16965587879733,179.0449389548137,176.92160248175824,178.76712036132812,13312700,0.0,0.0
2017-11-07 00:00:00-05:00,179.09458053525378,179.34263397089816,177.5665780332756,178.84652709960938,12928200,0.0,0.0
2017-11-08 00:00:00-05:00,178.39010067170335,178.9457530806301,177.71540259940528,178.16189575195312,10494100,0.0,0.0
2017-11-09 00:00:00-05:00,176.92161841414747,178.00312768903675,175.71111651638876,177.90391540527344,12610300,0.0,0.0
2017-11-10 00:00:00-05:00,176.96130572496816,177.7054659422473,176.57434301758215,177.07044982910156,11070200,0.0,0.0
2017-11-13 00:00:00-05:00,176.1179360885759,177.64593856262647,175.91949637168335,177.3780517578125,9523400,0.0,0.0
2017-11-14 00:00:00-05:00,176.74300206947038,177.57645780638467,175.80038709798475,176.6834716796875,9585900,0.0,0.0
2017-11-15 00:00:00-05:00,175.284473612538,177.1796053886655,175.02648836428187,176.56442260742188,10253700,0.0,0.0
2017-11-16 00:00:00-05:00,177.3681112229722,178.4297871231925,177.11014111767508,178.191650390625,15607600,0.0,0.0
2017-11-17 00:00:00-05:00,177.9039293616313,178.57862744807636,177.50703477550445,177.60626220703125,13018000,0.0,0.0
2017-11-20 00:00:00-05:00,177.47724407604082,178.10234349689537,176.71325049497216,177.3482666015625,10052400,0.0,0.0
2017-11-21 00:00:00-05:00,177.75506415197404,180.4737349239952,177.5963214789924,180.4439697265625,14504000,0.0,0.0
2017-11-22 00:00:00-05:00,179.88834493995165,180.31498955925983,179.03504056135588,179.46168518066406,10376300,0.0,0.0
2017-11-24 00:00:00-05:00,178.99536828857154,181.7239563121167,178.88622416203046,181.35684204101562,9426300,0.0,0.0
2017-11-27 00:00:00-05:00,181.1385015643302,182.29938959012975,180.57294771893012,181.60484313964844,12344500,0.0,0.0
2017-11-28 00:00:00-05:00,182.08111246294297,182.81535597805015,180.6721709663681,180.99960327148438,14379700,0.0,0.0
2017-11-29 00:00:00-05:00,180.4737311688918,180.55311007372015,172.64516646743317,173.76637268066406,41933500,0.0,0.0
2017-11-30 00:00:00-05:00,175.47301307358876,176.89187151199687,173.8358512523708,175.80043029785156,25307600,0.0,0.0
2017-12-01 00:00:00-05:00,174.65936947923964,176.0980762592376,170.99809864891415,173.7366180419922,20182500,0.0,0.0
2017-12-04 00:00:00-05:00,174.91731857513176,175.19515229553974,169.46014409670434,170.13485717773438,24459400,0.0,0.0
2017-12-05 00:00:00-05:00,169.1227951149933,174.01441574721193,167.694005192885,171.48426818847656,20184900,0.0,0.0
2017-12-06 00:00:00-05:00,171.1568395707224,175.39359572276817,170.56150537709414,174.68911743164062,20255800,0.0,0.0
2017-12-07 00:00:00-05:00,174.4311472381219,178.98540385438216,174.4311472381219,178.7373504638672,20404500,0.0,0.0
2017-12-08 00:00:00-05:00,180.11656179685957,180.8607221133695,177.3482920810341,177.60626220703125,19883800,0.0,0.0
2017-12-11 00:00:00-05:00,177.90392031144728,178.81675510313147,177.40781345901155,177.64593505859375,13168600,0.0,0.0
2017-12-12 00:00:00-05:00,177.2093524778285,177.7848230344054,175.22492530625138,175.58212280273438,16854100,0.0,0.0
2017-12-13 00:00:00-05:00,175.9194685613184,177.76498640263088,175.8698548549435,176.91168212890625,14615700,0.0,0.0
2017-12-14 00:00:00-05:00,176.901764400632,178.95565391639886,176.29651347057296,177.00099182128906,13591000,0.0,0.0
2017-12-15 00:00:00-05:00,177.62608230850725,179.0846375067566,176.9712177011345,178.77703857421875,28463100,0.0,0.0
2017-12-18 00:00:00-05:00,179.60058673270638,179.88833716862774,178.35040298829895,179.41207885742188,17265400,0.0,0.0
2017-12-19 00:00:00-05:00,178.54885061623332,178.67784324081975,176.83232517049,178.11227416992188,14920600,0.0,0.0
2017-12-20 00:00:00-05:00,178.40991575021332,178.40991575021332,175.97899558415452,176.50486755371094,11860500,0.0,0.0
2017-12-21 00:00:00-05:00,176.55450374976945,177.28873217967393,175.67143418462928,176.0683135986328,11600700,0.0,0.0
2017-12-22 00:00:00-05:00,175.76073632331457,176.14769906536287,174.8578182118753,175.8202667236328,8509500,0.0,0.0
2017-12-26 00:00:00-05:00,175.25470608718072,175.6218203017753,173.30996062450808,174.61968994140625,8897300,0.0,0.0
2017-12-27 00:00:00-05:00,175.1752931829576,177.0505760573522,174.88754279494228,176.23695373535156,9496100,0.0,0.0
2017-12-28 00:00:00-05:00,176.56441790858617,177.54671488315512,176.29651598098025,176.53465270996094,12220800,0.0,0.0
2017-12-29 00:00:00-05:00,176.61403142708585,177.45741909382474,175.08602905273438,175.08602905273438,10261500,0.0,0.0
2018-01-02 00:00:00-05:00,176.29651597117564,180.16615833200692,176.16753849046654,180.0074005126953,18151900,0.0,0.0
2018-01-03 00:00:00-05:00,180.46381686166586,183.34123028472084,179.9180963462649,183.23208618164062,16886600,0.0,0.0
2018-01-04 00:00:00-05:00,183.46029878370092,184.7601113895471,182.6665399715534,182.89474487304688,13880900,0.0,0.0
2018-01-05 00:00:00-05:00,184.1449122997492,185.44470965036146,183.49004771181433,185.39511108398438,13574500,0.0,0.0
2018-01-08 00:00:00-05:00,185.7423875707489,187.4291477052418,184.87916656179783,186.81398010253906,17994700,0.0,0.0
2018-01-09 00:00:00-05:00,187.23070463806178,187.32993205476637,185.64317195063535,186.40716552734375,12393100,0.0,0.0
2018-01-10 00:00:00-05:00,185.48440946197522,186.42700933698384,184.18461209180802,186.3773956298828,10529900,0.0,0.0
2018-01-11 00:00:00-05:00,186.93303715692767,186.93303715692767,185.9209901804445,186.30795288085938,9588600,0.0,0.0
2018-01-12 00:00:00-05:00,176.6735455434726,180.0669141301532,176.0186809548209,177.9733428955078,77551300,0.0,0.0
2018-01-16 00:00:00-05:00,180.08677686798706,180.33483027965096,176.65371098896813,177.00099182128906,36183800,0.0,0.0
2018-01-17 00:00:00-05:00,177.8641955552792,177.92374108587103,174.43114515003586,176.21713256835938,27992400,0.0,0.0
2018-01-18 00:00:00-05:00,176.7430142522012,179.5708139416445,175.70118693925764,178.40000915527344,23304900,0.0,0.0
2018-01-19 00:00:00-05:00,179.4418566511554,180.95001059916535,178.76714345127323,179.87841796875,26826500,0.0,0.0
2018-01-22 00:00:00-05:00,179.39221244341843,183.9464689935451,179.00524976543338,183.92662048339844,21059500,0.0,0.0
2018-01-23 00:00:00-05:00,184.60136312718652,188.07411110002806,184.10525627392343,187.87567138671875,25678800,0.0,0.0
2018-01-24 00:00:00-05:00,188.41144781540044,189.17545655869773,185.06769268768969,185.0974578857422,24334500,0.0,0.0
2018-01-25 00:00:00-05:00,186.48654424279474,187.1513255420997,185.14706495851576,186.02020263671875,17377700,0.0,0.0
2018-01-26 00:00:00-05:00,186.28810350518478,188.5205841064453,185.35542029826166,188.5205841064453,17759200,0.0,0.0
2018-01-29 00:00:00-05:00,187.2803424120587,187.3696380145805,184.18464040479603,184.5319061279297,20453200,0.0,0.0
2018-01-30 00:00:00-05:00,186.15911645866893,186.7147536692003,180.42412288714675,185.6630096435547,20858600,0.0,0.0
2018-01-31 00:00:00-05:00,186.9032710839018,188.3519096022416,183.77780429827604,185.43479919433594,43275100,0.0,0.0
2018-02-01 00:00:00-05:00,186.75444202386447,193.7991645274697,186.4270097242907,191.58651733398438,54211300,0.0,0.0
2018-02-02 00:00:00-05:00,190.5446913486245,192.69780816421374,188.50073377361915,188.79840087890625,26677500,0.0,0.0
2018-02-05 00:00:00-05:00,185.47446640685337,189.1258200407309,179.20368482037878,179.84861755371094,33128200,0.0,0.0
2018-02-06 00:00:00-05:00,177.1796008165534,184.32353615197485,176.35606166063977,183.8671112060547,37758500,0.0,0.0
2018-02-07 00:00:00-05:00,182.71612776405163,183.63889428170924,178.5488336861869,178.77703857421875,27601900,0.0,0.0
2018-02-08 00:00:00-05:00,179.60056983654195,180.42410890259703,170.14477588457524,170.24400329589844,38478300,0.0,0.0
2018-02-09 00:00:00-05:00,173.39922944580292,175.52256577473037,165.87824914129024,174.7387237548828,39887600,0.0,0.0
2018-02-12 00:00:00-05:00,175.68135557952797,176.1675457436953,170.50199884607702,175.0364227294922,32092100,0.0,0.0
2018-02-13 00:00:00-05:00,174.25255726945196,174.59983810473963,171.75218975930463,171.80178833007812,21809400,0.0,0.0
2018-02-14 00:00:00-05:00,172.09944847328913,178.40992766953786,171.86132689530353,178.1221923828125,28929700,0.0,0.0
2018-02-15 00:00:00-05:00,179.09453496094875,179.09453496094875,175.46302995363104,178.55874633789062,20922100,0.0,0.0
2018-02-16 00:00:00-05:00,177.59633231075645,178.47940188173544,174.92727508499433,175.97901916503906,20645300,0.0,0.0
2018-02-20 00:00:00-05:00,174.40140477084617,176.56442335083702,173.7465401009486,174.6395263671875,21204900,0.0,0.0
2018-02-21 00:00:00-05:00,175.33405083068413,179.8585418801405,175.0264519340966,176.5247039794922,23200800,0.0,0.0
2018-02-22 00:00:00-05:00,177.30856306104116,178.80681525087556,176.0286142091738,177.5963134765625,18464200,0.0,0.0
2018-02-23 00:00:00-05:00,178.49920502237845,181.9620356348796,178.11224235771311,181.86280822753906,19007300,0.0,0.0
2018-02-26 00:00:00-05:00,183.14280082818172,184.2143934074253,181.79338963283567,183.4900665283203,17599700,0.0,0.0
2018-02-27 00:00:00-05:00,183.0137976321534,183.26185103505412,180.04708862304688,180.04708862304688,15849800,0.0,0.0
2018-02-28 00:00:00-05:00,180.88055524348087,181.4560409894335,176.7529427387042,176.93154907226562,18783000,0.0,0.0
2018-03-01 00:00:00-05:00,177.6161408034602,178.71749844130207,173.05196759166571,174.57005310058594,23201600,0.0,0.0
2018-03-02 00:00:00-05:00,171.9406780642771,175.7309410626267,171.64302611360225,175.2447509765625,20025900,0.0,0.0
2018-03-05 00:00:00-05:00,174.82805154230758,179.73950634701885,174.5204677165954,178.99534606933594,16189300,0.0,0.0
2018-03-06 00:00:00-05:00,180.36458464482595,180.95991885305395,177.71537618416932,178.38015747070312,15086800,0.0,0.0
2018-03-07 00:00:00-05:00,177.34826861054702,182.38871563744618,176.68348729924048,182.27957153320312,19097300,0.0,0.0
2018-03-08 00:00:00-05:00,182.1307288731177,182.96418467670003,180.0371575384189,180.92022705078125,17225900,0.0,0.0
2018-03-09 00:00:00-05:00,182.47802080568488,184.06555360346206,181.78347426040867,183.78773498535156,18526300,0.0,0.0
2018-03-12 00:00:00-04:00,183.78775281702517,184.65098909417452,182.78562235732383,183.3214111328125,15301200,0.0,0.0
2018-03-13 00:00:00-04:00,184.16477404346094,184.54182007087564,179.6998126703109,180.4638214111328,18067500,0.0,0.0
2018-03-14 00:00:00-04:00,181.17822796429562,182.81537451590896,180.43406768811147,182.75584411621094,16821700,0.0,0.0
2018-03-15 00:00:00-04:00,181.81320771715082,182.56728452894401,180.77138051113707,182.42837524414062,15614300,0.0,0.0
2018-03-16 00:00:00-04:00,183.05349986979246,183.8869556936874,181.9819073219367,183.64881896972656,24403400,0.0,0.0
2018-03-19 00:00:00-04:00,175.63171694646186,175.79047474978412,168.73583572691126,171.21636962890625,88140100,0.0,0.0
2018-03-20 00:00:00-04:00,166.16600031209563,168.8747389972793,160.68897741262293,166.8406982421875,129851800,0.0,0.0
2018-03-21 00:00:00-04:00,163.5168331057638,172.04986248457152,162.0285124436482,168.0710906982422,106598800,0.0,0.0
2018-03-22 00:00:00-04:00,164.83644463309642,168.94420819244993,162.44520630444487,163.60609436035156,73743000,0.0,0.0
2018-03-23 00:00:00-04:00,164.15182111516467,165.302792529729,157.78181159245784,158.14892578125,53609700,0.0,0.0
2018-03-26 00:00:00-04:00,159.56778213417243,159.84560070262083,147.85965982107322,158.81369018554688,126116600,0.0,0.0
2018-03-27 00:00:00-04:00,155.0929096225438,161.5819952218703,149.5762042785155,151.03475952148438,79117000,0.0,0.0
2018-03-28 00:00:00-04:00,150.46918038322005,154.66625464462274,149.625807940841,151.83843994140625,60029200,0.0,0.0
2018-03-29 00:00:00-04:00,153.9419215009022,160.16310450762208,152.93979129655673,158.54579162597656,59434300,0.0,0.0
2018-04-02 00:00:00-04:00,156.58122403800732,157.9604003209448,152.91003678716447,154.18006896972656,36796000,0.0,0.0
2018-04-03 00:00:00-04:00,155.33103133216443,156.1644870647501,149.63572021287504,154.8944549560547,42543900,0.0,0.0
2018-04-04 00:00:00-04:00,150.84623099352257,154.34874375774146,149.33806209635878,153.892333984375,49885600,0.0,0.0
2018-04-05 00:00:00-04:00,160.30203497360776,160.3119667997005,155.43026231541282,158.0993194580078,41449600,0.0,0.0
2018-04-06 00:00:00-04:00,156.50183937879345,160.1631098094975,155.58900472739475,155.97596740722656,41644800,0.0,0.0
2018-04-09 00:00:00-04:00,156.5911579034152,159.28004828590807,154.8250037634297,156.70028686523438,34915200,0.0,0.0
2018-04-10 00:00:00-04:00,156.7002891706726,164.6876118106786,155.7874544603831,163.7549285888672,57889300,0.0,0.0
2018-04-11 00:00:00-04:00,164.07244688882912,167.3368230784228,161.9788755184887,165.0249786376953,56144600,0.0,0.0
2018-04-12 00:00:00-04:00,165.67984040738878,166.14618206045978,161.83006152286035,162.59405517578125,38263000,0.0,0.0
2018-04-13 00:00:00-04:00,163.29852881132163,164.40980328499873,162.49483815518164,163.23899841308594,19990600,0.0,0.0
2018-04-16 00:00:00-04:00,164.42963932434435,164.48916971806412,162.1177798150317,163.54656982421875,18119400,0.0,0.0
2018-04-17 00:00:00-04:00,164.5387595608631,167.68407440600103,164.37008508979616,167.3467254638672,22743000,0.0,0.0
2018-04-18 00:00:00-04:00,165.5806220956449,166.8109573568676,164.47926431633744,165.06466674804688,20969600,0.0,0.0
2018-04-19 00:00:00-04:00,164.90590739701548,167.0193273393134,163.91369373621518,166.79112243652344,22235000,0.0,0.0
2018-04-20 00:00:00-04:00,166.4835431404425,167.1185593527305,164.51896409929842,164.9853057861328,19119400,0.0,0.0
2018-04-23 00:00:00-04:00,165.96757942949182,167.1383842548743,163.80454582635772,164.5487060546875,23088100,0.0,0.0
2018-04-24 00:00:00-04:00,164.14189068573054,164.80668712943643,156.95827381919534,158.44659423828125,35079900,0.0,0.0
2018-04-25 00:00:00-04:00,158.89308733601138,159.80592204292,154.97384659374748,158.44659423828125,41083600,0.0,0.0
2018-04-26 00:00:00-04:00,171.8712565286882,174.89751131005175,169.4701012165842,172.80393981933594,77556900,0.0,0.0
2018-04-27 00:00:00-04:00,175.43330213263187,175.72105258444364,171.25609092787653,172.23837280273438,29804700,0.0,0.0
2018-04-30 00:00:00-04:00,172.43679173396586,174.3517718197897,170.37300080682832,170.66073608398438,20750500,0.0,0.0
2018-05-01 00:00:00-04:00,170.66073821259428,172.66501391219182,168.90451591156153,172.50625610351562,26025900,0.0,0.0
2018-05-02 00:00:00-04:00,172.8932149349454,176.69339473280922,172.84360122834588,174.6990509033203,30424500,0.0,0.0
2018-05-03 00:00:00-04:00,173.76636620591322,174.7486479441099,170.77979369044417,172.66500854492188,24026100,0.0,0.0
2018-05-04 00:00:00-04:00,171.73236506289277,175.60199279855607,171.71251654784345,175.23487854003906,17677800,0.0,0.0
2018-05-07 00:00:00-04:00,175.96909143404696,178.10234465949247,175.7904851097891,176.58425903320312,18697200,0.0,0.0
2018-05-08 00:00:00-04:00,176.8620893752962,177.64593152496187,175.7309663798416,177.52687072753906,15577200,0.0,0.0
2018-05-09 00:00:00-04:00,178.27102295714008,181.585012882542,177.38795342276703,181.2377471923828,23282800,0.0,0.0
2018-05-10 00:00:00-04:00,181.72393003145177,184.6807377083252,181.07899719333025,184.0854034423828,21071400,0.0,0.0
2018-05-11 00:00:00-04:00,183.41070567867146,186.85368837588928,182.74590918671933,185.53404235839844,21207800,0.0,0.0
2018-05-14 00:00:00-04:00,186.2484281764832,186.39725416581294,184.75017589733065,185.18675231933594,15646700,0.0,0.0
2018-05-15 00:00:00-04:00,183.44044857486458,183.84724462976104,181.77352191439496,182.8848114013672,15429400,0.0,0.0
2018-05-16 00:00:00-04:00,182.26963585426475,182.8848185833475,181.23774036867192,181.77352905273438,16975500,0.0,0.0
2018-05-17 00:00:00-04:00,181.25757011100754,182.62682970061053,180.80116034112504,182.32916259765625,14840700,0.0,0.0
2018-05-18 00:00:00-04:00,182.06130472447273,182.75585131494014,181.18815178789646,181.25759887695312,13130500,0.0,0.0
2018-05-21 00:00:00-04:00,182.33908709328264,183.85717260334886,181.7040710311633,183.05348205566406,13532900,0.0,0.0
2018-05-22 00:00:00-04:00,183.49004170704765,183.97623178944812,182.0017214049801,182.3688507080078,12731400,0.0,0.0
2018-05-23 00:00:00-04:00,181.07901338413828,185.45467975211199,180.76149770991785,185.4447479248047,16628100,0.0,0.0
2018-05-24 00:00:00-04:00,184.4326707185793,185.34550542321446,183.58928309387315,184.48226928710938,12354700,0.0,0.0
2018-05-25 00:00:00-04:00,184.57158939816497,184.87917321057796,183.0138066837136,183.4801483154297,10965100,0.0,0.0
2018-05-29 00:00:00-04:00,182.90465406274876,185.35542290175417,182.27956978080095,184.29376220703125,16398900,0.0,0.0
2018-05-30 00:00:00-04:00,185.0875339268128,186.53617256684836,183.80758493621627,186.208740234375,13736900,0.0,0.0
2018-05-31 00:00:00-04:00,186.40716899560496,191.21941113572862,186.02020628722232,190.28672790527344,30782600,0.0,0.0
2018-06-01 00:00:00-04:00,191.56668800517716,193.0351599015415,190.57447440007027,192.47952270507812,17307200,0.0,0.0
2018-06-04 00:00:00-04:00,190.34626483930563,192.46960146542042,189.9791506300175,191.77505493164062,18939800,0.0,0.0
2018-06-05 00:00:00-04:00,192.78712486010082,193.48167142182427,191.12019797198496,191.43771362304688,15544300,0.0,0.0
2018-06-06 00:00:00-04:00,189.54257487819743,191.03089537306258,187.6375264615675,189.85015869140625,22558900,0.0,0.0
2018-06-07 00:00:00-04:00,189.26473300685893,189.48302119714756,185.31572735159747,186.71473693847656,21503200,0.0,0.0
2018-06-08 00:00:00-04:00,186.06982653878478,188.00464014872674,184.9783854562642,187.6276092529297,12677100,0.0,0.0
2018-06-11 00:00:00-04:00,187.3398601696299,191.1003584484725,187.3299434833457,190.04859924316406,12928900,0.0,0.0
2018-06-12 00:00:00-04:00,190.67366586246942,191.7750234495119,190.06841502382485,190.90187072753906,11562700,0.0,0.0
2018-06-13 00:00:00-04:00,191.23928232766164,192.98557306541858,190.41574310395248,190.91184997558594,15853800,0.0,0.0
2018-06-14 00:00:00-04:00,191.5964533732013,195.74389897906175,191.4079303656662,195.27755737304688,19120900,0.0,0.0
2018-06-15 00:00:00-04:00,194.26549719007528,195.535544547172,193.12445758781328,194.32504272460938,21860900,0.0,0.0
2018-06-18 00:00:00-04:00,193.28321997564694,198.02599996059737,192.61843865407207,196.76588439941406,16826000,0.0,0.0
2018-06-19 00:00:00-04:00,194.71200350025885,196.41861211385094,192.28106805347113,195.9522705078125,19994000,0.0,0.0
2018-06-20 00:00:00-04:00,197.54974105161622,201.96508870534092,197.26199061868914,200.42715454101562,28230900,0.0,0.0
2018-06-21 00:00:00-04:00,201.18122924992667,201.80632867876594,198.5320206867189,199.93104553222656,19045700,0.0,0.0
2018-06-22 00:00:00-04:00,199.59370371285382,200.66529628370577,197.75810238371335,200.169189453125,17420200,0.0,0.0
2018-06-25 00:00:00-04:00,198.4427254162537,198.4427254162537,191.6063741312629,194.82115173339844,25275100,0.0,0.0
2018-06-26 00:00:00-04:00,196.06142269730353,197.54974316775883,194.7020797057688,197.4505157470703,17897600,0.0,0.0
2018-06-27 00:00:00-04:00,197.62909906827792,199.1868816991921,194.27542737022137,194.3151092529297,18734400,0.0,0.0
2018-06-28 00:00:00-04:00,193.6602448267047,195.80342985451412,191.75519651531133,194.7020721435547,18172400,0.0,0.0
2018-06-29 00:00:00-04:00,195.78361746262402,196.061436091557,192.4497787754484,192.80697631835938,15811600,0.0,0.0
2018-07-02 00:00:00-04:00,191.86433507148328,195.912568293661,190.72329551076174,195.82327270507812,13961600,0.0,0.0
2018-07-03 00:00:00-04:00,193.03516037372157,193.87853285613852,191.02096796162596,191.2293243408203,13489500,0.0,0.0
2018-07-05 00:00:00-04:00,193.2236662188641,197.1032095733461,192.51918795849843,196.90476989746094,19684200,0.0,0.0
2018-07-06 00:00:00-04:00,196.90480280366523,202.05439425234724,196.16064253975117,201.6475830078125,19740100,0.0,0.0
2018-07-09 00:00:00-04:00,203.33432085012856,204.19755695638088,200.5462031241345,203.14581298828125,18149400,0.0,0.0
2018-07-10 00:00:00-04:00,202.90770149057698,203.31451274085245,200.6851373539306,201.95516967773438,13190100,0.0,0.0
2018-07-11 00:00:00-04:00,200.6454663906994,202.90771253688035,200.17912471547976,200.9629669189453,12927400,0.0,0.0
2018-07-12 00:00:00-04:00,201.84599194789632,205.4675804308653,201.60787038932932,205.30882263183594,15454700,0.0,0.0
2018-07-13 00:00:00-04:00,206.19190923545924,206.80707683293494,204.84249811133506,205.7057342529297,11486800,0.0,0.0
2018-07-16 00:00:00-04:00,205.88432647756704,207.09482830709123,205.22946185373033,205.61642456054688,11078200,0.0,0.0
2018-07-17 00:00:00-04:00,203.3045560740338,208.82127628523605,203.24502568175086,208.3549346923828,15349900,0.0,0.0
2018-07-18 00:00:00-04:00,208.18628335666915,209.3471715552405,206.81702362195352,207.7298583984375,15334900,0.0,0.0
2018-07-19 00:00:00-04:00,207.14443969038666,208.3549415063196,206.142294254258,206.4697265625,11350400,0.0,0.0
2018-07-20 00:00:00-04:00,207.22381916439136,209.85317918327323,206.87653834379418,208.30532836914062,16163900,0.0,0.0
2018-07-23 00:00:00-04:00,208.94035941549492,209.97225498537256,207.17422026898748,209.26779174804688,16732000,0.0,0.0
2018-07-24 00:00:00-04:00,213.43506578153367,214.5165749601828,210.94461512299728,212.9984893798828,28468700,0.0,0.0
2018-07-25 00:00:00-04:00,214.04031852666162,216.91773190426417,212.60161183786033,215.80645751953125,58954200,0.0,0.0
2018-07-26 00:00:00-04:00,173.52821510032342,178.72741919156928,172.3970923374923,174.88754272460938,169803700,0.0,0.0
2018-07-27 00:00:00-04:00,178.46944804529903,178.52897843645357,171.65294573851048,173.52822875976562,60073700,0.0,0.0
2018-07-30 00:00:00-04:00,173.93503338501145,173.93503338501145,165.2630817548119,169.72804260253906,65280800,0.0,0.0
2018-07-31 00:00:00-04:00,169.34108974362823,172.88329948852726,168.67630846236798,171.23622131347656,40356500,0.0,0.0
2018-08-01 00:00:00-04:00,172.57570713929462,173.71676188284266,169.56930109095373,170.31346130371094,34042100,0.0,0.0
2018-08-02 00:00:00-04:00,169.35100641407132,175.41343198798833,168.94421035302224,174.9967041015625,32400000,0.0,0.0
2018-08-03 00:00:00-04:00,176.3064411018564,177.4574125381873,174.77842364397407,176.39573669433594,24763400,0.0,0.0
2018-08-06 00:00:00-04:00,177.57647891589647,184.34336816522875,176.99107649347212,184.24415588378906,49716200,0.0,0.0
2018-08-07 00:00:00-04:00,185.04784125612684,186.83382881099132,182.2894885869389,182.3787841796875,33398600,0.0,0.0
2018-08-08 00:00:00-04:00,183.31145358470317,185.39510809821982,182.32915671862065,183.73809814453125,22205200,0.0,0.0
2018-08-09 00:00:00-04:00,184.40290213821012,185.1172971356833,181.0591320378216,181.6643829345703,19732100,0.0,0.0
2018-08-10 00:00:00-04:00,180.6225383497656,180.68208387717155,178.02294383216653,178.8563995361328,21500400,0.0,0.0
2018-08-13 00:00:00-04:00,178.69765447366555,181.18810486740716,177.50698618122252,178.64804077148438,17423300,0.0,0.0
2018-08-14 00:00:00-04:00,179.3029344407843,180.572966695124,177.22919641645174,179.69981384277344,19102000,0.0,0.0
2018-08-15 00:00:00-04:00,177.9435875848628,179.46167321744863,173.4190958846087,178.13211059570312,33020200,0.0,0.0
2018-08-16 00:00:00-04:00,179.01516921222068,179.09454811405467,172.6550766400605,173.33970642089844,31351800,0.0,0.0
2018-08-17 00:00:00-04:00,173.1412780789589,174.84788673024775,170.70042589258762,172.4467315673828,24893200,0.0,0.0
2018-08-20 00:00:00-04:00,172.68487815710756,173.2107653848665,169.57925934701672,171.15687561035156,21518000,0.0,0.0
2018-08-21 00:00:00-04:00,171.46443243312672,172.8138435554987,170.05549091623485,171.27590942382812,19578500,0.0,0.0
2018-08-22 00:00:00-04:00,170.86910572781093,172.88329806579355,170.78972682533163,172.2879638671875,16894100,0.0,0.0
2018-08-23 00:00:00-04:00,171.74221865246383,174.18307034740965,171.4842486115246,171.55369567871094,18053600,0.0,0.0
2018-08-24 00:00:00-04:00,172.34750020068213,173.4587897337263,171.57357479979996,173.29010009765625,14631600,0.0,0.0
2018-08-27 00:00:00-04:00,174.61967661086052,177.27880178704885,174.42122177922306,176.07823181152344,17921900,0.0,0.0
2018-08-28 00:00:00-04:00,176.71322703617685,176.85213631792885,174.46089819493395,174.88754272460938,15910700,0.0,0.0
2018-08-29 00:00:00-04:00,174.92724421801782,175.41341914660134,173.38931025499963,174.5303497314453,18494100,0.0,0.0
2018-08-30 00:00:00-04:00,174.53036358997903,178.39007383101338,174.33192390092404,176.25682067871094,24216500,0.0,0.0
2018-08-31 00:00:00-04:00,175.77063585253046,176.23697746280862,173.61753412463977,174.3616943359375,18065200,0.0,0.0
2018-09-04 00:00:00-04:00,172.14907745662845,172.53604019516808,167.48567608090013,169.82730102539062,29809000,0.0,0.0
2018-09-05 00:00:00-04:00,168.17030702552182,169.79753690303795,165.37225709834064,165.87828063964844,31226700,0.0,0.0
2018-09-06 00:00:00-04:00,165.67982823051048,165.67982823051048,158.75418131005338,161.2644805908203,41514800,0.0,0.0
2018-09-07 00:00:00-04:00,159.06178377410743,163.34815443951953,158.91295776766128,161.77052307128906,24300600,0.0,0.0
2018-09-10 00:00:00-04:00,162.236860467802,163.72518105294841,160.89738102515815,162.90164184570312,20197700,0.0,0.0
2018-09-11 00:00:00-04:00,162.66350667856327,165.88820101083448,162.44521846641123,164.64793395996094,20457100,0.0,0.0
2018-09-12 00:00:00-04:00,161.97886867287718,163.20921897566964,160.5401619944368,160.7386016845703,24078100,0.0,0.0
2018-09-13 00:00:00-04:00,160.7385927171434,162.04832185091652,159.60746989251075,160.10357666015625,25453800,0.0,0.0
2018-09-14 00:00:00-04:00,160.46080280145142,161.5720773146908,159.09154303336734,161.05613708496094,21770400,0.0,0.0
2018-09-17 00:00:00-04:00,160.6592595373309,160.79816886620284,158.52600588537274,159.32969665527344,21005300,0.0,0.0
2018-09-18 00:00:00-04:00,158.14893132011807,160.50047279983679,157.63297598862607,159.05184936523438,22465200,0.0,0.0
2018-09-19 00:00:00-04:00,158.8335669834127,162.16740553853603,158.23823272214887,161.7903594970703,19629000,0.0,0.0
2018-09-20 00:00:00-04:00,163.219141232212,165.15395477201457,163.1893760346749,164.72731018066406,18936000,0.0,0.0
2018-09-21 00:00:00-04:00,165.342465367665,165.94771623876872,161.54228565433868,161.66134643554688,45994800,0.0,0.0
2018-09-24 00:00:00-04:00,159.77616949978685,164.40980562138776,159.62734350208274,164.1220703125,19222800,0.0,0.0
2018-09-25 00:00:00-04:00,160.72866920298205,164.30062869427448,159.8951983623684,163.6259307861328,27622800,0.0,0.0
2018-09-26 00:00:00-04:00,163.02069498827245,167.9817629115919,162.93139939924737,165.65005493164062,25252200,0.0,0.0
2018-09-27 00:00:00-04:00,166.24539593368888,170.43253864331763,165.90804693470875,167.5253448486328,27266900,0.0,0.0
2018-09-28 00:00:00-04:00,167.01930486518697,167.47571460935237,161.29422857354166,163.179443359375,34265600,0.0,0.0
2018-10-01 00:00:00-04:00,161.76060388563533,164.5884190842758,160.0043813367961,161.17520141601562,26407700,0.0,0.0
2018-10-02 00:00:00-04:00,160.3218819374772,161.01642845821567,157.43453660843005,158.0894012451172,36031000,0.0,0.0
2018-10-03 00:00:00-04:00,158.75416580084644,162.3856709771353,158.2878242276083,161.1652374267578,23109500,0.0,0.0
2018-10-04 00:00:00-04:00,160.20282214580766,160.20282214580766,156.12482345003056,157.61314392089844,25739600,0.0,0.0
2018-10-05 00:00:00-04:00,157.9703315953319,159.6471598371,154.98375901365037,156.10496520996094,25744000,0.0,0.0
2018-10-08 00:00:00-04:00,154.32889706743453,157.10709818236126,153.18785748057903,156.0255889892578,24046000,0.0,0.0
2018-10-09 00:00:00-04:00,156.46217583453068,159.33958941767398,156.19427390479638,156.6705322265625,18844400,0.0,0.0
2018-10-10 00:00:00-04:00,155.59896976230195,156.46219089232483,150.13186223220896,150.20132446289062,30610000,0.0,0.0
2018-10-11 00:00:00-04:00,148.96103111199872,153.60458344602512,147.99858271849723,152.1559600830078,35338900,0.0,0.0
2018-10-12 00:00:00-04:00,155.5096319219713,155.66838973017065,150.12191938851547,152.5429229736328,25293500,0.0,0.0
2018-10-15 00:00:00-04:00,152.1261910523011,154.358671573541,151.36218236806084,152.3246307373047,15433500,0.0,0.0
2018-10-16 00:00:00-04:00,154.18999885088436,158.2183990840519,153.80303612370565,157.54368591308594,19180100,0.0,0.0
2018-10-17 00:00:00-04:00,158.31762025402853,159.240386895238,156.7201555439605,158.1787109375,17592000,0.0,0.0
2018-10-18 00:00:00-04:00,157.27577306648942,157.42461419121523,152.08650015191827,153.71372985839844,21675100,0.0,0.0
2018-10-19 00:00:00-04:00,154.6464138552001,156.1248175844445,152.3544028385707,152.8505096435547,19761300,0.0,0.0
2018-10-22 00:00:00-04:00,153.5549653323491,156.11487813789978,153.25731337587135,153.57481384277344,15424700,0.0,0.0
2018-10-23 00:00:00-04:00,150.04253578314314,153.56489694981343,149.67542161066558,153.18785095214844,19095000,0.0,0.0
2018-10-24 00:00:00-04:00,153.07870778485304,153.44582195956076,144.4663012972735,144.90286254882812,27744600,0.0,0.0
2018-10-25 00:00:00-04:00,146.57974374261678,151.02487256771474,145.8554318914662,149.77467346191406,22105700,0.0,0.0
2018-10-26 00:00:00-04:00,144.68462171955386,147.83985429572138,142.6803456301756,144.2381134033203,31303300,0.0,0.0
2018-10-29 00:00:00-04:00,147.34372015279192,147.67115245881772,137.94745611434155,140.98362731933594,31336800,0.0,0.0
2018-10-30 00:00:00-04:00,138.85035218072036,145.49817924691396,138.65191251933672,145.08145141601562,50528300,0.0,0.0
2018-10-31 00:00:00-04:00,153.79312110959418,155.1822142120117,147.8001571163338,150.6081085205078,60101300,0.0,0.0
2018-11-01 00:00:00-04:00,150.3402002756691,151.56061869437454,148.18709870414037,150.5684051513672,25640800,0.0,0.0
2018-11-02 00:00:00-04:00,150.61799717373526,152.92985621292735,147.80011475084768,149.17929077148438,24708700,0.0,0.0
2018-11-05 00:00:00-05:00,148.93124955704735,149.02054513674483,146.29195806394065,147.5222930908203,15971200,0.0,0.0
2018-11-06 00:00:00-05:00,148.1474073132278,149.794485490799,146.84760994489577,148.7725067138672,16667100,0.0,0.0
2018-11-07 00:00:00-05:00,150.38982519689623,151.81860008780413,148.66336805291238,150.35012817382812,21877400,0.0,0.0
2018-11-08 00:00:00-05:00,149.31823799405643,149.7647311096227,145.59743679770625,146.7186279296875,24145800,0.0,0.0
2018-11-09 00:00:00-05:00,145.60735461809398,146.60948496439167,142.94822927624475,143.831298828125,17326900,0.0,0.0
2018-11-12 00:00:00-05:00,143.35503976659163,143.91067704964354,139.39611655485655,140.44786071777344,18542100,0.0,0.0
2018-11-13 00:00:00-05:00,140.8943427633134,143.7519230106303,140.51729671957594,141.0531005859375,15141700,0.0,0.0
2018-11-14 00:00:00-05:00,142.58107538601328,144.4464415907106,140.4478224399849,143.09703063964844,22068400,0.0,0.0
2018-11-15 00:00:00-05:00,141.22176575713524,143.71221648246322,139.73344533339812,142.7299346923828,30320300,0.0,0.0
2018-11-16 00:00:00-05:00,139.97157511023966,140.666121578878,136.69726731239894,138.4435577392578,37250600,0.0,0.0
2018-11-19 00:00:00-05:00,136.53850750383592,136.67741679552446,130.18834682667722,130.52569580078125,44362700,0.0,0.0
2018-11-20 00:00:00-05:00,126.0409163440952,133.11540550101412,125.86231755936255,131.39886474609375,41939500,0.0,0.0
2018-11-21 00:00:00-05:00,133.3534901554566,136.12177433644726,133.08560340760076,133.77023315429688,25469700,0.0,0.0
2018-11-23 00:00:00-05:00,132.6093328375205,133.45272039788455,130.2379430955289,130.70428466796875,11886100,0.0,0.0
2018-11-26 00:00:00-05:00,131.9644130546667,135.9332675826266,131.74612484443062,135.31809997558594,24263600,0.0,0.0
2018-11-27 00:00:00-05:00,134.69298214382596,135.5462863563767,132.6688732726465,133.94882202148438,20750300,0.0,0.0
2018-11-28 00:00:00-05:00,135.2188558902812,135.72487932983495,130.82335730951317,135.6951141357422,29847500,0.0,0.0
2018-11-29 00:00:00-05:00,134.86166988111822,138.8999864759306,134.60369979706752,137.6001739501953,24238700,0.0,0.0
2018-11-30 00:00:00-05:00,137.18344401041747,139.87234947165177,136.29045784512456,139.51515197753906,25732600,0.0,0.0
2018-12-03 00:00:00-05:00,141.88654085871002,142.56123882077898,139.66397700605577,139.9914093017578,24819200,0.0,0.0
2018-12-04 00:00:00-05:00,139.63425038225037,142.27354284760216,136.09205482294712,136.85604858398438,30307400,0.0,0.0
2018-12-06 00:00:00-05:00,132.77804184824052,138.61224798809107,132.62920071233876,138.5428009033203,28218100,0.0,0.0
2018-12-07 00:00:00-05:00,138.16575900817648,139.77314037231113,135.59592913490496,136.35000610351562,21195500,0.0,0.0
2018-12-10 00:00:00-05:00,138.51303317801737,141.9361672816189,137.92761561144712,140.74551391601562,26422200,0.0,0.0
2018-12-11 00:00:00-05:00,142.75971205389462,142.75971205389462,140.00135917806696,140.97372436523438,20300300,0.0,0.0
2018-12-12 00:00:00-05:00,141.96593630939051,146.043935173059,141.40036723998642,143.3748779296875,23696900,0.0,0.0
2018-12-13 00:00:00-05:00,144.4365575485377,144.7143761771331,142.07508406549724,143.8809051513672,18148600,0.0,0.0
2018-12-14 00:00:00-05:00,142.2239136130523,144.87312247749196,141.40037439347307,142.9383087158203,21785800,0.0,0.0
2018-12-17 00:00:00-05:00,141.96590015336162,143.79156924089747,137.3421819108187,139.09840393066406,24334000,0.0,0.0
2018-12-18 00:00:00-05:00,139.98151438060336,144.7937418711437,138.74124722221976,142.5414276123047,24709100,0.0,0.0
2018-12-19 00:00:00-05:00,140.11052109141946,143.78170922120492,131.46833200164406,132.20257568359375,57404900,0.0,0.0
2018-12-20 00:00:00-05:00,129.68230877473562,134.5143990888896,128.98776231335148,132.3612823486328,40297900,0.0,0.0
2018-12-21 00:00:00-05:00,132.35137431268788,133.84961143015394,122.4590032991407,123.97708892822266,56901500,0.0,0.0
2018-12-24 00:00:00-05:00,122.14148530903034,128.72979018166438,122.06210640900123,123.09400939941406,22066000,0.0,0.0
2018-12-26 00:00:00-05:00,125.0189228099463,133.19476892664005,124.9097787003067,133.13522338867188,39723400,0.0,0.0
2018-12-27 00:00:00-05:00,131.4087738165464,133.9389215670963,128.6603378591269,133.4725799560547,31202500,0.0,0.0
2018-12-28 00:00:00-05:00,134.28616268377382,134.86164829297573,131.17061310290515,132.16282653808594,22627600,0.0,0.0
2018-12-31 00:00:00-05:00,133.4031287951879,133.59165182038424,128.93816714993446,130.0692901611328,24625300,0.0,0.0
2019-01-02 00:00:00-05:00,127.98562432545164,136.43927241230728,127.55896464929714,134.62351989746094,28146200,0.0,0.0
2019-01-03 00:00:00-05:00,133.6412450754704,136.10193043297755,130.09903544528873,130.71421813964844,22717900,0.0,0.0
2019-01-04 00:00:00-05:00,132.96656037737398,136.9254987257058,132.70859025045763,136.87588500976562,29002100,0.0,0.0
2019-01-07 00:00:00-05:00,136.488892311857,137.78868962849725,134.8517460247865,136.97508239746094,20089300,0.0,0.0
2019-01-08 00:00:00-05:00,138.80075335822818,142.02544740628335,138.45347255860054,141.42019653320312,26263800,0.0,0.0
2019-01-09 00:00:00-05:00,141.83693190722673,143.5733057172067,140.17002031683543,143.10696411132812,22205900,0.0,0.0
2019-01-10 00:00:00-05:00,141.96590471650677,143.43437640890122,139.74334109938806,143.07717895507812,16125000,0.0,0.0
2019-01-11 00:00:00-05:00,142.03539559129902,144.2281946918742,141.45992492597048,142.6803436279297,12908000,0.0,0.0
2019-01-14 00:00:00-05:00,140.8943310748982,145.4287544900615,140.17001938673516,144.2579345703125,20520300,0.0,0.0
2019-01-15 00:00:00-05:00,144.87309661692566,149.5067321308206,144.85326324648588,147.7902069091797,24069000,0.0,0.0
2019-01-16 00:00:00-05:00,147.83982810953688,148.4847609010033,145.85540088659008,146.3911895751953,18025700,0.0,0.0
2019-01-17 00:00:00-05:00,145.8057845235697,147.8398254180553,145.3592914345309,147.14527893066406,15787900,0.0,0.0
2019-01-18 00:00:00-05:00,148.58399931211375,151.24312472042595,147.39334591824291,148.87173461914062,31029600,0.0,0.0
2019-01-22 00:00:00-05:00,148.03825724886107,150.35011661555828,145.23029111179903,146.42095947265625,22378700,0.0,0.0
2019-01-23 00:00:00-05:00,147.12544359412522,147.64139894809395,141.94608696153634,143.1764373779297,20098400,0.0,0.0
2019-01-24 00:00:00-05:00,143.5137975060694,145.2997853003888,141.41030918163793,144.6945343017578,20955500,0.0,0.0
2019-01-25 00:00:00-05:00,146.33166107014597,148.6633691432037,145.3989778409229,147.84974670410156,22237200,0.0,0.0
2019-01-28 00:00:00-05:00,146.89721723585558,147.8001351884582,145.0715479606864,146.3217315673828,15508500,0.0,0.0
2019-01-29 00:00:00-05:00,146.93691851028444,146.9468503365544,142.31319918224366,143.06729125976562,17632100,0.0,0.0
2019-01-30 00:00:00-05:00,145.0814848865154,149.7746513338501,144.5655295359058,149.248779296875,44613200,0.0,0.0
2019-01-31 00:00:00-05:00,164.31056547839583,170.3432103755557,163.71523130855581,165.39207458496094,77233600,0.0,0.0
2019-02-01 00:00:00-05:00,164.54871625525175,167.7833426044964,164.37012505657125,164.41973876953125,30806500,0.0,0.0
2019-02-04 00:00:00-05:00,164.40978301718607,167.981757870779,162.34597700621873,167.93214416503906,20036000,0.0,0.0
2019-02-05 00:00:00-05:00,167.83294179293438,170.64090838899568,167.37653196797973,169.82730102539062,22557000,0.0,0.0
2019-02-06 00:00:00-05:00,169.86695397540728,171.12706940265178,167.9519891221724,169.16249084472656,13281200,0.0,0.0
2019-02-07 00:00:00-05:00,166.89032404823783,167.92223466788164,163.96329696401648,165.08450317382812,17517600,0.0,0.0
2019-02-08 00:00:00-05:00,163.18936817435636,166.06678149085363,162.93139809480107,166.027099609375,12561400,0.0,0.0
2019-02-11 00:00:00-05:00,166.59268665974187,166.98958125347593,163.79465168882504,164.49911499023438,12811200,0.0,0.0
2019-02-12 00:00:00-05:00,165.56076463790257,167.02923655097888,163.21913989760228,163.7549285888672,16292300,0.0,0.0
2019-02-13 00:00:00-05:00,164.09227776533976,164.9257334935379,162.45511636354675,162.79248046875,14205100,0.0,0.0
2019-02-14 00:00:00-05:00,161.91936963077,163.58628151861365,160.98668625258,162.67344665527344,12755200,0.0,0.0
2019-02-15 00:00:00-05:00,163.22905458754357,163.41757759475078,159.6074809879609,161.23471069335938,15504400,0.0,0.0
2019-02-19 00:00:00-05:00,159.25028100750322,162.87185455074814,159.08160651419917,161.02633666992188,14345400,0.0,0.0
2019-02-20 00:00:00-05:00,160.98668190511842,162.44523733758356,159.99446814915467,161.2942657470703,11770700,0.0,0.0
2019-02-21 00:00:00-05:00,160.66913680947994,160.97673573507552,158.3473606793532,158.79385375976562,15607800,0.0,0.0
2019-02-22 00:00:00-05:00,159.32967333669976,161.1454261740566,159.06177140594767,160.6294708251953,15858500,0.0,0.0
2019-02-25 00:00:00-05:00,161.80027685335008,164.7769176135051,161.63158722042746,163.33819580078125,18737100,0.0,0.0
2019-02-26 00:00:00-05:00,163.0603766377669,164.9455915299292,162.52458796440192,162.85202026367188,13784100,0.0,0.0
2019-02-27 00:00:00-05:00,161.63159295565973,162.65357177504464,159.1609907266516,161.54229736328125,12697500,0.0,0.0
2019-02-28 00:00:00-05:00,161.1057210686007,162.22692730701414,159.60748394875688,160.19288635253906,11114200,0.0,0.0
2019-03-01 00:00:00-05:00,161.33394935851342,161.85982139424212,160.43103128208145,161.0164337158203,11097800,0.0,0.0
2019-03-04 00:00:00-05:00,162.62379032573335,166.19576506368998,162.55434325192755,166.0667724609375,18894700,0.0,0.0
2019-03-05 00:00:00-05:00,166.06680296493406,170.54169646417552,165.25319559960448,169.926513671875,28187900,0.0,0.0
2019-03-06 00:00:00-05:00,171.55372600546673,172.21852244305563,169.9364281267931,171.16676330566406,21531700,0.0,0.0
2019-03-07 00:00:00-05:00,170.16462106454432,170.40275776307303,166.30491102325666,167.81307983398438,18306500,0.0,0.0
2019-03-08 00:00:00-05:00,164.90588389538485,168.2992523149171,164.67767902511758,168.2794189453125,13184800,0.0,0.0
2019-03-11 00:00:00-04:00,170.26389815994423,172.94287245526186,170.24404964428044,170.73023986816406,18884000,0.0,0.0
2019-03-12 00:00:00-04:00,170.75003435805678,172.446726271351,169.8868133730355,170.58135986328125,12155300,0.0,0.0
2019-03-13 00:00:00-04:00,170.97828348252506,172.67496054457362,170.77982861727304,172.0200958251953,11973300,0.0,0.0
2019-03-14 00:00:00-04:00,168.43815953157934,169.8173357009858,166.85062700404814,168.844970703125,18037400,0.0,0.0
2019-03-15 00:00:00-04:00,165.85841134885308,166.2751391996822,161.24460951614773,164.68759155273438,37135400,0.0,0.0
2019-03-18 00:00:00-04:00,162.2963882822019,162.6238054519901,158.0397833952159,159.22052001953125,37524200,0.0,0.0
2019-03-19 00:00:00-04:00,160.2226399576314,162.5444311730838,159.56779052043038,160.31195068359375,25611500,0.0,0.0
2019-03-20 00:00:00-04:00,160.24250083654022,164.8265229506624,159.98453074379006,164.15182495117188,20211500,0.0,0.0
2019-03-21 00:00:00-04:00,163.60609812321184,165.09441850706298,162.47497523708407,164.78683471679688,16223000,0.0,0.0
2019-03-22 00:00:00-04:00,164.36014565819573,166.11636763680386,162.81229515771744,163.0603485107422,16389200,0.0,0.0
2019-03-25 00:00:00-04:00,161.73081738718392,165.24324688234591,160.73860378358157,164.9951934814453,12631200,0.0,0.0
2019-03-26 00:00:00-04:00,166.04695721457836,168.13059675582596,165.05474358351418,166.37437438964844,15437900,0.0,0.0
2019-03-27 00:00:00-04:00,166.54305447088734,167.62456363307606,163.50686821651982,164.57846069335938,10620300,0.0,0.0
2019-03-28 00:00:00-04:00,163.28860594168904,165.42185921090982,162.0582555781511,164.26097106933594,10443000,0.0,0.0
2019-03-29 00:00:00-04:00,165.09440750004092,165.88818134650202,163.5267083167739,165.39207458496094,13455500,0.0,0.0
2019-04-01 00:00:00-04:00,166.5231926783833,167.5848532452184,165.977472228152,167.38641357421875,10381500,0.0,0.0
2019-04-02 00:00:00-04:00,168.8152128208041,173.5381438692349,168.22981045979668,172.84359741210938,23946500,0.0,0.0
2019-04-03 00:00:00-04:00,173.14126764896554,176.5743332564893,171.6033335902772,172.18873596191406,27391100,0.0,0.0
2019-04-04 00:00:00-04:00,174.64944458007812,176.614023296656,174.16325445881316,174.64944458007812,17847700,0.0,0.0
2019-04-05 00:00:00-04:00,175.50277825907204,175.62183906788354,173.73663894179123,174.351806640625,9594100,0.0,0.0
2019-04-08 00:00:00-04:00,173.8457506054392,174.13348588633917,172.873370381757,173.5679168701172,7297400,0.0,0.0
2019-04-09 00:00:00-04:00,174.2525507892514,177.79476067353207,174.1831037087638,176.19729614257812,19751000,0.0,0.0
2019-04-10 00:00:00-04:00,176.79262244624147,177.39787338366907,175.16539265151494,176.43544006347656,11701500,0.0,0.0
2019-04-11 00:00:00-04:00,176.8521649941845,177.01090767051508,175.62181462775595,176.12783813476562,8071000,0.0,0.0
2019-04-12 00:00:00-04:00,176.61401859237805,178.2313315849551,176.5644048850026,177.70545959472656,12329800,0.0,0.0
2019-04-15 00:00:00-04:00,177.1101201320724,179.09454724839816,175.49280718747417,178.25115966796875,10834800,0.0,0.0
2019-04-16 00:00:00-04:00,177.60624176364888,178.76712990698255,176.91169524284823,177.4772491455078,11215200,0.0,0.0
2019-04-17 00:00:00-04:00,178.20157717015965,179.33270012285755,176.97122679670733,177.38795471191406,9973700,0.0,0.0
2019-04-18 00:00:00-04:00,177.40780103271302,177.4871799403403,175.95916246347767,176.891845703125,11655600,0.0,0.0
2019-04-22 00:00:00-04:00,176.8620881413712,180.2554571040603,176.8620881413712,180.02725219726562,13389900,0.0,0.0
2019-04-23 00:00:00-04:00,181.31711879933349,182.78559068882757,180.06691997316187,182.34901428222656,19954800,0.0,0.0
2019-04-24 00:00:00-04:00,183.05350268658597,183.69843550643336,180.23560439961344,181.1583709716797,37289900,0.0,0.0
2019-04-25 00:00:00-04:00,195.446223658715,196.93454400518095,190.62406513056624,191.75518798828125,54148800,0.0,0.0
2019-04-26 00:00:00-04:00,191.00112323298583,191.39800262786818,187.6176711306924,189.99899291992188,22075000,0.0,0.0
2019-04-29 00:00:00-04:00,189.46318673735053,193.8884661213994,189.16551962488455,193.26336669921875,19641300,0.0,0.0
2019-04-30 00:00:00-04:00,192.67796122555828,195.85304171458267,190.7828296177422,191.89410400390625,23494700,0.0,0.0
2019-05-01 00:00:00-04:00,193.26336662324573,194.65245962756978,191.50714428636743,191.52699279785156,15996600,0.0,0.0
2019-05-02 00:00:00-04:00,191.49724068974515,192.48945437207544,188.2725462221717,191.03089904785156,13209500,0.0,0.0
2019-05-03 00:00:00-04:00,192.86648883169053,194.6326278689575,192.20170752125662,193.947998046875,14575400,0.0,0.0
2019-05-06 00:00:00-04:00,189.75093330248222,192.76725596880635,189.06630349973676,192.37037658691406,13994900,0.0,0.0
2019-05-07 00:00:00-04:00,191.04079434883323,191.39799184008598,186.38732541720447,188.29237365722656,16253000,0.0,0.0
2019-05-08 00:00:00-04:00,187.9153372207342,189.2349831544809,187.08188141204525,188.0641632080078,12505700,0.0,0.0
2019-05-09 00:00:00-04:00,185.74238460333387,188.2923808460176,184.80970138834417,187.18109130859375,12967000,0.0,0.0
2019-05-10 00:00:00-04:00,186.78420904881693,188.5205828381154,183.15270366160382,186.87350463867188,12578500,0.0,0.0
2019-05-13 00:00:00-04:00,182.07121031855266,183.98617545416812,179.4319182955988,180.12646484375,16833300,0.0,0.0
2019-05-14 00:00:00-04:00,181.09884008128245,182.06128853534085,176.71325755432562,179.32276916503906,17628100,0.0,0.0
2019-05-15 00:00:00-04:00,179.01515563658498,185.82174076790292,178.61827629748984,184.81961059570312,16746900,0.0,0.0
2019-05-16 00:00:00-04:00,183.60914538762196,187.111658483527,183.60914538762196,185.53404235839844,12953100,0.0,0.0
2019-05-17 00:00:00-04:00,183.40075283012467,186.11942346505776,182.84511565276085,183.857177734375,10485400,0.0,0.0
2019-05-20 00:00:00-04:00,180.4638159310982,182.79550882672874,179.95777730125477,181.29727172851562,10352000,0.0,0.0
2019-05-21 00:00:00-04:00,183.1328670161202,184.2540580619783,182.45815391155378,183.38092041015625,7502800,0.0,0.0
2019-05-22 00:00:00-04:00,183.29161189556703,185.28597089728876,182.18033752165732,183.8770294189453,9213800,0.0,0.0
2019-05-23 00:00:00-04:00,180.99961942743286,182.4680914487444,178.27103178122283,179.46168518066406,12768800,0.0,0.0
2019-05-24 00:00:00-04:00,180.91030777380982,182.20018848372345,179.42198737159669,179.6501922607422,8807700,0.0,0.0
2019-05-28 00:00:00-04:00,180.12644214269247,183.27177243573908,180.03714655632237,182.8748779296875,14843300,0.0,0.0
2019-05-29 00:00:00-04:00,182.07117480865165,183.12291868215283,179.93792186824652,180.77137756347656,12797700,0.0,0.0
2019-05-30 00:00:00-04:00,181.65445366890046,182.05133302224354,179.4815036304013,181.58499145507812,8581500,0.0,0.0
2019-05-31 00:00:00-04:00,178.87628333774524,179.13425344749643,175.78058146081298,176.08816528320312,15226500,0.0,0.0
2019-06-03 00:00:00-04:00,173.63739659299998,173.68701030573672,159.75632155211554,162.8718719482422,56059600,0.0,0.0
2019-06-04 00:00:00-04:00,162.43530246984187,166.96971095429262,159.58763901376403,166.19578552246094,46044300,0.0,0.0
2019-06-05 00:00:00-04:00,166.17592015880012,167.40627040411377,163.34812064155474,166.8605499267578,19758300,0.0,0.0
2019-06-06 00:00:00-04:00,166.98956768612805,168.37866080138633,165.92789176662538,167.0193328857422,12446400,0.0,0.0
2019-06-07 00:00:00-04:00,168.84501180564317,172.5161996479711,167.52536570302638,172.00025939941406,16917300,0.0,0.0
2019-06-10 00:00:00-04:00,173.38935429803465,176.4751396925717,172.44675425545486,173.4588165283203,14767900,0.0,0.0
2019-06-11 00:00:00-04:00,177.09028772714373,178.57860819974294,175.41344423895202,176.7132568359375,15266600,0.0,0.0
2019-06-12 00:00:00-04:00,176.99106793976617,177.8741374437899,171.53389310501814,173.67706298828125,17699800,0.0,0.0
2019-06-13 00:00:00-04:00,174.16326829665647,176.64380252880846,173.25043351602207,176.08816528320312,12253600,0.0,0.0
2019-06-14 00:00:00-04:00,179.10448360485768,180.42412959894995,178.59846008500926,179.91810607910156,16773700,0.0,0.0
2019-06-17 00:00:00-04:00,183.56944489654097,188.02448970728005,182.9741257809275,187.53829956054688,29459900,0.0,0.0
2019-06-18 00:00:00-04:00,192.48945826320056,193.01533031426763,185.8217809719573,187.0025177001953,37571400,0.0,0.0
2019-06-19 00:00:00-04:00,185.54394434497365,186.63538536770005,183.1130240379683,186.02020263671875,21417100,0.0,0.0
2019-06-20 00:00:00-04:00,189.4632172560091,189.67158881029314,186.17899208406163,188.0542755126953,14635700,0.0,0.0
2019-06-21 00:00:00-04:00,187.28031303269353,190.50500716438228,187.28031303269353,189.65170288085938,22751200,0.0,0.0
2019-06-24 00:00:00-04:00,190.9217507239968,192.4696016118779,190.07837819661492,191.10035705566406,15509000,0.0,0.0
2019-06-25 00:00:00-04:00,191.3781650924631,191.63613517952635,186.66515046587438,187.36961364746094,16750300,0.0,0.0
2019-06-26 00:00:00-04:00,188.0641426133698,189.2746443105627,185.8515107183269,186.19879150390625,12808600,0.0,0.0
2019-06-27 00:00:00-04:00,188.4015211062334,197.33144340638594,186.80405662249586,188.02447509765625,11159000,0.0,0.0
2019-06-28 00:00:00-04:00,189.0663026325004,191.69566259042654,188.46105173690523,191.49722290039062,16378900,0.0,0.0
2019-07-01 00:00:00-04:00,193.6900215962289,193.75946867475142,190.43554709173276,191.49722290039062,14181800,0.0,0.0
2019-07-02 00:00:00-04:00,191.49721656212438,193.4816436767578,191.2094812920926,193.4816436767578,9050000,0.0,0.0
2019-07-03 00:00:00-04:00,192.64819756011687,195.8629599570674,192.64819756011687,195.66452026367188,10246100,0.0,0.0
2019-07-05 00:00:00-04:00,194.65243935540553,195.53552391473016,192.6580956483325,194.8707275390625,11164100,0.0,0.0
2019-07-08 00:00:00-04:00,193.67016392658124,195.14855241641712,192.13222990657042,194.2357177734375,9723900,0.0,0.0
2019-07-09 00:00:00-04:00,193.45189840383705,197.90694318538272,193.3725194942796,197.6588897705078,14698600,0.0,0.0
2019-07-10 00:00:00-04:00,198.4427198534289,201.37967876885,198.1152875488734,201.15145874023438,20571700,0.0,0.0
2019-07-11 00:00:00-04:00,201.6773548677617,202.2131587538637,198.65111513988347,199.6631622314453,13678500,0.0,0.0
2019-07-12 00:00:00-04:00,198.12520452215628,203.70145525331952,197.60926435057237,203.27479553222656,15366300,0.0,0.0
2019-07-15 00:00:00-04:00,202.65962987765283,203.73122239343607,200.24855807212413,202.32228088378906,16030300,0.0,0.0
2019-07-16 00:00:00-04:00,202.30243658551404,203.87013593903205,201.51859447874432,202.25282287597656,12132700,0.0,0.0
2019-07-17 00:00:00-04:00,202.5901721385115,202.76877846508143,200.02034246492263,200.2287139892578,12083700,0.0,0.0
2019-07-18 00:00:00-04:00,198.59156008870863,200.8935030713905,197.8275664632312,199.21665954589844,11937900,0.0,0.0
2019-07-19 00:00:00-04:00,200.60573880997634,200.7545799342816,196.52775543963102,196.81549072265625,12098300,0.0,0.0
2019-07-22 00:00:00-04:00,198.3534059776496,200.99269754198875,197.26196506308028,200.74464416503906,13589000,0.0,0.0
2019-07-23 00:00:00-04:00,201.26062112468742,202.64972937383774,199.39526968379784,200.78436279296875,14583700,0.0,0.0
2019-07-24 00:00:00-04:00,196.0911911824439,203.2152780199159,195.68437994677214,203.0664520263672,32532500,0.0,0.0
2019-07-25 00:00:00-04:00,205.0905671227849,207.0353126208322,196.71628113932098,199.147216796875,39889900,0.0,0.0
2019-07-26 00:00:00-04:00,198.63126334073826,201.3003206203723,194.72193893413518,198.19468688964844,24434000,0.0,0.0
2019-07-29 00:00:00-04:00,197.45050838228804,198.07560780135663,193.77932105342705,194.41433715820312,16530800,0.0,0.0
2019-07-30 00:00:00-04:00,193.86862138181795,197.16277791456997,191.99333821876863,195.50576782226562,11903600,0.0,0.0
2019-07-31 00:00:00-04:00,195.41645821104208,197.21236233773257,191.17970205770425,192.71763610839844,14593500,0.0,0.0
2019-08-01 00:00:00-04:00,192.65811435806566,196.9246358984572,189.39373825086943,191.2293243408203,17777000,0.0,0.0
2019-08-02 00:00:00-04:00,189.61200843901597,191.1201620783803,186.60560270505155,187.54820251464844,15297000,0.0,0.0
2019-08-05 00:00:00-04:00,183.25193081918576,184.22429590063115,177.94358204337857,180.31497192382812,23086700,0.0,0.0
2019-08-06 00:00:00-04:00,182.25972642611572,184.34336599152593,181.66439218458214,183.07333374023438,18035700,0.0,0.0
2019-08-07 00:00:00-04:00,182.1704396561513,184.91886067841867,179.80896622765212,183.70835876464844,15833200,0.0,0.0
2019-08-08 00:00:00-04:00,185.16690699814845,188.8579429969137,182.61692578382804,188.67935180664062,14828900,0.0,0.0
2019-08-09 00:00:00-04:00,188.5205976993792,189.492962858845,185.66301747893215,186.38734436035156,11058800,0.0,0.0
2019-08-12 00:00:00-04:00,185.39510743470652,186.12933577038334,183.0237176614181,183.92662048339844,10930900,0.0,0.0
2019-08-13 00:00:00-04:00,184.07548718412679,189.88985998710254,183.9266460473053,186.982666015625,13577000,0.0,0.0
2019-08-14 00:00:00-04:00,184.35327620412184,184.5417991965045,177.9138049684069,178.31069946289062,18903700,0.0,0.0
2019-08-15 00:00:00-04:00,179.54105938203216,181.77354012490346,178.62822462841115,181.1682891845703,12925900,0.0,0.0
2019-08-16 00:00:00-04:00,182.3192517702729,183.65874620661722,180.94007545091594,182.26963806152344,12654600,0.0,0.0
2019-08-19 00:00:00-04:00,184.56165539058108,186.0400591779072,183.41069906418429,184.7204132080078,9691200,0.0,0.0
2019-08-20 00:00:00-04:00,184.00601392079102,184.55173444310773,180.96984264751063,182.3787841796875,10083400,0.0,0.0
2019-08-21 00:00:00-04:00,183.55952586109075,184.45251209307207,181.71400786034766,182.12081909179688,8398200,0.0,0.0
2019-08-22 00:00:00-04:00,182.00176565429163,182.6764788947238,178.50918406375342,180.62258911132812,10821400,0.0,0.0
2019-08-23 00:00:00-04:00,179.4319187008426,181.70409651204378,175.2844727753875,176.36598205566406,17323400,0.0,0.0
2019-08-26 00:00:00-04:00,178.0031261750868,179.09456726705497,176.85216982535022,178.95565795898438,8773600,0.0,0.0
2019-08-27 00:00:00-04:00,180.51343579223635,182.60700735839944,179.60060098167907,179.8883514404297,14399600,0.0,0.0
2019-08-28 00:00:00-04:00,179.12432330990987,180.5332648311725,177.52685877876382,180.34474182128906,9386100,0.0,0.0
2019-08-29 00:00:00-04:00,182.33911909214527,184.63113035702233,182.04145194891893,184.12510681152344,10128700,0.0,0.0
2019-08-30 00:00:00-04:00,185.325677292104,185.34552580568567,182.03153561659624,184.2243194580078,10774500,0.0,0.0
2019-09-03 00:00:00-04:00,182.56731322916687,184.22430822265585,180.69203001953164,180.9698486328125,9779400,0.0,0.0
2019-09-04 00:00:00-04:00,183.21222884048626,186.28809694997892,182.45815198098745,185.68284606933594,11308000,0.0,0.0
2019-09-05 00:00:00-04:00,187.06206292015918,189.87002973717827,186.47666042296638,189.41360473632812,13876700,0.0,0.0
2019-09-06 00:00:00-04:00,188.7289738322857,188.7289738322857,184.89902835901984,186.0301513671875,15226800,0.0,0.0
2019-09-09 00:00:00-04:00,186.26827378506894,187.50854091088968,184.40292232302065,187.29025268554688,14722400,0.0,0.0
2019-09-10 00:00:00-04:00,185.98052878136687,186.63539342326803,183.1130319415039,184.7204132080078,15455900,0.0,0.0
2019-09-11 00:00:00-04:00,185.00816165150752,187.96495405432762,184.63111562417566,187.02235412597656,11761700,0.0,0.0
2019-09-12 00:00:00-04:00,188.3817052240302,189.4433660752566,185.7721781884302,186.01031494140625,11419800,0.0,0.0
2019-09-13 00:00:00-04:00,185.8713922210499,186.50640837656061,185.08753492816635,185.73248291015625,11441100,0.0,0.0
2019-09-16 00:00:00-04:00,185.47449803241622,186.3278024124639,184.3235416569863,184.77003479003906,8444800,0.0,0.0
2019-09-17 00:00:00-04:00,185.20658288295587,186.8536609918206,184.0952934237337,186.6155242919922,9671100,0.0,0.0
2019-09-18 00:00:00-04:00,186.62543512471942,187.60773194823412,184.56162921085541,186.675048828125,9681900,0.0,0.0
2019-09-19 00:00:00-04:00,187.19101304013168,189.61201653828311,186.68497443717115,188.65948486328125,10392700,0.0,0.0
2019-09-20 00:00:00-04:00,189.17545294401287,191.59645660587978,186.65522186388125,188.4511260986328,19934200,0.0,0.0
2019-09-23 00:00:00-04:00,187.86570841161895,188.61980039313607,183.7678767782794,185.36534118652344,13327600,0.0,0.0
2019-09-24 00:00:00-04:00,186.5162969252655,186.5758273152421,178.98539979368155,179.86846923828125,18546600,0.0,0.0
2019-09-25 00:00:00-04:00,180.03715354178527,181.9918155324956,176.4850270596817,181.37664794921875,18068300,0.0,0.0
2019-09-26 00:00:00-04:00,179.91811301576254,179.98756010235067,176.286607220428,178.70761108398438,16083300,0.0,0.0
2019-09-27 00:00:00-04:00,179.0846423972008,179.35252917482316,174.2922487777934,175.72103881835938,14656200,0.0,0.0
2019-09-30 00:00:00-04:00,176.4850336273538,177.27880755981747,175.47298662494165,176.6934051513672,10740000,0.0,0.0
2019-10-01 00:00:00-04:00,177.7550603463437,178.43969015259512,173.5183191760256,174.44107055664062,17073000,0.0,0.0
2019-10-02 00:00:00-04:00,173.47863061918676,175.1554741070558,171.7422567348218,173.24050903320312,16151700,0.0,0.0
2019-10-03 00:00:00-04:00,174.2029749289024,178.4397167302611,172.2780778362104,177.98330688476562,16086300,0.0,0.0
2019-10-04 00:00:00-04:00,178.15196615220776,179.57082442257075,176.71325936939817,179.04495239257812,10430200,0.0,0.0
2019-10-07 00:00:00-04:00,178.59847575153447,179.7692807142706,176.70334384746454,178.2809600830078,9178300,0.0,0.0
2019-10-08 00:00:00-04:00,176.8720055833215,178.96557705889228,176.33621685638886,176.36598205566406,9466900,0.0,0.0
2019-10-09 00:00:00-04:00,177.7650008974485,179.31285176669965,176.55449903508978,178.4496307373047,7556900,0.0,0.0
2019-10-10 00:00:00-04:00,178.9159547538327,180.19590357282038,177.77490008638557,178.62820434570312,8605000,0.0,0.0
2019-10-11 00:00:00-04:00,180.73171968660145,185.03793865783828,180.72180299997834,182.75584411621094,14930500,0.0,0.0
2019-10-14 00:00:00-04:00,182.7657552933642,183.18248321866753,181.14845730373014,181.85292053222656,7006000,0.0,0.0
2019-10-15 00:00:00-04:00,182.36885655080957,188.89762363518096,182.2299472570986,187.41921997070312,15039100,0.0,0.0
2019-10-16 00:00:00-04:00,186.85367815342866,188.22292266826352,185.44472147500937,188.0740966796875,10516900,0.0,0.0
2019-10-17 00:00:00-04:00,188.81825140652387,189.35404008978063,187.30016580732195,188.9075469970703,9603000,0.0,0.0
2019-10-18 00:00:00-04:00,188.74880932739174,189.99900828835493,182.48794325583296,184.40292358398438,16874200,0.0,0.0
2019-10-21 00:00:00-04:00,185.58363312419127,188.43129657477238,185.29589782931336,188.28245544433594,8122600,0.0,0.0
2019-10-22 00:00:00-04:00,188.5205869805388,189.16551977474407,180.08677124719893,180.92022705078125,19537600,0.0,0.0
2019-10-23 00:00:00-04:00,180.59279769294298,184.92878155956058,180.58288100701617,184.7005615234375,12300400,0.0,0.0
2019-10-24 00:00:00-04:00,183.18249661084138,185.27606821671895,181.376675469173,184.92880249023438,11413500,0.0,0.0
2019-10-25 00:00:00-04:00,184.38305956882508,187.52837494017774,183.64881603665648,186.42701721191406,8061200,0.0,0.0
2019-10-28 00:00:00-04:00,185.74238033048172,188.05423980339688,183.63889237228332,187.9252471923828,13657900,0.0,0.0
2019-10-29 00:00:00-04:00,190.19744140416606,191.03089725591036,187.00251216583382,187.83596801757812,13574900,0.0,0.0
2019-10-30 00:00:00-04:00,188.0839922337448,188.96706166002988,184.5318660190314,186.78419494628906,28734600,0.0,0.0
2019-10-31 00:00:00-04:00,195.1684274639781,196.5476038710065,186.78422491161206,190.15774536132812,42286500,0.0,0.0
2019-11-01 00:00:00-04:00,191.3484026536958,192.59858636437755,188.43129218879344,192.11239624023438,21711800,0.0,0.0
2019-11-04 00:00:00-05:00,193.0351676602356,195.83320226631028,192.3009241125528,193.20384216308594,16371300,0.0,0.0
2019-11-05 00:00:00-05:00,193.84878860686817,194.22583466326856,192.09258123253747,192.80697631835938,9942000,0.0,0.0
2019-11-06 00:00:00-05:00,192.5192183927646,192.85656740909667,189.86009300758838,190.05853271484375,10973000,0.0,0.0
2019-11-07 00:00:00-05:00,190.41572064804228,191.93380628501296,187.99471697758543,188.93731689453125,13473000,0.0,0.0
2019-11-08 00:00:00-05:00,188.52059384867061,190.84237016036985,188.22292672512432,189.3540496826172,10760800,0.0,0.0
2019-11-11 00:00:00-05:00,188.45115226396757,188.59999341203036,187.0719757424762,188.13365173339844,8631200,0.0,0.0
2019-11-12 00:00:00-05:00,188.52058402549875,193.54118241978134,188.26261393985592,192.95578002929688,17615500,0.0,0.0
2019-11-13 00:00:00-05:00,193.18398230480068,194.17619589151252,191.23925215323305,191.6857452392578,10860700,0.0,0.0
2019-11-14 00:00:00-05:00,191.42778415989008,192.51922529891618,189.9593121055475,191.6460723876953,9040500,0.0,0.0
2019-11-15 00:00:00-05:00,192.74741587846907,193.7793265404359,191.8742781721648,193.5808868408203,11524300,0.0,0.0
2019-11-18 00:00:00-05:00,193.04506275366026,197.0833791042505,191.5468257677041,195.86294555664062,16167200,0.0,0.0
2019-11-19 00:00:00-05:00,195.862972319889,198.44273391679903,195.32718359990446,197.76803588867188,19056800,0.0,0.0
2019-11-20 00:00:00-05:00,197.03379811724992,198.03592850260839,193.9083158821572,195.9721221923828,12355400,0.0,0.0
2019-11-21 00:00:00-05:00,195.8828009930464,197.5397958366302,195.32716381675212,196.38882446289062,12131000,0.0,0.0
2019-11-22 00:00:00-05:00,196.8353656727007,197.74820049246765,196.0812735442123,197.27194213867188,9959800,0.0,0.0
2019-11-25 00:00:00-05:00,197.96644247844262,199.4051490306744,197.69854059327585,198.2343292236328,15272300,0.0,0.0
2019-11-26 00:00:00-05:00,198.442724670464,198.5915506579755,196.49797930710295,197.42074584960938,11735500,0.0,0.0
2019-11-27 00:00:00-05:00,198.3434998487067,201.55827748084596,197.8672415424567,200.42715454101562,12736600,0.0,0.0
2019-11-29 00:00:00-05:00,200.03027966309168,202.21314668437972,199.64331694177233,200.06996154785156,7985200,0.0,0.0
2019-12-02 00:00:00-05:00,200.55612149055764,200.60572005404404,196.5078885555953,198.14503479003906,11503400,0.0,0.0
2019-12-03 00:00:00-05:00,196.06144017029004,197.38107111518457,193.56105731789708,197.27194213867188,11595300,0.0,0.0
2019-12-04 00:00:00-05:00,198.44272970673654,198.47249490499425,196.50791612009164,197.16278076171875,8456300,0.0,0.0
2019-12-05 00:00:00-05:00,198.3038002553113,199.72265836137896,196.66665395754444,197.8076934814453,9740400,0.0,0.0
2019-12-06 00:00:00-05:00,198.938837567935,200.00051344458964,198.502261137908,199.48455810546875,12270600,0.0,0.0
2019-12-09 00:00:00-05:00,199.08764804194197,201.55826529748646,198.65108678592196,199.77227783203125,11954800,0.0,0.0
2019-12-10 00:00:00-05:00,200.08982657177856,200.47678932503035,198.59157413381945,199.30596923828125,9475700,0.0,0.0
2019-12-11 00:00:00-05:00,198.7205409171607,201.05224896037808,198.7205409171607,200.68511962890625,8036800,0.0,0.0
2019-12-12 00:00:00-05:00,200.77445094628683,202.07424848833924,192.58868781139714,195.21804809570312,23734800,0.0,0.0
2019-12-13 00:00:00-05:00,194.8707495720382,195.26764410536947,191.66590380777728,192.5985870361328,18798000,0.0,0.0
2019-12-16 00:00:00-05:00,193.74956142284032,197.56957484695494,193.29313648755445,196.37892150878906,14911500,0.0,0.0
2019-12-17 00:00:00-05:00,197.2917690171386,197.45052684317042,194.60287836113022,196.84527587890625,10175700,0.0,0.0
2019-12-18 00:00:00-05:00,198.53202502655532,202.70925114268758,198.53202502655532,200.9232635498047,23274400,0.0,0.0
2019-12-19 00:00:00-05:00,201.20109144577407,204.69368788416222,200.93318950948256,204.45555114746094,16514600,0.0,0.0
2019-12-20 00:00:00-05:00,205.8644693078134,206.09268933196256,201.84600128143063,204.69366455078125,27306900,0.0,0.0
2019-12-23 00:00:00-05:00,205.09055554968202,206.96583871627354,204.0784934016867,204.57460021972656,13348900,0.0,0.0
2019-12-24 00:00:00-05:00,204.6936622913126,205.17983725048617,203.40378162375183,203.52284240722656,6046300,0.0,0.0
2019-12-26 00:00:00-05:00,203.9693729292224,206.2018537033605,203.7113876835131,206.1720733642578,9350700,0.0,0.0
2019-12-27 00:00:00-05:00,207.04521392384925,207.3031840142275,204.9814077808883,206.4796600341797,10284200,0.0,0.0
2019-12-30 00:00:00-05:00,206.24152385687,206.28120574011763,202.31235125630602,202.81838989257812,10524300,0.0,0.0
2019-12-31 00:00:00-05:00,202.41158838306944,203.95943928360214,202.01470897164327,203.65185546875,8953500,0.0,0.0
2020-01-02 00:00:00-05:00,205.14015477509616,208.15647735421365,204.6638965025992,208.1465606689453,12077100,0.0,0.0
2020-01-03 00:00:00-05:00,205.59658840250805,208.76173709486574,205.33860317480784,207.0452117919922,11188400,0.0,0.0
2020-01-06 00:00:00-05:00,205.0905711316546,211.12323231415454,204.9119799307813,210.94464111328125,17058900,0.0,0.0
2020-01-07 00:00:00-05:00,211.16289467328085,212.9091850683675,210.10121890912478,211.40101623535156,14912400,0.0,0.0
2020-01-08 00:00:00-05:00,211.34150448738282,214.55628211870993,210.95454177490646,213.54421997070312,13475000,0.0,0.0
2020-01-09 00:00:00-05:00,215.84615815471753,216.67962915565775,214.59597436327618,216.60025024414062,12642800,0.0,0.0
2020-01-10 00:00:00-05:00,217.49321394126716,218.1679270491792,215.72707497817117,216.36209106445312,12119400,0.0,0.0
2020-01-13 00:00:00-05:00,217.89011785751035,220.24165930128555,217.50315514980076,220.18212890625,14463400,0.0,0.0
2020-01-14 00:00:00-05:00,219.8844722297958,220.64848099563872,216.92767972949216,217.3543243408203,13288900,0.0,0.0
2020-01-15 00:00:00-05:00,218.8922356273878,219.9538962713182,218.425894039687,219.4280242919922,10036500,0.0,0.0
2020-01-16 00:00:00-05:00,220.83700210732903,220.89653250467634,218.67396845051022,220.04322814941406,10015300,0.0,0.0
2020-01-17 00:00:00-05:00,220.3012104997265,220.55918061590063,218.8128899233792,220.4103546142578,15905900,0.0,0.0
2020-01-21 00:00:00-05:00,220.43016951504185,220.63852588557012,217.41383179520864,219.7157745361328,14275800,0.0,0.0
2020-01-22 00:00:00-05:00,220.57902258431162,221.0155990294826,219.55704369674288,219.59674072265625,12212800,0.0,0.0
2020-01-23 00:00:00-05:00,219.03115557209316,219.7653990977893,217.56268366067917,218.04885864257812,11195000,0.0,0.0
2020-01-24 00:00:00-05:00,219.08078905236238,220.05315424389215,214.4273043543575,216.24305725097656,11905800,0.0,0.0
2020-01-27 00:00:00-05:00,211.44073790551,214.3776818732718,210.84540365097445,213.1969451904297,13810700,0.0,0.0
2020-01-28 00:00:00-05:00,214.45706126995194,217.03682285882238,211.85746630853654,216.09420776367188,13413800,0.0,0.0
2020-01-29 00:00:00-05:00,219.71579601102562,222.45430027118508,216.74907170753525,221.49185180664062,33181300,0.0,0.0
2020-01-30 00:00:00-05:00,204.92188804289427,209.7837289696415,203.15574892158747,207.89852905273438,48775500,0.0,0.0
2020-01-31 00:00:00-05:00,206.8070821530458,207.0650673895748,199.49447245565628,200.33786010742188,31359900,0.0,0.0
2020-02-03 00:00:00-05:00,201.85593745533228,203.54269754941683,200.92325424778556,202.60009765625,15495600,0.0,0.0
2020-02-04 00:00:00-05:00,205.0111699219711,208.96019096490863,203.60222842171876,208.19618225097656,19628900,0.0,0.0
2020-02-05 00:00:00-05:00,210.85530559513091,211.07359379720026,207.08490604661267,208.4739990234375,12538200,0.0,0.0
2020-02-06 00:00:00-05:00,208.83120592530642,209.54560095697394,207.7099996678324,209.208251953125,10567500,0.0,0.0
2020-02-07 00:00:00-05:00,208.66254989830577,211.16293273052528,208.29542052398477,210.67674255371094,12242500,0.0,0.0
2020-02-10 00:00:00-05:00,209.87301403214792,212.13525971168318,209.01970977478095,211.40101623535156,11856400,0.0,0.0
2020-02-11 00:00:00-05:00,208.55337722476645,209.21815851429,204.90202333517067,205.5767364501953,25030800,0.0,0.0
2020-02-12 00:00:00-05:00,206.23162710979105,209.57538249088782,205.78511882521056,209.11895751953125,13813700,0.0,0.0
2020-02-13 00:00:00-05:00,207.8885843005509,212.66112898628327,207.55122019193055,211.4803924560547,15396600,0.0,0.0
2020-02-14 00:00:00-05:00,212.3337074056923,213.25645877349032,210.99421300859052,212.51229858398438,10741700,0.0,0.0
2020-02-18 00:00:00-05:00,211.8872331206534,216.28273242948998,211.7383919855589,216.10414123535156,15609200,0.0,0.0
2020-02-19 00:00:00-05:00,216.29266139589325,216.62009372079666,214.427294868557,215.7965545654297,12135100,0.0,0.0
2020-02-20 00:00:00-05:00,214.83410713895424,217.06658788680414,211.2918970851758,212.90921020507812,13109200,0.0,0.0
2020-02-21 00:00:00-05:00,211.817734097176,212.57182604802966,207.2039473704042,208.54342651367188,14092300,0.0,0.0
2020-02-24 00:00:00-05:00,200.2286969404289,202.06428291956448,196.62695691772672,199.1571044921875,23080100,0.0,0.0
2020-02-25 00:00:00-05:00,200.6752110946446,201.91547815950642,194.4242620597452,195.23788452148438,21433500,0.0,0.0
2020-02-26 00:00:00-05:00,195.65460357799446,199.6433065171503,193.96784347416536,195.66452026367188,16524500,0.0,0.0
2020-02-27 00:00:00-05:00,190.3264112977289,194.3547959067369,188.02446858402297,188.27252197265625,21682600,0.0,0.0
2020-02-28 00:00:00-05:00,181.2774422985748,191.23927645336616,180.40430452650662,190.97137451171875,32568900,0.0,0.0
2020-03-02 00:00:00-05:00,192.51922277794182,195.03945405142605,187.37956308505497,194.91046142578125,24949000,0.0,0.0
2020-03-03 00:00:00-05:00,194.69214924139928,195.70421132887967,182.53753292619203,184.4425811767578,27984100,0.0,0.0
2020-03-04 00:00:00-05:00,187.69703155416585,190.3363231761663,184.9386791534209,190.26686096191406,23062500,0.0,0.0
2020-03-05 00:00:00-05:00,185.32567512431237,187.5184740800542,182.45817811448364,183.72821044921875,19333400,0.0,0.0
2020-03-06 00:00:00-05:00,176.94145799688096,182.3490192383938,174.8875685209055,179.67996215820312,24559600,0.0,0.0
2020-03-09 00:00:00-04:00,168.27943371546766,173.63738113448332,163.90376807728393,168.18020629882812,29949000,0.0,0.0
2020-03-10 00:00:00-04:00,173.3099400535454,176.90174828238088,168.1801977845256,176.8025360107422,24517800,0.0,0.0
2020-03-11 00:00:00-04:00,172.6550938325682,174.51054367524623,166.35454616437582,168.91445922851562,20373900,0.0,0.0
2020-03-12 00:00:00-04:00,158.29775772184547,165.30279874923735,153.13824981343737,153.26724243164062,43266300,0.0,0.0
2020-03-13 00:00:00-04:00,162.25669022128017,169.4601555701285,156.3728707888146,168.95413208007812,35028600,0.0,0.0
2020-03-16 00:00:00-04:00,151.13398868681,157.89096114274597,141.98577772844195,144.87310791015625,39120400,0.0,0.0
2020-03-17 00:00:00-04:00,149.56627516659688,152.7413554813894,138.90989624697303,148.2565460205078,34255600,0.0,0.0
2020-03-18 00:00:00-04:00,138.66185277470413,147.0262062866971,136.03249274945776,145.8157196044922,37553100,0.0,0.0
2020-03-19 00:00:00-04:00,145.47837707791123,158.6847398402859,143.6725559021448,151.9376983642578,39862300,0.0,0.0
2020-03-20 00:00:00-04:00,154.80516448603694,158.0298585688612,146.84760746399692,148.5641326904297,32568400,0.0,0.0
2020-03-23 00:00:00-04:00,148.4947045726751,151.1240647968421,141.14239749154174,146.9468536376953,29830800,0.0,0.0
2020-03-24 00:00:00-04:00,154.00147073760522,160.05396426855154,151.38202758854493,159.72653198242188,30440400,0.0,0.0
2020-03-25 00:00:00-04:00,157.68258858451526,161.72090533404412,151.86821609525333,154.9936981201172,35184300,0.0,0.0
2020-03-26 00:00:00-04:00,157.01779756928065,162.72302560102386,155.7973791164667,162.0681610107422,26556800,0.0,0.0
2020-03-27 00:00:00-04:00,156.96820833607012,158.84349167154605,153.54507401130994,155.56918334960938,24879900,0.0,0.0
2020-03-30 00:00:00-04:00,157.94056152383686,165.45162612076703,156.82928708074246,164.65785217285156,22515200,0.0,0.0
2020-03-31 00:00:00-04:00,164.19149156944218,169.59905230840994,162.92145945555544,165.501220703125,23676300,0.0,0.0
2020-04-01 00:00:00-04:00,160.36156041626128,162.87185966361065,156.80943383993798,158.3572998046875,19507600,0.0,0.0
2020-04-02 00:00:00-04:00,157.86120054164533,160.09368129332805,154.70595320647797,156.95828247070312,20886300,0.0,0.0
2020-04-03 00:00:00-04:00,155.92636791796428,156.68045997611702,149.65558556793806,152.9794921875,25983300,0.0,0.0
2020-04-06 00:00:00-04:00,158.90300833132738,164.90590387910632,157.27577856792746,164.26097106933594,28453600,0.0,0.0
2020-04-07 00:00:00-04:00,170.45237046123444,172.03991830310687,164.71737697093712,167.5154266357422,31411900,0.0,0.0
2020-04-08 00:00:00-04:00,169.91658282708556,173.63738391089035,166.4339184630365,172.92298889160156,21664200,0.0,0.0
2020-04-09 00:00:00-04:00,174.53037569157397,175.70119567614313,170.23410389271467,173.82591247558594,23534300,0.0,0.0
2020-04-13 00:00:00-04:00,172.31772651616228,173.63737236291774,168.13058409712687,173.4290008544922,19355400,0.0,0.0
2020-04-14 00:00:00-04:00,177.58635954174926,179.81883981053414,175.24473518755806,176.7826690673828,21011800,0.0,0.0
2020-04-15 00:00:00-04:00,173.82591713406964,176.80255817599564,171.47437555574143,175.59205627441406,17423000,0.0,0.0
2020-04-16 00:00:00-04:00,176.5644306047126,176.66365803391773,171.16678547952324,174.87767028808594,23593200,0.0,0.0
2020-04-17 00:00:00-04:00,177.8046785869603,178.87627111884785,175.28446264083883,177.84437561035156,20974800,0.0,0.0
2020-04-20 00:00:00-04:00,176.02861848761108,179.09455487937518,175.39360238892877,176.85215759277344,16110700,0.0,0.0
2020-04-21 00:00:00-04:00,173.88544044431308,174.01443306233168,167.02924055696525,169.4700927734375,24850500,0.0,0.0
2020-04-22 00:00:00-04:00,177.06050748849793,183.34122116614927,176.75292370601838,180.86068725585938,33242000,0.0,0.0
2020-04-23 00:00:00-04:00,182.64667978077563,185.59355535938485,181.7239132676867,183.68850708007812,21426600,0.0,0.0
2020-04-24 00:00:00-04:00,181.80328973159789,188.9273910973202,179.42198319942162,188.5900421142578,28792000,0.0,0.0
2020-04-27 00:00:00-04:00,191.15988024980575,192.24138946533202,185.95075872880966,186.04005432128906,29197800,0.0,0.0
2020-04-28 00:00:00-04:00,187.19102229434844,187.7268109792905,181.1385132497502,181.4857940673828,21731000,0.0,0.0
2020-04-29 00:00:00-04:00,189.4433221975567,195.37677001343562,188.52057088095992,192.67794799804688,45954500,0.0,0.0
2020-04-30 00:00:00-04:00,205.30884198802337,208.0572779754261,200.00050816482027,203.11605834960938,46230100,0.0,0.0
2020-05-01 00:00:00-04:00,200.03027179216886,205.6660378850065,197.50012403387927,200.69505310058594,30415600,0.0,0.0
2020-05-04 00:00:00-04:00,198.6411451382997,204.30669104079635,197.21235523658538,203.6617431640625,19250700,0.0,0.0
2020-05-05 00:00:00-04:00,205.40807366752924,208.74191213072285,204.89211833132651,205.4576873779297,21071200,0.0,0.0
2020-05-06 00:00:00-04:00,206.4995056560085,209.95242015348194,205.05088216567125,206.84678649902344,21857000,0.0,0.0
2020-05-07 00:00:00-04:00,209.5158389880353,209.95241541855825,207.4123357446047,209.61505126953125,15152000,0.0,0.0
2020-05-08 00:00:00-04:00,210.58743487014175,211.5498833416923,209.20825847379285,210.6965789794922,12506000,0.0,0.0
2020-05-11 00:00:00-04:00,209.2479181636426,213.3259165222958,208.7319628705345,211.52008056640625,12911900,0.0,0.0
2020-05-12 00:00:00-04:00,211.6292294374064,213.60373992712047,208.36485339579585,208.46408081054688,14704600,0.0,0.0
2020-05-13 00:00:00-04:00,207.79927734708642,209.13877170097768,200.53628200459266,203.5030059814453,20684600,0.0,0.0
2020-05-14 00:00:00-04:00,200.98279892633244,205.31876782706613,199.12736420496205,205.19970703125,17178900,0.0,0.0
2020-05-15 00:00:00-04:00,203.6716877492825,209.69441636456455,202.53063303740763,209.23800659179688,19383200,0.0,0.0
2020-05-18 00:00:00-04:00,210.49811862818973,212.96873605342822,209.2975485967128,211.530029296875,20151900,0.0,0.0
2020-05-19 00:00:00-04:00,211.60940758664356,218.77319129030954,211.17283116193593,215.19129943847656,31843200,0.0,0.0
2020-05-20 00:00:00-04:00,221.75974374231737,229.53869487802802,221.4521599429684,228.1793670654297,50162900,0.0,0.0
2020-05-21 00:00:00-04:00,232.89239117121974,235.35307680549553,229.39979485355224,229.58831787109375,47782600,0.0,0.0
2020-05-22 00:00:00-04:00,229.70736675116186,234.1524946121766,226.95894596001787,233.08090209960938,33925600,0.0,0.0
2020-05-26 00:00:00-04:00,237.90307837726152,239.02426954087372,229.86614151041633,230.3920135498047,33178300,0.0,0.0
2020-05-27 00:00:00-04:00,227.2863726241577,228.764761172586,219.4081943562366,227.35581970214844,34697600,0.0,0.0
2020-05-28 00:00:00-04:00,222.5535268126139,229.82645475219894,222.25585968682327,223.70449829101562,29377200,0.0,0.0
2020-05-29 00:00:00-04:00,223.44650066945937,225.71867830178658,221.14457298017828,223.3373565673828,23241500,0.0,0.0
2020-06-01 00:00:00-04:00,222.84128192413317,230.6301658982346,221.75977257292092,230.1042938232422,18223800,0.0,0.0
2020-06-02 00:00:00-04:00,229.1418199204089,231.1857775917419,224.79591934234608,230.907958984375,20919000,0.0,0.0
2020-06-03 00:00:00-04:00,230.30271831482378,230.83850704146684,226.75059151677158,228.36790466308594,15380300,0.0,0.0
2020-06-04 00:00:00-04:00,227.77254245900426,229.82643179582445,222.86108836396903,224.5279998779297,17041500,0.0,0.0
2020-06-05 00:00:00-04:00,224.94477459040334,229.54864555284124,223.5556663264044,228.97315979003906,16750400,0.0,0.0
2020-06-08 00:00:00-04:00,227.24667943961484,229.74706194907915,225.63929825351963,229.5982208251953,15466500,0.0,0.0
2020-06-09 00:00:00-04:00,229.71732350258614,237.9030866501457,228.61596567349713,236.8116455078125,27462900,0.0,0.0
2020-06-10 00:00:00-04:00,239.0838086648603,239.3318620782933,233.44802723887338,234.88673400878906,20720700,0.0,0.0
2020-06-11 00:00:00-04:00,228.14961747773572,231.07664482467789,221.8093726271132,222.68251037597656,26708200,0.0,0.0
2020-06-12 00:00:00-04:00,228.10990023443085,229.8562058573406,222.7519528586331,226.80018615722656,22091400,0.0,0.0
2020-06-15 00:00:00-04:00,223.33736018712725,231.94978228517638,223.0496248987954,230.68966674804688,15340300,0.0,0.0
2020-06-16 00:00:00-04:00,235.2935435543671,236.60327283509807,231.18577966295072,233.8151397705078,15236700,0.0,0.0
2020-06-17 00:00:00-04:00,233.17020342590362,235.7400330981517,229.925660611379,233.69607543945312,19578100,0.0,0.0
2020-06-18 00:00:00-04:00,233.16025968442423,234.3012991723679,230.34236179128223,234.1028594970703,15782500,0.0,0.0
2020-06-19 00:00:00-04:00,235.93848091433975,238.95481893657268,233.71593199267232,236.93069458007812,30081300,0.0,0.0
2020-06-22 00:00:00-04:00,236.70246573551785,238.82580215983967,235.0653194086259,237.35733032226562,18917800,0.0,0.0
2020-06-23 00:00:00-04:00,239.40130430970032,243.28086325076663,237.99236276675106,240.3538360595703,24017900,0.0,0.0
2020-06-24 00:00:00-04:00,239.32193228613724,241.3262081229041,230.86826764529962,232.19784545898438,20834900,0.0,0.0
2020-06-25 00:00:00-04:00,232.79316560381045,235.45230610298375,230.92781420586104,233.84490966796875,18704300,0.0,0.0
2020-06-26 00:00:00-04:00,230.82859361350327,231.2750867486719,213.72282404542958,214.3975372314453,76343900,0.0,0.0
2020-06-29 00:00:00-04:00,208.11683563322833,219.03118696560267,205.49739191905772,218.9220428466797,58514300,0.0,0.0
2020-06-30 00:00:00-04:00,218.8724009551295,225.7286007703649,216.76891290483175,225.3019561767578,33927100,0.0,0.0
2020-07-01 00:00:00-04:00,226.72079695520517,237.13903926605707,225.7881137925992,235.70033264160156,43399700,0.0,0.0
2020-07-02 00:00:00-04:00,237.1390625329917,238.13127618375734,230.7988179101983,231.60250854492188,30633600,0.0,0.0
2020-07-06 00:00:00-04:00,231.9398659180404,238.52816419114757,230.46147721466446,238.4091033935547,26206200,0.0,0.0
2020-07-07 00:00:00-04:00,237.5458514748459,245.72168150044317,236.96044910941646,238.98455810546875,27887800,0.0,0.0
2020-07-08 00:00:00-04:00,236.25598567293406,245.0668474636678,234.74781673128183,241.6833953857422,29791300,0.0,0.0
2020-07-09 00:00:00-04:00,243.0923287171284,244.61041429342896,237.3771839087014,242.59622192382812,22174900,0.0,0.0
2020-07-10 00:00:00-04:00,241.79252935736176,243.57851682658566,237.45656086428355,243.1617889404297,22982700,0.0,0.0
2020-07-13 00:00:00-04:00,245.08666315884426,248.2022130954621,236.56355241102372,237.1390380859375,24674900,0.0,0.0
2020-07-14 00:00:00-04:00,234.9165121365507,238.45872234252025,230.2233455352895,237.86338806152344,23378100,0.0,0.0
2020-07-15 00:00:00-04:00,239.66921901467015,242.91376200888993,236.1964711117376,238.4091033935547,19133600,0.0,0.0
2020-07-16 00:00:00-04:00,236.1468676700114,239.8775858433129,234.4898725582001,239.05404663085938,18880700,0.0,0.0
2020-07-17 00:00:00-04:00,239.1234984091847,242.25889729163046,236.00794803966005,240.14547729492188,18152400,0.0,0.0
2020-07-20 00:00:00-04:00,238.19079813555464,244.13416314331633,233.80521577145498,243.50906372070312,20872200,0.0,0.0
2020-07-21 00:00:00-04:00,244.3028103230211,244.98744006361716,238.21062001014647,239.86761474609375,19364200,0.0,0.0
2020-07-22 00:00:00-04:00,238.3892515451012,240.01648136267946,236.26591489118834,238.00228881835938,15427900,0.0,0.0
2020-07-23 00:00:00-04:00,237.76412376848498,240.5323927476628,229.9454766121343,230.7888641357422,21771800,0.0,0.0
2020-07-24 00:00:00-04:00,228.39766465309515,231.6719727567298,225.13327323566094,228.9136199951172,18325800,0.0,0.0
2020-07-27 00:00:00-04:00,229.65779072861835,233.1206068680901,229.03269124992605,231.68190002441406,13163100,0.0,0.0
2020-07-28 00:00:00-04:00,232.8030790068061,233.1305113076569,228.04045075621468,228.32818603515625,14170100,0.0,0.0
2020-07-29 00:00:00-04:00,229.3402574968024,231.88032196348667,228.5167183683108,231.4735107421875,13588300,0.0,0.0
2020-07-30 00:00:00-04:00,228.42744451877812,233.0610807883605,227.21694256552757,232.6741180419922,20615300,0.0,0.0
2020-07-31 00:00:00-04:00,253.8280771726185,253.85784236786688,247.06117350657465,251.69480895996094,53005100,0.0,0.0
2020-08-03 00:00:00-04:00,250.68279897700992,253.41138680143405,248.38087093974008,249.99818420410156,23124900,0.0,0.0
2020-08-04 00:00:00-04:00,249.60126046272325,250.83161082477696,245.50341329118677,247.88473510742188,17183500,0.0,0.0
2020-08-05 00:00:00-04:00,248.2419279153794,250.30573406098853,245.84077277269392,247.1802520751953,13050100,0.0,0.0
2020-08-06 00:00:00-04:00,247.10089121185337,264.52417636220866,246.7337769905804,263.2144470214844,45241600,0.0,0.0
2020-08-07 00:00:00-04:00,262.0237559273697,276.71846729977585,261.3788231390226,266.3498229980469,72766400,0.0,0.0
2020-08-10 00:00:00-04:00,265.9529751211674,271.7276359834202,257.66798446784964,260.95220947265625,30248800,0.0,0.0
2020-08-11 00:00:00-04:00,258.16408155660923,263.84947688200344,253.14348272446458,254.1356964111328,28238300,0.0,0.0
2020-08-12 00:00:00-04:00,256.95354425379196,261.8451497880856,256.10022485521864,257.86639404296875,21415700,0.0,0.0
2020-08-13 00:00:00-04:00,259.51346478633786,263.09537176343133,257.5489011631833,259.2654113769531,17374000,0.0,0.0
2020-08-14 00:00:00-04:00,260.2675474028903,260.60489639382604,256.66580718443333,259.20587158203125,14792700,0.0,0.0
2020-08-17 00:00:00-04:00,260.4560885640764,262.04363649322056,257.3802201288519,259.12652587890625,13351100,0.0,0.0
2020-08-18 00:00:00-04:00,258.91811078447637,263.08538908872043,257.2412676387366,260.2972717285156,18690400,0.0,0.0
2020-08-19 00:00:00-04:00,259.35474142244783,265.82396354247567,259.31504439791973,260.5453796386719,23291500,0.0,0.0
2020-08-20 00:00:00-04:00,259.4638710277575,267.53057289532575,259.4241740031318,266.9154052734375,20299700,0.0,0.0
2020-08-21 00:00:00-04:00,266.59788085818127,268.3838532680804,264.34556683414814,264.93096923828125,15538600,0.0,0.0
2020-08-24 00:00:00-04:00,268.95937034055146,275.0912436348155,266.67726070148495,269.2768859863281,23685600,0.0,0.0
2020-08-25 00:00:00-04:00,270.2889622758773,280.88579829013565,268.1557086825143,278.63348388671875,42127200,0.0,0.0
2020-08-26 00:00:00-04:00,281.78866364018035,302.29773216562353,281.78866364018035,301.54364013671875,69015200,0.0,0.0
2020-08-27 00:00:00-04:00,297.82285484879753,298.8845307287282,289.7462211483339,290.9368896484375,30301300,0.0,0.0
2020-08-28 00:00:00-04:00,292.70300616742725,294.9156533521209,288.7143184756924,291.3734436035156,17157400,0.0,0.0
2020-08-31 00:00:00-04:00,291.66121345742096,294.5683921740452,289.279876482208,290.91705322265625,17345100,0.0,0.0
2020-09-01 00:00:00-04:00,292.4152605760405,299.1424675498005,290.43083338283753,293.13958740234375,17295900,0.0,0.0
2020-09-02 00:00:00-04:00,296.5527841578091,301.23603322218395,290.76816233153926,300.14459228515625,24341400,0.0,0.0
2020-09-03 00:00:00-04:00,293.68525467554446,295.28273410444615,281.42151074661865,288.8531799316406,32294100,0.0,0.0
2020-09-04 00:00:00-04:00,285.0133590630986,286.74973287810445,269.0288123633383,280.528564453125,30333700,0.0,0.0
2020-09-08 00:00:00-04:00,269.16776686961657,277.1253108936608,267.3222636782899,269.0487060546875,24864000,0.0,0.0
2020-09-09 00:00:00-04:00,273.622771164663,276.3116921916663,269.2372034068986,271.5887451171875,22918800,0.0,0.0
2020-09-10 00:00:00-04:00,273.3648023507062,276.9863762490286,264.9508193916789,266.0025634765625,24814700,0.0,0.0
2020-09-11 00:00:00-04:00,267.9572067042382,269.27686777024303,260.5949986305776,264.5340576171875,18913900,0.0,0.0
2020-09-14 00:00:00-04:00,268.84034217883465,274.4860411433256,263.6312197102945,264.07769775390625,24093800,0.0,0.0
2020-09-15 00:00:00-04:00,268.5624240941063,272.3824215994397,267.2030662513804,270.2987976074219,18478500,0.0,0.0
2020-09-16 00:00:00-04:00,265.2088046240385,270.3186990512302,259.75162935073587,261.4681396484375,29183400,0.0,0.0
2020-09-17 00:00:00-04:00,256.2689270376447,259.4638560363653,248.24192265848913,252.83587646484375,31281400,0.0,0.0
2020-09-18 00:00:00-04:00,256.388010190241,257.18179930634693,248.10303500311386,250.563720703125,28130800,0.0,0.0
2020-09-21 00:00:00-04:00,245.61256826204752,248.00380687005463,242.229131111691,246.2178192138672,24709400,0.0,0.0
2020-09-22 00:00:00-04:00,251.33764360136956,253.33200277778175,246.28727962902335,252.7664337158203,30293100,0.0,0.0
2020-09-23 00:00:00-04:00,253.27245835747246,255.9811974630854,246.21781849122172,247.0810546875,19641300,0.0,0.0
2020-09-24 00:00:00-04:00,244.58067562687125,250.2759876821249,243.70752273115838,247.5870819091797,20006800,0.0,0.0
2020-09-25 00:00:00-04:00,247.45806543720002,253.7586278443611,244.68979615867002,252.83587646484375,18351300,0.0,0.0
2020-09-28 00:00:00-04:00,257.3802103500167,257.57866518860396,252.83588523395522,254.8203125,18826300,0.0,0.0
2020-09-29 00:00:00-04:00,255.80259624156326,261.2796046364811,254.89967819508988,259.7516174316406,20200200,0.0,0.0
2020-09-30 00:00:00-04:00,259.94014233961224,264.00819407144127,258.07477583703985,259.8607482910156,20142500,0.0,0.0
2020-10-01 00:00:00-04:00,263.2838619564372,266.24063884854394,262.73812635584693,264.55389404296875,20009800,0.0,0.0
2020-10-02 00:00:00-04:00,259.1761467118416,263.0854713326593,257.16195399847294,257.9160461425781,16367600,0.0,0.0
2020-10-05 00:00:00-04:00,260.15838954772266,262.807582612892,258.8089634538917,262.58929443359375,12822300,0.0,0.0
2020-10-06 00:00:00-04:00,259.7416979545767,263.62125710707375,256.2292530217347,256.64599609375,18696900,0.0,0.0
2020-10-07 00:00:00-04:00,257.19164699621535,258.15409528048303,252.83584557604271,256.1101379394531,23133400,0.0,0.0
2020-10-08 00:00:00-04:00,257.7275121464029,262.5595880875689,257.13217786216137,261.706298828125,16312800,0.0,0.0
2020-10-09 00:00:00-04:00,262.46036212336156,262.6885821795816,260.1286841070195,262.39093017578125,14107800,0.0,0.0
2020-10-12 00:00:00-04:00,268.09613180330746,277.99840433575406,265.7842571156628,273.6029052734375,31019300,0.0,0.0
2020-10-13 00:00:00-04:00,275.4186278390119,276.92681183583034,271.261280862398,273.9898681640625,18063300,0.0,0.0
2020-10-14 00:00:00-04:00,275.4582864515571,276.579492467608,269.3859451298855,269.7034606933594,15577800,0.0,0.0
2020-10-15 00:00:00-04:00,265.5163412097531,266.94513108589155,261.616949384437,264.6431884765625,15416100,0.0,0.0
2020-10-16 00:00:00-04:00,265.29812762293676,269.25705094959847,263.234305986008,263.8594055175781,16622700,0.0,0.0
2020-10-19 00:00:00-04:00,263.4624709578556,266.45894507176126,257.8564702810664,259.3646240234375,13587000,0.0,0.0
2020-10-20 00:00:00-04:00,261.01169309392856,267.60000557641126,260.83310192276537,265.4766540527344,18763200,0.0,0.0
2020-10-21 00:00:00-04:00,277.3832163022332,280.8460318857518,274.21805267032346,276.5596923828125,28998600,0.0,0.0
2020-10-22 00:00:00-04:00,277.6908417382077,280.2507700259032,272.89846291862375,275.9544677734375,16720000,0.0,0.0
2020-10-23 00:00:00-04:00,276.6291000428749,283.0189571362799,274.66453677474624,282.5724792480469,17535200,0.0,0.0
2020-10-26 00:00:00-04:00,280.955180395698,283.0090696232539,272.12448623561744,274.9522705078125,21322900,0.0,0.0
2020-10-27 00:00:00-04:00,276.5895016504046,282.2947304449759,274.15856596508183,281.084228515625,16287200,0.0,0.0
2020-10-28 00:00:00-04:00,276.61922530983355,276.61922530983355,265.17900423878854,265.5858154296875,23121800,0.0,0.0
2020-10-29 00:00:00-04:00,274.39663787649414,281.3917613867869,271.6482173165359,278.643310546875,32368100,0.0,0.0
2020-10-30 00:00:00-04:00,272.36263742827884,274.54551949414935,257.08255380705526,261.0613098144531,47247800,0.0,0.0
2020-11-02 00:00:00-05:00,262.5397440643903,268.3640334830486,255.33626310518545,259.324951171875,27165700,0.0,0.0
2020-11-03 00:00:00-05:00,261.1109013243579,267.94723641131566,258.848655815937,263.2342224121094,17961900,0.0,0.0
2020-11-04 00:00:00-05:00,278.81209622987177,286.6902767450275,276.45062238498105,285.1424255371094,35364400,0.0,0.0
2020-11-05 00:00:00-05:00,289.62714543435567,295.0644868941228,286.70013346565065,292.385498046875,23823600,0.0,0.0
2020-11-06 00:00:00-05:00,291.66123112597086,292.30616397917817,285.8170778605396,291.12542724609375,13891000,0.0,0.0
2020-11-09 00:00:00-05:00,287.61294188655734,290.3018321753482,276.3612436678267,276.599365234375,25117700,0.0,0.0
2020-11-10 00:00:00-05:00,270.9735121867272,271.8664982783663,261.9443633047033,270.3087158203125,29067700,0.0,0.0
2020-11-11 00:00:00-05:00,271.3406974088748,276.2323039649721,270.35841547877567,274.3272705078125,14957000,0.0,0.0
2020-11-12 00:00:00-05:00,275.021765017838,277.57176129856583,272.2931775519897,272.9381103515625,12899500,0.0,0.0
2020-11-13 00:00:00-05:00,275.5576033043108,275.59730033261957,270.97358063336856,274.7936096191406,10391200,0.0,0.0
2020-11-16 00:00:00-05:00,272.90831385615263,277.2343805060042,272.4916011386614,276.7878723144531,12970400,0.0,0.0
2020-11-17 00:00:00-05:00,275.5178284394877,275.5178284394877,271.16202706192706,272.85870361328125,15040300,0.0,0.0
2020-11-18 00:00:00-05:00,272.3824271234665,275.230105178215,269.72330232776335,269.852294921875,12152900,0.0,0.0
2020-11-19 00:00:00-05:00,268.9097556409737,271.34069140444956,267.09401782855207,270.8148193359375,12963700,0.0,0.0
2020-11-20 00:00:00-05:00,270.4376914762385,270.8742678101234,267.31222521134265,267.5999755859375,18114700,0.0,0.0
2020-11-23 00:00:00-05:00,268.78077218389745,268.84030258094407,262.4702775773392,266.33990478515625,20990800,0.0,0.0
2020-11-24 00:00:00-05:00,266.399469750556,275.65684133200045,265.78430204794444,274.76385498046875,16930400,0.0,0.0
2020-11-25 00:00:00-05:00,275.9742849766651,277.99837877049015,270.5270121222275,273.4441223144531,12467000,0.0,0.0
2020-11-27 00:00:00-05:00,275.23016831305193,276.95661043346155,272.6801718782236,275.6468811035156,7808400,0.0,0.0
2020-11-30 00:00:00-05:00,273.8807018610428,275.53771179376014,268.89980079782725,274.8133850097656,16693300,0.0,0.0
2020-12-01 00:00:00-05:00,276.9863738084787,287.04740475144206,276.7879189610211,284.3188171386719,20738900,0.0,0.0
2020-12-02 00:00:00-05:00,283.1380649406063,289.50808972380065,278.64333843936527,285.28125,17361600,0.0,0.0
2020-12-03 00:00:00-05:00,284.0211910658046,284.41807051697856,278.8815310151931,279.65545654296875,12921700,0.0,0.0
2020-12-04 00:00:00-05:00,278.11742911413376,281.25282737589265,277.1252156242083,277.5221252441406,10880300,0.0,0.0
2020-12-07 00:00:00-05:00,277.01609460561934,286.24366821412923,276.0338129120554,283.3563232421875,13007700,0.0,0.0
2020-12-08 00:00:00-05:00,283.7830221052009,284.1997348614235,279.3577276370347,281.1933288574219,10747700,0.0,0.0
2020-12-09 00:00:00-05:00,281.4513082325447,285.39039736328687,269.6340408403183,275.7560119628906,25189700,0.0,0.0
2020-12-10 00:00:00-05:00,273.3945654669271,276.55972952390835,269.743196117083,274.9622497558594,20065100,0.0,0.0
2020-12-11 00:00:00-05:00,272.3924242664456,274.3272530821825,268.14575086632885,271.4200439453125,14391400,0.0,0.0
2020-12-14 00:00:00-05:00,271.24143127887464,275.06145975530757,269.4455270568558,272.0550537109375,16376900,0.0,0.0
2020-12-15 00:00:00-05:00,272.6899935733188,273.93026031501597,265.387317532582,273.4043884277344,23979500,0.0,0.0
2020-12-16 00:00:00-05:00,272.6206414843473,275.69647968054255,270.3881606955199,273.5235595703125,15885000,0.0,0.0
2020-12-17 00:00:00-05:00,274.9126643899615,278.2564198025171,271.4795830956817,272.34283447265625,16377800,0.0,0.0
2020-12-18 00:00:00-05:00,273.62273383854944,275.8353810694954,269.02881030122415,274.2478332519531,26693200,0.0,0.0
2020-12-21 00:00:00-05:00,270.85450813379794,272.5313517179054,265.70491658165054,270.6659851074219,16553700,0.0,0.0
2020-12-22 00:00:00-05:00,269.38604239828476,269.38604239828476,262.56953854592865,265.0103759765625,17312900,0.0,0.0
2020-12-23 00:00:00-05:00,264.8118978814393,270.05078439204584,264.157033282619,266.0223693847656,14329000,0.0,0.0
2020-12-24 00:00:00-05:00,266.78638859045014,268.29454231066234,264.1272634995675,265.3179016113281,6702000,0.0,0.0
2020-12-28 00:00:00-05:00,266.6474464444262,275.14079158661707,263.59144218595503,274.8431396484375,23299700,0.0,0.0
2020-12-29 00:00:00-05:00,274.793537027889,278.32581461524416,274.1287406691668,274.6248474121094,16383000,0.0,0.0
2020-12-30 00:00:00-05:00,275.78578857652786,275.9147509123316,269.59435497972174,269.75311279296875,11803800,0.0,0.0
2020-12-31 00:00:00-05:00,269.88213998871845,274.9325043424121,267.7091894539124,271.0331115722656,12900400,0.0,0.0
2021-01-04 00:00:00-05:00,272.6404402939786,272.85872848796714,263.13504773019605,266.8459167480469,15106100,0.0,0.0
2021-01-05 00:00:00-05:00,266.2010125852026,270.27899621280795,266.1216185352488,268.8601379394531,9871600,0.0,0.0
2021-01-06 00:00:00-05:00,259.9599682063647,265.6651965162372,257.9854727939254,261.259765625,24354100,0.0,0.0
2021-01-07 00:00:00-05:00,263.82957807641225,269.49510899402355,262.7183037402035,266.6474609375,15789800,0.0,0.0
2021-01-08 00:00:00-05:00,266.2208311647082,266.8558624092201,261.1307705027565,265.4866027832031,18528300,0.0,0.0
2021-01-11 00:00:00-05:00,258.45180565260176,261.4185145836699,253.90745047422294,254.8401336669922,30412300,0.0,0.0
2021-01-12 00:00:00-05:00,254.63180582980544,257.6977425190241,248.35109131287493,249.1349334716797,26383500,0.0,0.0
2021-01-13 00:00:00-05:00,249.59133795314094,251.97264457383557,247.25962990122798,249.68063354492188,19528900,0.0,0.0
2021-01-14 00:00:00-05:00,251.42691255007225,253.04422551375964,242.7053619324702,243.7273406982422,29739400,0.0,0.0
2021-01-15 00:00:00-05:00,245.96972087931113,251.88332000776,245.23549257804444,249.4027862548828,24942900,0.0,0.0
2021-01-19 00:00:00-05:00,254.8996767061357,260.15842713817875,250.75223098015417,259.0669860839844,28028500,0.0,0.0
2021-01-20 00:00:00-05:00,266.835999921806,268.2151913795209,261.547514682843,265.3973083496094,25199900,0.0,0.0
2021-01-21 00:00:00-05:00,267.16345410838227,271.46965766775173,265.40721658830023,270.7453308105469,20838700,0.0,0.0
2021-01-22 00:00:00-05:00,269.8920381413077,276.301729687912,269.8821063154599,272.3626403808594,21954000,0.0,0.0
2021-01-25 00:00:00-05:00,275.97429900636445,277.9190291400611,269.3959181421236,275.8453063964844,19087000,0.0,0.0
2021-01-26 00:00:00-05:00,275.97432254542565,283.16787159655127,275.6468750801152,279.8538513183594,19373600,0.0,0.0
2021-01-27 00:00:00-05:00,280.33011028325467,281.24296012848583,266.03230851624016,270.0210266113281,35346200,0.0,0.0
2021-01-28 00:00:00-05:00,275.02176987618066,284.55695871630996,262.6389630097755,262.9366149902344,37758800,0.0,0.0
2021-01-29 00:00:00-05:00,263.23427292927573,264.4844718354171,252.86565830915723,256.31854248046875,30389500,0.0,0.0
2021-02-01 00:00:00-05:00,257.4993073019976,262.11312556743917,252.92521634580092,259.9699401855469,22914300,0.0,0.0
2021-02-02 00:00:00-05:00,261.94436197771006,266.7566034715487,261.220035227519,265.0003662109375,17320800,0.0,0.0
2021-02-03 00:00:00-05:00,263.5517821485724,267.1039239356935,261.7856430809958,264.5737609863281,14223400,0.0,0.0
2021-02-04 00:00:00-05:00,264.93094845012894,266.07198797136226,261.94437598885247,264.41497802734375,16060000,0.0,0.0
2021-02-05 00:00:00-05:00,264.7225857955426,267.0741575464519,263.60140982277744,266.0124816894531,12454400,0.0,0.0
2021-02-08 00:00:00-05:00,266.6574199342827,267.75876255758504,262.93661872589735,264.5043029785156,13755200,0.0,0.0
2021-02-09 00:00:00-05:00,264.36541686230146,271.2613140904737,263.6807869967148,267.35198974609375,14613400,0.0,0.0
2021-02-10 00:00:00-05:00,270.3286136509837,271.6680778178337,265.6354323142313,269.75311279296875,14687200,0.0,0.0
2021-02-11 00:00:00-05:00,269.772988469329,271.44980170908656,266.39943777738347,268.28466796875,12828600,0.0,0.0
2021-02-12 00:00:00-05:00,268.4136016809876,269.0684662649887,266.2505833847128,268.3937683105469,9097600,0.0,0.0
2021-02-16 00:00:00-05:00,268.6914310362883,274.4462880900078,267.9472708355453,271.8367614746094,15417200,0.0,0.0
2021-02-17 00:00:00-05:00,269.1280057386519,271.83675975298524,267.48092753784414,271.43988037109375,12763200,0.0,0.0
2021-02-18 00:00:00-05:00,267.4710106031762,269.8324836675024,263.9585662016173,267.29241943359375,15249100,0.0,0.0
2021-02-19 00:00:00-05:00,267.7587998770651,268.1656111661437,258.12441241705994,259.5234375,25622600,0.0,0.0
2021-02-22 00:00:00-05:00,255.94153535102737,261.021664636817,255.524792274946,258.302978515625,17434900,0.0,0.0
2021-02-23 00:00:00-05:00,257.4794524604842,265.3774649515965,252.97480897112868,263.7899169921875,21924600,0.0,0.0
2021-02-24 00:00:00-05:00,260.2873594540459,264.3058423791856,256.3780660416674,262.251953125,15736100,0.0,0.0
2021-02-25 00:00:00-05:00,260.25762517278304,264.8615109881435,252.06194597211868,252.70689392089844,19053100,0.0,0.0
2021-02-26 00:00:00-05:00,254.47303506981336,263.48232165475474,254.47303506981336,255.61407470703125,26619500,0.0,0.0
2021-03-01 00:00:00-05:00,258.7891703786948,264.5737626108393,255.89189320962132,262.8473205566406,22157300,0.0,0.0
2021-03-02 00:00:00-05:00,263.71054479187086,264.6332962265504,256.6360565660787,256.98333740234375,15191700,0.0,0.0
2021-03-03 00:00:00-05:00,258.2633026836808,258.95783407943765,253.1137113530454,253.42129516601562,15513500,0.0,0.0
2021-03-04 00:00:00-05:00,254.47296239865432,264.4149293943063,251.52608749959134,255.6338653564453,31626500,0.0,0.0
2021-03-05 00:00:00-05:00,258.6403521689941,263.3831323276618,253.61973825234838,262.22222900390625,26820100,0.0,0.0
2021-03-08 00:00:00-05:00,263.48232545551326,263.5120906541324,253.06409715938335,253.3220672607422,18391800,0.0,0.0
2021-03-09 00:00:00-05:00,259.14634572246285,266.43912187751977,257.78701790933485,263.67083740234375,22039700,0.0,0.0
2021-03-10 00:00:00-05:00,266.548302161812,266.8757193587203,260.82320974954456,262.83740234375,14210300,0.0,0.0
2021-03-11 00:00:00-05:00,266.0223751597544,275.7361548331948,265.7346550158106,271.7474670410156,21834000,0.0,0.0
2021-03-12 00:00:00-05:00,267.04437827071723,267.63968219657,261.9642192904478,266.31011962890625,20600200,0.0,0.0
2021-03-15 00:00:00-04:00,266.98481846727327,273.8112527855251,266.4093479104238,271.61846923828125,16844800,0.0,0.0
2021-03-16 00:00:00-04:00,273.9302819754771,279.9431234722313,272.6602499427521,277.1053771972656,22437700,0.0,0.0
2021-03-17 00:00:00-04:00,273.5632228614151,284.0013300636442,273.26557087198046,281.7986145019531,21315000,0.0,0.0
2021-03-18 00:00:00-04:00,277.6907979278797,282.9693812151874,276.11318203666434,276.4505310058594,18728300,0.0,0.0
2021-03-19 00:00:00-04:00,279.03034060421714,290.52016203735093,279.01050723081204,287.8511047363281,38930500,0.0,0.0
2021-03-22 00:00:00-04:00,288.1883976859843,297.37627329260647,284.51719594885765,291.25433349609375,28273100,0.0,0.0
2021-03-23 00:00:00-04:00,290.86740220961764,295.67964408375025,287.5534125169044,288.3670349121094,23000900,0.0,0.0
2021-03-24 00:00:00-04:00,288.7342062293324,289.44860135285086,278.9708263945545,279.9432067871094,18675000,0.0,0.0
2021-03-25 00:00:00-04:00,278.79218966149506,285.81704866241506,275.5873288162411,276.5696105957031,24505600,0.0,0.0
2021-03-26 00:00:00-04:00,276.1330347429934,282.2847712189747,275.6071627424305,280.8162841796875,17629200,0.0,0.0
2021-03-29 00:00:00-04:00,283.5449055436785,290.89721288603766,282.4832598697574,288.55560302734375,21718800,0.0,0.0
2021-03-30 00:00:00-04:00,287.57324482882785,290.19270318034495,284.46764179897343,285.75750732421875,17474500,0.0,0.0
2021-03-31 00:00:00-04:00,287.7320056973746,294.19132577755687,286.36274611540455,292.2366638183594,19498200,0.0,0.0
2021-04-01 00:00:00-04:00,296.0765484516456,300.0454030697104,294.29057598549946,296.33453369140625,17616000,0.0,0.0
2021-04-05 00:00:00-04:00,298.54718744548785,308.3502331272152,298.33880077200007,306.5047302246094,28237000,0.0,0.0
2021-04-06 00:00:00-04:00,306.4352949137257,308.92576114830024,302.8732511383556,303.8753967285156,17335200,0.0,0.0
2021-04-07 00:00:00-04:00,303.9546888069375,311.8031014540614,303.12123307626337,310.6521301269531,22855200,0.0,0.0
2021-04-08 00:00:00-04:00,312.3984398583777,313.4204185957787,307.63579668722434,310.5826721191406,20894100,0.0,0.0
2021-04-09 00:00:00-04:00,308.97532504352716,312.28931500618273,307.9136491691553,310.0270690917969,15988600,0.0,0.0
2021-04-12 00:00:00-04:00,308.6280220501896,309.7194630445456,305.53232052434765,309.1142272949219,10881900,0.0,0.0
2021-04-13 00:00:00-04:00,309.7789885616756,311.98170388654387,306.9115071052222,307.34808349609375,14036900,0.0,0.0
2021-04-14 00:00:00-04:00,304.90719423670697,305.63152098726067,299.59887627399337,300.46209716796875,17421400,0.0,0.0
2021-04-15 00:00:00-04:00,303.95473064775086,307.72516074452744,301.7321817266754,305.4232177734375,14558300,0.0,0.0
2021-04-16 00:00:00-04:00,305.77051588644764,306.54444137804103,302.2382071802452,303.7959899902344,13059200,0.0,0.0
2021-04-19 00:00:00-04:00,302.6351398285244,305.3041973641103,298.21977632111566,299.8866882324219,14553500,0.0,0.0
2021-04-20 00:00:00-04:00,299.6385923844795,302.72439260123326,294.89581231843675,300.29345703125,16796400,0.0,0.0
2021-04-21 00:00:00-04:00,299.5989235990618,299.6286887973505,295.074431779428,299.1226501464844,14863500,0.0,0.0
2021-04-22 00:00:00-04:00,298.98372689165404,300.5613732471118,293.7349384661089,294.211181640625,16375400,0.0,0.0
2021-04-23 00:00:00-04:00,296.43379755001087,300.2339629907367,294.8363176243021,298.78533935546875,17536800,0.0,0.0
2021-04-26 00:00:00-04:00,300.9781635353359,303.41900127318996,299.212023988439,300.6805114746094,16172600,0.0,0.0
2021-04-27 00:00:00-04:00,301.9107314378546,302.96247535635484,298.7654012272768,301.2062683105469,15309300,0.0,0.0
2021-04-28 00:00:00-04:00,304.9667562140213,308.49906447197213,302.9922608483322,304.70880126953125,33907200,0.0,0.0
2021-04-29 00:00:00-04:00,327.5495411674635,329.2263845348517,319.10579393830335,326.9443054199219,56526800,0.0,0.0
2021-04-30 00:00:00-04:00,323.6005719261197,327.25191086363225,321.97332701790543,322.5487976074219,26332400,0.0,0.0
2021-05-03 00:00:00-04:00,323.6303106363787,325.99175347728556,319.33400895885666,320.0682373046875,18719500,0.0,0.0
2021-05-04 00:00:00-04:00,317.5281817062086,319.68129851653737,310.68191400122157,315.881103515625,24032600,0.0,0.0
2021-05-05 00:00:00-04:00,315.712469321402,318.56011770266906,312.04126663923637,312.567138671875,15577600,0.0,0.0
2021-05-06 00:00:00-04:00,312.0710832071615,317.74654753134956,310.8308159184837,317.52825927734375,19012200,0.0,0.0
2021-05-07 00:00:00-04:00,319.8698124189637,320.42544959034336,316.2680723502295,316.5954895019531,15916700,0.0,0.0
2021-05-10 00:00:00-04:00,311.9023399620006,312.1305297025952,302.4564474516533,303.58758544921875,24239200,0.0,0.0
2021-05-11 00:00:00-04:00,298.40825581482176,304.45083332141724,297.3565117661836,304.14324951171875,18920100,0.0,0.0
2021-05-12 00:00:00-04:00,298.78528750586537,302.5854522871309,295.86817708684436,300.1942138671875,24645500,0.0,0.0
2021-05-13 00:00:00-04:00,303.69674037279856,306.45509310591166,300.41251561689637,302.8831481933594,18079200,0.0,0.0
2021-05-14 00:00:00-04:00,307.1298192160858,314.38289851654434,306.67337913920693,313.47998046875,19245700,0.0,0.0
2021-05-17 00:00:00-04:00,311.10856102432524,313.2219808293489,309.1538990283127,313.0036926269531,15401300,0.0,0.0
2021-05-18 00:00:00-04:00,313.13270708868293,314.03562515796114,307.39771331279434,307.5465393066406,14522400,0.0,0.0
2021-05-19 00:00:00-04:00,301.82148235708155,312.2099608190644,301.2063147190204,311.1482849121094,19106200,0.0,0.0
2021-05-20 00:00:00-04:00,311.1383473901833,316.76421218745367,310.7216346081384,316.1291809082031,17320200,0.0,0.0
2021-05-21 00:00:00-04:00,316.8039328459837,317.43893389264736,313.3510181373768,313.76776123046875,13600900,0.0,0.0
2021-05-24 00:00:00-04:00,315.73230041612777,323.4120547384483,315.5537092244351,322.1023254394531,16445400,0.0,0.0
2021-05-25 00:00:00-04:00,324.53320796495933,326.6168625616901,322.27096218906894,325.2377014160156,16437000,0.0,0.0
2021-05-26 00:00:00-04:00,325.7933639842611,327.2618208339103,323.2830646151076,325.1087341308594,9686900,0.0,0.0
2021-05-27 00:00:00-04:00,325.44607335297707,331.18106697098676,324.215738131107,330.1590881347656,20477700,0.0,0.0
2021-05-28 00:00:00-04:00,328.4227242830254,330.2781589983809,325.773500464872,326.17041015625,12037400,0.0,0.0
2021-06-01 00:00:00-04:00,327.57933830612393,328.839469050858,324.0966889019142,326.5672912597656,11765900,0.0,0.0
2021-06-02 00:00:00-04:00,327.8075920479753,329.28598088412383,324.5729654497298,326.587158203125,11654300,0.0,0.0
2021-06-03 00:00:00-04:00,323.24332704492036,324.8308747707798,320.961248006466,323.5013122558594,12610800,0.0,0.0
2021-06-04 00:00:00-04:00,323.36240833474403,329.8713271716394,322.6480133267942,327.77777099609375,13289400,0.0,0.0
2021-06-07 00:00:00-04:00,326.91456629914944,335.0606319370068,326.36883062034224,333.9592590332031,20136700,0.0,0.0
2021-06-08 00:00:00-04:00,334.0783527890586,335.66587042753156,329.65305804593925,331.08184814453125,14580500,0.0,0.0
2021-06-09 00:00:00-04:00,333.12583263068376,334.17757677664184,327.4305354312547,327.6785888671875,13727900,0.0,0.0
2021-06-10 00:00:00-04:00,328.2142973419669,331.33976367002776,325.99171861183015,329.87127685546875,13240200,0.0,0.0
2021-06-11 00:00:00-04:00,329.99039355021097,330.2384469560632,326.3688198807592,328.6806945800781,13587900,0.0,0.0
2021-06-14 00:00:00-04:00,329.3156906835293,334.1973949616918,327.24196787486557,334.14776611328125,12250800,0.0,0.0
2021-06-15 00:00:00-04:00,334.3660207225069,337.27322931676474,332.42129072317135,334.1278991699219,15795200,0.0,0.0
2021-06-16 00:00:00-04:00,334.07837226495525,334.9217297045753,326.16049586366273,328.5021057128906,17232200,0.0,0.0
2021-06-17 00:00:00-04:00,327.9167158462907,335.3484174989163,327.5793668014927,333.8898620605469,17794100,0.0,0.0
2021-06-18 00:00:00-04:00,331.92521504508204,333.5325962354284,326.43827503756376,327.0931396484375,23039500,0.0,0.0
2021-06-21 00:00:00-04:00,328.51199879851725,330.3277666521811,325.0987815754126,329.7026672363281,11337500,0.0,0.0
2021-06-22 00:00:00-04:00,330.0995667491543,337.2732824504515,330.01027115286735,336.39019775390625,15345300,0.0,0.0
2021-06-23 00:00:00-04:00,336.7077140585252,340.7460309516775,335.5666743971073,337.93804931640625,14817800,0.0,0.0
2021-06-24 00:00:00-04:00,339.18824270230544,342.214482226336,339.1287123056329,340.50787353515625,12329100,0.0,0.0
2021-06-25 00:00:00-04:00,339.92247698416224,341.44056268544,337.035131575858,338.71197509765625,14594400,0.0,0.0
2021-06-28 00:00:00-04:00,339.79348109205574,355.351414273791,339.1088512451318,352.8708801269531,29156100,0.0,0.0
2021-06-29 00:00:00-04:00,353.4959868181793,353.9623284984824,346.33220223052217,349.1501159667969,21417300,0.0,0.0
2021-06-30 00:00:00-04:00,349.42791950973475,350.17207980061676,344.4668509038547,345.00262451171875,15107500,0.0,0.0
2021-07-01 00:00:00-04:00,344.119580389678,351.90846439103524,343.8020647221668,351.6306457519531,17137000,0.0,0.0
2021-07-02 00:00:00-04:00,352.3350813174818,353.66464400562825,349.87438050780213,351.9382019042969,11521300,0.0,0.0
2021-07-06 00:00:00-04:00,353.7241473646603,355.9963249803974,346.46113656672946,350.0331115722656,13488500,0.0,0.0
2021-07-07 00:00:00-04:00,352.4937724794709,353.7141756872279,347.2747198571754,347.7608947753906,14218900,0.0,0.0
2021-07-08 00:00:00-04:00,343.03801220730537,345.61774329354535,339.89268183283735,342.9586181640625,14406500,0.0,0.0
2021-07-09 00:00:00-04:00,342.63123253632193,347.97924848366796,342.58160368473915,347.6915283203125,13018700,0.0,0.0
2021-07-12 00:00:00-04:00,348.4951912820845,351.43213503991996,346.91757530230257,350.41015625,10018600,0.0,0.0
2021-07-13 00:00:00-04:00,348.76304737206374,355.6986100896785,346.0840587937821,349.34844970703125,11456000,0.0,0.0
2021-07-14 00:00:00-04:00,351.7992196115705,352.43425079221873,344.03020115303184,344.9231872558594,13894200,0.0,0.0
2021-07-15 00:00:00-04:00,346.5108023254573,346.5108023254573,337.57094717374997,341.7779235839844,14781600,0.0,0.0
2021-07-16 00:00:00-04:00,342.2244329895084,343.2960104688672,337.4915845124047,338.5036315917969,11026100,0.0,0.0
2021-07-19 00:00:00-04:00,334.9415530868475,337.1442684957518,331.9351470822577,334.3263854980469,14372300,0.0,0.0
2021-07-20 00:00:00-04:00,336.1619179823469,340.775734930449,331.8954120913598,338.9996643066406,11024300,0.0,0.0
2021-07-21 00:00:00-04:00,338.84093751886803,343.82183878893244,338.59288412390543,343.53411865234375,9279700,0.0,0.0
2021-07-22 00:00:00-04:00,343.9806122329509,348.8027861958201,342.5220569930656,348.45550537109375,12385400,0.0,0.0
2021-07-23 00:00:00-04:00,358.09978366506846,372.40748560789234,354.4087481746398,366.91064453125,33694300,0.0,0.0
2021-07-26 00:00:00-04:00,366.70226514354084,371.52443867186565,365.35286926957764,369.5598449707031,14925200,0.0,0.0
2021-07-27 00:00:00-04:00,369.01415718461413,370.24449233760663,361.7114494701859,364.9460754394531,15705400,0.0,0.0
2021-07-28 00:00:00-04:00,371.6435368808808,374.6102459613628,364.07294199741824,370.3735046386719,29676900,0.0,0.0
2021-07-29 00:00:00-04:00,358.18915481334045,362.673949950661,353.96231465421084,355.530029296875,33413200,0.0,0.0
2021-07-30 00:00:00-04:00,351.24361661835076,357.92122508930873,350.19187261810475,353.52569580078125,15976200,0.0,0.0
2021-08-02 00:00:00-04:00,355.3117024170683,356.6015680075973,348.00899444804065,349.2095947265625,13180400,0.0,0.0
2021-08-03 00:00:00-04:00,349.98351529526695,351.01539564143263,344.9926820804049,348.5050964355469,12406100,0.0,0.0
2021-08-04 00:00:00-04:00,349.67591701952944,357.6731559108853,348.7729990440596,356.12530517578125,14180600,0.0,0.0
2021-08-05 00:00:00-04:00,356.8397103759352,361.06651968292107,354.121024546421,360.1437683105469,10247200,0.0,0.0
2021-08-06 00:00:00-04:00,358.58597904613214,362.3067799430136,358.58597904613214,360.6795654296875,8925000,0.0,0.0
2021-08-09 00:00:00-04:00,360.92759478621065,362.93185516840305,357.9410224422908,358.7943115234375,7798900,0.0,0.0
2021-08-10 00:00:00-04:00,359.01264661164123,361.2649909446652,356.2443923686089,358.318115234375,7469900,0.0,0.0
2021-08-11 00:00:00-04:00,359.2805476658655,359.5385026093773,355.0239428784297,357.1571960449219,8400300,0.0,0.0
2021-08-12 00:00:00-04:00,355.65898438949955,360.1735442509098,354.3293914916329,359.8262634277344,7170700,0.0,0.0
2021-08-13 00:00:00-04:00,360.14384694793864,361.82069070514314,358.6654580642347,360.3522033691406,7195700,0.0,0.0
2021-08-16 00:00:00-04:00,359.69728935252357,364.09281893078384,354.59732682572513,363.7058410644531,11222100,0.0,0.0
2021-08-17 00:00:00-04:00,360.1537232259015,361.83056672447157,352.30530958489106,355.65899658203125,12328700,0.0,0.0
2021-08-18 00:00:00-04:00,353.47613189774944,357.0580088332662,352.3846907678277,352.682373046875,10042400,0.0,0.0
2021-08-19 00:00:00-04:00,348.61425454343237,354.7858243488867,348.2669737273142,352.3548889160156,12004500,0.0,0.0
2021-08-20 00:00:00-04:00,351.83892962795636,357.18694489775766,350.5589656746457,356.57177734375,8697700,0.0,0.0
2021-08-23 00:00:00-04:00,356.6412240393063,362.8425584347706,356.3038750817874,360.5207824707031,10942000,0.0,0.0
2021-08-24 00:00:00-04:00,360.82840025472757,365.0949066090898,359.02256424131787,362.66400146484375,9235100,0.0,0.0
2021-08-25 00:00:00-04:00,362.75332184262254,367.9723451281747,362.5548669977145,365.5216064453125,9684500,0.0,0.0
2021-08-26 00:00:00-04:00,365.5116090737357,366.5633529472369,361.2947017552792,361.5427551269531,7888700,0.0,0.0
2021-08-27 00:00:00-04:00,362.2572090986586,370.8299192755366,361.2451317980848,369.72857666015625,11219100,0.0,0.0
2021-08-30 00:00:00-04:00,369.65910844389265,378.5195689135399,367.63498415552175,377.696044921875,13547300,0.0,0.0
2021-08-31 00:00:00-04:00,376.99156388391305,379.77968163648467,375.85049403674094,376.4259948730469,12345400,0.0,0.0
2021-09-01 00:00:00-04:00,376.6343583249429,381.33744111851894,375.8604329249879,379.0751953125,11567200,0.0,0.0
2021-09-02 00:00:00-04:00,378.5295108429375,378.77756425764454,371.14743879885947,372.3579406738281,14832900,0.0,0.0
2021-09-03 00:00:00-04:00,371.832100341074,374.22333909627565,370.2048552675086,373.3303527832031,7509600,0.0,0.0
2021-09-07 00:00:00-04:00,372.95322942168843,379.9780879459185,370.2444755627935,379.20416259765625,10793800,0.0,0.0
2021-09-08 00:00:00-04:00,377.1999260274363,377.90438920545546,371.8717438371521,374.6300964355469,11067200,0.0,0.0
2021-09-09 00:00:00-04:00,374.69958031283954,376.87250036613216,373.6379044316709,375.0567626953125,9098900,0.0,0.0
2021-09-10 00:00:00-04:00,378.39058756343474,380.8016897745919,375.3147494355466,375.74139404296875,11549600,0.0,0.0
2021-09-13 00:00:00-04:00,378.7080967281156,378.77755895045016,371.43518403399025,373.578369140625,13026300,0.0,0.0
2021-09-14 00:00:00-04:00,374.46142659975425,375.64216326926356,372.1892488559139,373.59820556640625,8711600,0.0,0.0
2021-09-15 00:00:00-04:00,374.0645804392223,374.62021771190757,364.80723955684,371.0085754394531,17940300,0.0,0.0
2021-09-16 00:00:00-04:00,369.8873256244635,370.65131921468594,366.8312907036599,370.15521240234375,11934200,0.0,0.0
2021-09-17 00:00:00-04:00,368.5181001758093,368.5181001758093,358.77455421002566,361.88018798828125,26299000,0.0,0.0
2021-09-20 00:00:00-04:00,356.5023033115867,358.2188435908357,347.07627493272804,352.93035888671875,19822800,0.0,0.0
2021-09-21 00:00:00-04:00,355.70858018739267,357.2365976294864,352.4243555514342,354.696533203125,11751900,0.0,0.0
2021-09-22 00:00:00-04:00,344.5263771819773,347.11604042887694,338.0372910447487,340.53765869140625,43692900,0.0,0.0
2021-09-23 00:00:00-04:00,342.67090108913663,346.9473698962506,340.32929134487557,343.2662353515625,21806300,0.0,0.0
2021-09-24 00:00:00-04:00,340.5673831281829,351.5908918646858,339.7041621492039,350.2117004394531,18801900,0.0,0.0
2021-09-27 00:00:00-04:00,347.0862695745265,352.3846870622932,344.3775152914721,350.826904296875,15205800,0.0,0.0
2021-09-28 00:00:00-04:00,345.26056945182785,346.87788247328035,336.2810484357312,337.99755859375,21710300,0.0,0.0
2021-09-29 00:00:00-04:00,340.4780817360786,342.5419029260096,336.24134067745075,336.96563720703125,14452200,0.0,0.0
2021-09-30 00:00:00-04:00,337.7991194420631,340.13079708981513,335.5170100804958,336.74737548828125,16547100,0.0,0.0
2021-10-01 00:00:00-04:00,338.95007959136314,342.3335316631441,336.0032342139593,340.3392028808594,14905300,0.0,0.0
2021-10-04 00:00:00-04:00,332.9174241139099,333.32423531875986,320.18733709756447,323.6898498535156,42885000,0.0,0.0
2021-10-05 00:00:00-04:00,326.021501113507,332.5701163218567,323.6203613810825,330.3674011230469,35377900,0.0,0.0
2021-10-06 00:00:00-04:00,327.1724876898397,331.7763731159524,323.26316386368603,331.0421447753906,26443000,0.0,0.0
2021-10-07 00:00:00-04:00,334.37603807457646,336.2017077645931,326.4184945974452,326.6566162109375,28307500,0.0,0.0
2021-10-08 00:00:00-04:00,328.928756267281,330.80402431715976,326.1505398838151,327.4801025390625,15946100,0.0,0.0
2021-10-11 00:00:00-04:00,325.07894242521274,327.8868935538608,322.7769996356763,322.9159240722656,14708200,0.0,0.0
2021-10-12 00:00:00-04:00,320.51479497836937,321.8542895489138,314.8988617207982,321.2490234375,31658700,0.0,0.0
2021-10-13 00:00:00-04:00,324.42404145012927,324.4538066432104,320.1476037910813,322.0129699707031,14761500,0.0,0.0
2021-10-14 00:00:00-04:00,325.8032341975856,327.9464191482135,324.5530656863524,325.971923828125,14302200,0.0,0.0
2021-10-15 00:00:00-04:00,326.1207838969584,326.50776176514034,319.9988424702533,322.2313232421875,21596400,0.0,0.0
2021-10-18 00:00:00-04:00,326.38868305478695,333.2746480135661,324.94996119096635,332.7289123535156,21585000,0.0,0.0
2021-10-19 00:00:00-04:00,337.0053938787701,339.7935120917823,334.65385213782736,337.3427429199219,18786300,0.0,0.0
2021-10-20 00:00:00-04:00,340.77581084319115,341.3016828983417,336.80695600282183,338.1265869140625,13639500,0.0,0.0
2021-10-21 00:00:00-04:00,337.63046963499943,339.6446621931022,335.1697688091569,339.218017578125,16354400,0.0,0.0
2021-10-22 00:00:00-04:00,323.80893083802226,327.06339039987455,318.60971071997267,322.08245849609375,35224500,0.0,0.0
2021-10-25 00:00:00-04:00,317.80598999710963,326.99389721879066,317.2305194575883,326.13067626953125,38409000,0.0,0.0
2021-10-26 00:00:00-04:00,325.70408613688915,327.638884727191,307.18937444715965,313.35101318359375,65654000,0.0,0.0
2021-10-27 00:00:00-04:00,311.7435717797062,316.7641698250141,309.6301521135282,309.7889099121094,29971800,0.0,0.0
2021-10-28 00:00:00-04:00,310.5529092792764,322.98534384775115,305.7109023111952,314.45233154296875,50806800,0.0,0.0
2021-10-29 00:00:00-04:00,317.6968807534924,323.46163945137965,317.1114783524973,321.0505676269531,37059400,0.0,0.0
2021-11-01 00:00:00-04:00,323.5013809518082,330.85368850525396,323.46168392324455,327.41070556640625,31518900,0.0,0.0
2021-11-02 00:00:00-04:00,328.7997441561289,332.1831961301534,321.27874819042154,325.5254211425781,28353000,0.0,0.0
2021-11-03 00:00:00-04:00,324.9400554002247,329.56377488260455,320.6834804225492,329.03790283203125,20786500,0.0,0.0
2021-11-04 00:00:00-04:00,331.40925503173617,334.64385059003166,330.0598288683122,333.23492431640625,22495300,0.0,0.0
2021-11-05 00:00:00-04:00,337.66025442158127,344.08981033823187,336.99548817455815,338.473876953125,26872800,0.0,0.0
2021-11-08 00:00:00-05:00,341.7382250284052,342.10533921947234,335.70554932019894,335.9833679199219,18342500,0.0,0.0
2021-11-09 00:00:00-05:00,337.3526516997646,338.6524492000935,331.86571125243444,332.7586975097656,17556700,0.0,0.0
2021-11-10 00:00:00-05:00,329.90110972631356,330.59567139945983,322.97547776703135,325.0888977050781,21872600,0.0,0.0
2021-11-11 00:00:00-05:00,327.25193181705265,329.87136025560955,324.45388189862655,325.1881103515625,12376600,0.0,0.0
2021-11-12 00:00:00-05:00,327.60911758764775,339.1981665270857,327.21223815711136,338.2357482910156,25414300,0.0,0.0
2021-11-15 00:00:00-05:00,341.65883073118636,350.8963370151153,340.5277229617034,344.853759765625,25076600,0.0,0.0
2021-11-16 00:00:00-05:00,341.15280232033473,343.95085205070313,338.2158584260246,340.2895812988281,18181100,0.0,0.0
2021-11-17 00:00:00-05:00,341.55958996835096,344.59576107300916,337.4518415302655,338.1166076660156,13602800,0.0,0.0
2021-11-18 00:00:00-05:00,337.07483533285813,339.793491148668,332.68923750827,336.0528564453125,17487200,0.0,0.0
2021-11-19 00:00:00-05:00,339.5355508184028,349.358460698102,337.2534410694076,342.61138916015625,26488500,0.0,0.0
2021-11-22 00:00:00-05:00,346.33220480148844,351.0749854176683,337.85872099515035,338.3548278808594,27116800,0.0,0.0
2021-11-23 00:00:00-05:00,336.29096562234207,338.741734552648,330.903252762101,334.6240539550781,17225000,0.0,0.0
2021-11-24 00:00:00-05:00,333.3837596661517,339.1187528920676,330.2185959540677,338.40435791015625,13566200,0.0,0.0
2021-11-26 00:00:00-05:00,333.18530921855194,335.12013781830825,329.31568229899483,330.52618408203125,14750700,0.0,0.0
2021-11-29 00:00:00-05:00,334.26687191807986,338.01743831325274,332.6991573903865,335.3979797363281,16650900,0.0,0.0
2021-11-30 00:00:00-05:00,332.39153284383184,333.195223381446,320.91161502439473,321.93359375,25390000,0.0,0.0
2021-12-01 00:00:00-05:00,327.71826965834975,327.92662605582126,307.8739957669234,308.18157958984375,30329600,0.0,0.0
2021-12-02 00:00:00-05:00,308.975320750198,312.1504165030923,304.80804163947613,307.97320556640625,24396200,0.0,0.0
2021-12-03 00:00:00-05:00,311.2871404362867,311.30697380475056,297.1679319666065,304.4507751464844,27471000,0.0,0.0
2021-12-06 00:00:00-05:00,305.7307773330619,317.6075751777738,303.9547065343744,315.3949279785156,21758300,0.0,0.0
2021-12-07 00:00:00-05:00,319.06614306450473,323.9974459982289,318.5005740303453,320.2964782714844,18794000,0.0,0.0
2021-12-08 00:00:00-05:00,322.4694694967314,330.159126077038,320.5545042219875,327.9861755371094,19937700,0.0,0.0
2021-12-09 00:00:00-05:00,326.97404300538653,333.5127262915377,325.44602574757516,327.2518615722656,16879200,0.0,0.0
2021-12-10 00:00:00-05:00,329.97055187122083,332.4213206705392,323.8287472745476,327.18243408203125,14528000,0.0,0.0
2021-12-13 00:00:00-05:00,328.37311410359496,338.43414460124114,327.0236878165198,331.8855285644531,22948700,0.0,0.0
2021-12-14 00:00:00-05:00,325.4956596112595,333.08611788089667,325.09878022695415,331.141357421875,20461000,0.0,0.0
2021-12-15 00:00:00-05:00,329.9010532887596,339.4461422087471,321.4573370872067,338.9996643066406,24681300,0.0,0.0
2021-12-16 00:00:00-05:00,336.3406072064359,341.7779188431185,331.1413868855736,332.2923583984375,22635000,0.0,0.0
2021-12-17 00:00:00-05:00,330.2086365432899,334.48507425221646,328.1746110058019,331.1909484863281,40012600,0.0,0.0
2021-12-20 00:00:00-05:00,327.2121955817415,327.3312563674149,320.0186470744069,322.9159240722656,17901800,0.0,0.0
2021-12-21 00:00:00-05:00,323.86845614497594,333.3837812684171,321.2291642430061,331.5978088378906,16116800,0.0,0.0
2021-12-22 00:00:00-05:00,331.200936504894,331.9054300665554,325.7040941502717,327.8770446777344,16764600,0.0,0.0
2021-12-23 00:00:00-05:00,327.52973720926553,334.0485882622083,325.80326484001887,332.62969970703125,13987700,0.0,0.0
2021-12-27 00:00:00-05:00,336.21155482796183,345.1613098115616,335.37809911090415,343.4844665527344,17795000,0.0,0.0
2021-12-28 00:00:00-05:00,343.93098110318874,349.963626048627,342.51212302101527,343.524169921875,16637600,0.0,0.0
2021-12-29 00:00:00-05:00,344.20880332655,346.9671557608115,338.9798488634585,340.26971435546875,10747000,0.0,0.0
2021-12-30 00:00:00-05:00,341.3214980377505,344.52635905092467,340.54757259642133,341.6786804199219,10593300,0.0,0.0
2021-12-31 00:00:00-05:00,340.34915854839227,340.7659016575022,333.65171556028093,333.7311096191406,12870500,0.0,0.0
2022-01-03 00:00:00-05:00,335.6658703471166,338.4242231212458,334.564527714693,335.9040222167969,14537900,0.0,0.0
2022-01-04 00:00:00-05:00,337.30302124422224,340.4185561639644,329.2859184989826,333.9096374511719,15998000,0.0,0.0
2022-01-05 00:00:00-05:00,330.42700225998425,333.1456884441966,321.3184875740911,321.64593505859375,20564500,0.0,0.0
2022-01-06 00:00:00-05:00,320.3063548923919,336.5290509417905,320.2071274908761,329.87127685546875,27962800,0.0,0.0
2022-01-07 00:00:00-05:00,330.1491276753842,334.37596709741774,326.3191978982015,329.20654296875,14722000,0.0,0.0
2022-01-10 00:00:00-05:00,322.77701413394965,325.78342022706335,312.9739386071096,325.5155334472656,24942400,0.0,0.0
2022-01-11 00:00:00-05:00,324.23555155700546,332.02443419427567,322.74723119115595,331.7664489746094,16226800,0.0,0.0
2022-01-12 00:00:00-05:00,332.57013317263903,333.75086972930177,327.46023940386385,330.66510009765625,14104900,0.0,0.0
2022-01-13 00:00:00-05:00,332.3717746845691,333.01670756958674,323.2235626485857,323.9379577636719,14797100,0.0,0.0
2022-01-14 00:00:00-05:00,319.2844388795973,330.1392586318961,318.70893800587925,329.3157043457031,16868500,0.0,0.0
2022-01-18 00:00:00-05:00,320.7728146184324,321.685634376828,315.1668125866671,315.6728210449219,22645600,0.0,0.0
2022-01-19 00:00:00-05:00,317.09163067373413,324.5530968357373,316.84357725675176,317.1015625,20814700,0.0,0.0
2022-01-20 00:00:00-05:00,321.3779672147133,325.2674577074556,313.5196527472708,314.0951232910156,16925000,0.0,0.0
2022-01-21 00:00:00-05:00,312.35876856290434,315.83151624705846,300.68042510869054,300.8094177246094,28710700,0.0,0.0
2022-01-24 00:00:00-05:00,295.52088719382215,307.1198662942084,286.7596546601461,306.3062438964844,38878100,0.0,0.0
2022-01-25 00:00:00-05:00,297.614502679901,303.8456033215666,295.2629308448496,297.81292724609375,25108500,0.0,0.0
2022-01-26 00:00:00-05:00,304.61948478062106,305.1155915443927,288.5853105419286,292.33587646484375,28348800,0.0,0.0
2022-01-27 00:00:00-05:00,295.4316257497335,299.3607834777899,291.96880966646864,292.3458557128906,21629900,0.0,0.0
2022-01-28 00:00:00-05:00,293.3182310750774,299.5493323656609,290.74840103357474,299.3608093261719,21871600,0.0,0.0
2022-01-31 00:00:00-05:00,298.338767684822,311.3467032774815,296.98937176977,310.8208312988281,21579500,0.0,0.0
2022-02-01 00:00:00-05:00,312.110712917288,317.1710084195929,309.6897092695964,316.5161437988281,18023800,0.0,0.0
2022-02-02 00:00:00-05:00,325.2674620596017,325.4460532362616,314.4027112801285,320.4849853515625,58458300,0.0,0.0
2022-02-03 00:00:00-05:00,242.7450893560449,246.06901149472793,233.9143929833956,235.9087371826172,188119900,0.0,0.0
2022-02-04 00:00:00-05:00,233.14042381897158,240.72093489028182,228.31826526183067,235.24391174316406,89342200,0.0,0.0
2022-02-07 00:00:00-05:00,235.84918929624516,236.4445235617217,222.26578156076954,223.15878295898438,88613800,0.0,0.0
2022-02-08 00:00:00-05:00,219.1303725857273,224.01206152431283,214.4669567033592,218.465576171875,94729700,0.0,0.0
2022-02-09 00:00:00-05:00,222.45428854589056,231.55288554145955,220.47979314969592,230.1935577392578,86563300,0.0,0.0
2022-02-10 00:00:00-05:00,226.49261389613994,233.1702075147075,224.93483120002207,226.29417419433594,49310400,0.0,0.0
2022-02-11 00:00:00-05:00,226.68112672688727,228.6258569131585,217.06657447768202,217.8404998779297,46156900,0.0,0.0
2022-02-14 00:00:00-05:00,217.60237794732865,219.2792214751233,213.10765122512285,216.00491333007812,38184000,0.0,0.0
2022-02-15 00:00:00-05:00,218.7533485483256,219.4280465752312,213.38546897199984,219.2792205810547,42685500,0.0,0.0
2022-02-16 00:00:00-05:00,210.7561106818888,215.76679277675476,210.70649697006257,214.85394287109375,45817500,0.0,0.0
2022-02-17 00:00:00-05:00,212.35354692497697,215.80644581888552,205.546961407573,206.09268188476562,38747500,0.0,0.0
2022-02-18 00:00:00-05:00,207.75960955144294,209.10902068196484,203.5823835443195,204.5547637939453,37128400,0.0,0.0
2022-02-22 00:00:00-05:00,200.76450085331822,205.86447827017005,198.50225500397403,200.50653076171875,39852400,0.0,0.0
2022-02-23 00:00:00-05:00,202.57031575483987,205.3286681275811,196.5078905456906,196.90476989746094,44481400,0.0,0.0
2022-02-24 00:00:00-05:00,189.57231543169465,206.72769591729016,188.7388596965179,205.98353576660156,49957200,0.0,0.0
2022-02-25 00:00:00-05:00,203.3442685110929,209.6745964633609,201.59796279185824,208.84112548828125,37627600,0.0,0.0
2022-02-28 00:00:00-05:00,206.06291910870078,211.49032886803136,205.21954660842596,209.3868408203125,34239800,0.0,0.0
2022-03-01 00:00:00-05:00,208.23586048014417,210.10122686689581,200.64543260210104,201.90554809570312,27094900,0.0,0.0
2022-03-02 00:00:00-05:00,203.18549004210848,207.52145842115084,200.4469860879729,206.48956298828125,29452100,0.0,0.0
2022-03-03 00:00:00-05:00,207.39251389312045,207.45204429332074,199.85168364150212,201.38961791992188,27263500,0.0,0.0
2022-03-04 00:00:00-05:00,200.79425395071016,204.28684993255428,197.24212757746724,198.5022430419922,32130900,0.0,0.0
2022-03-07 00:00:00-05:00,199.2265943619773,199.3258217940458,185.82179190446445,186.01031494140625,38560600,0.0,0.0
2022-03-08 00:00:00-05:00,186.38733062782254,195.16841189497072,184.66087351517342,188.80831909179688,37508100,0.0,0.0
2022-03-09 00:00:00-05:00,194.21591760004782,197.54975628076116,192.41008137550406,196.9544219970703,31894700,0.0,0.0
2022-03-10 00:00:00-05:00,193.32290361390366,194.7516936899463,189.5822690603511,193.69003295898438,24853000,0.0,0.0
2022-03-11 00:00:00-05:00,191.14001813828725,192.05285278974358,185.2165020189651,186.14918518066406,34694500,0.0,0.0
2022-03-14 00:00:00-04:00,185.57369820987867,190.79273600899157,184.3731282981707,185.17681884765625,31010500,0.0,0.0
2022-03-15 00:00:00-04:00,189.3143563018215,190.7828281781689,184.46243244458515,190.53477478027344,31721700,0.0,0.0
2022-03-16 00:00:00-04:00,193.18400320920165,202.14369165553742,193.00541201145757,202.0444793701172,40640300,0.0,0.0
2022-03-17 00:00:00-04:00,200.12948853216994,206.42011938787329,199.5440861170762,206.2216796875,29499700,0.0,0.0
2022-03-18 00:00:00-04:00,205.09055652600136,215.11192035410394,204.39601000543493,214.80433654785156,52128000,0.0,0.0
2022-03-21 00:00:00-04:00,212.82981923288457,213.03819075246523,206.01331658056841,209.84326171875,30142300,0.0,0.0
2022-03-22 00:00:00-04:00,209.72418705211007,217.75120670745483,208.54345042733235,214.96307373046875,31998800,0.0,0.0
2022-03-23 00:00:00-04:00,211.66891999041766,215.11190224536244,210.5080319452024,211.79791259765625,23717300,0.0,0.0
2022-03-24 00:00:00-04:00,213.325928057074,218.95177745927012,213.1175565355208,217.8603515625,31502300,0.0,0.0
2022-03-25 00:00:00-04:00,218.79303706963668,223.74418887246208,217.18565572386078,220.0928497314453,40039000,0.0,0.0
2022-03-28 00:00:00-04:00,220.40043651859787,222.29555320064782,217.8305915001476,221.84906005859375,26224100,0.0,0.0
2022-03-29 00:00:00-04:00,224.30978304942298,229.09224573562048,223.53584234968375,228.0702667236328,31417900,0.0,0.0
2022-03-30 00:00:00-04:00,227.12762598483724,229.35017482946435,224.94475902387336,226.0758819580078,25588000,0.0,0.0
2022-03-31 00:00:00-04:00,226.6712091900149,226.71090621508176,220.5294041691088,220.62863159179688,24192300,0.0,0.0
2022-04-01 00:00:00-04:00,222.80157604386122,225.51031504373782,220.9659747526021,223.0992431640625,19544800,0.0,0.0
2022-04-04 00:00:00-04:00,224.22043413017906,232.52527259224502,224.10137333817107,232.06884765625,28054800,0.0,0.0
2022-04-05 00:00:00-04:00,232.2573692886443,235.01572198026443,229.2211979906724,230.03480529785156,29727200,0.0,0.0
2022-04-06 00:00:00-04:00,225.14320167620593,227.20700787328028,219.68602663220452,221.56130981445312,28995100,0.0,0.0
2022-04-07 00:00:00-04:00,222.18636954134027,223.76400056777624,216.8581877051978,221.21400451660156,21037200,0.0,0.0
2022-04-08 00:00:00-04:00,220.6484754046232,223.37706293065762,218.31676728092958,220.59886169433594,18375700,0.0,0.0
2022-04-11 00:00:00-04:00,216.71928146847083,218.89223156230173,213.54420114094543,214.77455139160156,20516600,0.0,0.0
2022-04-12 00:00:00-04:00,218.52511922684667,220.30117483214664,211.47048023153366,212.4726104736328,20128800,0.0,0.0
2022-04-13 00:00:00-04:00,210.17069419373846,214.92339072532232,209.68450407431595,213.31600952148438,19231800,0.0,0.0
2022-04-14 00:00:00-04:00,213.21675876812412,213.31598617428165,208.36483535056013,208.54342651367188,18379500,0.0,0.0
2022-04-18 00:00:00-04:00,208.36486698096425,211.71855397049873,206.6781068000665,209.12887573242188,16580800,0.0,0.0
2022-04-19 00:00:00-04:00,208.88081149240958,216.7292095688352,207.3726425799073,215.61793518066406,20089900,0.0,0.0
2022-04-20 00:00:00-04:00,211.9467513240192,212.4924718413418,197.37113086850815,198.8594512939453,43036500,0.0,0.0
2022-04-21 00:00:00-04:00,200.03028665802876,201.38961457327895,184.1350190495655,186.6056365966797,49954100,0.0,0.0
2022-04-22 00:00:00-04:00,188.88772030853818,191.21942859760426,181.84301200749346,182.6764678955078,36426800,0.0,0.0
2022-04-25 00:00:00-04:00,181.30720237185403,185.72255024091484,180.24554160198022,185.53404235839844,29281100,0.0,0.0
2022-04-26 00:00:00-04:00,185.17685868397513,185.7324959666093,178.10236973762557,179.54107666015625,31747400,0.0,0.0
2022-04-27 00:00:00-04:00,173.07179802333295,179.7990196564615,167.6840858458877,173.58775329589844,71062900,0.0,0.0
2022-04-28 00:00:00-04:00,201.33996471963115,206.90628314638815,191.39798105655134,204.12808227539062,100890600,0.0,0.0
2022-04-29 00:00:00-04:00,202.867995252245,210.82553726399675,198.3434886093317,198.9090576171875,49193400,0.0,0.0
2022-05-02 00:00:00-04:00,199.60361430075616,210.23022894872142,199.42502311439333,209.48606872558594,49915300,0.0,0.0
2022-05-03 00:00:00-04:00,208.8113594552885,213.2267071664261,206.4697346374748,210.37905883789062,41556300,0.0,0.0
2022-05-04 00:00:00-04:00,209.00980002605064,222.55352547851587,205.34854436270368,221.6704559326172,41375900,0.0,0.0
2022-05-05 00:00:00-04:00,217.0367938694191,218.45565195579698,204.5547457953696,206.65823364257812,41129200,0.0,0.0
2022-05-06 00:00:00-04:00,205.72555946603094,207.74968364193575,199.45477753082457,202.18336486816406,34747200,0.0,0.0
2022-05-09 00:00:00-04:00,198.2839763057758,200.99273052738982,194.05715151927018,194.6822509765625,36303200,0.0,0.0
2022-05-10 00:00:00-04:00,197.95651014924067,201.37965883993337,192.67794219630522,196.11099243164062,34452500,0.0,0.0
2022-05-11 00:00:00-04:00,194.80131449139864,199.107518248461,186.80407461686013,187.27041625976562,31153400,0.0,0.0
2022-05-12 00:00:00-04:00,185.60349999300624,196.50793445839577,183.3412538744328,189.75096130371094,38262200,0.0,0.0
2022-05-13 00:00:00-04:00,191.0804924673125,198.3335712924769,189.79061178927196,197.07345581054688,24549800,0.0,0.0
2022-05-16 00:00:00-04:00,195.5156825403244,203.7708913817843,194.40439307206805,198.48239135742188,27112600,0.0,0.0
2022-05-17 00:00:00-04:00,200.54622104854852,203.8602261947691,196.8155031199633,201.04232788085938,24872700,0.0,0.0
2022-05-18 00:00:00-04:00,198.44273679994532,199.43495048394504,190.13791310966099,190.7431640625,23960000,0.0,0.0
2022-05-19 00:00:00-04:00,189.71124151698106,193.76939159776364,188.12370880561264,189.800537109375,24446900,0.0,0.0
2022-05-20 00:00:00-04:00,193.451878017089,196.36898829099752,186.4071557210518,192.0330047607422,31465600,0.0,0.0
2022-05-23 00:00:00-04:00,193.67017665237506,195.45616417554956,189.75093592706153,194.7020721435547,25059200,0.0,0.0
2022-05-24 00:00:00-04:00,179.14415759360392,182.2497756772085,174.73872705560913,179.86846923828125,50406300,0.0,0.0
2022-05-25 00:00:00-04:00,178.99533519495697,184.0060171216073,177.92375778337643,182.3986358642578,28030200,0.0,0.0
2022-05-26 00:00:00-04:00,181.4560248290842,191.32854694787179,180.84084211269274,190.1378936767578,23056500,0.0,0.0
2022-05-27 00:00:00-04:00,189.86999202883518,193.80908116828513,188.32214126028134,193.6106414794922,22562700,0.0,0.0
2022-05-31 00:00:00-04:00,193.37251497016206,196.06142058608745,190.5149348528655,192.1322479248047,26131100,0.0,0.0
2022-06-01 00:00:00-04:00,194.979905186522,197.97639474515785,183.55953115785042,187.1711883544922,36623500,0.0,0.0
2022-06-02 00:00:00-04:00,186.98265238418233,199.3754058637499,186.26825737146237,197.3115997314453,31951600,0.0,0.0
2022-06-03 00:00:00-04:00,194.45403326777017,195.07913273257265,188.3023114639302,189.29452514648438,19465000,0.0,0.0
2022-06-06 00:00:00-04:00,192.47951771272406,195.38669623309409,186.93303229765272,192.73748779296875,30574200,0.0,0.0
2022-06-07 00:00:00-04:00,190.43555107036437,194.99973973643614,189.99898979915574,194.1265869140625,18828700,0.0,0.0
2022-06-08 00:00:00-04:00,193.15423977117806,200.45693323180112,192.89626965875735,195.10890197753906,22267200,0.0,0.0
2022-06-09 00:00:00-04:00,192.76726134545828,197.8970039563833,182.24979089220236,182.5673065185547,23501600,0.0,0.0
2022-06-10 00:00:00-04:00,181.6147791626238,181.6743246989857,173.65723661984313,174.2029571533203,27450800,0.0,0.0
2022-06-13 00:00:00-04:00,169.26170095508755,171.2362113127509,162.75278267813596,162.98098754882812,31749300,0.0,0.0
2022-06-14 00:00:00-04:00,164.73721814492058,165.4516131279456,160.10358258056343,162.4551239013672,27244300,0.0,0.0
2022-06-15 00:00:00-04:00,165.89813396718225,170.81952076930034,162.70320451959344,168.03140258789062,30008300,0.0,0.0
2022-06-16 00:00:00-04:00,162.4452160123095,163.79462714887313,158.36721740504552,159.61740112304688,26944100,0.0,0.0
2022-06-17 00:00:00-04:00,160.42109974328864,164.6082426639391,158.65496061258537,162.46507263183594,31374200,0.0,0.0
2022-06-21 00:00:00-04:00,164.63799488371197,166.45374758302697,154.75555593593816,155.8271484375,50724900,0.0,0.0
2022-06-22 00:00:00-04:00,157.1467734651648,159.53799640994546,154.2296634550436,154.636474609375,47267800,0.0,0.0
2022-06-23 00:00:00-04:00,155.05323041722062,158.5061296598179,153.04895461675687,157.513916015625,40499200,0.0,0.0
2022-06-24 00:00:00-04:00,160.4707138331624,168.92437860519823,160.04406921900008,168.8350830078125,68736000,0.0,0.0
2022-06-27 00:00:00-04:00,169.98602536256894,170.41266990358127,166.70178593534752,168.17027282714844,29174600,0.0,0.0
2022-06-28 00:00:00-04:00,168.57708966300072,169.96619782883943,159.35943170287592,159.4288787841797,27744500,0.0,0.0
2022-06-29 00:00:00-04:00,162.296368517944,165.03487231161975,159.07167466170534,162.66348266601562,28595200,0.0,0.0
2022-06-30 00:00:00-04:00,160.8874320004222,163.9434517587167,157.25594166723448,159.99444580078125,35250600,0.0,0.0
2022-07-01 00:00:00-04:00,159.06175413379128,159.3693379164502,153.79310252765947,158.783935546875,31423900,0.0,0.0
2022-07-05 00:00:00-04:00,156.9086666205292,166.93994726695396,155.7973921729659,166.8804168701172,28618600,0.0,0.0
2022-07-06 00:00:00-04:00,166.89033737772058,170.2539411358276,164.17168159339727,168.4481201171875,23085900,0.0,0.0
2022-07-07 00:00:00-04:00,168.13060278464656,171.37514571376303,166.47360777815038,170.84927368164062,24083400,0.0,0.0
2022-07-08 00:00:00-04:00,168.65648282655349,171.0576381970668,166.84072991356624,169.5494842529297,19249200,0.0,0.0
2022-07-11 00:00:00-04:00,165.76914841229626,166.18587634519014,160.64932213963525,161.6117706298828,21885600,0.0,0.0
2022-07-12 00:00:00-04:00,163.5168038543085,164.61816155285183,160.83783016973706,161.99871826171875,16639700,0.0,0.0
2022-07-13 00:00:00-04:00,158.91295226825136,163.6954145029734,158.36723169686718,162.21702575683594,16555100,0.0,0.0
2022-07-14 00:00:00-04:00,159.96466626461358,161.32399395376947,156.05534254020475,156.81935119628906,23765200,0.0,0.0
2022-07-15 00:00:00-04:00,159.28995993490958,163.695390610006,158.57558009298083,163.41757202148438,23342800,0.0,0.0
2022-07-18 00:00:00-04:00,165.4516286428729,170.35316657049168,164.35027086909628,165.92788696289062,23574300,0.0,0.0
2022-07-19 00:00:00-04:00,169.0434363845627,175.11579427805594,168.19013203148896,174.41131591796875,25933700,0.0,0.0
2022-07-20 00:00:00-04:00,176.1079959030853,182.17042155610093,175.32413868697932,181.6643829345703,24784300,0.0,0.0
2022-07-21 00:00:00-04:00,179.2235433302716,182.41847226069277,177.47723774446465,181.74375915527344,27195800,0.0,0.0
2022-07-22 00:00:00-04:00,171.72242605878435,174.23272541696684,167.09870675194256,167.95201110839844,42583900,0.0,0.0
2022-07-25 00:00:00-04:00,167.6840944354724,169.24187701783146,163.5267171273681,165.35238647460938,26166300,0.0,0.0
2022-07-26 00:00:00-04:00,164.6479363142058,164.70746671110234,156.720143761273,157.91079711914062,28468400,0.0,0.0
2022-07-27 00:00:00-04:00,161.32401870031222,169.53954676474433,160.7584647751414,168.2595977783203,43846600,0.0,0.0
2022-07-28 00:00:00-04:00,159.80590058517643,160.25239362295426,153.644263355895,159.4685516357422,73214300,0.0,0.0
2022-07-29 00:00:00-04:00,156.4621659776194,158.8930862847135,153.96178345090468,157.86119079589844,42065400,0.0,0.0
2022-08-01 00:00:00-04:00,156.0255825636675,163.9037606652723,154.02130693001527,158.68470764160156,40596700,0.0,0.0
2022-08-02 00:00:00-04:00,157.07732170479792,160.97672875527448,156.779654617437,158.94268798828125,27374500,0.0,0.0
2022-08-03 00:00:00-04:00,161.42324581445072,168.2199004297414,160.31197133907014,167.4856719970703,31721900,0.0,0.0
2022-08-04 00:00:00-04:00,166.98955319565712,170.80956650112654,165.50123278418064,169.24188232421875,23938200,0.0,0.0
2022-08-05 00:00:00-04:00,165.68974659153304,170.27376835954388,164.50901004159635,165.80880737304688,25832700,0.0,0.0
2022-08-08 00:00:00-04:00,166.69188162513768,176.1278273310258,165.82866065437182,168.9243621826172,27299100,0.0,0.0
2022-08-09 00:00:00-04:00,167.63448607735745,168.20997178691073,165.30279318207488,167.21775817871094,18655100,0.0,0.0
2022-08-10 00:00:00-04:00,174.6196924150537,179.07472218493237,172.59556801298828,176.95138549804688,30262100,0.0,0.0
2022-08-11 00:00:00-04:00,178.3107171671491,181.67432074948522,174.99671215406823,176.10800170898438,24079100,0.0,0.0
2022-08-12 00:00:00-04:00,179.4021272311539,180.0470751142929,177.5169275665444,179.09454345703125,21274000,0.0,0.0
2022-08-15 00:00:00-04:00,177.56655658180426,180.02724212693158,176.81246453895838,179.4815216064453,15878700,0.0,0.0
2022-08-16 00:00:00-04:00,178.0428208610876,179.58075505593564,175.66149900261934,178.0725860595703,21156700,0.0,0.0
2022-08-17 00:00:00-04:00,175.38368782395926,176.75294757211662,172.8138579795018,173.4885711669922,20118100,0.0,0.0
2022-08-18 00:00:00-04:00,172.9825331762889,174.39147481635746,170.52184743447762,173.300048828125,18844500,0.0,0.0
2022-08-19 00:00:00-04:00,168.87473977974705,170.97824275855308,165.74927321620558,166.65219116210938,26240800,0.0,0.0
2022-08-22 00:00:00-04:00,164.20142956470605,164.20142956470605,160.996568824722,161.78042602539062,19499700,0.0,0.0
2022-08-23 00:00:00-04:00,161.21487292760173,163.76486932772292,159.44873380548583,159.8555450439453,18111800,0.0,0.0
2022-08-24 00:00:00-04:00,159.34952316474363,164.1716822581917,158.52598399302542,161.98880004882812,20891500,0.0,0.0
2022-08-25 00:00:00-04:00,163.89384508074522,167.565047734485,162.74288874160553,167.4658203125,15550500,0.0,0.0
2022-08-26 00:00:00-04:00,167.16816909189782,169.5891730748827,160.4111958472438,160.5203399658203,24023600,0.0,0.0
2022-08-29 00:00:00-04:00,159.4090526295797,161.78044270679146,157.77189098214532,157.93064880371094,20052700,0.0,0.0
2022-08-30 00:00:00-04:00,159.10145839344236,160.40125579993304,154.6960275433671,155.93629455566406,19567900,0.0,0.0
2022-08-31 00:00:00-04:00,165.76912506695646,166.53311859967866,160.87750439263087,161.66134643554688,40953000,0.0,0.0
2022-09-01 00:00:00-04:00,162.30629456131507,166.05686057455924,159.10144902935826,164.0724334716797,30145700,0.0,0.0
2022-09-02 00:00:00-04:00,166.14617414203198,166.62243245907325,157.98025996910707,159.0717010498047,22634200,0.0,0.0
2022-09-06 00:00:00-04:00,158.85340797014467,160.43102400577848,156.46216949199575,157.3055419921875,19339800,0.0,0.0
2022-09-07 00:00:00-04:00,156.5316321109827,159.7067281491609,155.5890320983898,159.1411590576172,16831200,0.0,0.0
2022-09-08 00:00:00-04:00,157.47421989709738,160.96680070817172,156.51177153802922,160.79812622070312,22530800,0.0,0.0
2022-09-09 00:00:00-04:00,161.97886235913248,168.21987893943492,161.75065748137297,167.83291625976562,22086800,0.0,0.0
2022-09-12 00:00:00-04:00,166.0866417456848,170.05549633320575,165.9774976389288,167.64442443847656,23220400,0.0,0.0
2022-09-13 00:00:00-04:00,160.28220460422338,160.37151534927344,151.4812733717126,151.9376983642578,44444100,0.0,0.0
2022-09-14 00:00:00-04:00,152.13610619670536,152.34446256485677,147.88943339273362,150.29058837890625,43064200,0.0,0.0
2022-09-15 00:00:00-04:00,148.63362778667926,152.99936237780446,147.54218656890754,148.3855743408203,34606300,0.0,0.0
2022-09-16 00:00:00-04:00,146.89723035392328,147.42310236449293,143.16649743066273,145.1509246826172,40122800,0.0,0.0
2022-09-19 00:00:00-04:00,144.10910954549348,147.4230993550111,143.9702002462915,146.86746215820312,22169500,0.0,0.0
2022-09-20 00:00:00-04:00,144.6449155574268,147.68108713223123,144.08927829406127,144.95249938964844,23217400,0.0,0.0
2022-09-21 00:00:00-04:00,145.25015368511407,148.43516612082303,140.89433642517437,141.01339721679688,38338600,0.0,0.0
2022-09-22 00:00:00-04:00,140.44787669629804,143.4542835191154,139.77316339013078,141.70799255371094,34418500,0.0,0.0
2022-09-23 00:00:00-04:00,140.31887242126808,141.50952594174933,137.80857274275996,139.31674194335938,31710700,0.0,0.0
2022-09-26 00:00:00-04:00,139.0289519002258,141.1324548324313,135.12956008086076,135.3081512451172,30497000,0.0,0.0
2022-09-27 00:00:00-04:00,136.84608078184743,138.3344009957248,133.07566654536285,133.35348510742188,30826500,0.0,0.0
2022-09-28 00:00:00-04:00,133.57180591260422,140.9241131987942,133.2245401951875,140.50738525390625,32658500,0.0,0.0
2022-09-29 00:00:00-04:00,138.2748971610571,138.7511554817555,134.1472846750604,135.34786987304688,38985400,0.0,0.0
2022-09-30 00:00:00-04:00,134.99064918623955,139.8921862798723,134.44492873533332,134.62351989746094,33166400,0.0,0.0
2022-10-03 00:00:00-04:00,136.07219105782457,138.53287688225336,135.04029543467058,137.53074645996094,27723100,0.0,0.0
2022-10-04 00:00:00-04:00,139.396085127203,141.2812847896686,138.25503047678262,139.18771362304688,34670700,0.0,0.0
2022-10-05 00:00:00-04:00,137.1636140300522,139.11827604059891,133.73054829955544,137.89784240722656,27979300,0.0,0.0
2022-10-06 00:00:00-04:00,136.64765768866192,140.3486101635324,135.5363833056393,137.98715209960938,36231100,0.0,0.0
2022-10-07 00:00:00-04:00,135.695128574833,137.21321419500794,131.4087736296269,132.41090393066406,33214800,0.0,0.0
2022-10-10 00:00:00-04:00,132.51013890638444,135.05020348397787,130.84321206485183,132.74826049804688,24024000,0.0,0.0
2022-10-11 00:00:00-04:00,130.59514309744893,131.6270536717178,126.00119706886443,127.53912353515625,38481400,0.0,0.0
2022-10-12 00:00:00-04:00,127.32084739816321,128.66032657927067,125.26695812449736,126.5072250366211,34605200,0.0,0.0
2022-10-13 00:00:00-04:00,122.56815372132348,130.11890037271309,121.5759400490777,129.2755126953125,34325700,0.0,0.0
2022-10-14 00:00:00-04:00,129.9799863217405,130.76382843262456,125.53486590146892,125.77300262451172,23559400,0.0,0.0
2022-10-17 00:00:00-04:00,129.2854232793601,133.7404522461728,129.16634736306958,132.9962921142578,29612200,0.0,0.0
2022-10-18 00:00:00-04:00,136.0225343522297,136.76669441853193,130.37683756015437,131.7659454345703,25445000,0.0,0.0
2022-10-19 00:00:00-04:00,131.85526270902045,135.93326114909232,131.19048142384776,132.19261169433594,30691000,0.0,0.0
2022-10-20 00:00:00-04:00,131.89493699930915,135.70504845290708,130.28755592887023,130.50584411621094,26356300,0.0,0.0
2022-10-21 00:00:00-04:00,125.32649348650858,129.106824762259,124.46327252621275,128.9976806640625,46348600,0.0,0.0
2022-10-24 00:00:00-04:00,126.25917694643074,132.44066325636285,123.60004427257866,128.70994567871094,63563400,0.0,0.0
2022-10-25 00:00:00-04:00,129.8609339964498,137.27277155210777,129.5731835448493,136.43930053710938,38433200,0.0,0.0
2022-10-26 00:00:00-04:00,130.65467629925334,134.49455312999504,127.5292095937446,128.80917358398438,82791500,0.0,0.0
2022-10-27 00:00:00-04:00,97.21708813251803,101.70189010182288,95.62954037737664,97.17739868164062,232316600,0.0,0.0
2022-10-28 00:00:00-04:00,98.8046277834116,100.06473566950352,96.75074602404112,98.42758178710938,95928300,0.0,0.0
2022-10-31 00:00:00-04:00,97.45521412829655,98.54664749730443,91.87897136447218,92.43461608886719,121361400,0.0,0.0
2022-11-01 00:00:00-04:00,93.5955116094301,96.73090267934045,92.8215862051481,94.45873260498047,110189600,0.0,0.0
2022-11-02 00:00:00-04:00,93.47643619894015,94.45872547873054,89.77548395357398,89.83501434326172,71821100,0.0,0.0
2022-11-03 00:00:00-04:00,89.37860819566096,89.75564666078411,87.7216132023707,88.21772003173828,60664000,0.0,0.0
2022-11-04 00:00:00-04:00,89.64649246454535,90.67839546190564,87.40408772855112,90.08306884765625,55638100,0.0,0.0
2022-11-07 00:00:00-05:00,94.04201429464656,96.12566157324486,92.37509495776996,95.96691131591797,81987300,0.0,0.0
2022-11-08 00:00:00-05:00,95.17313624874802,97.03850284878779,94.05193749339736,95.71885681152344,52088300,0.0,0.0
2022-11-09 00:00:00-05:00,100.92796978473984,104.0832093724771,99.95559711456131,100.67991638183594,107677300,0.0,0.0
2022-11-10 00:00:00-05:00,106.285917551093,111.87207707822908,103.7954594362292,110.99893188476562,80671000,0.0,0.0
2022-11-11 00:00:00-05:00,108.37949366062841,114.00534289363566,107.9627582000439,112.13997650146484,59961700,0.0,0.0
2022-11-14 00:00:00-05:00,110.12579673918653,115.36468387805913,109.93728128327324,113.33065032958984,53395000,0.0,0.0
2022-11-15 00:00:00-05:00,115.1662427899854,117.81545152766134,113.51917199962875,116.16838073730469,50670500,0.0,0.0
2022-11-16 00:00:00-05:00,113.60845848030793,115.17615780277245,111.78278906932832,112.34835052490234,33287800,0.0,0.0
2022-11-17 00:00:00-05:00,109.55031120602072,111.45535957072005,108.94506028234187,110.58220672607422,35093800,0.0,0.0
2022-11-18 00:00:00-05:00,112.9139252938301,113.42987310168331,109.75868533544744,111.17755126953125,33357700,0.0,0.0
2022-11-21 00:00:00-05:00,110.65164813935317,111.49503568520781,108.33979639679968,109.00457763671875,24351100,0.0,0.0
2022-11-22 00:00:00-05:00,109.00459669406948,110.75089490974986,107.47658670159785,110.57229614257812,29029000,0.0,0.0
2022-11-23 00:00:00-05:00,110.85011058058302,111.79271052341535,109.86782118321183,111.36605834960938,21343100,0.0,0.0
2022-11-25 00:00:00-05:00,110.43338213815132,111.85224795871838,110.15555595769946,110.54252624511719,12007600,0.0,0.0
2022-11-28 00:00:00-05:00,109.91742593923475,111.1676172464969,107.53611168682706,107.93299865722656,23309400,0.0,0.0
2022-11-29 00:00:00-05:00,108.68708307062184,110.07618368108777,107.6948694302875,108.60770416259766,23899200,0.0,0.0
2022-11-30 00:00:00-05:00,108.65730907507884,117.23995788306726,108.5283164674862,117.180419921875,43348600,0.0,0.0
2022-12-01 00:00:00-05:00,118.27186216762439,120.25628943600728,117.4780958022648,119.50221252441406,36551400,0.0,0.0
2022-12-02 00:00:00-05:00,116.91253977641848,123.07418582320302,116.69425155553571,122.5284652709961,39950500,0.0,0.0
2022-12-05 00:00:00-05:00,120.80200951633452,123.69927150066809,120.40512255012695,121.47671508789062,35474900,0.0,0.0
2022-12-06 00:00:00-05:00,118.97634827925043,119.6113644410036,112.85438400330203,113.23143005371094,43689200,0.0,0.0
2022-12-07 00:00:00-05:00,112.87422558377872,114.97771365164438,112.00107273750456,113.04290008544922,29461100,0.0,0.0
2022-12-08 00:00:00-05:00,115.48374322681642,116.42634314272308,113.69775567353206,114.43199920654297,30619400,0.0,0.0
2022-12-09 00:00:00-05:00,114.40223194340052,116.62478830403349,112.9833661822399,114.99755859375,26033400,0.0,0.0
2022-12-12 00:00:00-05:00,114.28316748923302,114.81896376384701,112.25905075290997,113.81682586669922,24747100,0.0,0.0
2022-12-13 00:00:00-05:00,121.17904091513068,122.33993654844322,117.71621766581951,119.21446228027344,44701100,0.0,0.0
2022-12-14 00:00:00-05:00,118.46036760948525,123.17338167282097,118.46036760948525,120.64323425292969,36922000,0.0,0.0
2022-12-15 00:00:00-05:00,117.40863908543345,117.70629862846144,113.12227656392382,115.24561309814453,34531000,0.0,0.0
2022-12-16 00:00:00-05:00,119.29385024041143,122.34986252333044,117.8948253630125,118.50007629394531,67064000,0.0,0.0
2022-12-19 00:00:00-05:00,115.9203158462125,116.8827642422822,113.43978186458503,113.58861541748047,29769900,0.0,0.0
2022-12-20 00:00:00-05:00,112.37812621764228,116.41643568951197,111.5843522265664,116.17829895019531,28742500,0.0,0.0
2022-12-21 00:00:00-05:00,115.79132071461487,119.40297750767131,114.71973581106239,118.82749938964844,20392800,0.0,0.0
2022-12-22 00:00:00-05:00,116.28743255420459,117.69638163953562,113.48939046500924,116.20806121826172,23618100,0.0,0.0
2022-12-23 00:00:00-05:00,115.12655141032663,117.25981232393049,114.6403688295484,117.12090301513672,17796600,0.0,0.0
2022-12-27 00:00:00-05:00,117.01175225347482,117.67653356062343,115.14639337715077,115.96992492675781,21392300,0.0,0.0
2022-12-28 00:00:00-05:00,115.34482600764325,117.23003328004548,114.61059009501939,114.71973419189453,19612500,0.0,0.0
2022-12-29 00:00:00-05:00,115.49366333718959,120.08760953159305,114.86856393098249,119.3236083984375,22366200,0.0,0.0
2022-12-30 00:00:00-05:00,117.23996617259452,119.48236352635037,116.823230694738,119.40298461914062,19583800,0.0,0.0
2023-01-03 00:00:00-05:00,121.86367423605601,125.38603554945252,121.32787798283579,123.76872253417969,35528500,0.0,0.0
2023-01-04 00:00:00-05:00,126.38816680776964,128.0451692882345,124.87008119697514,126.37825012207031,32397100,0.0,0.0
2023-01-05 00:00:00-05:00,125.14790094273111,127.51929845470177,123.57028492333293,125.95159912109375,25447100,0.0,0.0
2023-01-06 00:00:00-05:00,127.96580198249362,129.3152132188516,125.0586155413681,129.00762939453125,27584500,0.0,0.0
2023-01-09 00:00:00-05:00,130.1387577046288,131.91481363671815,128.27339102960076,128.4619140625,26649100,0.0,0.0
2023-01-10 00:00:00-05:00,126.27902745216674,132.4009914039198,126.15996665938663,131.95449829101562,28684400,0.0,0.0
2023-01-11 00:00:00-05:00,129.94030532233305,132.80780214441828,129.32512256861318,131.8552703857422,25423000,0.0,0.0
2023-01-12 00:00:00-05:00,132.40098047601523,136.60795630012376,130.7340538147821,135.64552307128906,30757700,0.0,0.0
2023-01-13 00:00:00-05:00,133.91906260849916,136.3202175567717,133.79007000359942,135.9134063720703,22423800,0.0,0.0
2023-01-17 00:00:00-05:00,135.11963753309317,135.68520653868867,133.20467259831045,134.3060302734375,21147600,0.0,0.0
2023-01-18 00:00:00-05:00,134.75252212019842,136.1813120791631,131.7659647337358,131.9842529296875,20215500,0.0,0.0
2023-01-19 00:00:00-05:00,131.4584137305534,136.37978577197362,131.11113283949365,135.08990478515625,28625200,0.0,0.0
2023-01-20 00:00:00-05:00,134.831906191301,138.85037431994746,133.56187398797255,138.28480529785156,28688600,0.0,0.0
2023-01-23 00:00:00-05:00,138.20542835766489,142.6406244467156,137.5803440727501,142.15444946289062,27470100,0.0,0.0
2023-01-24 00:00:00-05:00,140.58677520128853,143.8710004442041,140.25934283175573,142.02548217773438,21970200,0.0,0.0
2023-01-25 00:00:00-05:00,140.12040528118638,142.05521876598272,139.21748727495543,140.39822387695312,26622000,0.0,0.0
2023-01-26 00:00:00-05:00,143.27564745369034,146.36143256354927,142.18422150401676,146.153076171875,25482100,0.0,0.0
2023-01-27 00:00:00-05:00,147.08575448002523,151.99720893784095,146.24236683556117,150.55850219726562,35771900,0.0,0.0
2023-01-30 00:00:00-05:00,148.24664030943237,149.9433171179442,145.80578814738973,145.91493225097656,28040100,0.0,0.0
2023-01-31 00:00:00-05:00,146.7980116547346,148.71299193940402,146.3713670374125,147.81007385253906,29842100,0.0,0.0
2023-02-01 00:00:00-05:00,146.87737102434204,152.38415927092325,145.91492266683247,151.927734375,55661000,0.0,0.0
2023-02-02 00:00:00-05:00,181.95214004621323,195.62484263627775,178.75721095112047,187.3001708984375,150475700,0.0,0.0
2023-02-03 00:00:00-05:00,182.04143493203435,195.23787916833177,181.46594921292,185.07760620117188,76809700,0.0,0.0
2023-02-06 00:00:00-05:00,185.0776087109676,189.215137765212,184.075478386839,184.61126708984375,42483800,0.0,0.0
2023-02-07 00:00:00-05:00,184.13502643535176,192.27117602009497,182.96420635731428,190.12799072265625,47080700,0.0,0.0
2023-02-08 00:00:00-05:00,188.52059034038672,189.34412947288163,181.49571599932648,182.00173950195312,36139100,0.0,0.0
2023-02-09 00:00:00-05:00,184.6807335265915,185.19667372941453,175.88971988644266,176.53465270996094,37118800,0.0,0.0
2023-02-10 00:00:00-05:00,174.97687310448828,177.4970889680082,172.00023232679908,172.7939910888672,33433600,0.0,0.0
2023-02-13 00:00:00-05:00,176.83231268780145,179.59066534207818,174.45100605417406,178.0328826904297,31463200,0.0,0.0
2023-02-14 00:00:00-05:00,175.78057644351702,180.096696800279,174.51054416410403,178.08250427246094,24034600,0.0,0.0
2023-02-15 00:00:00-05:00,175.04633504206592,176.80255748917412,173.96482576796248,175.78057861328125,25308900,0.0,0.0
2023-02-16 00:00:00-05:00,171.40491964536324,174.48078822465834,170.45238781526533,171.0973358154297,25827500,0.0,0.0
2023-02-17 00:00:00-05:00,168.89458297140283,171.83152644936783,168.37862771285032,171.53387451171875,24171300,0.0,0.0
2023-02-21 00:00:00-05:00,172.95274431832965,176.78268928982402,170.54167261942416,170.7401123046875,34592600,0.0,0.0
2023-02-22 00:00:00-05:00,169.73801433927213,171.4148428676804,168.36875451254429,169.78761291503906,22433200,0.0,0.0
2023-02-23 00:00:00-05:00,170.66072705596093,172.337570343035,168.06113245373834,170.70040893554688,20017800,0.0,0.0
2023-02-24 00:00:00-05:00,167.3269194643697,169.39072579815928,166.35455426767354,169.06329345703125,19791300,0.0,0.0
2023-02-27 00:00:00-05:00,170.54167037129523,171.7720054876957,167.74362088404132,168.21987915039062,19277000,0.0,0.0
2023-02-28 00:00:00-05:00,170.5615125066298,176.16752845436773,170.53174730970196,173.57785034179688,46051100,0.0,0.0
2023-03-01 00:00:00-05:00,173.23057502664264,176.46520116867393,171.70257268922543,172.06968688964844,30998400,0.0,0.0
2023-03-02 00:00:00-05:00,171.03779768581322,173.64730934892816,170.0951825850901,173.17105102539062,17352000,0.0,0.0
2023-03-03 00:00:00-05:00,177.5268721750104,185.1669145848466,175.67143741347317,183.80758666992188,45877700,0.0,0.0
2023-03-06 00:00:00-05:00,186.5361649817629,188.183243263601,183.20232653393649,183.46029663085938,33209400,0.0,0.0
2023-03-07 00:00:00-05:00,187.52837844576686,188.87778960526148,182.57722691894926,183.07333374023438,36701500,0.0,0.0
2023-03-08 00:00:00-05:00,181.44609997913568,183.81748992709475,179.92801435060838,183.52975463867188,19432400,0.0,0.0
2023-03-09 00:00:00-05:00,184.8990026283273,187.45890028532764,178.89610757316447,180.27528381347656,26582800,0.0,0.0
2023-03-10 00:00:00-05:00,179.60059470599492,183.3313278726715,177.40781092790243,178.11227416992188,25665000,0.0,0.0
2023-03-13 00:00:00-04:00,176.57434446133212,182.3490199218457,173.4587942651152,179.49143981933594,24728000,0.0,0.0
2023-03-14 00:00:00-04:00,186.1194196549206,192.80694443695197,185.10735759402482,192.50927734375,41642600,0.0,0.0
2023-03-15 00:00:00-04:00,191.4476222684607,196.24001605303158,189.35405084464165,196.2102508544922,42123600,0.0,0.0
2023-03-16 00:00:00-04:00,196.71628688338527,204.15788979119992,194.5631849255218,203.3343505859375,50447100,0.0,0.0
2023-03-17 00:00:00-04:00,198.99836863693588,200.32793130379721,193.90830773144071,194.0869140625,50141100,0.0,0.0
2023-03-20 00:00:00-04:00,196.9345413943134,197.8076941641237,192.13223144031136,196.26976013183594,25186300,0.0,0.0
2023-03-21 00:00:00-04:00,201.61781781226705,201.9650986580919,196.4086959647701,200.58592224121094,31827000,0.0,0.0
2023-03-22 00:00:00-04:00,200.92323769804503,205.7553126932005,198.11527162107268,198.25418090820312,28477800,0.0,0.0
2023-03-23 00:00:00-04:00,201.26060208984055,206.26136708985172,200.57597228650752,202.68939208984375,27389700,0.0,0.0
2023-03-24 00:00:00-04:00,203.5823904151866,205.96371227058293,201.9650924531236,204.4059295654297,27716400,0.0,0.0
2023-03-27 00:00:00-04:00,203.21529769370653,204.25712516934632,199.79216325087327,201.26063537597656,18527200,0.0,0.0
2023-03-28 00:00:00-04:00,198.59155960774748,199.4647124804403,196.35907885459528,199.117431640625,19127300,0.0,0.0
2023-03-29 00:00:00-04:00,201.9749972989551,204.1181823011788,200.962935191242,203.75106811523438,18851100,0.0,0.0
2023-03-30 00:00:00-04:00,201.7964153232587,206.4697330979613,201.24077810622202,206.2216796875,22608300,0.0,0.0
2023-03-31 00:00:00-04:00,205.62634833468755,210.5179540303412,205.16000673960775,210.2897491455078,25440300,0.0,0.0
2023-04-03 00:00:00-04:00,207.21390537484075,211.82770816161158,206.57888921274505,211.41098022460938,17924600,0.0,0.0
2023-04-04 00:00:00-04:00,211.72848018695962,214.55629527926422,210.8850924885587,213.04812622070312,21026400,0.0,0.0
2023-04-05 00:00:00-04:00,212.48255219823199,213.51446289742063,208.3053411097266,209.83334350585938,19396600,0.0,0.0
2023-04-06 00:00:00-04:00,207.6206893922116,215.25081416311986,207.02535519459414,214.4173583984375,26104400,0.0,0.0
2023-04-10 00:00:00-04:00,213.0381837191073,213.98078358899562,209.0197157053964,213.07786560058594,16106100,0.0,0.0
2023-04-11 00:00:00-04:00,213.80220404323478,214.33800792014068,211.74832955504112,212.18490600585938,16710100,0.0,0.0
2023-04-12 00:00:00-04:00,213.16716550452043,215.15159269813535,210.92476822612764,212.33370971679688,18972200,0.0,0.0
2023-04-13 00:00:00-04:00,214.05025506049557,219.42805144239233,214.01057317449468,218.63429260253906,23310400,0.0,0.0
2023-04-14 00:00:00-04:00,216.18348939989343,220.38054840499984,215.85605711722883,219.765380859375,21591200,0.0,0.0
2023-04-17 00:00:00-04:00,218.07863523228386,219.25937191854015,215.43935838415817,217.1558837890625,15481900,0.0,0.0
2023-04-18 00:00:00-04:00,218.19768071842833,218.72355267741327,214.5264936904286,216.1934051513672,12281000,0.0,0.0
2023-04-19 00:00:00-04:00,211.80786023682174,215.63780573322012,211.2720563592022,214.02049255371094,15898100,0.0,0.0
2023-04-20 00:00:00-04:00,211.81777633502944,215.06231937166476,211.11331308675648,211.41098022460938,16475400,0.0,0.0
2023-04-21 00:00:00-04:00,208.5732355565436,211.74831617092386,207.9481361196577,211.23236083984375,17717200,0.0,0.0
2023-04-24 00:00:00-04:00,212.01621778758587,212.25435452781917,209.06935700458934,211.13314819335938,15750900,0.0,0.0
2023-04-25 00:00:00-04:00,209.1784875550475,209.61504884053275,205.51721678874523,205.93394470214844,19198200,0.0,0.0
2023-04-26 00:00:00-04:00,210.84538412144423,212.44284857850462,207.25357583437997,207.76951599121094,41992700,0.0,0.0
2023-04-27 00:00:00-04:00,238.02211474831446,239.80810221766666,234.92641322808916,236.7024688720703,71196500,0.0,0.0
2023-04-28 00:00:00-04:00,237.1489637299281,238.55790520519412,233.91435289009024,238.4487762451172,39554000,0.0,0.0
2023-05-01 00:00:00-04:00,236.7619774274533,242.1000908324028,234.6188078018763,241.28646850585938,29143900,0.0,0.0
2023-05-02 00:00:00-04:00,241.28649078913926,243.01294786638383,237.12912861217322,237.37718200683594,24350100,0.0,0.0
2023-05-03 00:00:00-04:00,237.6053753853161,239.8676210238987,230.93769924844847,235.1843719482422,34463900,0.0,0.0
2023-05-04 00:00:00-04:00,234.22196789157476,236.3453046428844,231.1163341088725,231.70175170898438,17889400,0.0,0.0
2023-05-05 00:00:00-04:00,230.43169483131584,232.85268332838044,228.0603049028967,230.9674835205078,27000500,0.0,0.0
2023-05-08 00:00:00-04:00,229.61808820959843,233.7853826412468,228.4770485325923,231.4536895751953,16400500,0.0,0.0
2023-05-09 00:00:00-04:00,229.6577704607354,234.043352831237,229.2807244414687,231.55288696289062,16865600,0.0,0.0
2023-05-10 00:00:00-04:00,234.33108842458907,234.90657414001882,228.92352723267723,231.26515197753906,19119000,0.0,0.0
2023-05-11 00:00:00-04:00,231.2354000059932,236.35522620301435,230.49123974968126,233.9540557861328,20449000,0.0,0.0
2023-05-12 00:00:00-04:00,234.89664985723425,235.11493805740562,229.64783150762847,231.9894561767578,16161400,0.0,0.0
2023-05-15 00:00:00-04:00,235.07525568820336,238.38924563922228,233.4976396213384,237.00015258789062,20653200,0.0,0.0
2023-05-16 00:00:00-04:00,233.9540432740443,237.77407177480512,233.68615649688385,236.96046447753906,18163800,0.0,0.0
2023-05-17 00:00:00-04:00,236.59333148518962,241.94136221960335,236.28574768951486,240.6018829345703,21193100,0.0,0.0
2023-05-18 00:00:00-04:00,239.42115915770188,245.1660695868322,239.3120150495156,244.92794799804688,22943300,0.0,0.0
2023-05-19 00:00:00-04:00,245.54309334790887,246.7535951143533,241.51470867661695,243.7273406982422,21733600,0.0,0.0
2023-05-22 00:00:00-04:00,243.49915972156407,251.5956268801899,243.21140927966366,246.38650512695312,27738500,0.0,0.0
2023-05-23 00:00:00-04:00,244.8882489627154,249.65087751904687,244.72949114484263,244.8188018798828,17748100,0.0,0.0
2023-05-24 00:00:00-04:00,243.37015438607577,247.64659264626343,243.04272207618027,247.26956176757812,17724300,0.0,0.0
2023-05-25 00:00:00-04:00,251.4269363674874,253.62965191246678,247.2298768085311,250.72247314453125,22371400,0.0,0.0
2023-05-26 00:00:00-04:00,250.96061197968322,260.26758163108605,250.74233888741432,259.99969482421875,25727200,0.0,0.0
2023-05-30 00:00:00-04:00,263.18467584953015,266.5581962700264,259.25551819647967,260.4759216308594,23816500,0.0,0.0
2023-05-31 00:00:00-04:00,257.9755036259222,262.9365710033438,256.4375848509024,262.65875244140625,25473700,0.0,0.0
2023-06-01 00:00:00-04:00,263.8295904214734,271.8665266446984,263.81968887583463,270.4873352050781,25609500,0.0,0.0
2023-06-02 00:00:00-04:00,270.5369640530964,273.2060210618952,269.0089466293334,270.4873352050781,19416900,0.0,0.0
2023-06-05 00:00:00-04:00,268.1953464254039,273.4243319144258,267.4611179895091,269.2768859863281,20742900,0.0,0.0
2023-06-06 00:00:00-04:00,268.0366221259544,274.41654891819206,267.59011385118043,269.00897216796875,19419000,0.0,0.0
2023-06-07 00:00:00-04:00,269.55465558504585,272.1145530986745,260.75369638147964,261.5474853515625,26163600,0.0,0.0
2023-06-08 00:00:00-04:00,258.5907094762658,265.5659700319198,256.86426746253426,262.5198669433594,20899400,0.0,0.0
2023-06-09 00:00:00-04:00,260.43622471709676,265.8636340720592,259.6622993556924,262.8869934082031,16949800,0.0,0.0
2023-06-12 00:00:00-04:00,265.0897203172627,269.6340452732035,263.2640206504683,268.9394836425781,15442500,0.0,0.0
2023-06-13 00:00:00-04:00,272.73967540522887,273.5731311839987,266.9947502630428,269.2073974609375,16164000,0.0,0.0
2023-06-14 00:00:00-04:00,269.77299514100963,272.8488333609741,266.23078499484023,271.22161865234375,19175100,0.0,0.0
2023-06-15 00:00:00-04:00,270.1797347425138,281.77871344375353,269.3066122627581,279.6355285644531,25973500,0.0,0.0
2023-06-16 00:00:00-04:00,282.53281258688276,285.60868069386356,277.948790762136,278.81201171875,43127700,0.0,0.0
2023-06-20 00:00:00-04:00,276.559686831415,282.5823999177386,274.0692211931128,282.1160583496094,20701600,0.0,0.0
2023-06-21 00:00:00-04:00,281.32231995476303,281.78866155656544,276.1925623349365,279.4470520019531,20556200,0.0,0.0
2023-06-22 00:00:00-04:00,276.90697727173125,283.0388807556065,275.6270434409826,282.6618347167969,17563100,0.0,0.0
2023-06-23 00:00:00-04:00,279.31808843197484,287.41455585917544,276.7780237818679,286.48187255859375,51092000,0.0,0.0
2023-06-26 00:00:00-04:00,286.45208350341085,287.5335927129634,275.4385062924321,276.3017272949219,24232700,0.0,0.0
2023-06-27 00:00:00-04:00,279.8141460043459,287.09698964762225,278.46471986414537,284.81488037109375,26108300,0.0,0.0
2023-06-28 00:00:00-04:00,282.60232288476834,287.29547446574816,281.84823075760875,283.06866455078125,16722100,0.0,0.0
2023-06-29 00:00:00-04:00,282.28482787589394,284.3387177220062,278.50449569650834,279.33795166015625,15395700,0.0,0.0
2023-06-30 00:00:00-04:00,282.5427376087658,286.799311897848,282.2053886384394,284.7454528808594,19694900,0.0,0.0
2023-07-03 00:00:00-04:00,284.46769711960735,287.14665610377796,282.6320956075144,283.79296875,8629300,0.0,0.0
2023-07-05 00:00:00-04:00,285.41017515956287,295.79865054884823,284.1302114099513,292.0778503417969,33865500,0.0,0.0
2023-07-06 00:00:00-04:00,293.5860568864933,295.7986735357306,289.0417022570287,289.7164001464844,47600500,0.0,0.0
2023-07-07 00:00:00-04:00,289.9049993761313,293.893717936311,286.4124179592206,288.2678527832031,25586000,0.0,0.0
2023-07-10 00:00:00-04:00,293.24868897130455,295.80861676818955,284.81487418799236,291.80999755859375,37058300,0.0,0.0
2023-07-11 00:00:00-04:00,291.6115749292531,297.84267521035605,289.6271477024056,295.9674072265625,27585900,0.0,0.0
2023-07-12 00:00:00-04:00,299.40043824994797,307.0404946851265,297.76329195096815,306.93133544921875,36677100,0.0,0.0
2023-07-13 00:00:00-04:00,311.17805244131847,313.77764746289074,307.87399417862326,310.9696960449219,30281000,0.0,0.0
2023-07-14 00:00:00-04:00,309.36230405201036,312.4282406131699,304.9667745464392,306.46502685546875,23054100,0.0,0.0
2023-07-17 00:00:00-04:00,305.14541112925815,309.2829253198248,302.3374293890318,308.201416015625,25323100,0.0,0.0
2023-07-18 00:00:00-04:00,308.45936631199953,311.75352270448207,305.2247403126379,309.6202392578125,20731900,0.0,0.0
2023-07-19 00:00:00-04:00,310.5926007326327,316.1986011328367,308.1021350775521,313.5494079589844,21763700,0.0,0.0
2023-07-20 00:00:00-04:00,311.05900751288084,313.0831320210186,299.86683773605597,300.16448974609375,23836900,0.0,0.0
2023-07-21 00:00:00-04:00,302.1984686154628,303.08152287218564,288.93257915606756,291.96875,42139300,0.0,0.0
2023-07-24 00:00:00-04:00,293.47689896206384,295.2033407103772,286.0551313052597,289.33935546875,24915700,0.0,0.0
2023-07-25 00:00:00-04:00,292.89154957975995,295.97731949491924,289.5874611705835,292.1771545410156,19585600,0.0,0.0
2023-07-26 00:00:00-04:00,298.8448649834203,299.42033564139683,289.62719066887496,296.2452697753906,47256900,0.0,0.0
2023-07-27 00:00:00-04:00,322.58848618129997,322.81670621390026,307.4274633309865,309.28289794921875,64229200,0.0,0.0
2023-07-28 00:00:00-04:00,314.4126657950555,323.66010426666475,311.80313905459457,322.9457092285156,39220300,0.0,0.0
2023-07-31 00:00:00-04:00,321.16965734963014,323.12431956427827,315.1171476788954,316.1192932128906,25799600,0.0,0.0
2023-08-01 00:00:00-04:00,315.06753789734006,321.6161541887826,312.2099576770772,320.197265625,22817900,0.0,0.0
2023-08-02 00:00:00-04:00,315.52387994923936,315.9108577326105,308.2311049698939,311.86260986328125,20461100,0.0,0.0
2023-08-03 00:00:00-04:00,307.516807733087,313.4899540322173,307.516807733087,310.7514343261719,15180200,0.0,0.0
2023-08-04 00:00:00-04:00,312.5076220119246,315.93077142766623,307.7847053368224,308.3105773925781,17612800,0.0,0.0
2023-08-07 00:00:00-04:00,310.79106544719536,314.60116189806973,308.04261449667547,314.0951232910156,16236500,0.0,0.0
2023-08-08 00:00:00-04:00,311.95196390121913,315.41481011229837,307.6953588862012,310.2056884765625,15183500,0.0,0.0
2023-08-09 00:00:00-04:00,310.4438188052483,311.1879790598838,300.4919168777885,302.8335266113281,19955800,0.0,0.0
2023-08-10 00:00:00-04:00,305.54225702209254,309.90799078632176,301.5039404211993,303.359375,14358900,0.0,0.0
2023-08-11 00:00:00-04:00,300.2140721691434,302.34732532437346,298.02125834115725,299.29132080078125,14046300,0.0,0.0
2023-08-14 00:00:00-04:00,298.63645342569663,303.82571105631087,295.9276994586192,303.8058776855469,15641900,0.0,0.0
2023-08-15 00:00:00-04:00,303.75628486098515,304.8377940471984,297.6938440429067,299.5989074707031,11623600,0.0,0.0
2023-08-16 00:00:00-04:00,297.8625831522771,298.735705826755,291.9886643642091,291.99859619140625,18547700,0.0,0.0
2023-08-17 00:00:00-04:00,290.7682215551062,293.7448627460336,282.7313145635703,282.8702087402344,23950100,0.0,0.0
2023-08-18 00:00:00-04:00,276.857352138506,283.46549817008304,272.2435650787886,281.04449462890625,35347900,0.0,0.0
2023-08-21 00:00:00-04:00,281.2429708465109,288.23806495812437,279.65542295254005,287.6427307128906,20181500,0.0,0.0
2023-08-22 00:00:00-04:00,290.2721272656967,290.6194081423425,284.5172994925657,285.3606872558594,12980200,0.0,0.0
2023-08-23 00:00:00-04:00,286.2536771691502,295.08437380572434,285.4301530502176,291.948974609375,18287000,0.0,0.0
2023-08-24 00:00:00-04:00,296.17568839355044,297.1282047421591,284.4080524611,284.5171813964844,18360900,0.0,0.0
2023-08-25 00:00:00-04:00,283.9020769402463,286.1444893241868,273.8807137103689,283.2769775390625,23701400,0.0,0.0
2023-08-28 00:00:00-04:00,285.7575264634264,289.180675611169,283.57464435762574,287.99993896484375,14239300,0.0,0.0
2023-08-29 00:00:00-04:00,286.3330045979978,296.8207102483981,285.9361251901025,295.66973876953125,20844500,0.0,0.0
2023-08-30 00:00:00-04:00,294.8561662914278,295.96744081980256,291.1452663656537,292.8022766113281,17717000,0.0,0.0
2023-08-31 00:00:00-04:00,293.49679472781526,298.75554540509034,293.35790055805364,293.58612060546875,17229900,0.0,0.0
2023-09-01 00:00:00-04:00,297.03900536445764,299.39054694781646,292.17716437490265,294.0722961425781,12842300,0.0,0.0
2023-09-05 00:00:00-04:00,294.70729361157686,299.0432927883047,293.20907155898277,297.81292724609375,14956000,0.0,0.0
2023-09-06 00:00:00-04:00,299.3607770852688,300.9383931826944,293.35789651003546,296.840576171875,15418100,0.0,0.0
2023-09-07 00:00:00-04:00,295.6796859122459,304.6592078858521,289.9446918732,296.344482421875,33748700,0.0,0.0
2023-09-08 00:00:00-04:00,296.89015689806655,302.8732037411154,294.4691532729565,295.5705261230469,17548000,0.0,0.0
2023-09-11 00:00:00-04:00,299.06305457381853,306.6336479149244,298.9340619826934,305.1651611328125,19489300,0.0,0.0
2023-09-12 00:00:00-04:00,303.94477776656885,306.2566524037513,297.8922990504119,299.3111572265625,13480400,0.0,0.0
2023-09-13 00:00:00-04:00,300.00570342701496,304.78818046723666,298.97382303689284,302.6846923828125,13210900,0.0,0.0
2023-09-14 00:00:00-04:00,304.3516417282433,310.4339169753038,302.65496466211755,309.2928771972656,19343100,0.0,0.0
2023-09-15 00:00:00-04:00,309.1837135194548,309.5706914181086,296.42385917038445,297.9717102050781,28131100,0.0,0.0
2023-09-18 00:00:00-04:00,295.86817708684436,301.23605631967,295.4811992467907,300.1942138671875,14234200,0.0,0.0
2023-09-19 00:00:00-04:00,300.1248415190787,303.78611286828567,297.4756173464149,302.6946716308594,15924400,0.0,0.0
2023-09-20 00:00:00-04:00,302.67475378193933,305.66132647870694,297.09851806182877,297.336669921875,19379500,0.0,0.0
2023-09-21 00:00:00-04:00,293.39754193532013,297.9220330401286,290.98644013503247,293.42730712890625,21319600,0.0,0.0
2023-09-22 00:00:00-04:00,296.9694783593366,303.0021531913707,295.9474997002191,296.7511901855469,25369600,0.0,0.0
2023-09-25 00:00:00-04:00,293.3380490350795,298.6067009327977,291.41315219064484,298.48760986328125,18987000,0.0,0.0
2023-09-26 00:00:00-04:00,295.3423364379203,297.9617648857279,293.7051898730457,296.6322021484375,19417200,0.0,0.0
2023-09-27 00:00:00-04:00,298.11058197811235,298.95393929645525,284.55694085285074,295.4216613769531,36429800,0.0,0.0
2023-09-28 00:00:00-04:00,296.6123599455331,303.9448032957464,294.3898109917405,301.59326171875,22167100,0.0,0.0
2023-09-29 00:00:00-04:00,304.9866526085404,308.2212789671032,297.0290793382049,297.8724670410156,25373700,0.0,0.0
2023-10-02 00:00:00-04:00,300.38278121358445,304.7882126893277,299.281438484629,304.4310302734375,16265600,0.0,0.0
2023-10-03 00:00:00-04:00,301.89089689380233,304.3813322519074,297.30687525176296,298.59674072265625,17362300,0.0,0.0
2023-10-04 00:00:00-04:00,296.4040432000062,304.5104130938435,296.17582312227455,303.20068359375,16880500,0.0,0.0
2023-10-05 00:00:00-04:00,302.25805126327083,303.8257355185984,297.1679903566098,302.41680908203125,19130000,0.0,0.0
2023-10-06 00:00:00-04:00,299.09287899662587,313.84709082731973,298.56700698401727,312.97393798828125,21803900,0.0,0.0
2023-10-09 00:00:00-04:00,310.066746421115,317.8357654962619,309.392048448092,315.881103515625,22503700,0.0,0.0
2023-10-10 00:00:00-04:00,316.6352532636189,322.13212602478757,315.6827365233314,319.3340759277344,19038000,0.0,0.0
2023-10-11 00:00:00-04:00,320.49488119030804,326.2794723711669,320.43535080477244,325.2674255371094,22036300,0.0,0.0
2023-10-12 00:00:00-04:00,325.4460523014571,327.9662832580327,320.17740064543665,321.6359558105469,20530500,0.0,0.0
2023-10-13 00:00:00-04:00,321.0108492234802,322.5190029215304,309.9377423510793,312.23968505859375,21341000,0.0,0.0
2023-10-16 00:00:00-04:00,316.15897834118726,319.3142105445774,313.0632462556419,318.6494140625,16536100,0.0,0.0
2023-10-17 00:00:00-04:00,315.70251300439446,321.87408274940765,314.8293601998335,321.4772033691406,16387800,0.0,0.0
2023-10-18 00:00:00-04:00,318.8875506594912,323.4021105297396,313.1029282837248,314.501953125,16851000,0.0,0.0
2023-10-19 00:00:00-04:00,317.3892859153871,319.38364490768606,309.3225846372319,310.37432861328125,18709200,0.0,0.0
2023-10-20 00:00:00-04:00,311.6940391657698,312.84498045908896,304.0837464482957,306.24676513671875,22312300,0.0,0.0
2023-10-23 00:00:00-04:00,307.090139491986,314.8889246228949,304.8675904983353,311.5650329589844,17796800,0.0,0.0
2023-10-24 00:00:00-04:00,314.313469087205,315.8712519348251,308.2113606083932,310.11639404296875,19525500,0.0,0.0
2023-10-25 00:00:00-04:00,307.5862320515774,308.4593849099364,296.5131240641257,297.19775390625,42192500,0.0,0.0
2023-10-26 00:00:00-04:00,292.703011741462,292.703011741462,277.22447353914265,286.10479736328125,66684100,0.0,0.0
2023-10-27 00:00:00-04:00,292.1871053257045,296.9794842399318,290.68885292835586,294.4195861816406,29596300,0.0,0.0
2023-10-30 00:00:00-04:00,296.7611653844392,306.9908852950392,296.7214683615975,300.3033752441406,28435100,0.0,0.0
2023-10-31 00:00:00-04:00,300.94828792866167,301.3154020955398,294.5484984510661,298.9241638183594,19434200,0.0,0.0
2023-11-01 00:00:00-04:00,299.4996780690973,310.3048683139882,299.4996780690973,309.42181396484375,20434600,0.0,0.0
2023-11-02 00:00:00-04:00,314.82938960721833,316.3375737850467,305.92923165658965,308.449462890625,21631800,0.0,0.0
2023-11-03 00:00:00-04:00,310.1163649869128,313.093005944509,308.59827930973705,312.1504211425781,16764300,0.0,0.0
2023-11-06 00:00:00-05:00,313.5196859262533,315.85136382365476,312.00160022439076,313.341064453125,12887700,0.0,0.0
2023-11-07 00:00:00-05:00,314.5912189143697,318.5005426389386,312.6663222467412,316.3375244140625,14055600,0.0,0.0
2023-11-08 00:00:00-05:00,315.66285499199586,318.8279885761275,312.4282289074521,317.2900695800781,13609700,0.0,0.0
2023-11-09 00:00:00-05:00,316.9329011458724,321.6558175852299,316.3177032404489,318.0540771484375,16103100,0.0,0.0
2023-11-10 00:00:00-05:00,317.4488494738817,326.53753048133314,316.9725760032875,326.2100830078125,19096200,0.0,0.0
2023-11-13 00:00:00-05:00,323.66009153425944,329.7423355253946,323.1639847295043,326.6268005371094,16908900,0.0,0.0
2023-11-14 00:00:00-05:00,331.93516844363756,335.46744667370785,330.73456810569553,333.6913757324219,17179400,0.0,0.0
2023-11-15 00:00:00-05:00,335.29874106904697,335.7650826812692,327.45032770758064,330.119384765625,14531200,0.0,0.0
2023-11-16 00:00:00-05:00,326.8053532872348,331.97477710647036,323.83864463327063,331.58782958984375,18932600,0.0,0.0
2023-11-17 00:00:00-05:00,327.6885243942522,332.8877147805215,326.7856062436665,332.4313049316406,14494400,0.0,0.0
2023-11-20 00:00:00-05:00,332.28244395513093,339.20807585654825,331.58788228778786,337.3228759765625,16960500,0.0,0.0
2023-11-21 00:00:00-05:00,335.6955735940919,337.2533560259426,333.28450210323666,334.3561096191406,12027900,0.0,0.0
2023-11-22 00:00:00-05:00,336.5687782957013,340.2499126792458,335.9436788615161,338.8310241699219,10702700,0.0,0.0
2023-11-24 00:00:00-05:00,337.4816047470225,339.1981148354986,334.14775142266285,335.5964050292969,5467500,0.0,0.0
2023-11-27 00:00:00-05:00,333.56238998285437,337.25342610918796,331.59782626203656,332.09393310546875,15684500,0.0,0.0
2023-11-28 00:00:00-05:00,330.80402373364524,336.7374722413347,330.80402373364524,336.3504943847656,12637200,0.0,0.0
2023-11-29 00:00:00-05:00,337.04504303961954,337.25339941898335,328.20441615570996,329.6133728027344,16024500,0.0,0.0
2023-11-30 00:00:00-05:00,329.305804972317,330.9032544248157,319.88967678227107,324.6026916503906,23146400,0.0,0.0
2023-12-01 00:00:00-05:00,322.9456665570578,324.3148957759636,318.26241754354425,322.2908020019531,15276400,0.0,0.0
2023-12-04 00:00:00-05:00,314.8195348980479,318.3617152617396,311.2177938469335,317.52825927734375,19037100,0.0,0.0
2023-12-05 00:00:00-05:00,316.49630583352786,319.37371922485295,312.93426263406553,315.8116760253906,16952100,0.0,0.0
2023-12-06 00:00:00-05:00,319.42330787127855,319.74082348141286,314.5713992512257,314.97821044921875,11294300,0.0,0.0
2023-12-07 00:00:00-05:00,315.29569659562253,325.6841739294483,315.29569659562253,324.0470275878906,15905100,0.0,0.0
2023-12-08 00:00:00-05:00,320.5743007554703,330.57583118602076,320.48500516162073,330.1590881347656,14087400,0.0,0.0
2023-12-11 00:00:00-05:00,326.8351687929006,327.3213740695982,317.50836658058734,322.74725341796875,25802500,0.0,0.0
2023-12-12 00:00:00-05:00,322.0725252153085,331.86566813423246,322.032828194819,331.61761474609375,18485500,0.0,0.0
2023-12-13 00:00:00-05:00,331.329854390829,335.7352848543165,330.04992074802453,332.133544921875,16353300,0.0,0.0
2023-12-14 00:00:00-05:00,331.25056477853514,332.09395251766085,326.08113964618735,330.57586669921875,19607300,0.0,0.0
2023-12-15 00:00:00-05:00,329.4049556902048,336.0230331691818,328.64096218319736,332.3121643066406,31776900,0.0,0.0
2023-12-18 00:00:00-05:00,334.85228604462384,344.85378668804714,334.3958459469585,341.9366760253906,18993900,0.0,0.0
2023-12-19 00:00:00-05:00,342.8892080987716,350.84678160666897,342.4327982605504,347.6319885253906,17729400,0.0,0.0
2023-12-20 00:00:00-05:00,345.9352948214848,352.196160744239,345.0820055877461,346.5603942871094,16369900,0.0,0.0
2023-12-21 00:00:00-05:00,350.2315736784916,353.6348591200321,346.49090896056947,351.3329162597656,15289600,0.0,0.0
2023-12-22 00:00:00-05:00,352.8113172583685,354.4187288106996,348.4852802675343,350.6383972167969,11772800,0.0,0.0
2023-12-26 00:00:00-05:00,352.22586595026877,354.2003914352068,350.69787893895216,352.0671081542969,9898600,0.0,0.0
2023-12-27 00:00:00-05:00,353.29751731228595,356.2046960041271,352.5434252578998,355.0437927246094,13207900,0.0,0.0
2023-12-28 00:00:00-05:00,356.8992890825063,359.08214111006873,355.02399060741305,355.530029296875,11798800,0.0,0.0
2023-12-29 00:00:00-05:00,356.1947207179197,357.1968660595051,349.08056675900855,351.2038879394531,14987100,0.0,0.0
2024-01-02 00:00:00-05:00,348.58449167928967,350.41016108257946,337.3625582064885,343.5936584472656,19042200,0.0,0.0
2024-01-03 00:00:00-05:00,342.29388045472786,345.24075624582997,340.507877692872,341.787841796875,15451100,0.0,0.0
2024-01-04 00:00:00-05:00,341.8175805411929,345.43915407584143,340.72613954007755,344.41717529296875,12099900,0.0,0.0
2024-01-05 00:00:00-05:00,344.28819338310336,350.7475137214206,343.56389682163444,349.2095947265625,13920700,0.0,0.0
2024-01-08 00:00:00-05:00,351.93815245591145,356.18482516823184,349.30876236808746,355.8673095703125,13890200,0.0,0.0
2024-01-09 00:00:00-05:00,353.62493279017207,357.8319391849978,352.5930221333329,354.64691162109375,13463900,0.0,0.0
2024-01-10 00:00:00-05:00,357.3655998102049,370.0361570840026,356.28406029694395,367.58538818359375,22117200,0.0,0.0
2024-01-11 00:00:00-05:00,369.2324630283158,369.8773958319146,360.10408551905675,366.7916259765625,17205400,0.0,0.0
2024-01-12 00:00:00-05:00,367.27776437721,374.1240316871446,366.6625968326006,371.57403564453125,19310000,0.0,0.0
2024-01-16 00:00:00-05:00,370.74062077604117,372.68535103334375,364.37062615979,364.59881591796875,15306900,0.0,0.0
2024-01-17 00:00:00-05:00,363.44784996748376,365.670429146602,355.8177245328264,365.5017395019531,12724800,0.0,0.0
2024-01-18 00:00:00-05:00,368.59740845826764,373.9156889250279,368.0616349334474,373.2012939453125,16354300,0.0,0.0
2024-01-19 00:00:00-05:00,376.0489622272857,381.3672126996037,375.02698340921194,380.4643249511719,21670800,0.0,0.0
2024-01-22 00:00:00-05:00,384.9292213063903,387.3105275382375,378.19208348033004,378.8072509765625,17680500,0.0,0.0
2024-01-23 00:00:00-05:00,381.62521323149974,385.35594628431977,379.10498205560805,382.2007141113281,15506100,0.0,0.0
2024-01-24 00:00:00-05:00,386.96330579643376,393.0654134087709,384.7903555799496,387.6578674316406,15698500,0.0,0.0
2024-01-25 00:00:00-05:00,387.1319879715003,392.41054123350926,382.65709501138133,390.1185302734375,15091100,0.0,0.0
2024-01-26 00:00:00-05:00,391.2794928807982,393.70049681924047,388.5409732796185,391.0711364746094,13163700,0.0,0.0
2024-01-29 00:00:00-05:00,391.91447464954996,399.7926537489581,390.03920652616733,397.89752197265625,18742400,0.0,0.0
2024-01-30 00:00:00-05:00,400.4475204468842,403.19594147380514,396.45883230457235,396.94500732421875,18614700,0.0,0.0
2024-01-31 00:00:00-05:00,385.9711262608232,394.90104949050806,384.0859263016593,387.1022644042969,20180800,0.0,0.0
2024-02-01 00:00:00-05:00,390.8726903169646,397.38161014818087,389.98960553780967,391.7061462402344,29727100,0.0,0.0
2024-02-02 00:00:00-05:00,456.0213826629202,482.176118971358,449.48269858581074,471.2915344238281,84707600,0.0,0.0
2024-02-05 00:00:00-05:00,466.221332864614,468.2255934429309,455.64433221754496,455.8328552246094,40832400,0.0,0.0
2024-02-06 00:00:00-05:00,460.3871235847148,463.4828252605775,449.4727736721461,451.17938232421875,21655200,0.0,0.0
2024-02-07 00:00:00-05:00,454.4338414397377,467.8485587840739,452.6280053703203,465.93359375,23066000,0.0,0.0
2024-02-08 00:00:00-05:00,464.67351189027835,466.9258260140374,461.4091204468022,466.3404235839844,18815100,0.0,0.0
2024-02-09 00:00:00-05:00,469.26745913339795,469.9024601255168,463.8301174160843,464.4651184082031,18413100,0.0,0.0
2024-02-12 00:00:00-05:00,464.5444992074422,475.41915205194476,462.947019526659,465.24896240234375,19382000,0.0,0.0
2024-02-13 00:00:00-05:00,453.3126287541774,464.2468421541009,451.54648973334866,456.5373229980469,20916600,0.0,0.0
2024-02-14 00:00:00-05:00,464.2864998480657,470.4183725927847,462.4608304684062,469.5948486328125,16858400,0.0,0.0
2024-02-15 00:00:00-05:00,471.5793000388415,484.8154264310746,468.5431287071876,480.26116943359375,24212300,0.0,0.0
2024-02-16 00:00:00-05:00,474.3872642070569,475.23065188428683,465.556568581848,469.63458251953125,23324600,0.0,0.0
2024-02-20 00:00:00-05:00,466.062559372818,472.4722505574725,462.9271608576115,468.0767517089844,18015500,0.0,0.0
2024-02-21 00:00:00-05:00,463.3587521836112,465.84191805812145,458.68047616341727,464.8784484863281,12921800,0.5,0.0
2024-02-22 00:00:00-05:00,477.0062442785985,486.69059163885595,472.8543980185372,482.8565979003906,21625800,0.0,0.0
2024-02-23 00:00:00-05:00,484.7636105726592,491.0311185651113,479.10201079171736,480.77069091796875,18374300,0.0,0.0
2024-02-26 00:00:00-05:00,480.21451660164433,482.8665512765611,477.3638468302636,478.49615478515625,12101400,0.0,0.0
2024-02-27 00:00:00-05:00,476.74801536407614,483.9889055616532,476.68842180532044,483.7703857421875,10809600,0.0,0.0
2024-02-28 00:00:00-05:00,481.73421522969807,487.7434649649456,479.4993657776015,480.76080322265625,12715500,0.0,0.0
2024-02-29 00:00:00-05:00,485.1510587006431,488.389116970363,479.36029842457447,486.8296813964844,17732000,0.0,0.0
2024-03-01 00:00:00-05:00,488.7962772842843,500.8545450353312,488.5380486516633,498.91766357421875,16273600,0.0,0.0
2024-03-04 00:00:00-05:00,499.6129971227631,501.02344874221626,493.07731757525386,494.83538818359375,12324100,0.0,0.0
2024-03-05 00:00:00-05:00,491.66681804477713,492.24289916092766,484.6047092081151,486.91900634765625,15325300,0.0,0.0
2024-03-06 00:00:00-05:00,494.2791504217165,499.583189220119,490.96164437082433,492.74951171875,11757900,0.0,0.0
2024-03-07 00:00:00-05:00,499.89105215785645,516.3494513793507,498.0038522883786,508.7410583496094,18586400,0.0,0.0
2024-03-08 00:00:00-05:00,510.72765736734266,520.0445011354961,495.9875874923853,502.54315185546875,18597100,0.0,0.0
2024-03-11 00:00:00-04:00,493.6633271933071,493.9712373423791,472.7947911045604,480.33367919921875,20428300,0.0,0.0
2024-03-12 00:00:00-04:00,489.93862852466117,498.92767795025486,481.4660667509396,496.3849182128906,15448200,0.0,0.0
2024-03-13 00:00:00-04:00,492.0542820577353,497.6066378852909,487.7236245660359,492.2330627441406,12090700,0.0,0.0
2024-03-14 00:00:00-04:00,496.8914470652399,497.9741037778643,484.8729178506202,488.5181884765625,12620000,0.0,0.0
2024-03-15 00:00:00-04:00,485.71721266457956,488.5182008794358,478.05910688483056,480.84027099609375,29153600,0.0,0.0
2024-03-18 00:00:00-04:00,488.59770722014326,494.0706151061439,483.532042219563,493.6335754394531,11755300,0.0,0.0
2024-03-19 00:00:00-04:00,484.8828318673116,493.28585643145516,478.03921238547673,492.8984680175781,10903100,0.0,0.0
2024-03-20 00:00:00-04:00,496.13654476437773,504.7779741854075,491.835714780714,502.1159973144531,11711100,0.0,0.0
2024-03-21 00:00:00-04:00,511.24418672335725,511.5719209963109,502.6027566454652,504.3409729003906,9712500,0.0,0.0
2024-03-22 00:00:00-04:00,503.5860676514322,506.5360700886192,500.9439753750218,506.148681640625,8120600,0.0,0.0
2024-03-25 00:00:00-04:00,502.38421028695126,503.80457393392254,496.871563696633,499.6328430175781,8380600,0.0,0.0
2024-03-26 00:00:00-04:00,501.728706497461,506.5659094495254,491.8754895881046,492.5509338378906,11205400,0.0,0.0
2024-03-27 00:00:00-04:00,495.9379177172375,496.5239715871602,484.78355507786483,490.5345458984375,9989700,0.0,0.0
2024-03-28 00:00:00-04:00,489.52136481307497,489.5710463158477,481.8831444606177,482.31024169921875,15212800,0.0,0.0
2024-04-01 00:00:00-04:00,483.9193631882776,494.08045824129323,478.53584639701245,488.0414123535156,9247000,0.0,0.0
2024-04-02 00:00:00-04:00,481.83353672480007,494.17983080247325,481.38655471994537,494.0209045410156,11081000,0.0,0.0
2024-04-03 00:00:00-04:00,495.57038140236386,503.82442249033096,495.3916007311355,503.3277893066406,12099200,0.0,0.0
2024-04-04 00:00:00-04:00,512.9425792580104,526.4311529440604,507.1419075498126,507.4796447753906,26476300,0.0,0.0
2024-04-05 00:00:00-04:00,513.3795907460255,527.1264226237954,510.94607625503056,523.7890625,19263300,0.0,0.0
2024-04-08 00:00:00-04:00,525.7160926076674,527.9111726495528,515.3960397041614,515.7536010742188,13260600,0.0,0.0
2024-04-09 00:00:00-04:00,518.7134382659121,522.3289421324931,503.32775304353936,513.4193725585938,10863800,0.0,0.0
2024-04-10 00:00:00-04:00,505.86061532238585,519.0412485473654,502.3940952347152,516.3296508789062,11418500,0.0,0.0
2024-04-11 00:00:00-04:00,517.6009623032506,520.3324444976931,513.8066779437078,519.6371459960938,10369500,0.0,0.0
2024-04-12 00:00:00-04:00,514.2637093320776,516.6872819178756,505.90039240697365,508.4530944824219,11984500,0.0,0.0
2024-04-15 00:00:00-04:00,513.2405867962719,515.0384571853876,493.93151580388917,496.8616638183594,13512900,0.0,0.0
2024-04-16 00:00:00-04:00,494.7558921640913,501.37104976093684,493.76262580382166,496.3948059082031,9847900,0.0,0.0
2024-04-17 00:00:00-04:00,499.71232990333476,499.77192346212956,483.85980671013607,490.84246826171875,12193700,0.0,0.0
2024-04-18 00:00:00-04:00,496.45443341487936,508.76101901000555,495.67968681337135,498.42108154296875,14808700,0.0,0.0
2024-04-19 00:00:00-04:00,499.4142847960301,499.4142847960301,472.52658902325265,477.83062744140625,25215400,0.0,0.0
2024-04-22 00:00:00-04:00,486.4224564783826,488.6970451800913,470.2123404271616,478.48626708984375,17271100,0.0,0.0
2024-04-23 00:00:00-04:00,487.94214263107534,495.4015833562038,485.67749634188175,492.7594909667969,15079200,0.0,0.0
2024-04-24 00:00:00-04:00,504.63889646618475,506.56583559911667,481.31699178938914,490.17694091796875,37772700,0.0,0.0
2024-04-25 00:00:00-04:00,418.5624840192661,442.7683830214694,411.7089514448453,438.407958984375,82890700,0.0,0.0
2024-04-26 00:00:00-04:00,438.4873289037164,443.43380595163336,429.0512991270312,440.3050231933594,32691400,0.0,0.0
2024-04-29 00:00:00-04:00,436.60018048581003,436.7988458925218,425.67424998253733,429.7069091796875,21502600,0.0,0.0
2024-04-30 00:00:00-04:00,428.14742534435584,436.65972478747483,426.82639450620724,427.27337646484375,18429500,0.0,0.0
2024-05-01 00:00:00-04:00,425.7139488551081,446.9301028028631,424.23396143290347,436.2326354980469,20344900,0.0,0.0
2024-05-02 00:00:00-04:00,435.88499880227045,440.9705176340693,429.3691740100177,438.70587158203125,15221300,0.0,0.0
2024-05-03 00:00:00-04:00,442.9272916540199,451.11182764572453,440.8613108178751,448.91668701171875,16489100,0.0,0.0
2024-05-06 00:00:00-04:00,452.512314351539,463.02109033010055,450.28740721128406,462.5443115234375,15094600,0.0,0.0
2024-05-07 00:00:00-04:00,463.150215285953,468.3549217147275,458.2037375185185,465.0870666503906,13406800,0.0,0.0
2024-05-08 00:00:00-04:00,460.378993962156,472.377639194553,459.8823607432109,469.417724609375,11683900,0.0,0.0
2024-05-09 00:00:00-04:00,466.8352023225762,472.8742486238149,464.48116583313845,472.2187194824219,9437700,0.0,0.0
2024-05-10 00:00:00-04:00,473.87749114181366,474.2847340273294,466.43793506604857,472.9934997558594,10750000,0.0,0.0
2024-05-13 00:00:00-04:00,469.5667466942606,470.16271266787146,459.73341422199155,464.8586730957031,14668800,0.0,0.0
2024-05-14 00:00:00-04:00,460.24982000044906,469.35808569307136,456.9819652481851,468.6727294921875,10478600,0.0,0.0
2024-05-15 00:00:00-04:00,471.78169064027946,479.25104313597546,468.02714482052664,478.2975158691406,13100500,0.0,0.0
2024-05-16 00:00:00-04:00,471.8014969689751,474.47338576625015,469.5666477728062,470.0434265136719,16608200,0.0,0.0
2024-05-17 00:00:00-04:00,467.6596161293241,469.61635219313234,465.265870726958,468.73236083984375,10807300,0.0,0.0
2024-05-20 00:00:00-04:00,466.78555537893186,470.01367116907085,463.89514652631107,465.6830139160156,11745100,0.0,0.0
2024-05-21 00:00:00-04:00,463.97456625143184,467.53047671083374,459.1572184570371,461.5013427734375,11742200,0.0,0.0
2024-05-22 00:00:00-04:00,464.71954780965524,470.5301623382244,462.51449517924743,464.6301574707031,10078600,0.0,0.0
2024-05-23 00:00:00-04:00,469.6958441033179,471.16585905076363,458.43220618871834,462.6436462402344,11747900,0.0,0.0
2024-05-24 00:00:00-04:00,464.47124760813773,476.6189070760728,463.1601286330432,474.9998779296875,12024300,0.0,0.0
2024-05-28 00:00:00-04:00,473.37087913585106,477.6220580395815,471.6426053305284,476.68841552734375,10175800,0.0,0.0
2024-05-29 00:00:00-04:00,471.4638306252424,476.6188856395713,470.51030337355337,471.16583251953125,9226200,0.0,0.0
2024-05-30 00:00:00-04:00,468.4940068622727,468.55360042520306,461.5808504414888,463.90509033203125,10719600,0.0,0.0
2024-05-31 00:00:00-04:00,462.66346029491183,465.9611118987805,451.3998233629331,463.6865234375,16919800,0.0,0.0
2024-06-03 00:00:00-04:00,467.68938886665507,476.370557560807,465.08703582474993,474.2747497558594,11279400,0.0,0.0
2024-06-04 00:00:00-04:00,473.78801853460345,475.66530636538874,470.0434155478428,473.778076171875,7088700,0.0,0.0
2024-06-05 00:00:00-04:00,481.18795865539454,493.30579153156003,480.6515862684817,491.72650146484375,15690500,0.0,0.0
2024-06-06 00:00:00-04:00,489.6604646276873,499.4342020437463,487.58454155763394,490.4352111816406,10667300,0.0,0.0
2024-06-07 00:00:00-04:00,492.57077317803936,495.5505725541797,486.86943340489194,489.640625,9380700,0.0,0.0
2024-06-10 00:00:00-04:00,490.53452930197295,499.2752918011658,490.087577609636,499.2156982421875,11220900,0.0,0.0
2024-06-11 00:00:00-04:00,496.792112209235,504.18201644117164,494.914824216535,504.0528869628906,9673700,0.0,0.0
2024-06-12 00:00:00-04:00,510.5290124391708,510.5488971678868,501.0731267567173,505.4136962890625,11983200,0.0,0.0
2024-06-13 00:00:00-04:00,502.3047412736244,505.9301575612256,497.98402638310364,500.7055969238281,9954600,0.0,0.0
2024-06-14 00:00:00-04:00,499.76105901416054,504.2351956755983,497.8719851588786,501.26239013671875,10243300,0.5,0.0
2024-06-17 00:00:00-04:00,498.786655835113,507.81445501821185,493.1591831477412,503.7181396484375,11266600,0.0,0.0
2024-06-18 00:00:00-04:00,501.6600694232584,503.0917955375381,492.1748915017007,496.61920166015625,13060400,0.0,0.0
2024-06-20 00:00:00-04:00,499.1147614196994,500.77517646661437,493.9148098546325,498.8164978027344,11801200,0.0,0.0
2024-06-21 00:00:00-04:00,500.55649337523585,500.55649337523585,489.5600618320149,491.9363098144531,22359200,0.0,0.0
2024-06-24 00:00:00-04:00,496.33088323813683,504.88143086237153,491.4490995948573,496.04254150390625,13525300,0.0,0.0
2024-06-25 00:00:00-04:00,494.1932637637257,507.7747584998529,492.6521843048923,507.6654052734375,12063200,0.0,0.0
2024-06-26 00:00:00-04:00,503.73805265327996,510.85690461260367,501.7793738995123,510.1708679199219,8882300,0.0,0.0
2024-06-27 00:00:00-04:00,511.294373925033,519.8747782877508,510.9464098062174,516.5738525390625,10121200,0.0,0.0
2024-06-28 00:00:00-04:00,514.1776674030401,518.8804619683876,500.94413967183857,501.32196044921875,15855100,0.0,0.0
2024-07-01 00:00:00-04:00,502.0478560452752,503.6684622749848,490.3355617817053,501.7793884277344,10328200,0.0,0.0
2024-07-02 00:00:00-04:00,497.88192801510917,507.5659383637164,496.57945957224564,506.5716857910156,7739500,0.0,0.0
2024-07-03 00:00:00-04:00,503.45968950388533,508.34147346230577,503.111695021788,507.029052734375,6005600,0.0,0.0
2024-07-05 00:00:00-04:00,508.65956910819915,537.7613279468876,508.65956910819915,536.8068237304688,21354100,0.0,0.0
2024-07-08 00:00:00-04:00,539.2328502639116,539.6902282867122,523.6231336593002,526.2777709960938,14917500,0.0,0.0
2024-07-09 00:00:00-04:00,530.6823045262751,534.3908471604564,525.1542627135257,526.953857421875,8753200,0.0,0.0
2024-07-10 00:00:00-04:00,527.7392126326694,535.7827412967737,525.3231865686771,531.6168212890625,10983300,0.0,0.0
2024-07-11 00:00:00-04:00,527.8387838594573,532.3825255793723,505.44819561353233,509.7533264160156,16458300,0.0,0.0
2024-07-12 00:00:00-04:00,494.89917130590845,505.16978705228513,491.3894609308073,496.0027770996094,19750500,0.0,0.0
2024-07-15 00:00:00-04:00,495.7641239558454,503.7678443636743,490.53434614881763,493.3083190917969,12539200,0.0,0.0
2024-07-16 00:00:00-04:00,498.61769595186473,501.0536270420419,482.9979955675087,486.9750061035156,14075800,0.0,0.0
2024-07-17 00:00:00-04:00,476.4159983287152,476.4159983287152,456.4812168894572,459.334716796875,28076600,0.0,0.0
2024-07-18 00:00:00-04:00,472.26999151459347,476.4856128872466,461.8701176709462,473.1151123046875,19267200,0.0,0.0
2024-07-19 00:00:00-04:00,473.3238673312673,483.91265093835443,472.975872869739,474.0496826171875,15149400,0.0,0.0
2024-07-22 00:00:00-04:00,483.7834299289137,489.2319452484401,481.1188401704912,484.5987243652344,12023100,0.0,0.0
2024-07-23 00:00:00-04:00,487.02470158757365,492.3737855582179,484.91689087992546,485.8813171386719,9455500,0.0,0.0
2024-07-24 00:00:00-04:00,469.5953914420506,473.56244917033604,457.93279880328066,458.61883544921875,17649700,0.0,0.0
2024-07-25 00:00:00-04:00,460.5974713733936,460.88578278239254,440.10590941212183,450.8040771484375,18240500,0.0,0.0
2024-07-26 00:00:00-04:00,461.5320586336811,467.0700224305545,456.7795325266989,463.0234375,14222400,0.0,0.0
2024-07-29 00:00:00-04:00,467.1794022788637,471.23593941244997,462.3473190124621,463.0333557128906,11339600,0.0,0.0
2024-07-30 00:00:00-04:00,464.3159009764914,470.0129785219349,454.0751127277994,460.5278015136719,11390400,0.0,0.0
2024-07-31 00:00:00-04:00,468.3128218694942,473.7613367281888,464.06737443417023,472.1009216308594,24285800,0.0,0.0
2024-08-01 00:00:00-04:00,518.0055973214868,524.1401187856688,489.27170365366396,494.8792724609375,43083100,0.0,0.0
2024-08-02 00:00:00-04:00,486.1894847459628,498.2696468567978,473.4133337307261,485.3344421386719,24044700,0.0,0.0
2024-08-05 00:00:00-04:00,448.7558769798466,480.70121501811934,448.20901989340217,472.9957580566406,21396200,0.0,0.0
2024-08-06 00:00:00-04:00,476.24694705318433,499.6715335038331,475.8989526100752,491.2502136230469,20955000,0.0,0.0
2024-08-07 00:00:00-04:00,500.2383060346242,507.21794823147314,484.0617971194812,486.1099853515625,20105300,0.0,0.0
2024-08-08 00:00:00-04:00,494.6406395475425,507.02901772261134,491.87661869501426,506.700927734375,16156800,0.0,0.0
2024-08-09 00:00:00-04:00,504.79204020570734,515.3609818210642,502.7936128702813,514.7942504882812,13696600,0.0,0.0
2024-08-12 00:00:00-04:00,513.8893622667638,515.0427292166193,506.1739830538234,512.984619140625,9767400,0.0,0.0
2024-08-13 00:00:00-04:00,517.0212549519154,528.4452065274616,515.1719598564413,525.502197265625,13743800,0.0,0.0
2024-08-14 00:00:00-04:00,525.0250602739767,530.9309235361922,520.1234019137161,523.7325439453125,11444200,0.0,0.0
2024-08-15 00:00:00-04:00,528.7335620768248,536.667738996692,523.6728503857054,534.2417602539062,13482100,0.0,0.0
2024-08-16 00:00:00-04:00,528.842964640351,530.5927981833395,521.6445250806896,524.388671875,14776700,0.0,0.0
2024-08-19 00:00:00-04:00,523.8419151544666,528.6043637407321,519.7555511220255,526.2380981445312,9879700,0.0,0.0
2024-08-20 00:00:00-04:00,525.3133210272216,528.0376240435813,522.8575463080886,523.70263671875,7944400,0.0,0.0
2024-08-21 00:00:00-04:00,524.1201954153424,536.299787744821,523.9014283237659,532.0841064453125,13423300,0.0,0.0
2024-08-22 00:00:00-04:00,533.9136709320021,541.1020981439891,525.5520328797932,528.872802734375,15708300,0.0,0.0
2024-08-23 00:00:00-04:00,533.834047542885,536.7671046219766,522.0422271868836,524.96533203125,11323900,0.0,0.0
2024-08-26 00:00:00-04:00,524.5677385474166,524.965463930204,511.99047738471285,518.125,9584000,0.0,0.0
2024-08-27 00:00:00-04:00,515.9970886103,520.9982072863379,512.3481993117576,516.1163940429688,6282700,0.0,0.0
2024-08-28 00:00:00-04:00,514.6947141610383,518.0951016645886,509.5047448414531,513.8098754882812,9106100,0.0,0.0
2024-08-29 00:00:00-04:00,516.0668238363469,524.1700071760439,512.7161972736417,515.2415771484375,8317400,0.0,0.0
2024-08-30 00:00:00-04:00,518.3535299929398,520.5309454515676,512.2389133705824,518.3137817382812,9157500,0.0,0.0
2024-09-03 00:00:00-04:00,516.6533790353354,522.4697318344816,505.69669716450665,508.81866455078125,12459100,0.0,0.0
2024-09-04 00:00:00-04:00,503.16141255787795,513.6209691624427,501.1729073895188,509.7930603027344,8335200,0.0,0.0
2024-09-05 00:00:00-04:00,508.7789615116668,518.6320088026798,508.212230225459,513.889404296875,8640900,0.0,0.0
2024-09-06 00:00:00-04:00,518.8804959933531,521.5649898617991,495.38630472485954,497.3946838378906,14744500,0.0,0.0
2024-09-09 00:00:00-04:00,503.2508845942156,508.39115339074016,499.19431711601146,501.8887634277344,11047800,0.0,0.0
2024-09-10 00:00:00-04:00,505.23938973469745,511.22477928436297,497.15611148388973,501.8887634277344,9899000,0.0,0.0
2024-09-11 00:00:00-04:00,504.0959706304443,510.17083885199577,492.7515459442201,508.88824462890625,10782500,0.0,0.0
2024-09-12 00:00:00-04:00,514.0781945895388,523.6827068185487,512.2586956942181,522.5790405273438,11970500,0.0,0.0
2024-09-13 00:00:00-04:00,517.3493672277767,524.5477455442109,514.1378904204591,521.604736328125,10321400,0.0,0.0
2024-09-16 00:00:00-04:00,522.0227173210484,531.5368365725262,514.9170282546622,530.7208251953125,9527600,0.5,0.0
2024-09-17 00:00:00-04:00,535.02004153394,539.4984461028365,528.0238099822781,533.7462158203125,11690800,0.0,0.0
2024-09-18 00:00:00-04:00,534.4926264341286,541.5884146634684,531.3378561652726,535.368408203125,10323500,0.0,0.0
2024-09-19 00:00:00-04:00,547.360565064833,559.3726487545077,543.8972849270339,556.4168701171875,15647000,0.0,0.0
2024-09-20 00:00:00-04:00,557.3126307061377,561.791035774312,553.6303743905208,558.6561279296875,22066800,0.0,0.0
2024-09-23 00:00:00-04:00,566.7670162500528,571.2254976602934,559.7110138514457,561.701416015625,12830700,0.0,0.0
2024-09-24 00:00:00-04:00,563.9605473092387,565.0254197663409,551.5304953936857,560.6266479492188,12993000,0.0,0.0
2024-09-25 00:00:00-04:00,561.3431364723867,574.1115828691105,561.0147031201811,565.5827026367188,16543400,0.0,0.0
2024-09-26 00:00:00-04:00,572.967142227921,574.6291718932196,559.6513458984354,565.1150512695312,14400800,0.0,0.0
2024-09-27 00:00:00-04:00,567.3641092966835,568.1006091166316,561.8009692958777,564.6372680664062,9398400,0.0,0.0
2024-09-30 00:00:00-04:00,564.975688534177,571.9221729211617,562.0895809864053,569.6929321289062,12792300,0.0,0.0
2024-10-01 00:00:00-04:00,575.2063156344602,580.2420307996076,567.3641260621707,573.7035522460938,15259300,0.0,0.0
2024-10-02 00:00:00-04:00,572.1012461423841,573.2357898880107,566.6077777940206,570.0610961914062,6524700,0.0,0.0
2024-10-03 00:00:00-04:00,567.4138356986169,580.5604011358083,566.0006066407063,579.9732666015625,11581000,0.0,0.0
2024-10-04 00:00:00-04:00,580.9287120013399,593.9857454241755,578.6397616460487,593.0801391601562,14169500,0.0,0.0
2024-10-07 00:00:00-04:00,595.3491375246505,600.0564797527886,581.2371940539072,581.9736938476562,12014200,0.0,0.0
2024-10-08 00:00:00-04:00,586.8601441089934,590.7115675395601,583.1579643993507,590.0447998046875,7857400,0.0,0.0
2024-10-09 00:00:00-04:00,591.1394274753203,591.53753216899,578.8188343358976,587.6761474609375,9529700,0.0,0.0
2024-10-10 00:00:00-04:00,584.7503015704497,587.397509697218,579.7245483018079,581.0282592773438,7740400,0.0,0.0
2024-10-11 00:00:00-04:00,582.0234717517561,588.3728595792917,579.9136502956993,587.118896484375,8587100,0.0,0.0
2024-10-14 00:00:00-04:00,591.36829944158,597.2200860857456,587.1287942740497,587.5865478515625,8252000,0.0,0.0
2024-10-15 00:00:00-04:00,587.3278903554623,587.7757430262925,577.3560160285689,583.4566040039062,9564200,0.0,0.0
2024-10-16 00:00:00-04:00,578.6098339851692,579.2865633156184,571.275208130062,574.0219116210938,11268400,0.0,0.0
2024-10-17 00:00:00-04:00,580.5306884411078,582.1627721197076,572.4396984468079,574.161376953125,8701200,0.0,0.0
2024-10-18 00:00:00-04:00,578.3113382248611,581.1675605388372,572.4894360534232,573.7035522460938,7694300,0.0,0.0
2024-10-21 00:00:00-04:00,573.2656610260642,574.4698153606886,566.37882637357,572.3997802734375,8171900,0.0,0.0
2024-10-22 00:00:00-04:00,571.5339961936412,580.7297050326658,569.3744268963089,579.2169799804688,8544500,0.0,0.0
2024-10-23 00:00:00-04:00,577.1867042398765,582.192594507908,559.8005716422192,560.98486328125,14248400,0.0,0.0
2024-10-24 00:00:00-04:00,564.4083318879617,566.1499335882773,558.8252690153747,565.0552368164062,7184700,0.0,0.0
2024-10-25 00:00:00-04:00,571.1757528879629,578.5004183141831,568.9763366172681,570.4990234375,11337900,0.0,0.0
2024-10-28 00:00:00-04:00,579.2069130530849,580.9485145957703,571.3647252472138,575.3853149414062,10925100,0.0,0.0
2024-10-29 00:00:00-04:00,577.365987086118,590.8210656933186,572.6387814957556,590.4329833984375,13019100,0.0,0.0
2024-10-30 00:00:00-04:00,598.0958991586175,598.3148749725009,586.5515914382872,588.9599609375,26864900,0.0,0.0
2024-10-31 00:00:00-04:00,582.1925856019707,587.0690948039123,560.3081253081026,564.856201171875,26838400,0.0,0.0
2024-11-01 00:00:00-04:00,564.8860850679225,570.917001339198,559.8603316322354,564.438232421875,15303200,0.0,0.0
2024-11-04 00:00:00-05:00,561.392889439504,565.9608889972419,555.2127297782872,557.9893188476562,12064600,0.0,0.0
2024-11-05 00:00:00-05:00,564.577596671882,570.7279324508698,563.9506150919713,569.6829833984375,9775400,0.0,0.0
2024-11-06 00:00:00-05:00,560.0493909181008,570.2502016811582,552.5057499508582,569.3047485351562,18305400,0.0,0.0
2024-11-07 00:00:00-05:00,574.1216080144851,591.9456339468819,572.4496773656942,588.8605346679688,14653700,0.0,0.0
2024-11-08 00:00:00-05:00,588.7012959013648,590.2538073434649,581.7150247830446,586.5119018554688,9415700,0.0,0.0
2024-11-11 00:00:00-05:00,583.5460928122134,584.1830360838699,573.7433864354757,580.3713989257812,10209100,0.0,0.0
2024-11-12 00:00:00-05:00,585.7156075410013,596.78223842264,577.5947936518803,582.0134887695312,16287700,0.0,0.0
2024-11-13 00:00:00-05:00,579.8140739533536,582.8295623160514,572.409775650482,577.2166137695312,10757600,0.0,0.0
2024-11-14 00:00:00-05:00,574.2310533344881,577.9730193106801,570.2602105353902,574.3902587890625,11053700,0.0,0.0
2024-11-15 00:00:00-05:00,568.4786575942975,569.8222153223612,548.8533240134138,551.4209594726562,17712900,0.0,0.0
2024-11-18 00:00:00-05:00,554.3667866349945,557.2131078822542,547.4501877365338,551.739501953125,14327300,0.0,0.0
2024-11-19 00:00:00-05:00,549.2115926112795,558.7356731812587,547.957629670582,558.3973388671875,9522400,0.0,0.0
2024-11-20 00:00:00-05:00,560.2284939812367,563.6320644076252,551.5404086524625,562.8060913085938,9797300,0.0,0.0
2024-11-21 00:00:00-05:00,566.7868914718125,567.2645685130409,546.4150954692434,560.3877563476562,11154700,0.0,0.0
2024-11-22 00:00:00-05:00,560.8455974662718,561.1242829453168,551.9286340129557,556.456787109375,9164000,0.0,0.0
2024-11-25 00:00:00-05:00,559.4025063006017,569.842216719163,553.7199469729902,562.3980712890625,13599800,0.0,0.0
2024-11-26 00:00:00-05:00,563.2838034841143,574.7286157457173,562.4876547795837,570.78759765625,10356600,0.0,0.0
2024-11-27 00:00:00-05:00,572.1312644691711,572.2207985665165,561.3930040450881,566.4685668945312,7200200,0.0,0.0
2024-11-29 00:00:00-05:00,566.2693661906345,575.6839894711363,564.1794683979023,571.5638427734375,7130500,0.0,0.0
2024-12-02 00:00:00-05:00,574.7285975175146,591.6470151067747,572.8078668096863,589.9850463867188,12522400,0.0,0.0
2024-12-03 00:00:00-05:00,592.1446155685445,611.252487580719,588.4126116889108,610.7051391601562,14907200,0.0,0.0
2024-12-04 00:00:00-05:00,610.0184615359037,614.8153379179051,602.1961350667218,610.8345336914062,14697000,0.0,0.0
2024-12-05 00:00:00-05:00,614.1186022447034,616.925076135134,604.1367078360672,606.0076904296875,8081200,0.0,0.0
2024-12-06 00:00:00-05:00,607.1722282160489,626.7677422864213,605.6098157842272,620.7766723632812,16935500,0.0,0.0
2024-12-09 00:00:00-05:00,620.9258564568023,623.3939965020669,603.2610368421125,610.6255493164062,11426000,0.0,0.0
2024-12-10 00:00:00-05:00,614.5963977457716,622.5878918502519,609.7995210855536,616.3479614257812,10938900,0.0,0.0
2024-12-11 00:00:00-05:00,620.37847939692,635.3363804725623,618.547343463704,629.643798828125,10837200,0.0,0.0
2024-12-12 00:00:00-05:00,628.4694319605399,633.6046423977135,624.2000415346207,627.7628173828125,7474700,0.0,0.0
2024-12-13 00:00:00-05:00,624.2098892011429,628.0514108999241,613.9295074761784,617.3728637695312,8453300,0.0,0.0
2024-12-16 00:00:00-05:00,627.4624746323816,628.6278428855253,616.1080674222911,621.7454223632812,10885600,0.5,0.0
2024-12-17 00:00:00-05:00,623.6676857660912,629.842921517428,614.0761642573996,616.964599609375,12897800,0.0,0.0
2024-12-18 00:00:00-05:00,618.5183765194273,624.8529462687603,593.9370093659079,594.8035278320312,17075500,0.0,0.0
2024-12-19 00:00:00-05:00,607.9508489044135,609.0763382002494,592.6223339457312,593.1900634765625,14958100,0.0,0.0
2024-12-20 00:00:00-05:00,588.2199724400746,600.699869104885,577.6822346553289,582.9112548828125,48989400,0.0,0.0
2024-12-23 00:00:00-05:00,587.2438414694396,598.6879766892466,583.907252912156,597.452880859375,10205800,0.0,0.0
2024-12-24 00:00:00-05:00,600.3113609374378,605.5603202398497,596.8851663404314,605.3212890625,4726100,0.0,0.0
2024-12-26 00:00:00-05:00,603.0603356402203,603.8770660163228,596.5464929509934,600.9388427734375,6081400,0.0,0.0
2024-12-27 00:00:00-05:00,597.0145990738104,599.4448507288726,587.4430173370732,597.4130249023438,8084200,0.0,0.0
2024-12-30 00:00:00-05:00,586.3972186440706,594.5544919388965,583.239903719799,588.8772583007812,7025900,0.0,0.0
2024-12-31 00:00:00-05:00,589.9032228392957,591.5963807603267,581.5168266078615,583.1702270507812,6019500,0.0,0.0
2025-01-02 00:00:00-05:00,587.3633608157467,602.4926617179121,585.470989976871,596.8453369140625,12682300,0.0,0.0
2025-01-03 00:00:00-05:00,602.3432915147383,607.0643399858958,594.0266229827574,602.2138061523438,11436800,0.0,0.0
2025-01-06 00:00:00-05:00,609.384995443752,628.4684006727375,603.1997902301983,627.6815795898438,14560800,0.0,0.0
2025-01-07 00:00:00-05:00,629.1755858278557,629.5739508561447,605.7993460257709,615.4207763671875,12071500,0.0,0.0
2025-01-08 00:00:00-05:00,610.9487626580363,613.976592361968,600.3811160103171,608.2794189453125,10085800,0.0,0.0
2025-01-10 00:00:00-05:00,607.592206559942,627.3927055003096,594.9529163376031,613.3988647460938,19256600,0.0,0.0
2025-01-13 00:00:00-05:00,604.6739217603003,606.5364441234269,596.0585248079975,605.8990478515625,10785000,0.0,0.0
2025-01-14 00:00:00-05:00,602.6520744429687,603.0703790506547,586.198070906463,591.8753051757812,13598000,0.0,0.0
2025-01-15 00:00:00-05:00,607.7715100133968,619.972556750708,604.0763139738187,614.6538696289062,15524300,0.0,0.0
2025-01-16 00:00:00-05:00,609.0563296194044,613.7873477153851,607.2735046849263,608.8571166992188,8355300,0.0,0.0
2025-01-17 00:00:00-05:00,621.5561807031561,622.4724872092602,601.2576176946507,610.3212890625,17280600,0.0,0.0
2025-01-21 00:00:00-05:00,615.3611025019545,619.0164197693068,606.5763408669152,613.99658203125,11674000,0.0,0.0
2025-01-22 00:00:00-05:00,620.8091489005574,631.1676126122295,616.954619104307,621.0083618164062,12274000,0.0,0.0
2025-01-23 00:00:00-05:00,624.8529151272735,634.0559803027825,618.6677705767347,633.9066162109375,9910200,0.0,0.0
2025-01-24 00:00:00-05:00,633.8569381276853,649.394575431947,631.6657172793263,644.902587890625,19065300,0.0,0.0
2025-01-27 00:00:00-05:00,624.1059156551349,661.2170263231972,622.601940216737,657.2429809570312,28399200,0.0,0.0
2025-01-28 00:00:00-05:00,663.3385252994983,679.8522851881131,656.8345913596311,671.63525390625,20950100,0.0,0.0
2025-01-29 00:00:00-05:00,672.3026460146747,678.3284575725552,663.0099124193205,673.7866821289062,21377800,0.0,0.0
2025-01-30 00:00:00-05:00,694.0353417764899,707.949485012391,673.3981124232191,684.2545776367188,29322900,0.0,0.0
2025-01-31 00:00:00-05:00,688.2386375622425,702.4814799874082,682.8403138955325,686.4259033203125,19303900,0.0,0.0
2025-02-03 00:00:00-05:00,673.2089204422564,701.1866947109021,672.5515846641146,694.6728515625,21415700,0.0,0.0
2025-02-04 00:00:00-05:00,699.6926666804768,704.8818683424153,688.846170752285,701.3759155273438,13826300,0.0,0.0
2025-02-05 00:00:00-05:00,700.7384902909668,715.270213081664,696.2166547369433,702.05322265625,17778200,0.0,0.0
2025-02-06 00:00:00-05:00,703.0592064230789,716.0271960756166,700.6887123835558,709.144775390625,13080700,0.0,0.0
2025-02-07 00:00:00-05:00,713.9355299622597,722.1127432544886,708.9057228017197,711.6646728515625,16427100,0.0,0.0
2025-02-10 00:00:00-05:00,715.688479736199,718.317944327383,708.4873917995161,714.5331420898438,12904300,0.0,0.0
2025-02-11 00:00:00-05:00,710.4694982653,720.7681443890708,707.2025763439763,716.923583984375,12998000,0.0,0.0
2025-02-12 00:00:00-05:00,712.4414664040551,724.1942984329098,709.7522441351978,722.481201171875,12016500,0.0,0.0
2025-02-13 00:00:00-05:00,718.6367143797072,726.0868036941785,715.170579657767,725.6485595703125,12569100,0.0,0.0
2025-02-14 00:00:00-05:00,723.2382463806609,737.9491818288359,722.7203049282167,733.7261352539062,16901200,0.0,0.0
2025-02-18 00:00:00-05:00,733.058823348987,734.0548271850589,703.6169523863489,713.5072631835938,21938700,0.0,0.0
2025-02-19 00:00:00-05:00,701.2861569713644,704.174591919496,692.6110039461893,700.95751953125,17535500,0.0,0.0
2025-02-20 00:00:00-05:00,694.4935451126314,702.8101523617008,690.8680767624129,692.0632934570312,12587400,0.0,0.0
2025-02-21 00:00:00-05:00,693.79637977263,701.0572259638877,679.6331733954379,680.8184204101562,15660400,0.0,0.0
2025-02-24 00:00:00-05:00,683.5375779038759,684.5236120270697,659.8027882150541,665.4600830078125,15677000,0.0,0.0
2025-02-25 00:00:00-05:00,663.3086205526677,665.3305374435599,639.2949835590877,654.8724975585938,20579700,0.0,0.0
2025-02-26 00:00:00-05:00,657.0140301904456,680.2806678816253,655.3705993558015,671.0078735351562,14488700,0.0,0.0
2025-02-27 00:00:00-05:00,679.7227064036739,685.8979412219285,654.9421306079604,655.6094360351562,12500000,0.0,0.0
2025-02-28 00:00:00-05:00,655.41029188353,666.9540022019403,640.0319914083209,665.5297241210938,17534200,0.0,0.0
2025-03-03 00:00:00-05:00,670.9878686638693,678.5276251290609,648.2391746953033,652.4323120117188,10843800,0.0,0.0
2025-03-04 00:00:00-05:00,642.9304346142569,647.1534810781478,621.1578057314852,637.4424438476562,21495200,0.0,0.0
2025-03-05 00:00:00-05:00,638.4384682626843,656.8645394995948,635.1117886533837,653.8466186523438,13770000,0.0,0.0
2025-03-06 00:00:00-05:00,645.4104577126469,647.9602249904791,621.6159125135576,625.420654296875,13446500,0.0,0.0
2025-03-07 00:00:00-05:00,622.8709097782997,632.2532488274342,598.2098452417057,623.1597290039062,21375700,0.0,0.0
2025-03-10 00:00:00-04:00,605.6400157185544,607.6718415110856,584.5247237757733,595.6002807617188,21999900,0.0,0.0
2025-03-11 00:00:00-04:00,592.6721150475107,612.4726776603288,590.9590175004934,603.28955078125,17401500,0.0,0.0
2025-03-12 00:00:00-04:00,627.3828123944874,630.7990981033598,606.9148858522937,617.0841064453125,15747000,0.0,0.0
2025-03-13 00:00:00-04:00,617.7713192124952,618.0203201472846,584.1661627799172,588.2796630859375,16480300,0.0,0.0
2025-03-14 00:00:00-04:00,600.9252068633762,606.9663570960139,592.9301914090029,605.7102661132812,12364500,0.525,0.0
2025-03-17 00:00:00-04:00,605.5707735579393,611.1931864721827,596.1401729971761,603.0187377929688,15473900,0.0,0.0
2025-03-18 00:00:00-04:00,598.1837512328132,598.3831413748485,572.8727029614505,580.5487670898438,20297700,0.0,0.0
2025-03-19 00:00:00-04:00,582.4628776976826,590.4778508331983,572.9824447250121,582.2435302734375,20537500,0.0,0.0
2025-03-20 00:00:00-04:00,580.947637342476,608.3023019039958,577.7077447799743,584.1775512695312,24336500,0.0,0.0
2025-03-21 00:00:00-04:00,581.6055148479699,595.6815960079244,579.1432258888485,594.3956298828125,25015900,0.0,0.0
2025-03-24 00:00:00-04:00,613.0572946197622,620.6037577505249,610.2959512327303,616.9252319335938,15741300,0.0,0.0
2025-03-25 00:00:00-04:00,624.8107342138192,631.9085855563646,619.2480714393791,624.3621215820312,15312500,0.0,0.0
2025-03-26 00:00:00-04:00,622.9465455616044,624.8007461767364,604.7233689444203,609.0797729492188,12609800,0.0,0.0
2025-03-27 00:00:00-04:00,600.1277194388429,612.3396207064936,598.2336042918504,600.7059326171875,10436500,0.0,0.0
2025-03-28 00:00:00-04:00,598.4429920373162,599.8785159717515,572.1350521556752,574.9462890625,17602800,0.0,0.0
2025-03-31 00:00:00-04:00,561.7474544327795,576.9001929680891,551.57916536005,574.5674438476562,21124700,0.0,0.0
2025-04-01 00:00:00-04:00,569.0647253499337,588.0753644727768,568.2273109618308,584.1775512695312,12836600,0.0,0.0
2025-04-02 00:00:00-04:00,573.1220457329204,590.8168445483201,571.5768782871228,582.114013671875,13470800,0.0,0.0
2025-04-03 00:00:00-04:00,544.5211822460076,550.8414911032017,528.6507117752637,529.9666137695312,34777500,0.0,0.0
2025-04-04 00:00:00-04:00,505.0443845169023,516.3889970810194,492.6630283031205,503.1602783203125,38589800,0.0,0.0
2025-04-07 00:00:00-04:00,483.591294981514,537.6924987241373,480.40123514295635,514.6444091796875,36606100,0.0,0.0
2025-04-08 00:00:00-04:00,541.5604660254379,545.7274587202911,501.29606629091035,508.86248779296875,28034200,0.0,0.0
2025-04-09 00:00:00-04:00,507.68613102008703,586.06164400195,500.54839536763654,583.9482421875,39216600,0.0,0.0
2025-04-10 00:00:00-04:00,573.7001386064724,579.4920662876316,533.635132502997,544.5909423828125,28173500,0.0,0.0
2025-04-11 00:00:00-04:00,533.8445854574395,545.6976224228102,526.9461235413648,541.8795166015625,17642300,0.0,0.0
2025-04-14 00:00:00-04:00,554.4402405149555,556.0353008675298,526.6370273527008,529.8270263671875,14130900,0.0,0.0
2025-04-15 00:00:00-04:00,530.4551018896253,536.2669873917704,515.8905541802854,519.8980712890625,15558700,0.0,0.0
2025-04-16 00:00:00-04:00,506.92853277097964,511.7734034642656,494.08858497853294,500.747802734375,18735100,0.0,0.0
2025-04-17 00:00:00-04:00,503.67867451915555,505.72228685828065,496.4612006254759,499.92041015625,14593500,0.0,0.0
2025-04-21 00:00:00-04:00,489.8019182716785,491.9651828161341,478.3077785405203,483.1526794433594,16166000,0.0,0.0
2025-04-22 00:00:00-04:00,490.34027265884373,505.3036010873951,484.847399099468,498.72412109375,17399400,0.0,0.0
2025-04-23 00:00:00-04:00,526.8862986388891,533.6751170758674,514.9136400551463,518.6519775390625,18173900,0.0,0.0
2025-04-24 00:00:00-04:00,517.1167453309313,532.2396108812093,515.8905900656315,531.491943359375,13910000,0.0,0.0
2025-04-25 00:00:00-04:00,545.09942323875,548.1499041120835,534.5822462279478,545.5679931640625,17098900,0.0,0.0
2025-04-28 00:00:00-04:00,553.9119485027396,556.7530605327843,538.9087668679174,548.0302734375,15179000,0.0,0.0
2025-04-29 00:00:00-04:00,544.3018840382675,554.8390175563454,542.4277261633298,552.7156372070312,11835000,0.0,0.0
2025-04-30 00:00:00-04:00,536.725533164549,547.392206153298,527.8531889368276,547.2925415039062,29244000,0.0,0.0
2025-05-01 00:00:00-04:00,590.238618351305,591.1059077397648,568.7257162038675,570.430419921875,31159000,0.0,0.0
2025-05-02 00:00:00-04:00,581.6453838419038,602.4604491374204,576.5313339553563,595.1632080078125,24739300,0.0,0.0
2025-05-05 00:00:00-04:00,589.3812373579714,601.3339987723356,586.2211133050413,597.40625,13887700,0.0,0.0
2025-05-06 00:00:00-04:00,590.687195299098,594.1763099115676,584.7556882888333,585.4833984375,10600700,0.0,0.0
2025-05-07 00:00:00-04:00,588.5239054125428,601.2043765510581,584.8453792561588,594.953857421875,13139100,0.0,0.0
2025-05-08 00:00:00-04:00,604.4044252029665,609.3988539126512,594.7645157959997,596.1502075195312,14622800,0.0,0.0
2025-05-09 00:00:00-04:00,601.8423939545719,605.0822864134453,589.8697963166327,590.6473388671875,10427300,0.0,0.0
2025-05-12 00:00:00-04:00,628.9577416253547,638.3983203620691,619.0985470240091,637.4412841796875,21965100,0.0,0.0
2025-05-13 00:00:00-04:00,643.5322593011751,658.864430238976,640.8307267174667,653.9896850585938,18570800,0.0,0.0
2025-05-14 00:00:00-04:00,659.1536090398383,660.6090293889421,652.2750442210183,657.309326171875,12348200,0.0,0.0
2025-05-15 00:00:00-04:00,652.2451822041022,655.2657270968772,636.5939979037247,641.8775024414062,14341800,0.0,0.0
2025-05-16 00:00:00-04:00,635.9759078924747,638.448175394899,624.2026405076157,638.3485107421875,18519000,0.0,0.0
2025-05-19 00:00:00-04:00,626.2961199602966,641.0002469311114,625.8475073073743,638.438232421875,9592400,0.0,0.0
2025-05-20 00:00:00-04:00,634.0320152877193,637.3615937967512,630.2936778074568,635.1185913085938,6743500,0.0,0.0
2025-05-21 00:00:00-04:00,629.8251366516639,644.5990543502297,628.2101796540182,633.5236206054688,11464600,0.0,0.0
2025-05-22 00:00:00-04:00,632.078027946325,641.2494271811771,628.7484497588706,634.5902099609375,8228400,0.0,0.0
2025-05-23 00:00:00-04:00,622.0593214688579,630.4830536161486,620.7135443903518,625.1098022460938,8454100,0.0,0.0
2025-05-27 00:00:00-04:00,633.4337833907804,641.0799727179783,630.7820830337338,640.3223266601562,9508400,0.0,0.0
2025-05-28 00:00:00-04:00,640.6014366817531,648.8557144048555,640.5516043549418,641.5784301757812,9042900,0.0,0.0
2025-05-29 00:00:00-04:00,649.623271485147,651.2880604374615,637.5110359096404,643.0437622070312,8858800,0.0,0.0
2025-05-30 00:00:00-04:00,640.501786260345,647.3902689717587,630.8120452521741,645.4762573242188,16241000,0.0,0.0
2025-06-02 00:00:00-04:00,642.3859148545713,671.166122188044,642.256314296396,668.8134765625,15766300,0.0,0.0
2025-06-03 00:00:00-04:00,669.3617924489035,673.4789529536675,662.9617757833167,664.7760620117188,11585000,0.0,0.0
2025-06-04 00:00:00-04:00,667.238420321753,686.8572081679845,666.4907528237472,685.8104858398438,14031900,0.0,0.0
2025-06-05 00:00:00-04:00,689.5088669424362,692.2204392102127,680.1281594087234,682.4907836914062,13083100,0.0,0.0
2025-06-06 00:00:00-04:00,694.0048506531133,700.6242144400436,689.7182360915449,695.5401000976562,11728000,0.0,0.0
2025-06-09 00:00:00-04:00,696.2878297119079,702.9968801187655,691.7818673222771,691.9014892578125,12773200,0.0,0.0
2025-06-10 00:00:00-04:00,699.1687320280228,701.0428899746662,689.4092014623567,700.2155151367188,10850100,0.0,0.0
2025-06-11 00:00:00-04:00,701.5214452489874,706.6653705943312,689.8378634515371,691.981201171875,9582500,0.0,0.0
2025-06-12 00:00:00-04:00,691.143741287137,693.2172892731859,684.8633472153633,691.2035522460938,7322700,0.0,0.0
2025-06-13 00:00:00-04:00,685.8104336581752,692.409840070813,678.8920151692206,680.7462158203125,9274400,0.0,0.0
2025-06-16 00:00:00-04:00,697.6914734952734,705.4931583928874,691.8851025594383,700.4749145507812,13720300,0.525,0.0
2025-06-17 00:00:00-04:00,700.3552179138009,704.3158869977019,694.4291328649981,695.5963745117188,10066100,0.0,0.0
2025-06-18 00:00:00-04:00,696.5441581244662,699.9462025997926,693.2718748228809,694.1398315429688,10068300,0.0,0.0
2025-06-20 00:00:00-04:00,699.10807093925,700.1755711266569,677.0797895921414,680.7511596679688,22538600,0.0,0.0
2025-06-23 00:00:00-04:00,682.0881149489193,697.4121118139869,677.1596869463602,696.8933715820312,11080100,0.0,0.0
2025-06-24 00:00:00-04:00,703.2384409706419,711.5189816994163,700.4649253469852,710.5313110351562,13823200,0.0,0.0
2025-06-25 00:00:00-04:00,711.6486127508716,714.9009839215107,703.7272146901875,707.0194702148438,9320400,0.0,0.0
2025-06-26 00:00:00-04:00,712.686175943774,726.5136861086672,709.3839340058294,724.3887329101562,13964800,0.0,0.0
2025-06-27 00:00:00-04:00,724.8178059334097,733.7069032905775,724.1593181930845,731.9111328125,18775700,0.0,0.0
2025-06-30 00:00:00-04:00,742.8054817668852,746.1476691378697,732.5296271967599,736.3606567382812,15402100,0.0,0.0
2025-07-01 00:00:00-04:00,735.1535081071979,736.0214648412638,713.6938959127618,717.5348510742188,13431200,0.0,0.0
2025-07-02 00:00:00-04:00,713.6539572494278,718.6122830220947,711.1298559583659,711.8980712890625,9336700,0.0,0.0
2025-07-03 00:00:00-04:00,724.9075473573512,727.3219211703462,712.7461059372963,717.3253784179688,8601700,0.0,0.0
2025-07-07 00:00:00-04:00,715.9186273791692,725.29662738586,711.8382444141125,716.6668701171875,9457100,0.0,0.0
2025-07-08 00:00:00-04:00,719.8793609595846,721.2161872254258,713.1351899702655,718.9814453125,7770700,0.0,0.0
2025-07-09 00:00:00-04:00,721.0266226856489,735.8019810021477,721.0266226856489,731.0631103515625,11418000,0.0,0.0
2025-07-10 00:00:00-04:00,729.8359096434607,734.0759515650559,717.9138972384281,725.5360107421875,9913600,0.0,0.0
2025-07-11 00:00:00-04:00,720.807217385224,723.4609583411119,708.037219345619,715.8289184570312,10873900,0.0,0.0
2025-07-14 00:00:00-04:00,715.9186065632238,726.2942632522581,714.8710789388857,719.2308349609375,8939400,0.0,0.0
2025-07-15 00:00:00-04:00,722.2038798413794,722.7724907094275,708.1568531421487,708.7255249023438,11529500,0.0,0.0
2025-07-16 00:00:00-04:00,711.6985138171127,712.2970836136572,697.6315755690009,701.2630004882812,13067600,0.0,0.0
2025-07-17 00:00:00-04:00,702.7395996705828,704.2460714207873,695.4766277838654,699.7665405273438,11803300,0.0,0.0
2025-07-18 00:00:00-04:00,700.5447529444856,703.0588680042227,690.0294703606638,702.6298828125,12779800,0.0,0.0
2025-07-21 00:00:00-04:00,705.1439122135475,715.3200251684316,704.1063709182977,711.2994384765625,9404400,0.0,0.0
2025-07-22 00:00:00-04:00,714.5119719450398,714.9209845240272,699.7665722015134,703.1586303710938,8921100,0.0,0.0
2025-07-23 00:00:00-04:00,704.7149523459423,712.9556086996904,703.2783238666914,711.9080810546875,8771600,0.0,0.0
2025-07-24 00:00:00-04:00,715.3699724936158,721.9245865914077,712.3271306824367,713.125244140625,10920800,0.0,0.0
2025-07-25 00:00:00-04:00,715.2401874661052,718.9614892126135,710.2319910963464,711.0101318359375,8271700,0.0,0.0
2025-07-28 00:00:00-04:00,713.5242483310619,723.0418735196432,711.010133382621,715.9485473632812,8715700,0.0,0.0
2025-07-29 00:00:00-04:00,718.3130022321428,722.7724995594365,698.270047363426,698.35986328125,13267000,0.0,0.0
2025-07-30 00:00:00-04:00,706.4309422136296,706.8399547738821,689.5805015781577,693.5811157226562,27077300,0.0,0.0
2025-07-31 00:00:00-04:00,773.3836936232736,782.9113054874113,763.7163951695271,771.6278076171875,38831100,0.0,0.0
2025-08-01 00:00:00-04:00,758.9476005405788,764.2052724882252,743.5637464392476,748.2527465820312,19028700,0.0,0.0
2025-08-04 00:00:00-04:00,758.2193240496142,775.029820232538,756.6330226185955,774.5509643554688,15801700,0.0,0.0
2025-08-05 00:00:00-04:00,774.6307577641016,781.2950989411861,761.212259491104,761.6712036132812,11640300,0.0,0.0
2025-08-06 00:00:00-04:00,768.1958248249329,771.8273106109475,758.678199773599,770.18115234375,9733900,0.0,0.0
2025-08-07 00:00:00-04:00,771.6776357205837,773.1841074016191,757.7702959207965,760.0449829101562,9019700,0.0,0.0
2025-08-08 00:00:00-04:00,760.9628565603988,768.0961282780016,756.8026440305783,767.4974975585938,7320800,0.0,0.0
2025-08-11 00:00:00-04:00,768.2757194135389,771.6478049440495,762.8783609453131,764.0755615234375,7612000,0.0,0.0
2025-08-12 00:00:00-04:00,771.1888187456735,791.8103707559926,770.6201469797736,788.1489868164062,14563100,0.0,0.0
2025-08-13 00:00:00-04:00,789.2963900548351,793.5962894533881,776.4066172801486,778.2523193359375,8811800,0.0,0.0
2025-08-14 00:00:00-04:00,776.0573823379099,785.9641084064921,770.6999694623344,780.2974243164062,8116200,0.0,0.0
2025-08-15 00:00:00-04:00,782.3127720209482,794.3843975355859,778.9905571139482,783.3901977539062,13375400,0.0,0.0
2025-08-18 00:00:00-04:00,773.2739649293972,773.9922487170201,754.7873521125813,765.572021484375,16513700,0.0,0.0
2025-08-19 00:00:00-04:00,765.3226701689615,765.3725408429555,747.6042712449723,749.7192993164062,12286700,0.0,0.0
2025-08-20 00:00:00-04:00,745.8184055724877,748.4422481947564,729.2872227778392,745.968017578125,11898200,0.0,0.0
2025-08-21 00:00:00-04:00,742.965126847803,743.7532539146816,731.392269728463,737.3682250976562,8876300,0.0,0.0
2025-08-22 00:00:00-04:00,737.4979443181139,755.1265868650723,732.6693186706706,753.021484375,10612700,0.0,0.0
2025-08-25 00:00:00-04:00,753.0514923621954,757.1019774988098,748.372478420576,751.5350341796875,6861200,0.0,0.0
2025-08-26 00:00:00-04:00,749.0408739151204,753.1013452690629,746.187589469264,752.3331298828125,7601800,0.0,0.0
2025-08-27 00:00:00-04:00,750.5373617239242,752.3830637406979,741.0995653139147,745.62890625,8315400,0.0,0.0
2025-08-28 00:00:00-04:00,742.2568318080029,751.2856157691724,739.0643171271723,749.3501586914062,7468000,0.0,0.0
2025-08-29 00:00:00-04:00,743.5338383928589,745.3894657992533,733.6270507950396,736.96923828125,9070500,0.0,0.0
2025-09-02 00:00:00-04:00,724.3388175548104,734.2755025264773,720.0389186102121,733.3875732421875,9350900,0.0,0.0
2025-09-03 00:00:00-04:00,734.2755314397929,738.5155735710689,732.2702311831985,735.3230590820312,7699300,0.0,0.0
2025-09-04 00:00:00-04:00,746.8161054490425,759.3765729399474,744.0725487076684,746.8959350585938,11439100,0.0,0.0
2025-09-05 00:00:00-04:00,750.8565963566639,756.1741251448537,743.2844139282448,750.68701171875,9663400,0.0,0.0
2025-09-08 00:00:00-04:00,754.2286966166499,764.7140814935753,750.2580412178338,750.537353515625,13087800,0.0,0.0
2025-09-09 00:00:00-04:00,755.715159278882,764.5045146420852,751.6646744655906,763.9059448242188,10999000,0.0,0.0
2025-09-10 00:00:00-04:00,763.3372922969834,763.9059640843684,749.2403942554,750.2180786132812,12478300,0.0,0.0
2025-09-11 00:00:00-04:00,752.8818998869256,755.3261108896929,746.6165845282627,749.1406860351562,7923300,0.0,0.0
2025-09-12 00:00:00-04:00,746.9756681630587,755.7949823874058,742.0173423532742,753.8196411132812,8248600,0.0,0.0
2025-09-15 00:00:00-04:00,755.6952236302711,772.2563664766384,750.2280827190908,762.9083251953125,10533800,0.0,0.0
2025-09-16 00:00:00-04:00,765.2029206615051,779.5292605984961,763.3073480005289,777.1748046875,11782500,0.0,0.0
2025-09-17 00:00:00-04:00,778.16248073438,781.4547366857648,764.5145401578408,773.9024658203125,9400900,0.0,0.0
2025-09-18 00:00:00-04:00,778.9206424262118,786.9318567440129,771.5479431530769,778.4218139648438,10955000,0.0,0.0
2025-09-19 00:00:00-04:00,784.5774149162842,788.9471575257752,767.3878039844694,776.5562744140625,23696800,0.0,0.0
2025-09-22 00:00:00-04:00,780.5445827585347,784.4181095052566,763.1935958899483,763.8824462890625,11706900,0.525,0.0
2025-09-23 00:00:00-04:00,767.9656453445465,769.3133669851754,749.8160063356215,754.1387939453125,10872600,0.0,0.0
2025-09-24 00:00:00-04:00,756.2352564498105,759.8392144671293,751.2735837511626,759.3899536132812,8828200,0.0,0.0
2025-09-25 00:00:00-04:00,752.1920046258563,755.5064686568031,743.3068402529434,747.6595458984375,10591100,0.0,0.0
2025-09-26 00:00:00-04:00,748.7477432379202,750.6745134518627,736.1188402620083,742.5081787109375,9696300,0.0,0.0
2025-09-29 00:00:00-04:00,747.4698773667765,749.5264964028529,737.9159094495395,742.1588134765625,9246800,0.0,0.0
2025-09-30 00:00:00-04:00,741.0106631587118,741.729431724798,725.0872827303901,733.15380859375,16226800,0.0,0.0
2025-10-01 00:00:00-04:00,720.2853684573676,720.6447527663656,709.0142405229949,716.142333984375,20419600,0.0,0.0
2025-10-02 00:00:00-04:00,721.3735522103992,726.5548890984803,716.9409630753169,725.8360595703125,11415300,0.0,0.0
2025-10-03 00:00:00-04:00,728.4117628788885,729.7794705550638,708.9942257916973,709.3735961914062,16154300,0.0,0.0
2025-10-06 00:00:00-04:00,704.0125981338592,715.6830826309072,689.3571155710283,714.465087890625,21654700,0.0,0.0
2025-10-07 00:00:00-04:00,716.5216106896504,717.3003375901077,704.5716259627259,711.889404296875,12062900,0.0,0.0
2025-10-08 00:00:00-04:00,712.2587946669486,718.4484549738279,706.6281969142439,716.6414794921875,10790600,0.0,0.0
2025-10-09 00:00:00-04:00,717.0807271377935,732.2852783203125,711.2504512938121,732.2852783203125,12717200,0.0,0.0
2025-10-10 00:00:00-04:00,729.6995938834806,734.0423674154782,703.333716456913,704.1223754882812,16980100,0.0,0.0
2025-10-13 00:00:00-04:00,711.8194939498104,718.7379155876384,706.4584651360833,714.5050048828125,9251800,0.0,0.0
2025-10-14 00:00:00-04:00,706.5983153422467,714.3553010671379,698.1624113283383,707.4668579101562,8829800,0.0,0.0
2025-10-15 00:00:00-04:00,715.8627565899488,722.6913629779451,708.3253746524584,716.3519287109375,10246800,0.0,0.0
2025-10-16 00:00:00-04:00,716.3519343648386,724.2786798244232,702.7047754671785,710.881103515625,9017000,0.0,0.0
2025-10-17 00:00:00-04:00,705.8994251244851,717.3402516818879,704.9410060739878,715.7229614257812,12232400,0.0,0.0
2025-10-20 00:00:00-04:00,719.9858621042338,732.5448748734839,718.9775387090459,730.947509765625,8900200,0.0,0.0
2025-10-21 00:00:00-04:00,734.7911237948646,737.2669635645257,727.5332426508437,732.0457153320312,7647300,0.0,0.0
2025-10-22 00:00:00-04:00,732.6047674176828,739.3634223567747,722.8211423130082,732.1854248046875,8734500,0.0,0.0
2025-10-23 00:00:00-04:00,733.4733185275871,741.170406509876,731.8759534115667,732.7744750976562,9856000,0.0,0.0
2025-10-24 00:00:00-04:00,735.5597503675807,739.9724141089259,729.9292138570585,737.1271362304688,9151300,0.0,0.0
2025-10-27 00:00:00-04:00,748.4781993498117,754.4881675999588,746.7611003830549,749.56640625,11321100,0.0,0.0
2025-10-28 00:00:00-04:00,751.3733793283152,757.1337649704751,744.2752651341964,750.1853637695312,12193800,0.0,0.0
2025-10-29 00:00:00-04:00,753.4898526523095,757.8924628078227,741.2702985772319,750.4149780273438,26818600,0.0,0.0
2025-10-30 00:00:00-04:00,668.0327566076506,679.8230352249238,649.0844057389726,665.357177734375,88440100,0.0,0.0
2025-10-31 00:00:00-04:00,673.383812052831,673.7631824593219,644.4921293755289,647.2674560546875,56953200,0.0,0.0
2025-11-03 00:00:00-05:00,654.90470367213,658.2291607688485,635.1177890022415,636.645263671875,33003600,0.0,0.0
2025-11-04 00:00:00-05:00,626.9913515895119,640.6684891460408,624.9647727272926,626.2725830078125,27356600,0.0,0.0
2025-11-05 00:00:00-05:00,631.2542465797685,641.1576663615418,625.4938610947797,634.88818359375,20219900,0.0,0.0
2025-11-06 00:00:00-05:00,634.7882936522686,634.938067569805,616.9681222612256,617.9065551757812,23628800,0.0,0.0
2025-11-07 00:00:00-05:00,615.4606203242017,621.0912176885568,600.1961723842201,620.6719360351562,29946800,0.0,0.0
2025-11-10 00:00:00-05:00,630.0362749426478,633.9397194755629,617.0779066438014,630.7051391601562,19245000,0.0,0.0
2025-11-11 00:00:00-05:00,626.9514668906089,628.5088598168925,618.3558571038752,626.0330200195312,13302200,0.0,0.0
2025-11-12 00:00:00-05:00,627.0812350986922,627.939784558569,606.7552442025384,607.9931640625,24493300,0.0,0.0
2025-11-13 00:00:00-05:00,612.0463872625083,616.6187572691151,601.993193452889,608.8717041015625,20973800,0.0,0.0
2025-11-14 00:00:00-05:00,600.7852061056304,612.6553687237855,594.2062431482154,608.4424438476562,20724100,0.0,0.0
2025-11-17 00:00:00-05:00,608.0230519623859,610.6686515784111,594.4058732487083,601.0048217773438,16501300,0.0,0.0
2025-11-18 00:00:00-05:00,590.612218909938,602.6520806612418,582.8053290854997,596.6920776367188,25500600,0.0,0.0
2025-11-19 00:00:00-05:00,592.7286370493186,594.3359951431619,580.2794874440681,589.3343505859375,24744700,0.0,0.0
2025-11-20 00:00:00-05:00,602.4923987587222,605.7069934113463,582.376016746667,588.1663818359375,20603000,0.0,0.0
2025-11-21 00:00:00-05:00,587.517412968027,597.1213460929463,580.88848479756,593.2578125,21052600,0.0,0.0
2025-11-24 00:00:00-05:00,597.7203367937327,615.6703584886146,596.6321908004635,612.0264282226562,23554900,0.0,0.0
2025-11-25 00:00:00-05:00,622.9581470454041,635.9863461070595,617.2676517847817,635.15771484375,25213000,0.0,0.0
2025-11-26 00:00:00-05:00,636.6253292062765,637.2941935276676,630.575449286631,632.5521240234375,15209500,0.0,0.0
2025-11-28 00:00:00-05:00,635.0179876534709,646.9679727244463,634.4389389877349,646.8681640625,11033200,0.0,0.0
2025-12-01 00:00:00-05:00,638.482184375183,644.2425701847634,636.6951949252638,639.7999877929688,13029900,0.0,0.0
2025-12-02 00:00:00-05:00,641.2675300698932,646.7882651016448,637.0046400682228,646.01953125,11640900,0.0,0.0
2025-12-03 00:00:00-05:00,643.3340713166507,647.766660764867,636.4855393427306,638.5321044921875,11134300,0.0,0.0
2025-12-04 00:00:00-05:00,674.8712863431018,674.9710950003275,658.9479057878542,660.4254760742188,29874600,0.0,0.0
2025-12-05 00:00:00-05:00,662.8913386215002,673.5634922785046,661.2840414153883,672.2955932617188,21207900,0.0,0.0
2025-12-08 00:00:00-05:00,668.2224435191038,675.5801331063639,663.9595535520253,665.6866455078125,13161000,0.0,0.0
2025-12-09 00:00:00-05:00,662.6617250742562,663.3705005924867,652.2491473204041,655.8630981445312,12997100,0.0,0.0
2025-12-10 00:00:00-05:00,648.8648024836247,653.4171862971667,642.3257510862366,649.0444946289062,16910900,0.0,0.0
2025-12-11 00:00:00-05:00,642.2159232785478,654.1859556266841,639.7300904007725,651.6202392578125,13056700,0.0,0.0
2025-12-12 00:00:00-05:00,648.7150654102267,709.8128965395189,637.543746077992,643.1543579101562,14016900,0.0,0.0
2025-12-15 00:00:00-05:00,645.1476664750544,652.4414097008485,638.1536544261938,646.9561157226562,15549100,0.525,0.0
2025-12-16 00:00:00-05:00,642.9495426008936,661.973233609148,642.6498114209788,656.587890625,14309100,0.0,0.0
2025-12-17 00:00:00-05:00,655.0491556477624,660.664343241777,648.644665798819,648.9443969726562,15598500,0.0,0.0
2025-12-18 00:00:00-05:00,656.4679564970005,669.9863502083882,655.8984367998282,663.881591796875,20260300,0.0,0.0
2025-12-19 00:00:00-05:00,665.8499012351181,670.4260003995075,657.6169598101359,658.2064819335938,49977100,0.0,0.0
2025-12-22 00:00:00-05:00,661.0840391473547,673.0038267300547,656.0883162216827,660.9341430664062,15659400,0.0,0.0
2025-12-23 00:00:00-05:00,659.4853234816244,665.4302455294139,657.6868755551602,664.3711547851562,8486800,0.0,0.0
2025-12-24 00:00:00-05:00,661.9632786179176,667.6084088263418,661.633543835896,666.9789428710938,5627500,0.0,0.0
2025-12-26 00:00:00-05:00,667.4885344385556,668.3777877623371,660.7543096382171,662.7225952148438,7133800,0.0,0.0
2025-12-29 00:00:00-05:00,657.4471149030659,659.6851889371151,653.8302165118,658.1265258789062,8506500,0.0,0.0
2025-12-30 00:00:00-05:00,658.1265110341435,671.6449047754843,657.2772625792347,665.3803100585938,9187500,0.0,0.0
2025-12-31 00:00:00-05:00,664.1813161961976,664.4311023248911,658.8758612620638,659.5253295898438,7940400,0.0,0.0
2026-01-02 00:00:00-05:00,662.1630447721155,663.8216588672108,642.9495146869224,649.8535766601562,13726500,0.0,0.0
2026-01-05 00:00:00-05:00,650.4531272549772,663.9715218041853,647.1959061445123,658.2264404296875,12213700,0.0,0.0
2026-01-06 00:00:00-05:00,659.0057810200069,664.9507033148827,651.3423593634897,660.0548706054688,11074400,0.0,0.0
2026-01-07 00:00:00-05:00,655.0791375151089,658.5861445899717,644.2583851266311,648.1350708007812,12846300,0.0,0.0
2026-01-08 00:00:00-05:00,645.3274855180696,646.5464125947736,635.1761427603,645.50732421875,11921700,0.0,0.0
2026-01-09 00:00:00-05:00,644.8878661181845,654.3897406244424,642.3000548798136,652.5013427734375,11634900,0.0,0.0
2026-01-12 00:00:00-05:00,651.9718010113269,653.4105105723186,640.6814191818085,641.4207763671875,14797200,0.0,0.0
2026-01-13 00:00:00-05:00,641.720599826752,641.720599826752,623.5660991574318,630.5501708984375,18030400,0.0,0.0
2026-01-14 00:00:00-05:00,625.9640568168747,627.9124008742662,614.2940558608916,614.9934692382812,15527900,0.0,0.0
2026-01-15 00:00:00-05:00,617.9508982377323,623.6360331340583,613.7045339245012,620.2689208984375,13076100,0.0,0.0
2026-01-16 00:00:00-05:00,623.6460522405506,628.5418850412981,619.5495838845379,619.7194213867188,17012500,0.0,0.0
2026-01-20 00:00:00-05:00,607.3600037753715,610.8770121629093,599.4867397151437,603.6032104492188,15169600,0.0,0.0
2026-01-21 00:00:00-05:00,606.2209580964126,617.7411240978843,599.5666821865381,612.4356689453125,14494700,0.0,0.0
2026-01-22 00:00:00-05:00,628.811597152667,660.0049216653568,626.0140046136898,647.0759887695312,21394700,0.0,0.0
2026-01-23 00:00:00-05:00,644.2184496993522,665.9198400091174,643.8987161260534,658.1964721679688,22797700,0.0,0.0
2026-01-26 00:00:00-05:00,664.5609947255355,674.7023359243682,660.7242529636108,671.7847900390625,16327400,0.0,0.0
2026-01-27 00:00:00-05:00,674.0129574053085,676.2410302656567,664.0913982323968,672.394287109375,13297400,0.0,0.0
2026-01-28 00:00:00-05:00,673.9229813666298,677.1002536346601,665.5301429727417,668.1578979492188,25709600,0.0,0.0
2026-01-29 00:00:00-05:00,736.7991536844581,743.363540655783,711.9404325537852,737.6784057617188,59852900,0.0,0.0
2026-01-30 00:00:00-05:00,726.8776752394725,731.5436633097714,712.9796010924755,715.8870849609375,23744600,0.0,0.0
2026-02-02 00:00:00-05:00,713.9886602426056,720.6829408229889,702.9181827036907,705.8056640625,14365200,0.0,0.0
2026-02-03 00:00:00-05:00,706.7648539132639,716.3866205151361,685.8227628297016,691.1082763671875,13760700,0.0,0.0
2026-02-04 00:00:00-05:00,687.1416843315144,688.2407799622291,666.8890651090074,668.417724609375,16882800,0.0,0.0
2026-02-05 00:00:00-05:00,663.0123852284637,680.9170392363125,652.9409906690098,669.63671875,17131800,0.0,0.0
2026-02-06 00:00:00-05:00,664.920685797671,671.4151252649915,645.9469408650316,660.8941650390625,18159300,0.0,0.0
2026-02-09 00:00:00-05:00,662.6126578425271,682.7254419812133,658.2164585284562,676.640625,14837500,0.0,0.0
2026-02-10 00:00:00-05:00,677.0202983345941,680.0677378888336,669.216982119095,670.1461791992188,10455800,0.0,0.0
2026-02-11 00:00:00-05:00,673.4234361526849,678.6889475196376,656.5378686274887,668.1179809570312,14323800,0.0,0.0
2026-02-12 00:00:00-05:00,669.3968787035581,675.421749916193,644.7280570616384,649.254150390625,14960100,0.0,0.0
2026-02-13 00:00:00-05:00,644.5481137374378,650.872715705495,634.0271535178357,639.2227172851562,12336400,0.0,0.0
2026-02-17 00:00:00-05:00,638.952945338547,642.0502690775812,628.2620863630333,638.7431030273438,12674700,0.0,0.0
2026-02-18 00:00:00-05:00,633.2578140286595,644.4482453696517,627.6126838179015,642.6697387695312,14649200,0.0,0.0
2026-02-19 00:00:00-05:00,638.0237449576674,646.6363661317032,636.1752909436037,644.2284545898438,10035700,0.0,0.0
2026-02-20 00:00:00-05:00,639.1428111159805,662.7825455010891,638.2336163631846,655.09912109375,14183500,0.0,0.0
2026-02-23 00:00:00-05:00,651.9817939677475,657.1374142434245,635.455964272141,636.7048950195312,8605900,0.0,0.0
2026-02-24 00:00:00-05:00,632.5384628258726,640.5615620292823,628.4419334902003,638.7531127929688,10135600,0.0,0.0
2026-02-25 00:00:00-05:00,641.9803720795121,653.3206382422114,641.5906910720822,653.1307983398438,11330700,0.0,0.0
2026-02-26 00:00:00-05:00,649.9935020296807,660.4345752110744,646.9461232211356,656.447998046875,10637700,0.0,0.0
2026-02-27 00:00:00-05:00,642.8995542116262,648.8844201349368,637.5740968396581,647.62548828125,15703000,0.0,0.0
2026-03-02 00:00:00-05:00,636.6149203669017,659.3754626922687,633.9572226725116,653.0009155273438,9816100,0.0,0.0
2026-03-03 00:00:00-05:00,647.7354225434952,658.4762268569145,638.293554979916,654.5196533203125,12263800,0.0,0.0
2026-03-04 00:00:00-05:00,657.397151925757,672.1944798634893,657.1073609851721,667.1587524414062,10810100,0.0,0.0
2026-03-05 00:00:00-05:00,661.363765843265,670.1262833419206,649.7537106790966,660.0049438476562,13341400,0.0,0.0
2026-03-06 00:00:00-05:00,647.3457881163396,648.9143914185428,635.5658346648192,644.308349609375,13159400,0.0,0.0
2026-03-09 00:00:00-04:00,634.2369839533108,647.195859029807,626.2438278402449,646.836181640625,13489700,0.0,0.0
2026-03-10 00:00:00-04:00,653.0009245574777,659.7351492208539,648.444827744844,653.510498046875,9859300,0.0,0.0
2026-03-11 00:00:00-04:00,654.1999146227295,658.5561703533895,647.8053649208291,654.2998046875,8977200,0.0,0.0
2026-03-12 00:00:00-04:00,648.1950599902964,652.9409968457168,636.355220859953,637.6340942382812,11617500,0.0,0.0
2026-03-13 00:00:00-04:00,623.3562813254467,628.6317326131165,609.0285222575777,613.1849975585938,18957600,0.0,0.0
2026-03-16 00:00:00-04:00,632.0,634.75,623.0999755859375,627.4500122070312,15134900,0.525,0.0
2026-03-17 00:00:00-04:00,627.989990234375,636.5499877929688,621.7000122070312,622.6599731445312,10348800,0.0,0.0
2026-03-18 00:00:00-04:00,616.3400268554688,622.6500244140625,614.6099853515625,615.6799926757812,11726300,0.0,0.0
2026-03-19 00:00:00-04:00,612.1500244140625,613.0,602.260009765625,606.7000122070312,13247700,0.0,0.0
2026-03-20 00:00:00-04:00,603.530029296875,603.9600219726562,587.25,593.6599731445312,21214900,0.0,0.0
2026-03-23 00:00:00-04:00,605.7899780273438,608.6400146484375,599.010009765625,604.0599975585938,13638000,0.0,0.0
2026-03-24 00:00:00-04:00,599.0999755859375,601.0,591.0,592.9199829101562,10739700,0.0,0.0
2026-03-25 00:00:00-04:00,598.739990234375,603.6699829101562,593.4000244140625,594.8900146484375,12585000,0.0,0.0
2026-03-26 00:00:00-04:00,582.489990234375,583.0,543.3499755859375,547.5399780273438,35780100,0.0,0.0
2026-03-27 00:00:00-04:00,540.0999755859375,543.5999755859375,520.260009765625,525.719970703125,30133000,0.0,0.0
2026-03-30 00:00:00-04:00,536.3800048828125,539.5499877929688,528.5399780273438,536.3800048828125,22795200,0.0,0.0
2026-03-31 00:00:00-04:00,549.97998046875,573.6900024414062,546.77001953125,572.1300048828125,32898300,0.0,0.0
2026-04-01 00:00:00-04:00,580.1300048828125,592.5499877929688,573.8200073242188,579.22998046875,23608100,0.0,0.0
2026-04-02 00:00:00-04:00,566.0399780273438,578.5,559.7000122070312,574.4600219726562,13518500,0.0,0.0
2026-04-06 00:00:00-04:00,577.6900024414062,582.7899780273438,572.0,573.02001953125,9515700,0.0,0.0
2026-04-07 00:00:00-04:00,572.47998046875,575.22998046875,564.760009765625,575.0499877929688,9580800,0.0,0.0
2026-04-08 00:00:00-04:00,606.0,629.9500122070312,591.8300170898438,612.4199829101562,32036600,0.0,0.0
2026-04-09 00:00:00-04:00,626.969970703125,637.5,623.0,628.3900146484375,19012900,0.0,0.0
2026-04-10 00:00:00-04:00,634.469970703125,638.5800170898438,624.3300170898438,629.8599853515625,13294800,0.0,0.0
2026-04-13 00:00:00-04:00,629.5,635.0,624.4000244140625,634.530029296875,9538900,0.0,0.0
2026-04-14 00:00:00-04:00,643.219970703125,666.260009765625,639.3699951171875,662.489990234375,17818000,0.0,0.0
2026-04-15 00:00:00-04:00,667.0,678.5,664.219970703125,671.5800170898438,14952600,0.0,0.0
2026-04-16 00:00:00-04:00,675.989990234375,677.5800170898438,667.75,676.8699951171875,9544800,0.0,0.0
2026-04-17 00:00:00-04:00,678.5999755859375,691.52001953125,675.1300048828125,688.5499877929688,16283500,0.0,0.0
2026-04-20 00:00:00-04:00,681.3599853515625,683.3800048828125,668.0,670.9099731445312,12534000,0.0,0.0
2026-04-21 00:00:00-04:00,671.0,676.2000122070312,667.3300170898438,668.8400268554688,8660100,0.0,0.0
2026-04-22 00:00:00-04:00,674.3599853515625,678.3800048828125,669.75,674.719970703125,9215600,0.0,0.0
2026-04-23 00:00:00-04:00,663.7000122070312,669.5599975585938,653.0499877929688,659.1500244140625,11667000,0.0,0.0
2026-04-24 00:00:00-04:00,660.3200073242188,680.6699829101562,653.8400268554688,675.030029296875,13348300,0.0,0.0
2026-04-27 00:00:00-04:00,671.0,682.5,670.8400268554688,678.6199951171875,12805200,0.0,0.0
2026-04-28 00:00:00-04:00,674.239990234375,678.1799926757812,665.6300048828125,671.3400268554688,10606800,0.0,0.0
2026-04-29 00:00:00-04:00,668.9099731445312,674.25,663.8099975585938,669.1199951171875,18947500,0.0,0.0
2026-04-30 00:00:00-04:00,619.3200073242188,620.8499755859375,600.0,611.9099731445312,52765000,0.0,0.0
2026-05-01 00:00:00-04:00,614.6900024414062,618.8800048828125,606.1099853515625,608.75,21404000,0.0,0.0
2026-05-04 00:00:00-04:00,607.9400024414062,614.0,602.75,610.4099731445312,16203900,0.0,0.0
2026-05-05 00:00:00-04:00,613.3699951171875,614.3400268554688,600.3599853515625,604.9600219726562,16969401,0.0,0.0
