Date,Open,High,Low,Close,Volume,Dividends,Stock Splits
1999-01-22 00:00:00-05:00,0.040109329354165106,0.04476476115385695,0.035573080898148486,0.03760284185409546,2714688000,0.0,0.0
1999-01-25 00:00:00-05:00,0.040586982319569115,0.04201899964944921,0.037602848995845435,0.04154227301478386,510480000,0.0,0.0
1999-01-26 00:00:00-05:00,0.04201899952864707,0.042855106855146846,0.0377220288384183,0.03831885755062103,343200000,0.0,0.0
1999-01-27 00:00:00-05:00,0.038438037655707254,0.03939332835201304,0.036289096360780516,0.03819967433810234,244368000,0.0,0.0
1999-01-28 00:00:00-05:00,0.038199673365212135,0.03843803667674628,0.03784121139263608,0.03807957470417023,227520000,0.0,0.0
1999-01-29 00:00:00-05:00,0.03807957516803184,0.038199673830536726,0.036289095878601074,0.036289095878601074,244032000,0.0,0.0
1999-02-01 00:00:00-05:00,0.03628907831265394,0.03724436511856457,0.03628907831265394,0.03700600191950798,154704000,0.0,0.0
1999-02-02 00:00:00-05:00,0.036289073099406634,0.03724435976808186,0.03306657510500824,0.034141045063734055,264096000,0.0,0.0
1999-02-03 00:00:00-05:00,0.03366342865889607,0.03533472478656169,0.033424146602449537,0.03485707938671112,75120000,0.0,0.0
1999-02-04 00:00:00-05:00,0.03533471352867094,0.03772202105426814,0.03485706828100153,0.03676673397421837,181920000,0.0,0.0
1999-02-05 00:00:00-05:00,0.037363570338981335,0.03819967774337373,0.03640919827054209,0.03784121572971344,136848000,0.0,0.0
1999-02-08 00:00:00-05:00,0.03807956793175769,0.03819966657144017,0.036528367549180984,0.036528367549180984,154080000,0.0,0.0
1999-02-09 00:00:00-05:00,0.037244387318834435,0.03748275407526241,0.03461780041643897,0.035095445811748505,86976000,0.0,0.0
1999-02-10 00:00:00-05:00,0.03509543157260733,0.03605071856035122,0.034141056466947074,0.03473788499832153,148224000,0.0,0.0
1999-02-11 00:00:00-05:00,0.0348570651038977,0.039154034515768446,0.0348570651038977,0.037722017616033554,132240000,0.0,0.0
1999-02-12 00:00:00-05:00,0.0381996707462392,0.04010933324634473,0.0381996707462392,0.0398709699511528,109728000,0.0,0.0
1999-02-16 00:00:00-05:00,0.04058698548635599,0.042258284976913404,0.036050732399559256,0.040109340101480484,211008000,0.0,0.0
1999-02-17 00:00:00-05:00,0.03915404163747538,0.03963168692848767,0.037244379186259384,0.03796038776636124,67728000,0.0,0.0
1999-02-18 00:00:00-05:00,0.03915404553773215,0.03963169087632418,0.03748274962441205,0.03855722025036812,70704000,0.0,0.0
1999-02-19 00:00:00-05:00,0.0381996707462392,0.04058697854958529,0.037722025442998644,0.0398709699511528,75360000,0.0,0.0
1999-02-22 00:00:00-05:00,0.04058698548635599,0.041064630871231494,0.03796039522604757,0.040109340101480484,205248000,0.0,0.0
1999-02-23 00:00:00-05:00,0.04106461917870304,0.04285509811976913,0.038677311647088895,0.042018990963697433,138096000,0.0,0.0
1999-02-24 00:00:00-05:00,0.0482265503828952,0.0501371283041734,0.04428712647501399,0.04536159709095955,612768000,0.0,0.0
1999-02-25 00:00:00-05:00,0.047272175870548334,0.048704196601348636,0.0432126532283815,0.043929580599069595,149136000,0.0,0.0
1999-02-26 00:00:00-05:00,0.04440722556994646,0.04583924287346303,0.04154227224998821,0.04189981892704964,172608000,0.0,0.0
1999-03-01 00:00:00-05:00,0.042974301471580476,0.043929592414139386,0.04010934735708365,0.04213910922408104,92160000,0.0,0.0
1999-03-02 00:00:00-05:00,0.04201899902834022,0.042258281055077944,0.04106462706017466,0.041780635714530945,55248000,0.0,0.0
1999-03-03 00:00:00-05:00,0.0420189992441487,0.0420189992441487,0.038677319269013806,0.03891568258404732,61392000,0.0,0.0
1999-03-04 00:00:00-05:00,0.040825344643766415,0.04106462666822023,0.037722028029224176,0.03807957470417023,57360000,0.0,0.0
1999-03-05 00:00:00-05:00,0.03843804045509016,0.040347703273836445,0.03843804045509016,0.040228523313999176,78768000,0.0,0.0
1999-03-08 00:00:00-05:00,0.03915404887630783,0.042019002439223345,0.0384380401638297,0.04082534834742546,75888000,0.0,0.0
1999-03-09 00:00:00-05:00,0.04070617622553331,0.0427359380925307,0.04070617622553331,0.04213910922408104,143184000,0.0,0.0
1999-03-10 00:00:00-05:00,0.042735933713483436,0.042735933713483436,0.040825352024138284,0.04142218083143234,235344000,0.0,0.0
1999-03-11 00:00:00-05:00,0.040706157217405003,0.04142216573338723,0.0396316833794117,0.0396316833794117,54288000,0.0,0.0
1999-03-12 00:00:00-05:00,0.03987097327004766,0.03987097327004766,0.03819967392601364,0.03891568258404732,90768000,0.0,0.0
1999-03-15 00:00:00-05:00,0.03987096594531245,0.041064619727058965,0.03963168396130451,0.04058697447180748,108816000,0.0,0.0
1999-03-16 00:00:00-05:00,0.04082533012330155,0.04130297528940405,0.03891566817148444,0.03927413001656532,79152000,0.0,0.0
1999-03-17 00:00:00-05:00,0.03963169129278828,0.04034769995173807,0.03855722065554129,0.0395125113427639,51360000,0.0,0.0
1999-03-18 00:00:00-05:00,0.03963169149355892,0.04058698218562094,0.038677319514435884,0.03999015688896179,46320000,0.0,0.0
1999-03-19 00:00:00-05:00,0.039870976765549584,0.041302994207162394,0.039870976765549584,0.040109340101480484,105312000,0.0,0.0
1999-03-22 00:00:00-05:00,0.04094452860827646,0.04106462727108152,0.03891568258404732,0.03891568258404732,36672000,0.0,0.0
1999-03-23 00:00:00-05:00,0.039154038360762373,0.039154038360762373,0.03581235902900027,0.036528367549180984,163968000,0.0,0.0
1999-03-24 00:00:00-05:00,0.036289095878601074,0.03652837449067997,0.034857075150823216,0.036289095878601074,60864000,0.0,0.0
1999-03-25 00:00:00-05:00,0.036169905385174554,0.03819966630193754,0.03605072204380014,0.03676673397421837,40320000,0.0,0.0
1999-03-26 00:00:00-05:00,0.037244383476342846,0.04010933683958993,0.037244383476342846,0.03999015688896179,88272000,0.0,0.0
1999-03-29 00:00:00-05:00,0.04118380323052406,0.042139090329453864,0.04046779128595476,0.04118380323052406,65952000,0.0,0.0
1999-03-30 00:00:00-05:00,0.04130297857803685,0.041661440451659246,0.03748273907292242,0.037722017616033554,69504000,0.0,0.0
1999-03-31 00:00:00-05:00,0.03891569975448452,0.040825363256136345,0.03712521967058058,0.04034771770238876,153600000,0.0,0.0
1999-04-01 00:00:00-05:00,0.040347691588350866,0.04058697356702462,0.03843802932268035,0.039154037833213806,30432000,0.0,0.0
1999-04-05 00:00:00-04:00,0.03867731505929625,0.03963168692848767,0.03772202447727167,0.03796038776636124,98640000,0.0,0.0
1999-04-06 00:00:00-04:00,0.03831883864693558,0.038438018538819854,0.03628907831265394,0.03700600191950798,69696000,0.0,0.0
1999-04-07 00:00:00-04:00,0.037244386505241166,0.040347703437411384,0.03700602316931026,0.040109340101480484,89280000,0.0,0.0
1999-04-08 00:00:00-04:00,0.040347702968105706,0.042019002439223345,0.03987097630178897,0.04082534834742546,130128000,0.0,0.0
1999-04-09 00:00:00-04:00,0.041064630871231494,0.041064630871231494,0.039870976765549584,0.040109340101480484,48624000,0.0,0.0
1999-04-12 00:00:00-04:00,0.03963169487354857,0.03963169487354857,0.03772203203949789,0.038438040763139725,33312000,0.0,0.0
1999-04-13 00:00:00-04:00,0.03915404157304346,0.03915404157304346,0.0362890919598068,0.03688591718673706,36144000,0.0,0.0
1999-04-14 00:00:00-04:00,0.03676674981342254,0.037602857327584054,0.0358123742043972,0.0358123742043972,48288000,0.0,0.0
1999-04-15 00:00:00-04:00,0.03676673397421837,0.03676673397421837,0.035812358776340335,0.03676673397421837,35856000,0.0,0.0
1999-04-16 00:00:00-04:00,0.03652837060615753,0.03855721640956298,0.03652837060615753,0.03796038776636124,38928000,0.0,0.0
1999-04-19 00:00:00-04:00,0.038438037144974464,0.038438037144974464,0.035812365834435894,0.036289095878601074,31296000,0.0,0.0
1999-04-20 00:00:00-04:00,0.0362890962971586,0.03772202892381532,0.035214622236289246,0.0355730876326561,67680000,0.0,0.0
1999-04-21 00:00:00-04:00,0.03557308737218824,0.036289096031448094,0.03533472064145682,0.03616991266608238,37488000,0.0,0.0
1999-04-22 00:00:00-04:00,0.03628910369047458,0.03628910369047458,0.03426025723457117,0.03461780399084091,227184000,0.0,0.0
1999-04-23 00:00:00-04:00,0.034498618254417135,0.034617801636832736,0.03270813870130633,0.032947417348623276,126048000,0.0,0.0
1999-04-26 00:00:00-04:00,0.03294741008735091,0.03342414009665668,0.03055918696824038,0.03127611428499222,123504000,0.0,0.0
1999-04-27 00:00:00-04:00,0.03199213211507988,0.034857082654428787,0.03151448667045189,0.03461780399084091,226944000,0.0,0.0
1999-04-28 00:00:00-04:00,0.0348570719985443,0.0348570719985443,0.033304956163915954,0.03437943011522293,120096000,0.0,0.0
1999-04-29 00:00:00-04:00,0.034498610054018976,0.034617793408104426,0.033663421523730676,0.03437943011522293,48144000,0.0,0.0
1999-04-30 00:00:00-04:00,0.034737899422654164,0.03628910028851044,0.03449861736620763,0.03485707938671112,99312000,0.0,0.0
1999-05-03 00:00:00-04:00,0.0352146257746724,0.0352146257746724,0.03414107031887312,0.035095445811748505,33840000,0.0,0.0
1999-05-04 00:00:00-04:00,0.03509543093099109,0.03509543093099109,0.03246976043964564,0.033185768872499466,96048000,0.0,0.0
1999-05-05 00:00:00-04:00,0.0334241429467069,0.03390178829431534,0.03151448026921517,0.03390178829431534,144576000,0.0,0.0
1999-05-06 00:00:00-04:00,0.03366342139429964,0.034379429983038945,0.03223048550397677,0.03324536606669426,35616000,0.0,0.0
1999-05-07 00:00:00-04:00,0.03223047796590495,0.0336634135210925,0.03223047796590495,0.03342413157224655,25008000,0.0,0.0
1999-05-10 00:00:00-04:00,0.033185768336029986,0.03414105529086643,0.033185768336029986,0.03342413157224655,19680000,0.0,0.0
1999-05-11 00:00:00-04:00,0.03485707120952276,0.03628909177538158,0.03414106263423801,0.0352146178483963,171744000,0.0,0.0
1999-05-12 00:00:00-04:00,0.035573087222357,0.03640919454110596,0.035095441880550665,0.036289095878601074,168480000,0.0,0.0
1999-05-13 00:00:00-04:00,0.036289095878601074,0.03724438314692405,0.03616991251373736,0.036289095878601074,69936000,0.0,0.0
1999-05-14 00:00:00-04:00,0.03628909259681821,0.03628909259681821,0.033901784816612164,0.03437943011522293,28464000,0.0,0.0
1999-05-17 00:00:00-04:00,0.033901798678718564,0.036050740629434586,0.033782615275900214,0.036050740629434586,35760000,0.0,0.0
1999-05-18 00:00:00-04:00,0.036409184046809914,0.03819966282016721,0.035334710308031356,0.037722017616033554,151536000,0.0,0.0
1999-05-19 00:00:00-04:00,0.03939334037361777,0.04082535814214002,0.0354539151479918,0.036050740629434586,451728000,0.0,0.0
1999-05-20 00:00:00-04:00,0.036289084556628874,0.036289084556628874,0.031872931919182425,0.033185768872499466,178176000,0.0,0.0
1999-05-21 00:00:00-04:00,0.03270813887854834,0.03270813887854834,0.03151448469824278,0.03246977552771568,303504000,0.0,0.0
1999-05-24 00:00:00-04:00,0.032708134148327836,0.033424142810348424,0.031872942120481994,0.03234967216849327,162624000,0.0,0.0
1999-05-25 00:00:00-04:00,0.03246977504893024,0.03294741704133336,0.03223049298855479,0.03258895501494408,130080000,0.0,0.0
1999-05-26 00:00:00-04:00,0.03246977552771568,0.03414107170746746,0.03246977552771568,0.03246977552771568,104736000,0.0,0.0
1999-05-27 00:00:00-04:00,0.03270812674291058,0.03270812674291058,0.03223048150539398,0.03223048150539398,82320000,0.0,0.0
1999-05-28 00:00:00-04:00,0.03270813839624809,0.03270813839624809,0.03223049298855479,0.03258895501494408,88656000,0.0,0.0
1999-06-01 00:00:00-04:00,0.032469778579516884,0.03270814195275307,0.03199213311988702,0.03270814195275307,98544000,0.0,0.0
1999-06-02 00:00:00-04:00,0.03270813087288538,0.03270813087288538,0.031514476984739304,0.031514476984739304,130128000,0.0,0.0
1999-06-03 00:00:00-04:00,0.03234967216849327,0.03258895078250258,0.03199212548630725,0.03234967216849327,41568000,0.0,0.0
1999-06-04 00:00:00-04:00,0.03258895501494408,0.03270813839624809,0.03234967636985881,0.03258895501494408,78912000,0.0,0.0
1999-06-07 00:00:00-04:00,0.032767728684869026,0.03342414746299546,0.03270813870130633,0.032947417348623276,125136000,0.0,0.0
1999-06-08 00:00:00-04:00,0.03306658912092687,0.034379426216225466,0.032947405780358104,0.03378259763121605,153312000,0.0,0.0
1999-06-09 00:00:00-04:00,0.033901784816612164,0.035095438706715186,0.033901784816612164,0.03437943011522293,95184000,0.0,0.0
1999-06-10 00:00:00-04:00,0.03437942224037368,0.03461778547865639,0.03414105558680235,0.03449860215187073,36096000,0.0,0.0
1999-06-11 00:00:00-04:00,0.034498606141505225,0.034617789482073995,0.032588943876486226,0.03378259763121605,61008000,0.0,0.0
1999-06-14 00:00:00-04:00,0.033842199659678066,0.0339017930588539,0.03223049346381189,0.03246977552771568,51648000,0.0,0.0
1999-06-15 00:00:00-04:00,0.03246977552771568,0.03270813887854834,0.03199213011297923,0.03246977552771568,49296000,0.0,0.0
1999-06-16 00:00:00-04:00,0.03294740168452483,0.03437942194237159,0.032469759914750894,0.03342413157224655,64416000,0.0,0.0
1999-06-17 00:00:00-04:00,0.03318578429328479,0.03366342970802124,0.03246977552771568,0.03246977552771568,74928000,0.0,0.0
1999-06-18 00:00:00-04:00,0.03270813149276852,0.03270813149276852,0.03127611428499222,0.03127611428499222,158736000,0.0,0.0
1999-06-21 00:00:00-04:00,0.032230493289158196,0.032947417348623276,0.03136504850438414,0.032947417348623276,83472000,0.0,0.0
1999-06-22 00:00:00-04:00,0.03294741276233715,0.03294741276233715,0.03163366009118295,0.03234967216849327,193056000,0.0,0.0
1999-06-23 00:00:00-04:00,0.031992129939617205,0.032947417348623276,0.031633664494594455,0.032947417348623276,210912000,0.0,0.0
1999-06-24 00:00:00-04:00,0.033185771980427166,0.033185771980427166,0.03199211824300082,0.03223048150539398,115200000,0.0,0.0
1999-06-25 00:00:00-04:00,0.03199213311988702,0.03306660401811956,0.03199213311988702,0.03270814195275307,73536000,0.0,0.0
1999-06-28 00:00:00-04:00,0.03378259397767404,0.03378259397767404,0.03246976043964564,0.033185768872499466,109152000,0.0,0.0
1999-06-29 00:00:00-04:00,0.03366342948962809,0.03402097280591238,0.03318578407799039,0.03354424610733986,92688000,0.0,0.0
1999-06-30 00:00:00-04:00,0.034617789960313096,0.036528367549180984,0.033901781440132374,0.036528367549180984,269232000,0.0,0.0
1999-07-01 00:00:00-04:00,0.03652838235406246,0.03652838235406246,0.03270814092545756,0.03461780399084091,88992000,0.0,0.0
1999-07-02 00:00:00-04:00,0.035095449454231986,0.03712521120905876,0.03437944064347151,0.03712521120905876,224880000,0.0,0.0
1999-07-06 00:00:00-04:00,0.037482757474331066,0.037482757474331066,0.036766748672953445,0.037244390696287155,198096000,0.0,0.0
1999-07-07 00:00:00-04:00,0.037482742753792236,0.037482742753792236,0.036528367549180984,0.036528367549180984,63120000,0.0,0.0
1999-07-08 00:00:00-04:00,0.036766733836131396,0.037960384179157904,0.03557308007781587,0.03736355900764465,186048000,0.0,0.0
1999-07-09 00:00:00-04:00,0.037244380023849125,0.040825341717723874,0.037244380023849125,0.04052738845348358,211728000,0.0,0.0
1999-07-12 00:00:00-04:00,0.04297429354156511,0.04416794764290966,0.041302994057080655,0.04237746819853783,401040000,0.0,0.0
1999-07-13 00:00:00-04:00,0.042855113446455186,0.0430934802150542,0.0405869884453445,0.04249665141105652,138864000,0.0,0.0
1999-07-14 00:00:00-04:00,0.0424966478185431,0.04345193857718261,0.040586985014267093,0.04082534834742546,137952000,0.0,0.0
1999-07-15 00:00:00-04:00,0.04118380336211611,0.0424966370811414,0.04106462001800537,0.04106462001800537,137040000,0.0,0.0
1999-07-16 00:00:00-04:00,0.0417806355629326,0.04225828090174649,0.04106462691117431,0.04189981892704964,103872000,0.0,0.0
1999-07-19 00:00:00-04:00,0.042019002439223345,0.04213910111116056,0.040586985014267093,0.04082534834742546,43632000,0.0,0.0
1999-07-20 00:00:00-04:00,0.04082534882228689,0.04082534882228689,0.038677322659867674,0.040109340101480484,178752000,0.0,0.0
1999-07-21 00:00:00-04:00,0.039631691242081,0.039631691242081,0.03772202858301346,0.03891568258404732,112080000,0.0,0.0
1999-07-22 00:00:00-04:00,0.03867732751900218,0.03867732751900218,0.036766749154759186,0.03712521120905876,213264000,0.0,0.0
1999-07-23 00:00:00-04:00,0.03700602781847498,0.03819968207411882,0.03700602781847498,0.03712521120905876,80256000,0.0,0.0
1999-07-26 00:00:00-04:00,0.03807958288668673,0.03807958288668673,0.037244390696287155,0.037244390696287155,60528000,0.0,0.0
1999-07-27 00:00:00-04:00,0.03724437566671786,0.03748274234857145,0.036766733836131396,0.03736355900764465,98592000,0.0,0.0
1999-07-28 00:00:00-04:00,0.037244379186259384,0.038438033057373526,0.037125199249359274,0.03796038776636124,244224000,0.0,0.0
1999-07-29 00:00:00-04:00,0.037244383492184126,0.038438037501299864,0.03700602017553673,0.03831885755062103,388800000,0.0,0.0
1999-07-30 00:00:00-04:00,0.038318860802347324,0.03939333153667374,0.03819967742626489,0.038438040763139725,452304000,0.0,0.0
1999-08-02 00:00:00-04:00,0.03843803769941599,0.03891568304811203,0.03819967438154003,0.038796503096818924,313344000,0.0,0.0
1999-08-03 00:00:00-04:00,0.03879650651117765,0.03879650651117765,0.03748275371605315,0.03784121572971344,255216000,0.0,0.0
1999-08-04 00:00:00-04:00,0.03807957906856701,0.03819967774337373,0.03772203235264163,0.03784121572971344,89952000,0.0,0.0
1999-08-05 00:00:00-04:00,0.03784121541558032,0.038438040763139725,0.03724438665273088,0.038438040763139725,240576000,0.0,0.0
1999-08-06 00:00:00-04:00,0.038318860802347324,0.038557224139222156,0.03819967742626489,0.038438040763139725,183984000,0.0,0.0
1999-08-09 00:00:00-04:00,0.038557224139222156,0.03891568614990673,0.03819967742626489,0.038438040763139725,31056000,0.0,0.0
1999-08-10 00:00:00-04:00,0.03867731130135411,0.040825336832954466,0.03843802932268035,0.039154037833213806,212064000,0.0,0.0
1999-08-11 00:00:00-04:00,0.03987097306527139,0.042258281055077944,0.03939332772472439,0.041780635714530945,197712000,0.0,0.0
1999-08-12 00:00:00-04:00,0.042018991150252406,0.04488394394345956,0.041780627881133556,0.043809473514556885,239616000,0.0,0.0
1999-08-13 00:00:00-04:00,0.04345194641193786,0.044287138649232415,0.04297430094649457,0.04333276301622391,84672000,0.0,0.0
1999-08-16 00:00:00-04:00,0.043690290709813014,0.043690290709813014,0.04022851269611169,0.041661445051431656,223440000,0.0,0.0
1999-08-17 00:00:00-04:00,0.041780635714530945,0.04249664436888722,0.040706165084177154,0.041780635714530945,193536000,0.0,0.0
1999-08-18 00:00:00-04:00,0.041302990771494776,0.04321265343913343,0.040467798744550906,0.04273592680692673,279888000,0.0,0.0
1999-08-19 00:00:00-04:00,0.04572006828792948,0.054195746511078675,0.04416795202464291,0.051807522773742676,1966992000,0.0,0.0
1999-08-20 00:00:00-04:00,0.05192759609797126,0.05228513925377572,0.049420190198209944,0.05133076757192612,353088000,0.0,0.0
1999-08-23 00:00:00-04:00,0.050613858171244676,0.050613858171244676,0.046555250913999514,0.048226550221443176,507984000,0.0,0.0
1999-08-24 00:00:00-04:00,0.04751054955950297,0.048465836969760194,0.04512324120870173,0.04798819497227669,398064000,0.0,0.0
1999-08-25 00:00:00-04:00,0.04810737039688886,0.04858501576455961,0.04583924564283317,0.047748908400535583,350352000,0.0,0.0
1999-08-26 00:00:00-04:00,0.047748901292437855,0.04846582517842017,0.046316884115582165,0.04703289270401001,275376000,0.0,0.0
1999-08-27 00:00:00-04:00,0.04798819083136909,0.051569149633279306,0.04774890878909623,0.04965948686003685,552384000,0.0,0.0
1999-08-30 00:00:00-04:00,0.05049467438745095,0.051449965044567454,0.04739135782118039,0.04947979375720024,158640000,0.0,0.0
1999-08-31 00:00:00-04:00,0.049659486244234344,0.053956457108992294,0.04870419892825504,0.053718093782663345,786864000,0.0,0.0
1999-09-01 00:00:00-04:00,0.053718085511482355,0.053718085511482355,0.05037548717968967,0.0512106791138649,565344000,0.0,0.0
1999-09-02 00:00:00-04:00,0.049539380139643624,0.05085313266853754,0.04846582491168742,0.050613854080438614,341088000,0.0,0.0
1999-09-03 00:00:00-04:00,0.05156913411246521,0.05228514259780983,0.050613847072153564,0.050972308963537216,258864000,0.0,0.0
1999-09-07 00:00:00-04:00,0.05180751276725676,0.05180751276725676,0.05049467541406434,0.050733957439661026,124416000,0.0,0.0
1999-09-08 00:00:00-04:00,0.05085313266853754,0.051210679312006464,0.050613854080438614,0.050613854080438614,170064000,0.0,0.0
1999-09-09 00:00:00-04:00,0.051091507349830326,0.05144996934680508,0.04894256254807649,0.049897853285074234,209472000,0.0,0.0
1999-09-10 00:00:00-04:00,0.05073395273090747,0.05133077796247532,0.05037548737459976,0.050613854080438614,167424000,0.0,0.0
1999-09-13 00:00:00-04:00,0.050853120883935295,0.050853120883935295,0.04846581368031505,0.04894254356622696,174432000,0.0,0.0
1999-09-14 00:00:00-04:00,0.048942555434587746,0.048942555434587746,0.04727217154180475,0.0475105382502079,250368000,0.0,0.0
1999-09-15 00:00:00-04:00,0.04691371727986982,0.0484658333701966,0.04655525527629082,0.0478690080344677,212736000,0.0,0.0
1999-09-16 00:00:00-04:00,0.04727217844373155,0.047748908514852945,0.04607760908049428,0.04667443782091141,158112000,0.0,0.0
1999-09-17 00:00:00-04:00,0.04637647383605236,0.046794529161234256,0.04488394798521282,0.04655524715781212,171648000,0.0,0.0
1999-09-20 00:00:00-04:00,0.04572005505145832,0.04631688369619608,0.04488394781947136,0.04488394781947136,229104000,0.0,0.0
1999-09-21 00:00:00-04:00,0.04392957254580348,0.04416793581704703,0.03999014928857876,0.04058697447180748,737328000,0.0,0.0
1999-09-22 00:00:00-04:00,0.040586982319569115,0.04178063633211653,0.038199674294474274,0.04154227301478386,375984000,0.0,0.0
1999-09-23 00:00:00-04:00,0.04166145195233043,0.04178063531574234,0.037722028029224176,0.03807957470417023,379584000,0.0,0.0
1999-09-24 00:00:00-04:00,0.03819968205369612,0.03915405422982349,0.03199213211507988,0.03461780399084091,684912000,0.0,0.0
1999-09-27 00:00:00-04:00,0.036885913900303754,0.03748274248934757,0.03461778971608097,0.03676673397421837,432000000,0.0,0.0
1999-09-28 00:00:00-04:00,0.03682633451581589,0.04058698548635599,0.03676674453565567,0.040109340101480484,413184000,0.0,0.0
1999-09-29 00:00:00-04:00,0.040944524084412924,0.04249663989179574,0.0362890919598068,0.03688591718673706,594048000,0.0,0.0
1999-09-30 00:00:00-04:00,0.03819966630193754,0.039393320064736136,0.03628908872654897,0.03676673397421837,342528000,0.0,0.0
1999-10-01 00:00:00-04:00,0.03616990564035701,0.037482742753792236,0.034617789960313096,0.036528367549180984,347760000,0.0,0.0
1999-10-04 00:00:00-04:00,0.03772203613491126,0.03784121952393322,0.036766748672953445,0.037244390696287155,177600000,0.0,0.0
1999-10-05 00:00:00-04:00,0.03724438607203182,0.04106463039358685,0.03724438607203182,0.04082534834742546,478080000,0.0,0.0
1999-10-06 00:00:00-04:00,0.0409445281735624,0.047748905427327334,0.040586981497163416,0.04572005942463875,1508736000,0.0,0.0
1999-10-07 00:00:00-04:00,0.04762972278289881,0.04762972278289881,0.042496644777886096,0.04273592680692673,487296000,0.0,0.0
1999-10-08 00:00:00-04:00,0.04273592207363758,0.046197700343699896,0.04106462290720983,0.04488394781947136,398928000,0.0,0.0
1999-10-11 00:00:00-04:00,0.04524241755944023,0.045361600932484765,0.042496647397925594,0.04369030147790909,544464000,0.0,0.0
1999-10-12 00:00:00-04:00,0.04392957243371519,0.04440721768774794,0.042974281925649685,0.04309346526861191,322992000,0.0,0.0
1999-10-13 00:00:00-04:00,0.04261582757880793,0.04261582757880793,0.04106462691117431,0.04189981892704964,280368000,0.0,0.0
1999-10-14 00:00:00-04:00,0.042018991822505763,0.042018991822505763,0.04058697475936973,0.04106462001800537,192336000,0.0,0.0
1999-10-15 00:00:00-04:00,0.03903486891737363,0.04106463039358685,0.038915685543149454,0.04082534834742546,210720000,0.0,0.0
1999-10-18 00:00:00-04:00,0.040944533203291604,0.040944533203291604,0.03843804155477035,0.03867732360959053,215184000,0.0,0.0
1999-10-19 00:00:00-04:00,0.039870981774646014,0.039870981774646014,0.036409202398298285,0.03712521120905876,308928000,0.0,0.0
1999-10-20 00:00:00-04:00,0.03772203203949789,0.03891568614990673,0.03712520669193848,0.038438040763139725,348720000,0.0,0.0
1999-10-21 00:00:00-04:00,0.038318860495252884,0.040228523313999176,0.03724438635424748,0.040228523313999176,382128000,0.0,0.0
1999-10-22 00:00:00-04:00,0.040109329372575234,0.042377457016913714,0.040109329372575234,0.04118380323052406,286752000,0.0,0.0
1999-10-25 00:00:00-04:00,0.0409445201735639,0.04154226405623182,0.039154037833213806,0.039154037833213806,213840000,0.0,0.0
1999-10-26 00:00:00-04:00,0.040825344840815646,0.04440722552155396,0.040586981528131005,0.04297428950667381,481248000,0.0,0.0
1999-10-27 00:00:00-04:00,0.04321264561270942,0.04345192759841269,0.04034769277366646,0.04106462001800537,214128000,0.0,0.0
1999-10-28 00:00:00-04:00,0.04130298207755807,0.042018990588091526,0.03891567456728395,0.039154037833213806,222768000,0.0,0.0
1999-10-29 00:00:00-04:00,0.0396316912314022,0.04297428991856959,0.03939332791643292,0.042258281260728836,330528000,0.0,0.0
1999-11-01 00:00:00-05:00,0.04154226819945141,0.0465552469858991,0.04154226819945141,0.04488394781947136,782544000,0.0,0.0
1999-11-02 00:00:00-05:00,0.045720062271515684,0.047988190440861264,0.04536160027516241,0.047748908400535583,837504000,0.0,0.0
1999-11-03 00:00:00-05:00,0.0496594926412488,0.053718100702497766,0.04930103060024742,0.05240434780716896,2011680000,0.0,0.0
1999-11-04 00:00:00-05:00,0.05300207718002987,0.05717986405043504,0.05300207718002987,0.055746931582689285,1260336000,0.0,0.0
1999-11-05 00:00:00-05:00,0.05729905924613096,0.05777670122390656,0.05133078861538373,0.05395646020770073,616368000,0.0,0.0
1999-11-08 00:00:00-05:00,0.05228515745669865,0.0570606923791463,0.050613861456077734,0.0555085763335228,470016000,0.0,0.0
1999-11-09 00:00:00-05:00,0.055389384570949426,0.055627747860118655,0.052524431536751376,0.05467245727777481,272352000,0.0,0.0
1999-11-10 00:00:00-05:00,0.054852154274840983,0.05491174424870321,0.053121264987059054,0.05419573560357094,144048000,0.0,0.0
1999-11-11 00:00:00-05:00,0.05419573450766189,0.060880009499969606,0.05300208055227316,0.05801505967974663,562704000,0.0,0.0
1999-11-12 00:00:00-05:00,0.06052243687238179,0.061119258403778076,0.057060656827156137,0.061119258403778076,501504000,0.0,0.0
1999-11-15 00:00:00-05:00,0.06153644819475479,0.0633874401237366,0.05897036953046866,0.059925660490989685,362208000,0.0,0.0
1999-11-16 00:00:00-05:00,0.06135766931583463,0.06684921005694465,0.061119302551598274,0.06565555930137634,723792000,0.0,0.0
1999-11-17 00:00:00-05:00,0.0668491869225044,0.07162380195359153,0.06589389643118859,0.06816202402114868,786384000,0.0,0.0
1999-11-18 00:00:00-05:00,0.06959404015336677,0.0701917840296926,0.06780356124730276,0.06840038299560547,235968000,0.0,0.0
1999-11-19 00:00:00-05:00,0.07663771418603611,0.08475492883626326,0.07639843215930683,0.08188997209072113,2165184000,0.0,0.0
1999-11-22 00:00:00-05:00,0.08397932385123105,0.08403891382619555,0.07687607451891798,0.08177079260349274,540192000,0.0,0.0
1999-11-23 00:00:00-05:00,0.07341426072180893,0.07675685781073469,0.07257907251346835,0.0759216696023941,553248000,0.0,0.0
1999-11-24 00:00:00-05:00,0.07556322886519973,0.0763984173064143,0.06792365762544968,0.07353346794843674,406848000,0.0,0.0
1999-11-26 00:00:00-05:00,0.07281745311646422,0.07353346846722304,0.07066851225845484,0.07305673509836197,71760000,0.0,0.0
1999-11-29 00:00:00-05:00,0.07281748363286214,0.07377277453528454,0.06875888219785986,0.07043018192052841,298608000,0.0,0.0
1999-11-30 00:00:00-05:00,0.07066851064607874,0.07186216780535322,0.06613226234912872,0.06613226234912872,314688000,0.0,0.0
1999-12-01 00:00:00-05:00,0.06613225593135687,0.07043014396280649,0.06613225593135687,0.06947485357522964,223536000,0.0,0.0
1999-12-02 00:00:00-05:00,0.06971413670982615,0.07556322902542532,0.06971413670982615,0.07460793852806091,309888000,0.0,0.0
1999-12-03 00:00:00-05:00,0.07532396193617931,0.07663771460032637,0.07186218329742737,0.07281746715307236,342768000,0.0,0.0
1999-12-06 00:00:00-05:00,0.07305676467226871,0.07520479110234748,0.07305676467226871,0.0748472511768341,178608000,0.0,0.0
1999-12-07 00:00:00-05:00,0.07544405729522562,0.07556324407588105,0.06947487539748035,0.07233982533216476,186384000,0.0,0.0
1999-12-08 00:00:00-05:00,0.07210146613599609,0.07627926070628085,0.07186219091319497,0.07556325197219849,201696000,0.0,0.0
1999-12-09 00:00:00-05:00,0.07544404237380357,0.07735370807373494,0.07066851200835725,0.07329510152339935,214944000,0.0,0.0
1999-12-10 00:00:00-05:00,0.0746079529116703,0.07496641488783297,0.07114617428991488,0.07245900481939316,98304000,0.0,0.0
1999-12-13 00:00:00-05:00,0.07162378757589045,0.07413027451386735,0.07066849727633885,0.07222061604261398,183840000,0.0,0.0
1999-12-14 00:00:00-05:00,0.0723398332909654,0.07413031278492539,0.07031098704004894,0.0710269957780838,273888000,0.0,0.0
1999-12-15 00:00:00-05:00,0.0705493393579557,0.07090780130248102,0.06708756104173207,0.06875886023044586,205968000,0.0,0.0
1999-12-16 00:00:00-05:00,0.06911732161055543,0.07019179213779883,0.06804285108331204,0.06828121095895767,132576000,0.0,0.0
1999-12-17 00:00:00-05:00,0.07019178490470991,0.07293663902661787,0.0698333230000504,0.07186216861009598,262080000,0.0,0.0
1999-12-20 00:00:00-05:00,0.07198227852808697,0.07923404514551574,0.06947487527850393,0.07783136516809464,402432000,0.0,0.0
1999-12-21 00:00:00-05:00,0.07783135086961895,0.0812931288715922,0.07496640146616353,0.08117394894361496,388368000,0.0,0.0
1999-12-22 00:00:00-05:00,0.08141234487201633,0.08403892853236135,0.07830902766737183,0.08308364450931549,251184000,0.0,0.0
1999-12-23 00:00:00-05:00,0.08320278846517086,0.08881350693073572,0.08284524187700318,0.08857514709234238,280224000,0.0,0.0
1999-12-27 00:00:00-05:00,0.09048482867245118,0.0906040154522944,0.08427728008627625,0.08523257076740265,202416000,0.0,0.0
1999-12-28 00:00:00-05:00,0.08523258488850247,0.08833590204691957,0.08475494288409455,0.08499330282211304,179184000,0.0,0.0
1999-12-29 00:00:00-05:00,0.0848145109392096,0.08881352108796564,0.08475492097011238,0.08785823732614517,132144000,0.0,0.0
1999-12-30 00:00:00-05:00,0.0878582233211913,0.08917197564688893,0.08642619954312716,0.08857514709234238,139776000,0.0,0.0
1999-12-31 00:00:00-05:00,0.08839546154091994,0.0897688039265086,0.08809750489059137,0.08964870870113373,127344000,0.0,0.0
2000-01-03 00:00:00-05:00,0.09024646038077914,0.09096246896856913,0.08427727224828116,0.08941034972667694,300912000,0.0,0.0
2000-01-04 00:00:00-05:00,0.08785823750070161,0.08809751267511962,0.08260597324246755,0.0870230421423912,300480000,0.0,0.0
2000-01-05 00:00:00-05:00,0.08451656216400437,0.08594857947362931,0.08296444277682498,0.08415810018777847,188352000,0.0,0.0
2000-01-06 00:00:00-05:00,0.08415806044043254,0.08415806044043254,0.0754440211948587,0.07866652309894562,120480000,0.0,0.0
2000-01-07 00:00:00-05:00,0.07830901442328453,0.08081550239112874,0.07711535699938676,0.07998031377792358,71184000,0.0,0.0
2000-01-10 00:00:00-05:00,0.08021864341770912,0.08594854798266911,0.07878662663276534,0.08260595053434372,239856000,0.0,0.0
2000-01-11 00:00:00-05:00,0.08212832295079224,0.08308361344726914,0.0792633667588234,0.0792633667588234,148128000,0.0,0.0
2000-01-12 00:00:00-05:00,0.07926339772487358,0.07938349982606151,0.07616008046806849,0.07723455131053925,123552000,0.0,0.0
2000-01-13 00:00:00-05:00,0.07711536295815484,0.08117397064362195,0.0761600721922767,0.08045704662799835,132192000,0.0,0.0
2000-01-14 00:00:00-05:00,0.0816516042004055,0.08726140823436654,0.0814123221970964,0.08391880989074707,604560000,0.0,0.0
2000-01-18 00:00:00-05:00,0.08499328879547331,0.08785824554306147,0.0811739634943614,0.08750069886445999,261648000,0.0,0.0
2000-01-19 00:00:00-05:00,0.08785827487107378,0.08785827487107378,0.08594860816776137,0.08666461706161499,164688000,0.0,0.0
2000-01-20 00:00:00-05:00,0.08738151150971349,0.09215612746115881,0.08571021218412303,0.08642622083425522,179568000,0.0,0.0
2000-01-21 00:00:00-05:00,0.08618694584427333,0.08654540781900774,0.08332198910872524,0.08547093719244003,544272000,0.0,0.0
2000-01-24 00:00:00-05:00,0.08821669235538289,0.08821669235538289,0.08117394954104713,0.08165159821510315,256944000,0.0,0.0
2000-01-25 00:00:00-05:00,0.08200916672216607,0.08284527760366059,0.07830902754117684,0.08093469589948654,237120000,0.0,0.0
2000-01-26 00:00:00-05:00,0.0809346809744523,0.08308362905410792,0.07616006502068218,0.07759208232164383,232464000,0.0,0.0
2000-01-27 00:00:00-05:00,0.0781888962429677,0.0781888962429677,0.0706685117598811,0.07353346794843674,458208000,0.0,0.0
2000-01-28 00:00:00-05:00,0.07257908536608094,0.07305672714986418,0.06852047924295407,0.07138542830944061,194448000,0.0,0.0
2000-01-31 00:00:00-05:00,0.07174298282778506,0.07329510192615389,0.06684918780640701,0.07078861445188522,182400000,0.0,0.0
2000-02-01 00:00:00-05:00,0.07090780756070607,0.07305674882240382,0.06828121754295155,0.07245900481939316,92976000,0.0,0.0
2000-02-02 00:00:00-05:00,0.07281748171394847,0.07592172112373703,0.07245901966434631,0.07448878139257431,149040000,0.0,0.0
2000-02-03 00:00:00-05:00,0.0768760821644546,0.07842820171372274,0.07520478265340472,0.07568243145942688,108240000,0.0,0.0
2000-02-04 00:00:00-05:00,0.07806973904781363,0.07806973904781363,0.07592171287700271,0.07747291028499603,123696000,0.0,0.0
2000-02-07 00:00:00-05:00,0.07783134972838839,0.07783134972838839,0.07257909283845305,0.07269827276468277,217488000,0.0,0.0
2000-02-08 00:00:00-05:00,0.07448875919851404,0.07878664815245016,0.07257910014141146,0.07616005837917328,468816000,0.0,0.0
2000-02-09 00:00:00-05:00,0.07902502227539678,0.0803378596364585,0.07795055164372618,0.07806973159313202,589056000,0.0,0.0
2000-02-10 00:00:00-05:00,0.08284525514650425,0.09549871788243018,0.08284525514650425,0.09406578540802002,970080000,0.0,0.0
2000-02-11 00:00:00-05:00,0.09872123773881195,0.09884133983389334,0.08857518241795266,0.09549874067306519,423792000,0.0,0.0
2000-02-14 00:00:00-05:00,0.09573710375437637,0.11077787727117538,0.09478181297001181,0.11077787727117538,650112000,0.0,0.0
2000-02-15 00:00:00-05:00,0.1110171294729381,0.111136309403036,0.10194462560001842,0.10648087412118912,450480000,0.0,0.0
2000-02-16 00:00:00-05:00,0.10767453086937581,0.11507573564324626,0.10648087365631177,0.11137466877698898,1019568000,0.0,0.0
2000-02-17 00:00:00-05:00,0.11125548234405912,0.11603101255349645,0.10958418338231338,0.11531408876180649,535776000,0.0,0.0
2000-02-18 00:00:00-05:00,0.11364283851853713,0.1303558284702448,0.11280764974362634,0.12868453562259674,960864000,0.0,0.0
2000-02-22 00:00:00-05:00,0.12462587480145533,0.12629625164542146,0.12032797955356818,0.12510259449481964,542496000,0.0,0.0
2000-02-23 00:00:00-05:00,0.12367060764724348,0.1271323863585005,0.12211849505078858,0.12581954896450043,511392000,0.0,0.0
2000-02-24 00:00:00-05:00,0.1265355346571332,0.12737072304087627,0.11937269044519692,0.12462586909532547,244320000,0.0,0.0
2000-02-25 00:00:00-05:00,0.12474510188284406,0.12474510188284406,0.11173317391662521,0.11686624586582184,278736000,0.0,0.0
2000-02-28 00:00:00-05:00,0.11626941060561655,0.11746306814115005,0.11412047594983853,0.11603105068206787,517872000,0.0,0.0
2000-02-29 00:00:00-05:00,0.11531407530426249,0.12367056230718293,0.11531407530426249,0.12223763018846512,306048000,0.0,0.0
2000-03-01 00:00:00-05:00,0.1222376912825288,0.1222376912825288,0.11674706577284437,0.11865673214197159,383568000,0.0,0.0
2000-03-02 00:00:00-05:00,0.11961200984128391,0.11961200984128391,0.11030115044740438,0.1106586903333664,191040000,0.0,0.0
2000-03-03 00:00:00-05:00,0.11077785507650005,0.11364280472727464,0.10982347978108514,0.11244915425777435,273696000,0.0,0.0
2000-03-06 00:00:00-05:00,0.11316609358264702,0.12176095736870761,0.11077787018969304,0.11173316091299057,432096000,0.0,0.0
2000-03-07 00:00:00-05:00,0.14324761925938734,0.1666448788563325,0.13704007124133713,0.159124493598938,1952208000,0.0,0.0
2000-03-08 00:00:00-05:00,0.15903468713610744,0.16187029314525844,0.14754552857935185,0.16043736040592194,668736000,0.0,0.0
2000-03-09 00:00:00-05:00,0.1623469997192714,0.20627657006958278,0.16187026629590515,0.19156400859355927,952944000,0.0,0.0
2000-03-10 00:00:00-05:00,0.20150195662593384,0.2769450865830078,0.20006902410872413,0.2253759503364563,2161200000,0.0,0.0
2000-03-13 00:00:00-05:00,0.20436692523200223,0.28649525420794936,0.20245634393998083,0.285063236951828,2415168000,0.0,0.0
2000-03-14 00:00:00-05:00,0.28351108453596174,0.28351108453596174,0.2062765584618884,0.2103351652622223,1567776000,0.0,0.0
2000-03-15 00:00:00-05:00,0.2254062534097573,0.23122601710627172,0.19481681105162085,0.20174036920070648,995616000,0.0,0.0
2000-03-16 00:00:00-05:00,0.208186227075707,0.2153490723431408,0.17691102950877283,0.17986491322517395,750384000,0.0,0.0
2000-03-17 00:00:00-05:00,0.1757174112785015,0.20436693856896065,0.1756871518109243,0.19075818359851837,557616000,0.0,0.0
2000-03-20 00:00:00-05:00,0.19827861673751768,0.20460534695229154,0.18455067856179644,0.19063904881477356,365280000,0.0,0.0
2000-03-21 00:00:00-05:00,0.19099650505106316,0.19266779726714728,0.1661672302951569,0.18120799958705902,536640000,0.0,0.0
2000-03-22 00:00:00-05:00,0.1826409851305696,0.18813161041466153,0.1795367459906283,0.18252180516719818,230592000,0.0,0.0
2000-03-23 00:00:00-05:00,0.18085053285715763,0.19577212937525132,0.1804920776017997,0.18574433028697968,309408000,0.0,0.0
2000-03-24 00:00:00-05:00,0.1845505900577787,0.192907078115359,0.17189712203522994,0.17798548936843872,231600000,0.0,0.0
2000-03-27 00:00:00-05:00,0.17762709023207565,0.183357004741564,0.1647352709722403,0.16628646850585938,388944000,0.0,0.0
2000-03-28 00:00:00-05:00,0.16055653520004892,0.16234702142389473,0.15088720740767742,0.1538722664117813,393312000,0.0,0.0
2000-03-29 00:00:00-05:00,0.15446908263102804,0.15805005510512732,0.13751774188640595,0.14372529089450836,469440000,0.0,0.0
2000-03-30 00:00:00-05:00,0.1394274075581373,0.15614040362408355,0.1346527908039112,0.14288918673992157,361920000,0.0,0.0
2000-03-31 00:00:00-05:00,0.15264832254098293,0.1678385320899573,0.14993281235613543,0.16136236488819122,962976000,0.0,0.0
2000-04-03 00:00:00-04:00,0.15990014066489636,0.1604373795091911,0.1445605003531685,0.14873920381069183,329952000,0.0,0.0
2000-04-04 00:00:00-04:00,0.15661709743520902,0.15924367355051317,0.10886818928005582,0.14324761927127838,513792000,0.0,0.0
2000-04-05 00:00:00-04:00,0.14468057699855819,0.18622193755501168,0.13727937038713187,0.17512059211730957,639600000,0.0,0.0
2000-04-06 00:00:00-04:00,0.18323777616024017,0.19254863374425743,0.17452373356788609,0.18323777616024017,404592000,0.0,0.0
2000-04-07 00:00:00-04:00,0.1924294529960613,0.2005466669014529,0.18431223909066966,0.19589123129844666,318576000,0.0,0.0
2000-04-10 00:00:00-04:00,0.1992338138106067,0.21081280509710898,0.1748812587344719,0.1785823255777359,395280000,0.0,0.0
2000-04-11 00:00:00-04:00,0.1661370207893283,0.1814473293011778,0.1527977991640316,0.16795775294303894,457584000,0.0,0.0
2000-04-12 00:00:00-04:00,0.16819704738682995,0.17189718650096936,0.14993285383511748,0.150529682636261,313440000,0.0,0.0
2000-04-13 00:00:00-04:00,0.15172326391926297,0.1570947072501144,0.1415763041759748,0.14408278465270996,313296000,0.0,0.0
2000-04-14 00:00:00-04:00,0.13489112640139195,0.14527737631856835,0.1251026067543755,0.131400004029274,421920000,0.0,0.0
2000-04-17 00:00:00-04:00,0.12032800066055115,0.1432476263393029,0.12032800066055115,0.1381145417690277,294096000,0.0,0.0
2000-04-18 00:00:00-04:00,0.15202125165647515,0.1714194942520056,0.14754550126096766,0.1625862717628479,477504000,0.0,0.0
2000-04-19 00:00:00-04:00,0.16771935601283397,0.16998747701250866,0.15279776545474016,0.15482661128044128,278352000,0.0,0.0
2000-04-20 00:00:00-04:00,0.15900530659081974,0.16198944971060755,0.1518424751281285,0.15399141609668732,153936000,0.0,0.0
2000-04-24 00:00:00-04:00,0.14515729264008345,0.15160411616509026,0.13871137075152062,0.1463509500026703,205968000,0.0,0.0
2000-04-25 00:00:00-04:00,0.15291693822291424,0.1671225195269603,0.1525584831275383,0.1623469889163971,249696000,0.0,0.0
2000-04-26 00:00:00-04:00,0.17368770971363287,0.17762712489730803,0.16043740533646594,0.1606757789850235,254112000,0.0,0.0
2000-04-27 00:00:00-04:00,0.14993278375692692,0.17547806362868196,0.14909668011191143,0.17380677163600922,280992000,0.0,0.0
2000-04-28 00:00:00-04:00,0.17655257148446993,0.18335694787432077,0.1702258437871933,0.1702258437871933,179040000,0.0,0.0
2000-05-01 00:00:00-04:00,0.17667176703512116,0.18049201429358006,0.1715386824750388,0.17571739852428436,119424000,0.0,0.0
2000-05-02 00:00:00-04:00,0.1757173986810997,0.18598355414926807,0.16401829700726242,0.16891302168369293,234000000,0.0,0.0
2000-05-03 00:00:00-04:00,0.16783858182534953,0.1733301227487699,0.1527978072180418,0.16616728901863098,329184000,0.0,0.0
2000-05-04 00:00:00-04:00,0.16580879076222077,0.17523975810174555,0.16437677344866147,0.16819702088832855,241200000,0.0,0.0
2000-05-05 00:00:00-04:00,0.16748007445900243,0.18001436462414777,0.16521195336071978,0.17595575749874115,170592000,0.0,0.0
2000-05-08 00:00:00-04:00,0.17141952536783053,0.17762707450733844,0.16927058391549618,0.1695098727941513,185136000,0.0,0.0
2000-05-09 00:00:00-04:00,0.1723748075935736,0.17380682490228613,0.16234701158087192,0.16712254285812378,176832000,0.0,0.0
2000-05-10 00:00:00-04:00,0.16545122735471224,0.1655704072874054,0.14921588501283922,0.1506488174200058,274080000,0.0,0.0
2000-05-11 00:00:00-04:00,0.15279780859192527,0.15984054711680043,0.1507680468956371,0.1570947766304016,245904000,0.0,0.0
2000-05-12 00:00:00-04:00,0.16139262808026303,0.16998747702942377,0.15232011675834656,0.15232011675834656,187824000,0.0,0.0
2000-05-15 00:00:00-04:00,0.1516040530289099,0.16545117485175564,0.14420285041019532,0.1628245860338211,282096000,0.0,0.0
2000-05-16 00:00:00-04:00,0.16998748370033082,0.1846697996620979,0.16807690244011758,0.17953671514987946,366432000,0.0,0.0
2000-05-17 00:00:00-04:00,0.18908692067774682,0.2189301122452946,0.1889677406977991,0.21105125546455383,1290624000,0.0,0.0
2000-05-18 00:00:00-04:00,0.2122448623060774,0.21570664098781647,0.19541360400055605,0.19672644138336182,509904000,0.0,0.0
2000-05-19 00:00:00-04:00,0.19099653478913772,0.2015019657169487,0.18956451750490252,0.19505514204502106,521184000,0.0,0.0
2000-05-22 00:00:00-04:00,0.19290709596149022,0.20770950615406036,0.17583656483472124,0.20770950615406036,517152000,0.0,0.0
2000-05-23 00:00:00-04:00,0.202456391837445,0.2252568294266679,0.19911470779632628,0.20603826642036438,778560000,0.0,0.0
2000-05-24 00:00:00-04:00,0.20579895359831682,0.209141552326912,0.17619504440035047,0.20341163873672485,739632000,0.0,0.0
2000-05-25 00:00:00-04:00,0.20639574454993692,0.21869165973508178,0.19804015772432745,0.20054665207862854,569184000,0.0,0.0
2000-05-26 00:00:00-04:00,0.2015615850687027,0.2071118000152166,0.18908688350148592,0.2015615850687027,183456000,0.0,0.0
2000-05-30 00:00:00-04:00,0.2069926191192292,0.21510983476282555,0.2060382504495932,0.20985758304595947,303648000,0.0,0.0
2000-05-31 00:00:00-04:00,0.20914151538931505,0.22155661058283746,0.20914151538931505,0.2179747372865677,469536000,0.0,0.0
2000-06-01 00:00:00-04:00,0.22442156719150763,0.2264504129466499,0.21845237926510178,0.22406309843063354,418992000,0.0,0.0
2000-06-02 00:00:00-04:00,0.22871852295132097,0.2540254599802061,0.22871852295132097,0.25128060579299927,592176000,0.0,0.0
2000-06-05 00:00:00-04:00,0.2509220813400499,0.2693054309380281,0.24089430297193962,0.25668132305145264,491904000,0.0,0.0
2000-06-06 00:00:00-04:00,0.25760743457862106,0.26715666862188286,0.24256573044627083,0.243879497051239,375888000,0.0,0.0
2000-06-07 00:00:00-04:00,0.2420889119775806,0.24411775760811355,0.229434528338917,0.23301640152931213,332352000,0.0,0.0
2000-06-08 00:00:00-04:00,0.23898469554392032,0.23922395704182067,0.22537592941077547,0.23480689525604248,460704000,0.0,0.0
2000-06-09 00:00:00-04:00,0.2392240221640884,0.2521158679658586,0.23564214787735602,0.24149122834205627,467280000,0.0,0.0
2000-06-12 00:00:00-04:00,0.24256568511523693,0.24459546015149664,0.22967386774198564,0.23504529893398285,380016000,0.0,0.0
2000-06-13 00:00:00-04:00,0.2284802588513362,0.2425657366656806,0.22728660115003252,0.24244655668735504,447840000,0.0,0.0
2000-06-14 00:00:00-04:00,0.24698273736803528,0.24829554724606268,0.2390149494380033,0.2422081083059311,275088000,0.0,0.0
2000-06-15 00:00:00-04:00,0.24149117782539808,0.24853484332561493,0.22848018210444776,0.24853484332561493,338592000,0.0,0.0
2000-06-16 00:00:00-04:00,0.24763914350899446,0.28649521559324276,0.24757952622227183,0.2860175669193268,987840000,0.0,0.0
2000-06-19 00:00:00-04:00,0.28530159531384863,0.3270822258549568,0.27813874951762413,0.3039233386516571,1052160000,0.0,0.0
2000-06-20 00:00:00-04:00,0.30917657119784736,0.3127575165661998,0.29604546368443635,0.2998647689819336,610272000,0.0,0.0
2000-06-21 00:00:00-04:00,0.29520938693503673,0.33615484156711484,0.29520938693503673,0.3303048312664032,614880000,0.0,0.0
2000-06-22 00:00:00-04:00,0.32887278093979944,0.33567715937307047,0.309176583373488,0.3122798800468445,614352000,0.0,0.0
2000-06-23 00:00:00-04:00,0.303923339462542,0.3077435730775573,0.282675019823183,0.28279510140419006,607392000,0.0,0.0
2000-06-26 00:00:00-04:00,0.2884049250675094,0.31872575710444134,0.2838686827376468,0.316935271024704,618288000,0.0,0.0
2000-06-27 00:00:00-04:00,0.3141894391699464,0.3194426182914574,0.2638139522059496,0.27217045426368713,604608000,0.0,2.0
2000-06-28 00:00:00-04:00,0.2779004942220233,0.28840502720446265,0.25402558940874387,0.26166605949401855,586608000,0.0,0.0
2000-06-29 00:00:00-04:00,0.2571296631139986,0.2571296631139986,0.21964600773100815,0.22394388914108276,1184880000,0.0,0.0
2000-06-30 00:00:00-04:00,0.23444845614773227,0.2468635529643255,0.22298865681547062,0.24280495941638947,1209192000,0.0,0.0
2000-07-03 00:00:00-04:00,0.24447626598641264,0.25211583167655477,0.23110587166077737,0.2334940880537033,232680000,0.0,0.0
2000-07-05 00:00:00-04:00,0.23253877647428758,0.2330164251883876,0.201501951554084,0.20842552185058594,777936000,0.0,0.0
2000-07-06 00:00:00-04:00,0.2086638809481062,0.22871854218736512,0.20364999022919203,0.22107897698879242,603936000,0.0,0.0
2000-07-07 00:00:00-04:00,0.22919623721836144,0.23301647140788473,0.2177364226252113,0.22227267920970917,346560000,0.0,0.0
2000-07-10 00:00:00-04:00,0.21845244219128812,0.2392240325449729,0.21630441588333246,0.23373249173164368,351264000,0.0,0.0
2000-07-11 00:00:00-04:00,0.23062910392055727,0.26453087351077226,0.22800250085934015,0.25259342789649963,755304000,0.0,0.0
2000-07-12 00:00:00-04:00,0.263098017979457,0.2728865398618657,0.2547424425205909,0.2597554326057434,388152000,0.0,0.0
2000-07-13 00:00:00-04:00,0.2652469752516723,0.28554000058840495,0.26476932644001366,0.2841079831123352,458736000,0.0,0.0
2000-07-14 00:00:00-04:00,0.2898379158843042,0.29532855543247183,0.27503552783619833,0.28195908665657043,280200000,0.0,0.0
2000-07-17 00:00:00-04:00,0.28625694813993113,0.2864953080745131,0.2779004433678134,0.27885574102401733,105552000,0.0,0.0
2000-07-18 00:00:00-04:00,0.2635756070194954,0.28649523096082424,0.2635756070194954,0.2733641266822815,183672000,0.0,0.0
2000-07-19 00:00:00-04:00,0.2635756831818783,0.26548534957315223,0.2504445751089928,0.2559361159801483,189504000,0.0,0.0
2000-07-20 00:00:00-04:00,0.2556968250419833,0.26930558184385794,0.25498081627083735,0.26285967230796814,142992000,0.0,0.0
2000-07-21 00:00:00-04:00,0.26357560800210345,0.27121517302479725,0.259755374672568,0.2662022113800049,251928000,0.0,0.0
2000-07-24 00:00:00-04:00,0.2664405528536052,0.26835021856832203,0.2330164028628604,0.24352093040943146,281112000,0.0,0.0
2000-07-25 00:00:00-04:00,0.24734117720391716,0.2492508430246305,0.23397078422751522,0.23444843292236328,335304000,0.0,0.0
2000-07-26 00:00:00-04:00,0.23444851397101907,0.23444851397101907,0.21057452723160813,0.2170204371213913,380064000,0.0,0.0
2000-07-27 00:00:00-04:00,0.21009687538418803,0.21296182588311363,0.19863705972732412,0.2015020102262497,331560000,0.0,0.0
2000-07-28 00:00:00-04:00,0.20245634700816337,0.2213173522577354,0.19099653393394272,0.20627658069133759,512664000,0.0,0.0
2000-07-31 00:00:00-04:00,0.21773637856011163,0.22967383954622278,0.20627656628617785,0.2291961908340454,371232000,0.0,0.0
2000-08-01 00:00:00-04:00,0.22919626630593645,0.23110593282476616,0.2229887162432908,0.2246600091457367,350616000,0.0,0.0
2000-08-02 00:00:00-04:00,0.22155662563766043,0.23289634267567294,0.21797475209800155,0.2291961908340454,345432000,0.0,0.0
2000-08-03 00:00:00-04:00,0.2062765403244967,0.24447621941608785,0.2062765403244967,0.23922394216060638,368664000,0.0,0.0
2000-08-04 00:00:00-04:00,0.2449538764144396,0.24829553185322464,0.23970069734368302,0.24352093040943146,194784000,0.0,0.0
2000-08-07 00:00:00-04:00,0.2451922990038273,0.2647693147372219,0.24423700142273422,0.26262035965919495,246936000,0.0,0.0
2000-08-08 00:00:00-04:00,0.2568904161453247,0.2712151780100758,0.2559360476838384,0.2568904161453247,128112000,0.0,0.0
2000-08-09 00:00:00-04:00,0.26023298987832616,0.2619042683161613,0.24566987028004275,0.24925081431865692,136248000,0.0,0.0
2000-08-10 00:00:00-04:00,0.24352095324026557,0.2578457151955753,0.23874635134883884,0.25211581587791443,156432000,0.0,0.0
2000-08-11 00:00:00-04:00,0.2525934634930229,0.2545031293784756,0.23444844087036634,0.2461475282907486,131928000,0.0,0.0
2000-08-14 00:00:00-04:00,0.2492508519140838,0.25163816651478804,0.2406559892986364,0.24853484332561493,108576000,0.0,0.0
2000-08-15 00:00:00-04:00,0.24972852192325073,0.2769451019452929,0.2490125132737194,0.2719917297363281,443328000,0.0,0.0
2000-08-16 00:00:00-04:00,0.28673366800909506,0.28673366800909506,0.27049923625189953,0.27885574102401733,266232000,0.0,0.0
2000-08-17 00:00:00-04:00,0.27503549721218157,0.28554000058840495,0.27408019958886437,0.2841079831123352,129816000,0.0,0.0
2000-08-18 00:00:00-04:00,0.28291431620493845,0.29747746788252927,0.2824366947313985,0.29413485527038574,204720000,0.0,0.0
2000-08-21 00:00:00-04:00,0.30487852395120046,0.31013080066505094,0.29795496892909273,0.2986709773540497,464472000,0.0,0.0
2000-08-22 00:00:00-04:00,0.28315259063355513,0.2893601372664838,0.26787343632905414,0.2704991102218628,658872000,0.0,0.0
2000-08-23 00:00:00-04:00,0.26620221827137214,0.28673359932306736,0.2607106788244072,0.2862568795681,352800000,0.0,0.0
2000-08-24 00:00:00-04:00,0.2845855945669766,0.2967614300285737,0.27933334356831807,0.29389646649360657,332616000,0.0,0.0
2000-08-25 00:00:00-04:00,0.2907931206711254,0.29699976705329334,0.2850632213647373,0.28649523854255676,153048000,0.0,0.0
2000-08-28 00:00:00-04:00,0.2879282701186921,0.301775387442625,0.28458565710027883,0.29795512557029724,189264000,0.0,0.0
2000-08-29 00:00:00-04:00,0.2991486413140747,0.2998646497757889,0.2941347514872902,0.2972389757633209,149376000,0.0,0.0
2000-08-30 00:00:00-04:00,0.2938965084864655,0.30392339048981365,0.2907931846129984,0.2998647689819336,178080000,0.0,0.0
2000-08-31 00:00:00-04:00,0.3044010251667242,0.3151448170539397,0.2984327376261789,0.3032073676586151,388896000,0.0,0.0
2000-09-01 00:00:00-04:00,0.30941481855419956,0.312279754133866,0.3003423085271519,0.30368492007255554,204144000,0.0,0.0
2000-09-05 00:00:00-04:00,0.3108478494845698,0.3110862367354439,0.3020137234301155,0.3041626513004303,246144000,0.0,0.0
2000-09-06 00:00:00-04:00,0.3053562274068584,0.3053562274068584,0.2807653253815056,0.28315263986587524,230136000,0.0,0.0
2000-09-07 00:00:00-04:00,0.2874505283737387,0.2989103266837977,0.2755130540418053,0.29843267798423767,239760000,0.0,0.0
2000-09-08 00:00:00-04:00,0.29509008602317965,0.3017752824109267,0.2798100274556674,0.2807653248310089,222648000,0.0,0.0
2000-09-11 00:00:00-04:00,0.2771844429974444,0.2788557494669344,0.25880108275898756,0.26930558681488037,285888000,0.0,0.0
2000-09-12 00:00:00-04:00,0.26954384869135306,0.283630220711905,0.2635755633330761,0.26763418316841125,125976000,0.0,0.0
2000-09-13 00:00:00-04:00,0.26691829408773227,0.2719321860837972,0.26118836599784695,0.2675151228904724,239976000,0.0,0.0
2000-09-14 00:00:00-04:00,0.26882790066813933,0.2807653483819489,0.26166595662832015,0.2650085687637329,216336000,0.0,0.0
2000-09-15 00:00:00-04:00,0.2635756216946383,0.27455779923837936,0.26166595574885354,0.27079805731773376,242592000,0.0,0.0
2000-09-18 00:00:00-04:00,0.27145439558291684,0.2731257011501565,0.2521157480992559,0.2549806833267212,163488000,0.0,0.0
2000-09-19 00:00:00-04:00,0.24328265480395075,0.2635756810791141,0.2406560506978168,0.26285967230796814,301104000,0.0,0.0
2000-09-20 00:00:00-04:00,0.2556966693996591,0.2607105856636129,0.25020606087339164,0.2542646527290344,227568000,0.0,0.0
2000-09-21 00:00:00-04:00,0.2561743443868703,0.27097675131144133,0.2559359845699555,0.26518726348876953,346824000,0.0,0.0
2000-09-22 00:00:00-04:00,0.23898484897304176,0.27312593200248886,0.23874648895845357,0.2697833180427551,387264000,0.0,0.0
2000-09-25 00:00:00-04:00,0.2781388140781213,0.29318051778621856,0.27599078770685015,0.2891218960285187,467568000,0.0,0.0
2000-09-26 00:00:00-04:00,0.29222513208829637,0.2993879773900151,0.2788556678490762,0.2960453927516937,337344000,0.0,0.0
2000-09-27 00:00:00-04:00,0.29365816012183243,0.32612702417424044,0.29365816012183243,0.3122798800468445,676128000,0.0,0.0
2000-09-28 00:00:00-04:00,0.30941493532065345,0.3237397005917733,0.3017753683408779,0.32183003425598145,333816000,0.0,0.0
2000-09-29 00:00:00-04:00,0.3127574324607849,0.3246949065227838,0.3075051821240812,0.3127574324607849,373872000,0.0,0.0
2000-10-02 00:00:00-04:00,0.3170543888671115,0.32946948336066106,0.29747737877980274,0.3053562045097351,340584000,0.0,0.0
2000-10-03 00:00:00-04:00,0.3070274539254139,0.3094147677923081,0.2864951503035618,0.28888246417045593,300264000,0.0,0.0
2000-10-04 00:00:00-04:00,0.2812429428157956,0.2903154253704881,0.27742268269014675,0.2855398952960968,419568000,0.0,0.0
2000-10-05 00:00:00-04:00,0.287688965665299,0.287688965665299,0.2728865514334714,0.27885574102401733,525048000,0.0,0.0
2000-10-06 00:00:00-04:00,0.2795716507583382,0.28148131643537655,0.25760732608420145,0.2614266574382782,1027176000,0.0,0.0
2000-10-09 00:00:00-04:00,0.25474237743440636,0.2712151642188989,0.2368357429561384,0.26715657114982605,665256000,0.0,0.0
2000-10-10 00:00:00-04:00,0.255936086457469,0.2688279314673226,0.2444762861584651,0.24686357378959656,415944000,0.0,0.0
2000-10-11 00:00:00-04:00,0.23182278813634372,0.2626203405720112,0.22251101443926521,0.2490125149488449,535776000,0.0,0.0
2000-10-12 00:00:00-04:00,0.25450309795267795,0.2693054794066607,0.23683572622261218,0.23922394216060638,401616000,0.0,0.0
2000-10-13 00:00:00-04:00,0.24089436119474866,0.25593603238240126,0.23832827684961547,0.24877318739891052,578976000,0.0,0.0
2000-10-16 00:00:00-04:00,0.2487732485402835,0.2487732485402835,0.23731344784605377,0.24304334819316864,339216000,0.0,0.0
2000-10-17 00:00:00-04:00,0.24208894265125733,0.24304331114476269,0.22275028944204978,0.2253759503364563,463248000,0.0,0.0
2000-10-18 00:00:00-04:00,0.21081284293182492,0.23468775361881822,0.20078504683778745,0.2217950075864792,416952000,0.0,0.0
2000-10-19 00:00:00-04:00,0.23611975554844794,0.2463859245349304,0.23253878352223764,0.24328260123729706,294888000,0.0,0.0
2000-10-20 00:00:00-04:00,0.23755269352150613,0.2721704765506419,0.23588138750863946,0.2659629285335541,387360000,0.0,0.0
2000-10-23 00:00:00-04:00,0.26811190006533736,0.26978317886065467,0.2516381823840182,0.2599946856498718,182112000,0.0,0.0
2000-10-24 00:00:00-04:00,0.25880105036084605,0.2630980041657486,0.25068383525264104,0.2516382038593292,193968000,0.0,0.0
2000-10-25 00:00:00-04:00,0.24471466622770366,0.24829561163052705,0.22800258586274508,0.22967389225959778,385512000,0.0,0.0
2000-10-26 00:00:00-04:00,0.23110581480785466,0.24829550960928495,0.21487138993520455,0.23946231603622437,265776000,0.0,0.0
2000-10-27 00:00:00-04:00,0.23970073295670635,0.2456103314649457,0.2253759565549576,0.23397080600261688,210960000,0.0,0.0
2000-10-30 00:00:00-05:00,0.2301515204868831,0.23534418183904737,0.2172587602710235,0.2174980491399765,192120000,0.0,0.0
2000-10-31 00:00:00-05:00,0.22609292414000215,0.241133698414491,0.21916936580243937,0.23737305402755737,299256000,0.0,0.0
2000-11-01 00:00:00-05:00,0.23158356353993775,0.24065604982680316,0.2234663475947869,0.23731346428394318,304536000,0.0,0.0
2000-11-02 00:00:00-05:00,0.24566995006106654,0.2616659934512483,0.24161132874227126,0.25545844435691833,192888000,0.0,0.0
2000-11-03 00:00:00-05:00,0.2521157946771412,0.2769450557536109,0.2502061289439738,0.27217045426368713,268632000,0.0,0.0
2000-11-06 00:00:00-05:00,0.2786163567805574,0.3055945719364569,0.2769450509336349,0.2931804060935974,635040000,0.0,0.0
2000-11-07 00:00:00-05:00,0.2884048968002842,0.2884048968002842,0.2635756070194954,0.2733641266822815,258240000,0.0,0.0
2000-11-08 00:00:00-05:00,0.2764683668012661,0.2764683668012661,0.2611883070044684,0.2652469277381897,187080000,0.0,0.0
2000-11-09 00:00:00-05:00,0.2492508769871375,0.26166597426550364,0.22585361504904128,0.2375527173280716,564528000,0.0,0.0
2000-11-10 00:00:00-05:00,0.24566998838312748,0.2578457995941785,0.21869174799733135,0.2246600091457367,805248000,0.0,0.0
2000-11-13 00:00:00-05:00,0.21343941228817082,0.25020615014729386,0.2062765668264886,0.2256152331829071,530040000,0.0,0.0
2000-11-14 00:00:00-05:00,0.24065603070338348,0.26882793799739213,0.23874639180832516,0.26691827178001404,470736000,0.0,0.0
2000-11-15 00:00:00-05:00,0.26214367114802106,0.2704992473025494,0.25139987807773917,0.2633969187736511,423864000,0.0,0.0
2000-11-16 00:00:00-05:00,0.255936086457469,0.26262035521304156,0.2444762861584651,0.24686357378959656,235536000,0.0,0.0
2000-11-17 00:00:00-05:00,0.24877321171654965,0.26142669537800645,0.23397080057974146,0.2420889437198639,178776000,0.0,0.0
2000-11-20 00:00:00-05:00,0.23313563579812518,0.2332548157526502,0.22083973169339743,0.22346632182598114,298752000,0.0,0.0
2000-11-21 00:00:00-05:00,0.23301646405890514,0.23492613027514883,0.20770954790775184,0.21916934847831726,382512000,0.0,0.0
2000-11-22 00:00:00-05:00,0.21009680702302858,0.2167810882544855,0.19863699509495064,0.20770950615406036,409752000,0.0,0.0
2000-11-24 00:00:00-05:00,0.21009682013205655,0.22776418099371495,0.21009682013205655,0.21964605152606964,165072000,0.0,0.0
2000-11-27 00:00:00-05:00,0.2354037546540331,0.23683577192797642,0.20347122026012515,0.21224485337734222,363864000,0.0,0.0
2000-11-28 00:00:00-05:00,0.21546823332132398,0.21773635406885342,0.19171342291815135,0.19642844796180725,382344000,0.0,0.0
2000-11-29 00:00:00-05:00,0.1993530259328221,0.19959139949014762,0.16950985600539337,0.18431225419044495,636408000,0.0,0.0
2000-11-30 00:00:00-05:00,0.1685545775001447,0.1685545775001447,0.13895067942999612,0.15470746159553528,981624000,0.0,0.0
2000-12-01 00:00:00-05:00,0.16425757085206164,0.18622189702923478,0.1633022734688662,0.16998746991157532,784080000,0.0,0.0
2000-12-04 00:00:00-05:00,0.17106194687474988,0.17667175069193206,0.15948203988773177,0.17261314392089844,474264000,0.0,0.0
2000-12-05 00:00:00-05:00,0.18478989617564612,0.19147417790909332,0.16760018382315847,0.18383461236953735,997224000,0.0,0.0
2000-12-06 00:00:00-05:00,0.1802536066392923,0.18526659500927745,0.15661707521897483,0.15757235884666443,950928000,0.0,0.0
2000-12-07 00:00:00-05:00,0.14993284512492452,0.1630639523015469,0.1418156296396771,0.15470746159553528,785184000,0.0,0.0
2000-12-08 00:00:00-05:00,0.17070348660647358,0.19099652147084586,0.15476702222341376,0.1900421530008316,853392000,0.0,0.0
2000-12-11 00:00:00-05:00,0.18383460495382808,0.19386147113716484,0.17905998938876372,0.1900421530008316,757632000,0.0,0.0
2000-12-12 00:00:00-05:00,0.18526667426577859,0.18860925992579236,0.17858239092124495,0.18478994071483612,409512000,0.0,0.0
2000-12-13 00:00:00-05:00,0.18407298081974982,0.18717720593107728,0.16712254286379138,0.1704651415348053,675072000,0.0,0.0
2000-12-14 00:00:00-05:00,0.16927054563619565,0.1707034780462781,0.15470742449590957,0.1587660312652588,569016000,0.0,0.0
2000-12-15 00:00:00-05:00,0.14873914414116032,0.15805001443938754,0.1422923215793738,0.1430092453956604,1094424000,0.0,0.0
2000-12-18 00:00:00-05:00,0.14897748928212826,0.1527977356084483,0.14563489157405882,0.14772425591945648,658872000,0.0,0.0
2000-12-19 00:00:00-05:00,0.1499328153184423,0.16330227976026088,0.13369747227778328,0.13656242191791534,946200000,0.0,0.0
2000-12-20 00:00:00-05:00,0.12963886719146214,0.14849988496813205,0.11507574524623801,0.12176094204187393,1105392000,0.0,0.0
2000-12-21 00:00:00-05:00,0.12008962651527949,0.13656241306631214,0.10504794174522639,0.10648087412118912,845256000,0.0,0.0
2000-12-22 00:00:00-05:00,0.11507574399771404,0.1461125687575236,0.11507574399771404,0.13393674790859222,949080000,0.0,0.0
2000-12-26 00:00:00-05:00,0.13560805348439217,0.13704007065597598,0.11985035915050618,0.12844520807266235,343824000,0.0,0.0
2000-12-27 00:00:00-05:00,0.1270132535444385,0.14229240506756186,0.12176100038266975,0.1370401382446289,339456000,0.0,0.0
2000-12-28 00:00:00-05:00,0.1315494751922146,0.141337983541673,0.1294005336693634,0.1377561092376709,419232000,0.0,0.0
2000-12-29 00:00:00-05:00,0.13751776787692443,0.14205401146268054,0.12223770320177355,0.1251622438430786,495168000,0.0,0.0
2001-01-02 00:00:00-05:00,0.1260579326402693,0.1277292253231575,0.1138821093675939,0.11435975134372711,290808000,0.0,0.0
2001-01-03 00:00:00-05:00,0.11077786073943263,0.1506488321648323,0.1079129041116235,0.14945517480373383,910368000,0.0,0.0
2001-01-04 00:00:00-05:00,0.14682859704447432,0.17046514862293308,0.1427699895503185,0.1666449010372162,815448000,0.0,0.0
2001-01-05 00:00:00-05:00,0.1652119550973057,0.16592887902153441,0.1384730110221322,0.1416955143213272,432768000,0.0,0.0
2001-01-08 00:00:00-05:00,0.13775608717206217,0.16139263686417055,0.13775608717206217,0.15518508851528168,573768000,0.0,0.0
2001-01-09 00:00:00-05:00,0.15733402098077692,0.16139262792626427,0.14969352684223403,0.1582883894443512,302904000,0.0,0.0
2001-01-10 00:00:00-05:00,0.15017120834783293,0.16998751398917417,0.14659024933147655,0.1692705899477005,392928000,0.0,0.0
2001-01-11 00:00:00-05:00,0.16521194661824978,0.1905197874389194,0.1623469969611807,0.18335695564746857,447648000,0.0,0.0
2001-01-12 00:00:00-05:00,0.18646027202066448,0.19768172484462893,0.1776270491872561,0.17953671514987946,669000000,0.0,0.0
2001-01-16 00:00:00-05:00,0.18049196602203435,0.18049196602203435,0.1625862361324937,0.16545119881629944,414984000,0.0,0.0
2001-01-17 00:00:00-05:00,0.17810465185724547,0.18335691495405396,0.1707034481701724,0.17141945660114288,592584000,0.0,0.0
2001-01-18 00:00:00-05:00,0.17141952658930595,0.20914156885701699,0.1676002077535724,0.20430736243724823,948168000,0.0,0.0
2001-01-19 00:00:00-05:00,0.21009683746720106,0.21773640354003942,0.1957720738966569,0.19887539744377136,1018704000,0.0,0.0
2001-01-22 00:00:00-05:00,0.19290710893014834,0.2005466744095608,0.1855059033362989,0.19099652767181396,377712000,0.0,0.0
2001-01-23 00:00:00-05:00,0.18860925336593728,0.21391619887222696,0.18765488466059005,0.21003727614879608,433632000,0.0,0.0
2001-01-24 00:00:00-05:00,0.2098575760675793,0.21200651751973573,0.1969657442889212,0.2091415673494339,451728000,0.0,0.0
2001-01-25 00:00:00-05:00,0.2019795993192254,0.20245633273352684,0.18383460398791848,0.18813157081604004,440016000,0.0,0.0
2001-01-26 00:00:00-05:00,0.1776270091085085,0.1963688432476987,0.17631418577650274,0.19410072267055511,259248000,0.0,0.0
2001-01-29 00:00:00-05:00,0.18813158492304424,0.19529441723708946,0.18144730299313583,0.19505514204502106,354168000,0.0,0.0
2001-01-30 00:00:00-05:00,0.1981593510117832,0.20353078113702924,0.19433910422393463,0.19935299456119537,243720000,0.0,0.0
2001-01-31 00:00:00-05:00,0.19959142814616918,0.20723191036004096,0.19290714520829752,0.1972041130065918,358344000,0.0,0.0
2001-02-01 00:00:00-05:00,0.19720409884291598,0.1995914138110306,0.1886092349047096,0.19821898639202118,371856000,0.0,0.0
2001-02-02 00:00:00-05:00,0.19839770245944272,0.20293394392843528,0.17762702143152498,0.1790599673986435,320520000,0.0,0.0
2001-02-05 00:00:00-05:00,0.17882069945335388,0.18001435675257424,0.16831618462020273,0.17882069945335388,367584000,0.0,0.0
2001-02-06 00:00:00-05:00,0.17547810218654697,0.18335695625514545,0.17506097240031868,0.17977599799633026,250440000,0.0,0.0
2001-02-07 00:00:00-05:00,0.1785823004640617,0.18001431732600265,0.16187022762115838,0.17141945660114288,720384000,0.0,0.0
2001-02-08 00:00:00-05:00,0.1723748075994193,0.1821633147551358,0.16974821758278597,0.1704651415348053,384288000,0.0,0.0
2001-02-09 00:00:00-05:00,0.16903223001943143,0.1702258875786037,0.1630639558847305,0.1692705899477005,259608000,0.0,0.0
2001-02-12 00:00:00-05:00,0.167360873521179,0.16927053925213795,0.1566170843920606,0.16473521292209625,354336000,0.0,0.0
2001-02-13 00:00:00-05:00,0.1678385066103107,0.17762701114695714,0.16592884105665806,0.16974817216396332,467736000,0.0,0.0
2001-02-14 00:00:00-05:00,0.16760021745328924,0.1871772347822942,0.16043737025133806,0.18216334283351898,690888000,0.0,0.0
2001-02-15 00:00:00-05:00,0.2072318633808602,0.21916931068682327,0.2057989309077652,0.21558743715286255,1108512000,0.0,0.0
2001-02-16 00:00:00-05:00,0.2046052941692833,0.23301644729547724,0.20436693426897742,0.22728654742240906,1081176000,0.0,0.0
2001-02-20 00:00:00-05:00,0.2215566336712373,0.22633124938755433,0.2043669214676216,0.20460528135299683,701304000,0.0,0.0
2001-02-21 00:00:00-05:00,0.19696568826883087,0.22251097097975828,0.19481674742786645,0.2139161229133606,646512000,0.0,0.0
2001-02-22 00:00:00-05:00,0.21272249488980255,0.22919619842696318,0.20627657311980366,0.22298865020275116,815304000,0.0,0.0
2001-02-23 00:00:00-05:00,0.22179504841704986,0.22537600767473925,0.20054672385627045,0.20758946239948273,1034664000,0.0,0.0
2001-02-26 00:00:00-05:00,0.20150196473738238,0.2072318781028729,0.19410077256487143,0.20293398201465607,751824000,0.0,0.0
2001-02-27 00:00:00-05:00,0.19792010094172113,0.20579895591853525,0.18956452615426483,0.19075818359851837,533832000,0.0,0.0
2001-02-28 00:00:00-05:00,0.1893251949503938,0.2005466317131174,0.16712249819339586,0.1707034558057785,784056000,0.0,0.0
2001-03-01 00:00:00-05:00,0.1685545374423849,0.18717718068958128,0.1527977590215165,0.18419213593006134,915288000,0.0,0.0
2001-03-02 00:00:00-05:00,0.17094183691487105,0.18311855781510902,0.1642575563594389,0.16646608710289001,1413504000,0.0,0.0
2001-03-05 00:00:00-05:00,0.15995968840160577,0.1723747985859273,0.15900531989860156,0.16807690262794495,742296000,0.0,0.0
2001-03-06 00:00:00-05:00,0.17667177307354323,0.19028052752134225,0.1736876432386739,0.18431225419044495,834408000,0.0,0.0
2001-03-07 00:00:00-05:00,0.188370889057243,0.19959142871467997,0.18502828992990564,0.19911469519138336,938280000,0.0,0.0
2001-03-08 00:00:00-05:00,0.19338475767028004,0.2079478800144414,0.19338475767028004,0.20579893887043,829344000,0.0,0.0
2001-03-09 00:00:00-05:00,0.195055112195276,0.19601039588327268,0.1733300619562599,0.19123578071594238,1216776000,0.0,0.0
2001-03-12 00:00:00-05:00,0.18478990294156708,0.1933847662630834,0.1761950396200508,0.18431225419044495,762144000,0.0,0.0
2001-03-13 00:00:00-05:00,0.18669956680285393,0.20914154420576161,0.18574426931178675,0.20627658069133759,1082352000,0.0,0.0
2001-03-14 00:00:00-05:00,0.19696569535382133,0.21869166112431737,0.19696569535382133,0.2179747372865677,1351128000,0.0,0.0
2001-03-15 00:00:00-05:00,0.2313451826744686,0.24346140185079085,0.2229886785898174,0.2287185788154602,1875984000,0.0,0.0
2001-03-16 00:00:00-05:00,0.2251375845577836,0.23397079342070004,0.21845238780690773,0.22776417434215546,1225200000,0.0,0.0
2001-03-19 00:00:00-05:00,0.22656960160848216,0.24256565592661097,0.2142150108080495,0.2408943772315979,943896000,0.0,0.0
2001-03-20 00:00:00-05:00,0.23802937209619876,0.2530710689651816,0.21582667528110824,0.2184523493051529,1990560000,0.0,0.0
2001-03-21 00:00:00-05:00,0.2189299945382474,0.24113359264512718,0.2177363374624626,0.2346876859664917,1877352000,0.0,0.0
2001-03-22 00:00:00-05:00,0.23683570872738252,0.2592786090392789,0.23492604321880198,0.2583233118057251,1697760000,0.0,0.0
2001-03-23 00:00:00-05:00,0.2630980343443207,0.267873566438618,0.2430433678465634,0.2559361159801483,1509672000,0.0,0.0
2001-03-26 00:00:00-05:00,0.25593619681930574,0.27121533604878395,0.25593619681930574,0.2697833180427551,1542960000,0.0,0.0
2001-03-27 00:00:00-05:00,0.26453092793845173,0.27384179972954587,0.24877321889075554,0.2599946856498718,1702152000,0.0,0.0
2001-03-28 00:00:00-05:00,0.25283188253322025,0.2669182878463912,0.2521158737784644,0.260173499584198,1433280000,0.0,0.0
2001-03-29 00:00:00-05:00,0.25790535565907946,0.2731258280512752,0.2525935140452522,0.2640533149242401,1632960000,0.0,0.0
2001-03-30 00:00:00-05:00,0.262143525422213,0.26715651313800914,0.24638584897246335,0.24799753725528717,1423176000,0.0,0.0
2001-04-02 00:00:00-04:00,0.24734121090621625,0.25330949800834857,0.2344484648679184,0.2375527173280716,1265160000,0.0,0.0
2001-04-03 00:00:00-04:00,0.23397080680075752,0.25187747066781263,0.23373244690967626,0.24543063342571259,1991616000,0.0,0.0
2001-04-04 00:00:00-04:00,0.236119811575657,0.23659746041757188,0.20556061353100916,0.220123752951622,3362472000,0.0,0.0
2001-04-05 00:00:00-04:00,0.2346877301761123,0.24423696125893024,0.2282409069856654,0.24041762948036194,1724760000,0.0,0.0
2001-04-06 00:00:00-04:00,0.23731336170054323,0.252115769655102,0.23325474182122566,0.23946231603622437,1547664000,0.0,0.0
2001-04-09 00:00:00-04:00,0.24409394525104602,0.25001452672507607,0.2240392712685027,0.2278210073709488,1097160000,0.0,0.0
2001-04-10 00:00:00-04:00,0.23328322631672294,0.2566997344524093,0.23114435352866586,0.2493269443511963,1186416000,0.0,0.0
2001-04-11 00:00:00-04:00,0.2646831320020941,0.27427179046751077,0.25708206293426333,0.2643778324127197,1426872000,0.0,0.0
2001-04-12 00:00:00-04:00,0.2594885770328996,0.27981001112195136,0.25452233697761817,0.268350213766098,1440264000,0.0,0.0
2001-04-16 00:00:00-04:00,0.2635757113966083,0.2691149303130397,0.25700512934951714,0.2618182301521301,764112000,0.0,0.0
2001-04-17 00:00:00-04:00,0.25796037732374355,0.2767544742138558,0.25784578750195103,0.27465319633483887,1112448000,0.0,0.0
2001-04-18 00:00:00-04:00,0.28622749163300437,0.3224028871128559,0.28622749163300437,0.29512855410575867,2301864000,0.0,0.0
2001-04-19 00:00:00-04:00,0.2968090472411734,0.3255731872329399,0.29547238498824546,0.32049235701560974,1632264000,0.0,0.0
2001-04-20 00:00:00-04:00,0.3166345018797445,0.34375574886503185,0.3082688471395683,0.33218133449554443,1773840000,0.0,0.0
2001-04-23 00:00:00-04:00,0.3249617610697216,0.32526796231466526,0.31132458985719497,0.314647912979126,1239000000,0.0,0.0
2001-04-24 00:00:00-04:00,0.31376963389232393,0.3372622663938921,0.2874505893381948,0.292378306388855,1828320000,0.0,0.0
2001-04-25 00:00:00-04:00,0.29314196065438825,0.31625226941481743,0.2920344778499628,0.30582383275032043,1423728000,0.0,0.0
2001-04-26 00:00:00-04:00,0.31247060979831653,0.31247060979831653,0.27885576344211627,0.28172072768211365,1486008000,0.0,0.0
2001-04-27 00:00:00-04:00,0.2926073532995716,0.3030357863693114,0.28691505102354986,0.3017752170562744,915672000,0.0,0.0
2001-04-30 00:00:00-04:00,0.30998781155843025,0.3359630795279621,0.3034172325287227,0.31820037961006165,1583280000,0.0,0.0
2001-05-01 00:00:00-04:00,0.31934649974427004,0.34876062155523524,0.3141895749030268,0.34791994094848633,1867368000,0.0,0.0
2001-05-02 00:00:00-04:00,0.35697310769435403,0.35697310769435403,0.33539017038620444,0.3399364948272705,1547784000,0.0,0.0
2001-05-03 00:00:00-04:00,0.3296602608770147,0.33997410864392225,0.32759750771702495,0.3384467363357544,960504000,0.0,0.0
2001-05-04 00:00:00-04:00,0.328514278415036,0.34849285013397063,0.3269869334404044,0.343106746673584,953520000,0.0,0.0
2001-05-07 00:00:00-04:00,0.34180768567933933,0.3609840744385542,0.33779674180430835,0.3585014045238495,975600000,0.0,0.0
2001-05-08 00:00:00-04:00,0.3638104191320119,0.3639635333725684,0.3295079931979975,0.3325636386871338,1620144000,0.0,0.0
2001-05-09 00:00:00-04:00,0.32198223497802664,0.3289727059011519,0.3147625570892568,0.31697842478752136,1319040000,0.0,0.0
2001-05-10 00:00:00-04:00,0.32614621336695815,0.33000404274828493,0.3025390199490368,0.30632075667381287,998904000,0.0,0.0
2001-05-11 00:00:00-04:00,0.3055570618205657,0.30750522502880956,0.2923782785620716,0.2984895706176758,921216000,0.0,0.0
2001-05-14 00:00:00-04:00,0.29936871639563895,0.30460173199850626,0.2885965113319208,0.30104920268058777,702432000,0.0,0.0
2001-05-15 00:00:00-04:00,0.30368490182273855,0.32469485619391597,0.30024693561804416,0.3118598461151123,1242600000,0.0,0.0
2001-05-16 00:00:00-04:00,0.30471636036087196,0.3285142633687552,0.3027681971126611,0.32656610012054443,957096000,0.0,0.0
2001-05-17 00:00:00-04:00,0.3276360402023448,0.3418847133577921,0.32259373290561855,0.33233457803726196,919056000,0.0,0.0
2001-05-18 00:00:00-04:00,0.3312270351365121,0.3399740838502167,0.3231666509079682,0.32966023683547974,575832000,0.0,0.0
2001-05-21 00:00:00-04:00,0.32893501529664876,0.35143381950258795,0.3223259118141542,0.3445579409599304,1064688000,0.0,0.0
2001-05-22 00:00:00-04:00,0.34960026702252817,0.358309719154118,0.33615471030233895,0.3548717796802521,1049976000,0.0,0.0
2001-05-23 00:00:00-04:00,0.3688151696593534,0.38199395106682,0.3476145023013846,0.3518546521663666,2244912000,0.0,0.0
2001-05-24 00:00:00-04:00,0.3495242499672219,0.36610247752997044,0.3390197468430475,0.35704922676086426,1680576000,0.0,0.0
2001-05-25 00:00:00-04:00,0.34986802488684626,0.35506344569886794,0.3437943281496357,0.35028791427612305,947952000,0.0,0.0
2001-05-29 00:00:00-04:00,0.34830221125834554,0.3483783039272908,0.33118860116120113,0.3359256088733673,920568000,0.0,0.0
2001-05-30 00:00:00-04:00,0.3280182748388133,0.3446725935134014,0.3262222969380066,0.32966023683547974,3308904000,0.0,0.0
2001-05-31 00:00:00-04:00,0.3322958819700272,0.3342440445258901,0.319957810554185,0.3270243704319,1262928000,0.0,0.0
2001-06-01 00:00:00-04:00,0.3292788719073158,0.34791985093592387,0.3273682768844177,0.345130980014801,1022472000,0.0,0.0
2001-06-04 00:00:00-04:00,0.3453600924454942,0.3471936653534978,0.3352378596139417,0.33978328108787537,621552000,0.0,0.0
2001-06-05 00:00:00-04:00,0.3394009732862764,0.3611746131000113,0.33882799714502493,0.35762205719947815,987168000,0.0,0.0
2001-06-06 00:00:00-04:00,0.35895969995440935,0.36384891855951046,0.35372578304969854,0.35915040969848633,698976000,0.0,0.0
2001-06-07 00:00:00-04:00,0.35598010115659423,0.3804655605964039,0.3533443454953432,0.379434198141098,1141152000,0.0,0.0
2001-06-08 00:00:00-04:00,0.3782884704051325,0.37886144689254486,0.36564416265756916,0.3695789873600006,712680000,0.0,0.0
2001-06-11 00:00:00-04:00,0.3701133745892863,0.37053416558805985,0.3530382381523314,0.35876816511154175,581928000,0.0,0.0
2001-06-12 00:00:00-04:00,0.35124308467986554,0.37607234183410815,0.3504793988345012,0.37072473764419556,1102728000,0.0,0.0
2001-06-13 00:00:00-04:00,0.37343661632478786,0.3790904494068648,0.3550633459607254,0.35827210545539856,938712000,0.0,0.0
2001-06-14 00:00:00-04:00,0.3536497276553013,0.3636197772959705,0.3485688971346748,0.3575075566768646,946152000,0.0,0.0
2001-06-15 00:00:00-04:00,0.35334439653540994,0.3693881123338937,0.34677379051942503,0.36308521032333374,1094544000,0.0,0.0
2001-06-18 00:00:00-04:00,0.3621684353832924,0.3680505191220445,0.3447495331174514,0.3487219512462616,856656000,0.0,0.0
2001-06-19 00:00:00-04:00,0.3552926417411416,0.3635812766106625,0.3225936745862148,0.32966023683547974,1513128000,0.0,0.0
2001-06-20 00:00:00-04:00,0.3235865458306904,0.347614557338187,0.3168637801881755,0.3438328206539154,1759200000,0.0,0.0
2001-06-21 00:00:00-04:00,0.3424575855762203,0.3564000247860503,0.333289720391058,0.3503263294696808,1484568000,0.0,0.0
2001-06-22 00:00:00-04:00,0.3485689040470477,0.35788985761650965,0.34417659579704146,0.3487605154514313,761184000,0.0,0.0
2001-06-25 00:00:00-04:00,0.35265683548789195,0.35410808750381,0.3379112559926209,0.34807291626930237,640032000,0.0,0.0
2001-06-26 00:00:00-04:00,0.34035631126207594,0.35983799419955176,0.3390196491029201,0.35811901092529297,757920000,0.0,0.0
2001-06-27 00:00:00-04:00,0.35640012994273496,0.357163816111201,0.3409679097946482,0.34704160690307617,895752000,0.0,0.0
2001-06-28 00:00:00-04:00,0.351701611671686,0.35620943918939096,0.3476145751957005,0.35112860798835754,909336000,0.0,0.0
2001-06-29 00:00:00-04:00,0.35238907513497897,0.35983795633577503,0.3484166299325209,0.35429874062538147,730920000,0.0,0.0
2001-07-02 00:00:00-04:00,0.34028017534334964,0.34314511067298265,0.33348039039535615,0.3385987877845764,1040016000,0.0,0.0
2001-07-03 00:00:00-04:00,0.33626919529613547,0.34646842075356843,0.33455023975603976,0.3429158926010132,406296000,0.0,0.0
2001-07-05 00:00:00-04:00,0.3388281216629481,0.34092937192821476,0.3176274501993062,0.31804826855659485,1020096000,0.0,0.0
2001-07-06 00:00:00-04:00,0.31327271381747546,0.3157177879639102,0.30215668379927596,0.3082689046859741,802824000,0.0,0.0
2001-07-09 00:00:00-04:00,0.3042579114484711,0.311630700867285,0.29528075583916735,0.29818421602249146,1014072000,0.0,0.0
2001-07-10 00:00:00-04:00,0.30215672240167324,0.3061676663689042,0.296999825669314,0.3006293773651123,1221744000,0.0,0.0
2001-07-11 00:00:00-04:00,0.29948336199518055,0.3048694650394147,0.2907739088921766,0.3000563383102417,904632000,0.0,0.0
2001-07-12 00:00:00-04:00,0.3141895967522989,0.31800985909332935,0.30655002835166684,0.3157939910888672,981552000,0.0,0.0
2001-07-13 00:00:00-04:00,0.31346429369504286,0.3169022331723483,0.3027296569793489,0.3092617392539978,690144000,0.0,0.0
2001-07-16 00:00:00-04:00,0.3057862190600643,0.30941486846617905,0.28286662143630814,0.28439396619796753,1191696000,0.0,0.0
2001-07-17 00:00:00-04:00,0.2796193009179494,0.30307339969006336,0.27694502059960313,0.3002854585647583,1169904000,0.0,0.0
2001-07-18 00:00:00-04:00,0.2931418971385243,0.3012398476825435,0.28374485266120025,0.28989464044570923,840984000,0.0,0.0
2001-07-19 00:00:00-04:00,0.2940972501947311,0.3068176475954597,0.2895894227539405,0.2945556640625,840024000,0.0,0.0
2001-07-20 00:00:00-04:00,0.2872213933448251,0.29375347728373247,0.2769451404767697,0.2860754132270813,742464000,0.0,0.0
2001-07-23 00:00:00-04:00,0.28649523183938774,0.28687752566300156,0.258647891807343,0.25899168848991394,1547976000,0.0,0.0
2001-07-24 00:00:00-04:00,0.26246819993663595,0.27675446845908624,0.2569290089404419,0.2765252888202667,1365312000,0.0,0.0
2001-07-25 00:00:00-04:00,0.2760282275292951,0.2765636354642343,0.2646454264172885,0.27385085821151733,1245888000,0.0,0.0
2001-07-26 00:00:00-04:00,0.27125363099351035,0.30368488243472136,0.269878444599428,0.3017752170562744,1714152000,0.0,0.0
2001-07-27 00:00:00-04:00,0.3012023528076824,0.3127382736309966,0.29222519461066426,0.30941492319107056,1094688000,0.0,0.0
2001-07-30 00:00:00-04:00,0.30979715084327264,0.31105772046924507,0.2987187173217543,0.30204206705093384,582288000,0.0,0.0
2001-07-31 00:00:00-04:00,0.3024629107906753,0.3103701805403755,0.2914614706258009,0.3090325891971588,1187760000,0.0,0.0
2001-08-01 00:00:00-04:00,0.31510623952459665,0.32950799455962393,0.3129288697692697,0.3279036283493042,1204944000,0.0,0.0
2001-08-02 00:00:00-04:00,0.3320668770136563,0.33687997739167547,0.3208362548202993,0.33569642901420593,1097928000,0.0,0.0
2001-08-03 00:00:00-04:00,0.3323344721213547,0.3382174580844388,0.32607006665760346,0.3330605626106262,820344000,0.0,0.0
2001-08-06 00:00:00-04:00,0.33069154098878434,0.34654457393264443,0.3271390122154342,0.34314513206481934,1292568000,0.0,0.0
2001-08-07 00:00:00-04:00,0.34306821135295634,0.3447495993770632,0.3340534589835348,0.33806440234184265,1088616000,0.0,0.0
2001-08-08 00:00:00-04:00,0.3351233082475336,0.3437942629275115,0.3279797255213749,0.3294695019721985,1125696000,0.0,0.0
2001-08-09 00:00:00-04:00,0.32794123602814756,0.3343972255702486,0.31781900180067335,0.3237011134624481,1643616000,0.0,0.0
2001-08-10 00:00:00-04:00,0.32354897236681573,0.3277505987209823,0.31361654405833966,0.32331979274749756,1036488000,0.0,0.0
2001-08-13 00:00:00-04:00,0.32885799119517,0.3405469955576714,0.3239687726830138,0.3368798494338989,1514784000,0.0,0.0
2001-08-14 00:00:00-04:00,0.3307686366469252,0.3329074822335268,0.32377813998270116,0.32794126868247986,2321160000,0.0,0.0
2001-08-15 00:00:00-04:00,0.3353525060229742,0.3392864272186486,0.32542005308898014,0.32832351326942444,1816392000,0.0,0.0
2001-08-16 00:00:00-04:00,0.32228846541466794,0.34264843376544135,0.32098939813910005,0.3421515226364136,1026096000,0.0,0.0
2001-08-17 00:00:00-04:00,0.3334805305343742,0.33783524390143516,0.3172836678389342,0.3199964463710785,1668840000,0.0,0.0
2001-08-20 00:00:00-04:00,0.3179713262134167,0.32121858463653785,0.3080397973912676,0.31778064370155334,1183320000,0.0,0.0
2001-08-21 00:00:00-04:00,0.3185826156032852,0.32698679350847587,0.31059925588081516,0.3110952377319336,1186656000,0.0,0.0
2001-08-22 00:00:00-04:00,0.31659604243639944,0.32423650928437714,0.3065499003857314,0.3238927125930786,1498104000,0.0,0.0
2001-08-23 00:00:00-04:00,0.32278437766232276,0.3269484084152379,0.3151448112809163,0.3167106807231903,1013592000,0.0,0.0
2001-08-24 00:00:00-04:00,0.3201109176048305,0.3322959028939678,0.31823884755998216,0.3257638216018677,1110936000,0.0,0.0
2001-08-27 00:00:00-04:00,0.3184680621967732,0.34134915868841254,0.3172459898798519,0.3370329439640045,1279608000,0.0,0.0
2001-08-28 00:00:00-04:00,0.3361162178034145,0.3436035975687279,0.3300425219168085,0.33263975381851196,1178760000,0.0,0.0
2001-08-29 00:00:00-04:00,0.33355657637596015,0.33565782644151193,0.31915572110068174,0.32194456458091736,1435800000,0.0,0.0
2001-08-30 00:00:00-04:00,0.3159085726297234,0.32316674848360816,0.3084596869416202,0.32091328501701355,1431312000,0.0,0.0
2001-08-31 00:00:00-04:00,0.31877345571471194,0.32652854139375187,0.31457182916242044,0.3235865831375122,887904000,0.0,0.0
2001-09-04 00:00:00-04:00,0.32270817402805724,0.32270817402805724,0.2988332838850151,0.3010876476764679,1856136000,0.0,0.0
2001-09-05 00:00:00-04:00,0.30081996463574817,0.3097971200196797,0.2885964814503246,0.30750516057014465,2395584000,0.0,0.0
2001-09-06 00:00:00-04:00,0.3014314990243205,0.3109431345363949,0.29356182534724773,0.29493698477745056,1950768000,0.0,0.0
2001-09-07 00:00:00-04:00,0.2903154638636582,0.30253897548662273,0.28878719021243726,0.29803112149238586,1970256000,0.0,0.0
2001-09-10 00:00:00-04:00,0.29550999152252183,0.3000563154777959,0.28340109662861784,0.2893986999988556,1872360000,0.0,2.0
2001-09-17 00:00:00-04:00,0.2713683243181742,0.27801502466316447,0.25838022321159854,0.25967931747436523,1138596000,0.0,0.0
2001-09-18 00:00:00-04:00,0.26472168068090884,0.2666313471972491,0.23813492825026572,0.24401794373989105,894372000,0.0,0.0
2001-09-19 00:00:00-04:00,0.24539306554743887,0.24821950488591624,0.20673500214941679,0.24103835225105286,1561908000,0.0,0.0
2001-09-20 00:00:00-04:00,0.22812633521131243,0.23645439657859887,0.21391617476694488,0.22063986957073212,1470696000,0.0,0.0
2001-09-21 00:00:00-04:00,0.20360232546302723,0.21605593308202684,0.19871310616350563,0.20604738593101501,1226304000,0.0,0.0
2001-09-24 00:00:00-04:00,0.2223964043138693,0.23255803777038864,0.2125409583812612,0.2291961908340454,1507500000,0.0,0.0
2001-09-25 00:00:00-04:00,0.22988377418837688,0.23981529867413132,0.2195699422255817,0.22025753557682037,941724000,0.0,0.0
2001-09-26 00:00:00-04:00,0.2230839782022055,0.22384857950849205,0.2100968078714941,0.2123117595911026,430812000,0.0,0.0
2001-09-27 00:00:00-04:00,0.211548063393922,0.2139161292491707,0.19489284583982322,0.20054665207862854,907296000,0.0,0.0
2001-09-28 00:00:00-04:00,0.20627661642175626,0.22010448442660138,0.19749106922876442,0.2098676711320877,1044876000,0.0,0.0
2001-10-01 00:00:00-04:00,0.20971451236137775,0.21315245182767317,0.1887045544218026,0.19206640124320984,972804000,0.0,0.0
2001-10-02 00:00:00-04:00,0.1917610988250886,0.1994006631013114,0.1731191947826232,0.1824401468038559,1123032000,0.0,0.0
2001-10-03 00:00:00-04:00,0.18152334330524866,0.22988373501291626,0.18152334330524866,0.21834783256053925,1798824000,0.0,0.0
2001-10-04 00:00:00-04:00,0.2299597323214826,0.2582278462116431,0.2220148725701712,0.246691033244133,1980576000,0.0,0.0
2001-10-05 00:00:00-04:00,0.24294800872729944,0.2573873913059438,0.23370407492346817,0.2513521909713745,1078212000,0.0,0.0
2001-10-08 00:00:00-04:00,0.2414196208959316,0.2665551068362902,0.2414196208959316,0.257004976272583,765900000,0.0,0.0
2001-10-09 00:00:00-04:00,0.25769263459653297,0.26281196280655533,0.2385171755978204,0.24585144221782684,917556000,0.0,0.0
2001-10-10 00:00:00-04:00,0.24149679988516318,0.2635757261969466,0.23989243286087022,0.26166605949401855,968124000,0.0,0.0
2001-10-11 00:00:00-04:00,0.2756469032697057,0.2907738751371069,0.27419472227641867,0.2900092601776123,918000000,0.0,0.0
2001-10-12 00:00:00-04:00,0.2826750094949918,0.3094148678725231,0.28168211654974556,0.30888038873672485,1253100000,0.0,0.0
2001-10-15 00:00:00-04:00,0.29986466732518924,0.3170543905190139,0.2914614171010875,0.30750516057014465,908568000,0.0,0.0
2001-10-16 00:00:00-04:00,0.3071229537843562,0.3408908817545133,0.30078155270324064,0.3384467363357544,1383852000,0.0,0.0
2001-10-17 00:00:00-04:00,0.34593304725854135,0.3460861614748496,0.31705435087630623,0.3185826241970062,1695540000,0.0,0.0
2001-10-18 00:00:00-04:00,0.3185826787106203,0.3351609020074475,0.31781899273768244,0.33202916383743286,1020864000,0.0,0.0
2001-10-19 00:00:00-04:00,0.32729218220085887,0.3437943154632962,0.32316664888524954,0.33890509605407715,1059264000,0.0,0.0
2001-10-22 00:00:00-04:00,0.336383900300616,0.3514338225548998,0.32889649369246005,0.34692689776420593,970824000,0.0,0.0
2001-10-23 00:00:00-04:00,0.3513577653138528,0.35762214386391517,0.33309815252006697,0.3408147394657135,953028000,0.0,0.0
2001-10-24 00:00:00-04:00,0.3346264867880108,0.3567054063023923,0.33080622559918454,0.35586562752723694,1212144000,0.0,0.0
2001-10-25 00:00:00-04:00,0.34761454504537154,0.3830629563713489,0.34226603754467166,0.3767224848270416,1152396000,0.0,0.0
2001-10-26 00:00:00-04:00,0.3741243114970379,0.38535493180381564,0.3476145590657677,0.3498295247554779,1097124000,0.0,0.0
2001-10-29 00:00:00-05:00,0.3510525516900697,0.35716384480183777,0.3210278604896008,0.3214092254638672,1004796000,0.0,0.0
2001-10-30 00:00:00-05:00,0.3155271143529264,0.33569639641359367,0.3082689400156669,0.32087472081184387,1153380000,0.0,0.0
2001-10-31 00:00:00-05:00,0.33286893645611826,0.34188458923043075,0.32278429820175286,0.32744523882865906,989292000,0.0,0.0
2001-11-01 00:00:00-05:00,0.3316469861660892,0.3580806502708165,0.32660465152123797,0.3554072976112366,1093776000,0.0,0.0
2001-11-02 00:00:00-05:00,0.35380289401751164,0.36472728643498875,0.3407386994797557,0.3603725731372833,1087248000,0.0,0.0
2001-11-05 00:00:00-05:00,0.36663774699469126,0.3766453626188513,0.3593795480808174,0.361671507358551,933456000,0.0,0.0
2001-11-06 00:00:00-05:00,0.3609840645765439,0.38818231302045036,0.3590743984057238,0.38650092482566833,1415376000,0.0,0.0
2001-11-07 00:00:00-05:00,0.3835213592172217,0.40170488112685393,0.3813064208448414,0.3868071138858795,1419144000,0.0,0.0
2001-11-08 00:00:00-05:00,0.39162020255589947,0.39681469386935303,0.3686235833110248,0.3800833821296692,1915188000,0.0,0.0
2001-11-09 00:00:00-05:00,0.3968917414002174,0.4067471744924296,0.3895574751417051,0.40644097328186035,2270484000,0.0,0.0
2001-11-12 00:00:00-05:00,0.40491354557604475,0.4277561746102129,0.39253694734719446,0.41736623644828796,1458636000,0.0,0.0
2001-11-13 00:00:00-05:00,0.4186653637648325,0.4187414564142725,0.4079692235842973,0.4139283299446106,1446516000,0.0,0.0
2001-11-14 00:00:00-05:00,0.41698383027734187,0.4209571766628624,0.3911616825800605,0.40239229798316956,1150224000,0.0,0.0
2001-11-15 00:00:00-05:00,0.39780850739080964,0.4100320201560969,0.3927662011350349,0.4045313000679016,874944000,0.0,0.0
2001-11-16 00:00:00-05:00,0.4049134543979716,0.40919117146445483,0.3955925038547684,0.40101712942123413,496128000,0.0,0.0
2001-11-19 00:00:00-05:00,0.4049897643541436,0.40873300445095545,0.37053423966981436,0.3922308683395386,1943052000,0.0,0.0
2001-11-20 00:00:00-05:00,0.39414147077972284,0.40101735184255427,0.37687474649521285,0.3812294602394104,937884000,0.0,0.0
2001-11-21 00:00:00-05:00,0.37481181771714817,0.38634863655845536,0.3651855934963964,0.3763400912284851,728412000,0.0,0.0
2001-11-23 00:00:00-05:00,0.37779144134707565,0.381993996204983,0.37129785556906203,0.3816116750240326,254016000,0.0,0.0
2001-11-26 00:00:00-05:00,0.3880293415613449,0.40942070343430226,0.386959453796446,0.40888622403144836,1215780000,0.0,0.0
2001-11-27 00:00:00-05:00,0.4086567817922912,0.4224846592610964,0.40109330970084617,0.4132407009601593,1183992000,0.0,0.0
2001-11-28 00:00:00-05:00,0.40796917373325525,0.4147689595968359,0.39146704346647077,0.3923838436603546,740844000,0.0,0.0
2001-11-29 00:00:00-05:00,0.42088029662343923,0.42302007107884254,0.40796921843280803,0.40957358479499817,5135472000,0.0,0.0
2001-11-30 00:00:00-05:00,0.4094205802393242,0.4204219947286694,0.4033853800914625,0.4174424409866333,1034028000,0.0,0.0
2001-12-03 00:00:00-05:00,0.4086568333548099,0.4137752322637066,0.40376761403983547,0.41110190749168396,851496000,0.0,0.0
2001-12-04 00:00:00-05:00,0.4131646680879614,0.4446406607644009,0.4131646680879614,0.44418224692344666,1384644000,0.0,0.0
2001-12-05 00:00:00-05:00,0.4476963635573583,0.48092981589787365,0.44731499857976237,0.48001304268836975,1707036000,0.0,0.0
2001-12-06 00:00:00-05:00,0.476269652435153,0.47749172482112623,0.4604551155451798,0.472449392080307,1138944000,0.0,0.0
2001-12-07 00:00:00-05:00,0.4689353967146369,0.4732140165143046,0.44983600601514057,0.45801007747650146,807036000,0.0,0.0
2001-12-10 00:00:00-05:00,0.4557182114669315,0.47306099948958635,0.45189887898835596,0.46259409189224243,695868000,0.0,0.0
2001-12-11 00:00:00-05:00,0.4706929955967793,0.4900976360715191,0.46603208080149866,0.4791732430458069,792252000,0.0,0.0
2001-12-12 00:00:00-05:00,0.48284029791522814,0.4943000969553479,0.4735193444237308,0.4940709173679352,1004628000,0.0,0.0
2001-12-13 00:00:00-05:00,0.48436770830875875,0.4905559948150148,0.4779501875523416,0.479860782623291,881400000,0.0,0.0
2001-12-14 00:00:00-05:00,0.4797838823487692,0.5038494942731104,0.4775689162184127,0.5014814138412476,754680000,0.0,0.0
2001-12-17 00:00:00-05:00,0.497661119854601,0.5267690647261557,0.497661119854601,0.5195118188858032,1080960000,0.0,0.0
2001-12-18 00:00:00-05:00,0.5081279053377131,0.5153090833263616,0.5018635002162616,0.5061412453651428,886968000,0.0,0.0
2001-12-19 00:00:00-05:00,0.4978141975837044,0.5079749311760829,0.49040383799597026,0.4923135042190552,854652000,0.0,0.0
2001-12-20 00:00:00-05:00,0.4943002215763785,0.5032388834746419,0.47115143807254595,0.47290799021720886,951228000,0.0,0.0
2001-12-21 00:00:00-05:00,0.4832214236388434,0.49659181098141253,0.4776446684606471,0.4933830797672272,723972000,0.0,0.0
2001-12-24 00:00:00-05:00,0.49315424496548105,0.5082041447657993,0.4929250106866777,0.5056830048561096,265308000,0.0,0.0
2001-12-26 00:00:00-05:00,0.5082040055177272,0.5266928515912918,0.5081279401950425,0.518059492111206,642156000,0.0,0.0
2001-12-27 00:00:00-05:00,0.522567340378474,0.5324227732503063,0.5218036816255486,0.5300547480583191,730152000,0.0,0.0
2001-12-28 00:00:00-05:00,0.5331866200029051,0.5367015276415459,0.5121775564470176,0.5172959566116333,757680000,0.0,0.0
2001-12-31 00:00:00-05:00,0.5211159292403678,0.524095481616776,0.5099613782547125,0.5111073851585388,737580000,0.0,0.0
2002-01-02 00:00:00-05:00,0.5133234768073506,0.5229497318838495,0.5004114939506119,0.5141632556915283,1298904000,0.0,0.0
2002-01-03 00:00:00-05:00,0.5152329355395604,0.550070794413278,0.5149276906829352,0.5478549003601074,1414752000,0.0,0.0
2002-01-04 00:00:00-05:00,0.5551134536852754,0.5551134536852754,0.522567586458453,0.5318885445594788,936288000,0.0,0.0
2002-01-07 00:00:00-05:00,0.534027329950101,0.5347910436197522,0.510420129494534,0.5176013112068176,973068000,0.0,0.0
2002-01-08 00:00:00-05:00,0.5165322298930269,0.5361661036825538,0.5147747489819836,0.5237134099006653,774360000,0.0,0.0
2002-01-09 00:00:00-05:00,0.5309714131453397,0.5405206155500961,0.5091977715581852,0.5165320634841919,1141188000,0.0,0.0
2002-01-10 00:00:00-05:00,0.5137819516565346,0.5208100186931722,0.49964789431212087,0.504155695438385,992508000,0.0,0.0
2002-01-11 00:00:00-05:00,0.5075166076051651,0.5076696672516805,0.47986084422755093,0.4818466305732727,1380852000,0.0,0.0
2002-01-14 00:00:00-05:00,0.48077760987987156,0.48413858327190495,0.4565589129924774,0.4565589129924774,1369560000,0.0,0.0
2002-01-15 00:00:00-05:00,0.4755822108663353,0.4994947062487832,0.4750477316219667,0.4991894066333771,1838808000,0.0,0.0
2002-01-16 00:00:00-05:00,0.49238955467601675,0.4955982874652644,0.47787408250743685,0.47970762848854065,1115388000,0.0,0.0
2002-01-17 00:00:00-05:00,0.49559847091562514,0.49659223856047435,0.47764507972570364,0.4965152442455292,1121544000,0.0,0.0
2002-01-18 00:00:00-05:00,0.47779791299614466,0.4908621316743572,0.47749173915496435,0.48742416501045227,803676000,0.0,0.0
2002-01-22 00:00:00-05:00,0.49200821709928,0.4933064098372204,0.46969915986927047,0.4751999080181122,1085028000,0.0,0.0
2002-01-23 00:00:00-05:00,0.4794784491969403,0.4875764011473732,0.47000531043751786,0.48413848876953125,889164000,0.0,0.0
2002-01-24 00:00:00-05:00,0.4889517241019187,0.5065237486633387,0.47863787480730186,0.5014814138412476,1137684000,0.0,0.0
2002-01-25 00:00:00-05:00,0.49430009922899193,0.512635832422155,0.48818793315631953,0.5001822113990784,817752000,0.0,0.0
2002-01-28 00:00:00-05:00,0.5099616681728961,0.5195118586382644,0.5049193879344018,0.5194348096847534,924288000,0.0,0.0
2002-01-29 00:00:00-05:00,0.520657771994348,0.5221851444312113,0.4858960190434314,0.4939940273761749,1381932000,0.0,0.0
2002-01-30 00:00:00-05:00,0.4965921771865795,0.5003354446887269,0.48475008142794657,0.49995315074920654,1218456000,0.0,0.0
2002-01-31 00:00:00-05:00,0.5064475091930368,0.5103438355544729,0.485513641583975,0.5022450089454651,973980000,0.0,0.0
2002-02-01 00:00:00-05:00,0.5014053886452161,0.5067529688949081,0.4870420966182465,0.48994553089141846,688272000,0.0,0.0
2002-02-04 00:00:00-05:00,0.4888753009857429,0.5007935097329214,0.4661088250205178,0.4668724834918976,1104864000,0.0,0.0
2002-02-05 00:00:00-05:00,0.46374016370567306,0.46778955068179445,0.4441062598057366,0.46228885650634766,1474620000,0.0,0.0
2002-02-06 00:00:00-05:00,0.47451236284716264,0.48199971768504624,0.46526840119840907,0.47382476925849915,1242528000,0.0,0.0
2002-02-07 00:00:00-05:00,0.47443615639960046,0.47443615639960046,0.4562535907008577,0.45846855640411377,964476000,0.0,0.0
2002-02-08 00:00:00-05:00,0.4615249697158247,0.4641222285407309,0.42347840660819436,0.4409734010696411,1871292000,0.0,0.0
2002-02-11 00:00:00-05:00,0.4402859008834735,0.4660319926222205,0.43868153447868186,0.4653443992137909,1249224000,0.0,0.0
2002-02-12 00:00:00-05:00,0.4583163805885092,0.48398638378995423,0.4530448667089632,0.4751999080181122,1216500000,0.0,0.0
2002-02-13 00:00:00-05:00,0.48131201255640826,0.4894100194438427,0.46450463461661623,0.4690885543823242,1230432000,0.0,0.0
2002-02-14 00:00:00-05:00,0.47306116051484476,0.48475019946795267,0.4671021058335518,0.47489476203918457,1225692000,0.0,0.0
2002-02-15 00:00:00-05:00,0.4530447738612429,0.4557181257661922,0.43356308899753193,0.43814700841903687,3988548000,0.0,0.0
2002-02-19 00:00:00-05:00,0.4194290719594355,0.42378378484491785,0.4057533778766523,0.4091152250766754,1972524000,0.0,0.0
2002-02-20 00:00:00-05:00,0.40185697684321564,0.43509041657449765,0.401093290896489,0.43050649762153625,1838736000,0.0,0.0
2002-02-21 00:00:00-05:00,0.4246244276904381,0.4247766129741096,0.40055882506943263,0.4010933041572571,1531044000,0.0,0.0
2002-02-22 00:00:00-05:00,0.3930715321837212,0.3976554522965055,0.37626409832670266,0.3813825249671936,2585616000,0.0,0.0
2002-02-25 00:00:00-05:00,0.3831399337711683,0.4142336013249608,0.3830629121682308,0.41125404834747314,1599564000,0.0,0.0
2002-02-26 00:00:00-05:00,0.42026979973143314,0.42745097982082714,0.40911527121224317,0.42019277811050415,1902672000,0.0,0.0
2002-02-27 00:00:00-05:00,0.42974293774628536,0.4315765113298384,0.4049136426901568,0.4060596227645874,1723224000,0.0,0.0
2002-02-28 00:00:00-05:00,0.4033853488299843,0.4106435501448109,0.3862717138963454,0.3897096812725067,1585440000,0.0,0.0
2002-03-01 00:00:00-05:00,0.3934539101241797,0.4278333456367426,0.39230792985117174,0.4273749589920044,1311396000,0.0,0.0
2002-03-04 00:00:00-05:00,0.42867303778606713,0.4561004934302667,0.4245475041744089,0.45121127367019653,1484724000,0.0,0.0
2002-03-05 00:00:00-05:00,0.44425836325647106,0.46213565701471365,0.44387699833019356,0.4500652849674225,1379448000,0.0,0.0
2002-03-06 00:00:00-05:00,0.43661885892742824,0.44104969267867633,0.4265342169381953,0.4359312653541565,1446060000,0.0,0.0
2002-03-07 00:00:00-05:00,0.44211947014473285,0.44357072227646915,0.4203458247964566,0.4324171245098114,1346532000,0.0,0.0
2002-03-08 00:00:00-05:00,0.4406682525402764,0.45449613320643223,0.438528477747348,0.4453282654285431,1270356000,0.0,0.0
2002-03-11 00:00:00-05:00,0.4404390849370425,0.44532827757667914,0.4327985892689551,0.44013285636901855,810540000,0.0,0.0
2002-03-12 00:00:00-05:00,0.42668716578395455,0.42897912525792325,0.4140813886771267,0.4170609414577484,1255032000,0.0,0.0
2002-03-13 00:00:00-05:00,0.4131646460641945,0.41614419925998486,0.40796922572491484,0.4094974994659424,1031616000,0.0,0.0
2002-03-14 00:00:00-05:00,0.40644098641439563,0.40644098641439563,0.3859664334760978,0.3868071138858795,1139460000,0.0,0.0
2002-03-15 00:00:00-05:00,0.3895574859157309,0.40361454535918445,0.3821461978396273,0.4031561315059662,1248288000,0.0,0.0
2002-03-18 00:00:00-05:00,0.410490425289641,0.41935299293669437,0.3985722115523284,0.4031561315059662,1236996000,0.0,0.0
2002-03-19 00:00:00-05:00,0.406059564643175,0.40682325070463,0.3922307841088643,0.3945997655391693,846072000,0.0,0.0
2002-03-20 00:00:00-05:00,0.38810534188593165,0.3888699570852606,0.3541082031362502,0.3554072976112366,2292588000,0.0,0.0
2002-03-21 00:00:00-05:00,0.361442512843984,0.3785561235545989,0.3518923497637167,0.3742775022983551,1721712000,0.0,0.0
2002-03-22 00:00:00-05:00,0.38100024017173617,0.38100024017173617,0.36824224691763763,0.37106868624687195,1249140000,0.0,0.0
2002-03-25 00:00:00-05:00,0.36931125862112046,0.36976964521107736,0.35143393571190773,0.3518923223018646,884160000,0.0,0.0
2002-03-26 00:00:00-05:00,0.34822512707509046,0.3680129863741101,0.3462393684902144,0.35907435417175293,1123512000,0.0,0.0
2002-03-27 00:00:00-05:00,0.35357360276439953,0.36075478101135316,0.3415023042068996,0.34761449694633484,1068012000,0.0,0.0
2002-03-28 00:00:00-05:00,0.34998260177555146,0.35219846903889945,0.3198818232759967,0.33890509605407715,3124080000,0.0,0.0
2002-04-01 00:00:00-05:00,0.32011100405963316,0.33592554394097357,0.30987327704781586,0.33332738280296326,2365344000,0.0,0.0
2002-04-02 00:00:00-05:00,0.32331984611336645,0.3414263504994439,0.32270834517076075,0.32461801171302795,1438008000,0.0,0.0
2002-04-03 00:00:00-05:00,0.3260701274651496,0.33493176640911804,0.3193464326525216,0.330730140209198,1094640000,0.0,0.0
2002-04-04 00:00:00-05:00,0.3282088997720688,0.34035628973411935,0.32370107372849477,0.32912567257881165,1130964000,0.0,0.0
2002-04-05 00:00:00-05:00,0.33126465973924596,0.3366131678071528,0.3182774594212872,0.32163840532302856,1026900000,0.0,0.0
2002-04-08 00:00:00-04:00,0.30674054869567574,0.3324105143547058,0.30666445606327847,0.3324105143547058,1151316000,0.0,0.0
2002-04-09 00:00:00-04:00,0.3356963912130871,0.3384467378797269,0.31063698800963924,0.3114015758037567,1380768000,0.0,0.0
2002-04-10 00:00:00-04:00,0.31392266803773466,0.3162907202429534,0.2719797752475936,0.29421180486679077,3689724000,0.0,0.0
2002-04-11 00:00:00-04:00,0.29184279371385363,0.29558693383740875,0.2780910377487988,0.28129976987838745,1437288000,0.0,0.0
2002-04-12 00:00:00-04:00,0.28756520711091377,0.2898571674818835,0.2714444628861333,0.28023093938827515,1376880000,0.0,0.0
2002-04-15 00:00:00-04:00,0.2856546250624563,0.2963507401490045,0.2849670315203555,0.2915376126766205,1157208000,0.0,0.0
2002-04-16 00:00:00-04:00,0.30460180805360215,0.307734476144459,0.29826040652890645,0.304219514131546,854856000,0.0,0.0
2002-04-17 00:00:00-04:00,0.3078106641769409,0.312318493426511,0.29818440624833426,0.3078106641769409,944484000,0.0,0.0
2002-04-18 00:00:00-04:00,0.3046778141402944,0.30796356826467225,0.29604538376843925,0.3026920557022095,693156000,0.0,0.0
2002-04-19 00:00:00-04:00,0.2924544395604575,0.2960454945621606,0.2816822035143621,0.2820644974708557,1125672000,0.0,0.0
2002-04-22 00:00:00-04:00,0.2789316621002611,0.2891693843910358,0.2788555694811136,0.2834394872188568,808176000,0.0,0.0
2002-04-23 00:00:00-04:00,0.2856546361958194,0.28894039138147887,0.26945870110015985,0.2719798684120178,773508000,0.0,0.0
2002-04-24 00:00:00-04:00,0.2751114726719977,0.2791609121078088,0.24745574940604892,0.24814331531524658,1582956000,0.0,0.0
2002-04-25 00:00:00-04:00,0.24714951036266067,0.2627348652005076,0.2470734177350045,0.25776955485343933,1168296000,0.0,0.0
2002-04-26 00:00:00-04:00,0.26059612615558403,0.2609014257807156,0.23202268779277802,0.23202268779277802,1191120000,0.0,0.0
2002-04-29 00:00:00-04:00,0.2594500769163112,0.2745770217742797,0.2507406246442177,0.270680695772171,3930852000,0.0,0.0
2002-04-30 00:00:00-04:00,0.27709832724293826,0.28076547550783104,0.2601378006707196,0.2659437954425812,1776504000,0.0,0.0
2002-05-01 00:00:00-04:00,0.2615889426041142,0.2745009217095831,0.2547900580118655,0.2707567811012268,1718904000,0.0,0.0
2002-05-02 00:00:00-04:00,0.27205583210258305,0.27877859566428825,0.2597553283291037,0.25983232259750366,1125084000,0.0,0.0
2002-05-03 00:00:00-04:00,0.26013766731187116,0.26212435475385487,0.24890704858443755,0.2502061426639557,852756000,0.0,0.0
2002-05-06 00:00:00-04:00,0.2437116492838611,0.2551714758812943,0.23866934306727317,0.24065600335597992,1102044000,0.0,0.0
2002-05-07 00:00:00-04:00,0.24600344029509025,0.2511227646086977,0.23462067044316082,0.246691033244133,1412448000,0.0,0.0
2002-05-08 00:00:00-04:00,0.2634995222975945,0.27931406083365495,0.25517146205354463,0.27503544092178345,1688688000,0.0,0.0
2002-05-09 00:00:00-04:00,0.2741948632643356,0.2798486726237823,0.26281205349843506,0.26327046751976013,1230840000,0.0,0.0
2002-05-10 00:00:00-04:00,0.26869403989847884,0.2696878344648098,0.240655989454727,0.24355944991111755,1321548000,0.0,0.0
2002-05-13 00:00:00-04:00,0.24608071879561527,0.2591449165013862,0.24401796511698115,0.2583042085170746,800892000,0.0,0.0
2002-05-14 00:00:00-04:00,0.2748062420854788,0.2868775418298328,0.2700692082305564,0.2839740812778473,1526112000,0.0,0.0
2002-05-15 00:00:00-04:00,0.27961946132620796,0.2948994989265898,0.27572310651937226,0.2895509898662567,1504548000,0.0,0.0
2002-05-16 00:00:00-04:00,0.28962794487832766,0.29604546635733686,0.2837449572938499,0.2900863587856293,985560000,0.0,0.0
2002-05-17 00:00:00-04:00,0.29795508467868154,0.30009395781100673,0.2905447252015379,0.2992541790008545,934404000,0.0,0.0
2002-05-20 00:00:00-04:00,0.2967329495066965,0.30444860695690384,0.29535779013671554,0.3024628758430481,953412000,0.0,0.0
2002-05-21 00:00:00-04:00,0.30635905810541997,0.3105606815341288,0.27908473518977417,0.27939000725746155,1382604000,0.0,0.0
2002-05-22 00:00:00-04:00,0.2816060437736975,0.29237827725423154,0.28114765725421714,0.2906968891620636,1547988000,0.0,0.0
2002-05-23 00:00:00-04:00,0.29153755877010795,0.2921490595338472,0.2643393129914962,0.2729726731777191,2556780000,0.0,0.0
2002-05-24 00:00:00-04:00,0.26777730859659327,0.2691524957133516,0.26143683588163724,0.2676251232624054,737784000,0.0,0.0
2002-05-28 00:00:00-04:00,0.2699930456428815,0.2701461598619577,0.25165737200772775,0.257004976272583,1367088000,0.0,0.0
2002-05-29 00:00:00-04:00,0.2528795892769138,0.26777733264993636,0.24898323453687898,0.2667083740234375,1311012000,0.0,0.0
2002-05-30 00:00:00-04:00,0.26128350714263,0.2691522748092705,0.2561651114521653,0.2628117799758911,1066080000,0.0,0.0
2002-05-31 00:00:00-04:00,0.264339382032134,0.2654853622489408,0.25517154029767913,0.25562992691993713,674112000,0.0,0.0
2002-06-03 00:00:00-04:00,0.2494417074366178,0.2505876879668534,0.23752348806430287,0.24058003723621368,901248000,0.0,0.0
2002-06-04 00:00:00-04:00,0.23905160779442572,0.2540254650017756,0.23866931398635294,0.25272729992866516,1095432000,0.0,0.0
2002-06-05 00:00:00-04:00,0.2532618247670191,0.2533379174233792,0.24027372362401253,0.24906019866466522,1114308000,0.0,0.0
2002-06-06 00:00:00-04:00,0.24646188279340364,0.2524979802007187,0.24638579018479348,0.24913613498210907,739356000,0.0,0.0
2002-06-07 00:00:00-04:00,0.22889090165359602,0.24982385206527039,0.22881389370965918,0.24676820635795593,1371300000,0.0,0.0
2002-06-10 00:00:00-04:00,0.25005301382751194,0.2570050123697197,0.24409393545250158,0.2447054088115692,749148000,0.0,0.0
2002-06-11 00:00:00-04:00,0.24875395043572457,0.24982383757205248,0.2330925000219739,0.23370400071144104,859308000,0.0,0.0
2002-06-12 00:00:00-04:00,0.22812632439776914,0.23225185773858095,0.2037554318814344,0.21353477239608765,2267544000,0.0,0.0
2002-06-13 00:00:00-04:00,0.2151391121262121,0.21911153045308276,0.20459608749401656,0.21131886541843414,1265892000,0.0,0.0
2002-06-14 00:00:00-04:00,0.20352623703729997,0.2168957026537489,0.19665034363571512,0.2152913361787796,1116444000,0.0,0.0
2002-06-17 00:00:00-04:00,0.2201044501141341,0.22293181816936886,0.21345776360717703,0.21720191836357117,1054140000,0.0,0.0
2002-06-18 00:00:00-04:00,0.2145276570301915,0.22232033738162862,0.2120065037759966,0.2160559445619583,1008300000,0.0,0.0
2002-06-19 00:00:00-04:00,0.20551291783971826,0.20551291783971826,0.18060661655778854,0.1822109967470169,2593620000,0.0,0.0
2002-06-20 00:00:00-04:00,0.18259326988050958,0.187558581535643,0.17816153571800594,0.18053050339221954,1425048000,0.0,0.0
2002-06-21 00:00:00-04:00,0.17961373330733593,0.18656571944319994,0.16945209888675875,0.17311923205852509,1484364000,0.0,0.0
2002-06-24 00:00:00-04:00,0.16868842215966173,0.18175260274033136,0.1634930011991983,0.17632798850536346,1379592000,0.0,0.0
2002-06-25 00:00:00-04:00,0.1795367772961287,0.1795367772961287,0.1606665858163079,0.16173647344112396,1172232000,0.0,0.0
2002-06-26 00:00:00-04:00,0.14340073827708819,0.15875689224785705,0.13942739009680993,0.15333227813243866,2067828000,0.0,0.0
2002-06-27 00:00:00-04:00,0.15898607957007635,0.16020815219004864,0.12834987909297463,0.13048873841762543,3182808000,0.0,0.0
2002-06-28 00:00:00-04:00,0.1283498713542036,0.13667703018748467,0.1255234187561733,0.13125333189964294,1991184000,0.0,0.0
2002-07-01 00:00:00-04:00,0.1306418568824064,0.13446210482980192,0.12819679601059158,0.13094714283943176,1164372000,0.0,0.0
2002-07-02 00:00:00-04:00,0.12941978206234422,0.1298781686395633,0.11933515441308044,0.12269608676433563,1368180000,0.0,0.0
2002-07-03 00:00:00-04:00,0.12193237956543876,0.13354529289282807,0.12185628691492897,0.13331609964370728,1073304000,0.0,0.0
2002-07-05 00:00:00-04:00,0.14286536920462106,0.1451573296293039,0.13873983497572734,0.14508123695850372,739524000,0.0,0.0
2002-07-08 00:00:00-04:00,0.1434007234955652,0.15463134281390054,0.14324762289915344,0.14943592250347137,1587180000,0.0,0.0
2002-07-09 00:00:00-04:00,0.14981825036083812,0.15172791673277464,0.13889292811839232,0.14210167527198792,1075080000,0.0,0.0
2002-07-10 00:00:00-04:00,0.14553955293521806,0.14668553259130993,0.13721239584856715,0.13820527493953705,926988000,0.0,0.0
2002-07-11 00:00:00-04:00,0.1374416159325005,0.1527977529982981,0.13621861456632725,0.152262344956398,1143948000,0.0,0.0
2002-07-12 00:00:00-04:00,0.1604373644205483,0.16104886528223497,0.1489775497488319,0.15211020410060883,1344900000,0.0,0.0
2002-07-15 00:00:00-04:00,0.15249152530829058,0.16731318071216894,0.14561563424528776,0.1672370880842209,1495272000,0.0,0.0
2002-07-16 00:00:00-04:00,0.16311158567148604,0.17839071490305108,0.16005502485495332,0.16272927820682526,1773432000,0.0,0.0
2002-07-17 00:00:00-04:00,0.15921528157113687,0.16234702042679797,0.14256004668848,0.14890144765377045,1922364000,0.0,0.0
2002-07-18 00:00:00-04:00,0.14645641048108107,0.15508977288854028,0.14469892934767029,0.14508123695850372,1243188000,0.0,0.0
2002-07-19 00:00:00-04:00,0.14065037290852023,0.1462271715925298,0.13751771922896538,0.1385105848312378,845772000,0.0,0.0
2002-07-22 00:00:00-04:00,0.1379001163791189,0.14179645900258372,0.12644029558040945,0.13209319114685059,1290744000,0.0,0.0
2002-07-23 00:00:00-04:00,0.13285766114286462,0.13369743961005268,0.11773071981016921,0.12223763018846512,1409652000,0.0,0.0
2002-07-24 00:00:00-04:00,0.12055722363010138,0.13201702433465395,0.12048113096872241,0.13003036379814148,1175100000,0.0,0.0
2002-07-25 00:00:00-04:00,0.12498802378022633,0.12537031762288758,0.11085486604465834,0.11505648493766785,1796448000,0.0,0.0
2002-07-26 00:00:00-04:00,0.11841837110559275,0.12116871797270638,0.10925051633917204,0.11238225549459457,1221900000,0.0,0.0
2002-07-29 00:00:00-04:00,0.11704316315017038,0.11765374862505344,0.1117716568203072,0.11551488935947418,1227720000,0.0,0.0
2002-07-30 00:00:00-04:00,0.11498040201283825,0.12972505491478248,0.11459810813784381,0.1239190623164177,1818012000,0.0,0.0
2002-07-31 00:00:00-04:00,0.09030328604203232,0.09213685904645132,0.08358050833984913,0.08457338064908981,4837140000,0.0,0.0
2002-08-01 00:00:00-04:00,0.08526100260777318,0.08526100260777318,0.0763984409454845,0.07647544890642166,1725708000,0.0,0.0
2002-08-02 00:00:00-04:00,0.07891960044903605,0.07945500180970598,0.06952255281476359,0.07143313437700272,1795260000,0.0,0.0
2002-08-05 00:00:00-04:00,0.07036320812892671,0.07051630866700925,0.06486249718837016,0.06570319086313248,1330716000,0.0,0.0
2002-08-06 00:00:00-04:00,0.06875891498713865,0.07173846364387798,0.06768902691747816,0.0691412091255188,1168800000,0.0,0.0
2002-08-07 00:00:00-04:00,0.07219678161111834,0.07288436799076814,0.06493859675482916,0.06753676384687424,892980000,0.0,0.0
2002-08-08 00:00:00-04:00,0.068224376773918,0.07318968178472307,0.06646689610807018,0.07196760922670364,755424000,0.0,0.0
2002-08-09 00:00:00-04:00,0.07005794558677556,0.07257910556528417,0.0688349576905416,0.07028714567422867,581304000,0.0,0.0
2002-08-12 00:00:00-04:00,0.0695225442917424,0.07296048412832565,0.06768897774501385,0.07028714567422867,592800000,0.0,0.0
2002-08-13 00:00:00-04:00,0.07074552737760674,0.07418347381100476,0.06875886036217237,0.06883495301008224,654420000,0.0,0.0
2002-08-14 00:00:00-04:00,0.07013405476542112,0.07410648836601183,0.06952256067321888,0.07349590957164764,632688000,0.0,0.0
2002-08-15 00:00:00-04:00,0.07624624209038582,0.08014257509760378,0.07548164074198425,0.07861429452896118,1140120000,0.0,0.0
2002-08-16 00:00:00-04:00,0.07441271738579744,0.08442034860733552,0.0721207561002792,0.08166999369859695,1657428000,0.0,0.0
2002-08-19 00:00:00-04:00,0.08518488078657929,0.1027559753442782,0.08503177338427599,0.09664468467235565,2243928000,0.0,0.0
2002-08-20 00:00:00-04:00,0.0974083658592593,0.0993180245662356,0.09114397492031609,0.0923660472035408,1429488000,0.0,0.0
2002-08-21 00:00:00-04:00,0.09656771770685056,0.0984782994452913,0.09206080490728125,0.09725530445575714,1194876000,0.0,0.0
2002-08-22 00:00:00-04:00,0.09435274100308016,0.09817206607059945,0.09335894640605089,0.09397044032812119,1358496000,0.0,0.0
2002-08-23 00:00:00-04:00,0.09129619162032629,0.09190768562116802,0.08724767278417356,0.08778215199708939,919932000,0.0,0.0
2002-08-26 00:00:00-04:00,0.08946261560204052,0.09007410953922299,0.08434420308346509,0.0884697362780571,698568000,0.0,0.0
2002-08-27 00:00:00-04:00,0.08999799853317356,0.09045639177581828,0.08289291351804692,0.08342739939689636,686712000,0.0,0.0
2002-08-28 00:00:00-04:00,0.08296901712970162,0.08312212455036176,0.07792670445474928,0.07823199033737183,700356000,0.0,0.0
2002-08-29 00:00:00-04:00,0.07723914082025761,0.08281594109855435,0.07662763991497516,0.0792258083820343,815520000,0.0,0.0
2002-08-30 00:00:00-04:00,0.07846119845606683,0.08174695302946533,0.07563475253062615,0.07716303318738937,1065888000,0.0,0.0
2002-09-03 00:00:00-04:00,0.07349586326607156,0.07387724167869171,0.07120389744842234,0.072425976395607,847284000,0.0,0.0
2002-09-04 00:00:00-04:00,0.07265519580506569,0.07456485494144714,0.06883495540413173,0.07196760922670364,930552000,0.0,0.0
2002-09-05 00:00:00-04:00,0.0712800240042447,0.07158531676970384,0.0687588706505041,0.0692172572016716,714312000,0.0,0.0
2002-09-06 00:00:00-04:00,0.0721206773092641,0.07273125566419403,0.0696756111674305,0.07074549794197083,746460000,0.0,0.0
2002-09-09 00:00:00-04:00,0.07021013263810312,0.07288439328687382,0.06807127329767364,0.070668525993824,578040000,0.0,0.0
2002-09-10 00:00:00-04:00,0.07028716963991043,0.08442032602939877,0.07021015483236537,0.08075318485498428,2317632000,0.0,0.0
2002-09-11 00:00:00-04:00,0.0832743170029967,0.09091479803146948,0.0832743170029967,0.08472650498151779,1657536000,0.0,0.0
2002-09-12 00:00:00-04:00,0.08266371717363812,0.08717062783419838,0.0811354369338972,0.08205222338438034,1294932000,0.0,0.0
2002-09-13 00:00:00-04:00,0.0812115783556088,0.08510791286504472,0.08021869867533077,0.08075318485498428,796872000,0.0,0.0
2002-09-16 00:00:00-04:00,0.07953108856328125,0.07983637448798352,0.07372508907156307,0.07563475519418716,925464000,0.0,0.0
2002-09-17 00:00:00-04:00,0.07899661635842525,0.0809062759845142,0.074030394776505,0.07448878139257431,884052000,0.0,0.0
2002-09-18 00:00:00-04:00,0.0733427558920901,0.07479402800575138,0.07021010320102954,0.072425976395607,811692000,0.0,0.0
2002-09-19 00:00:00-04:00,0.07082162142673683,0.07334278128369986,0.06959954888704159,0.0699809342622757,618492000,0.0,0.0
2002-09-20 00:00:00-04:00,0.07051633905793042,0.07196761174660532,0.06883495781434545,0.07036323845386505,687312000,0.0,0.0
2002-09-23 00:00:00-04:00,0.06921725827416862,0.06990485177273356,0.06684920550002407,0.06730759888887405,521676000,0.0,0.0
2002-09-24 00:00:00-04:00,0.06654297913904612,0.07105081229726017,0.06532090675769182,0.06784206628799438,624444000,0.0,0.0
2002-09-25 00:00:00-04:00,0.07181450574756261,0.07296048571806009,0.06898805979751096,0.07158531248569489,896616000,0.0,0.0
2002-09-26 00:00:00-04:00,0.07296045496337292,0.07372505604022027,0.06669607174242564,0.06776595860719681,739560000,0.0,0.0
2002-09-27 00:00:00-04:00,0.06761285332241147,0.06937033339839055,0.06532089427674298,0.0653969869017601,650688000,0.0,0.0
2002-09-30 00:00:00-04:00,0.06516779372942395,0.0682243538755563,0.0637926142036768,0.0653969869017601,584124000,0.0,0.0
2002-10-01 00:00:00-04:00,0.06593240903660473,0.0695225408312349,0.06356344131275918,0.06891196221113205,888360000,0.0,0.0
2002-10-02 00:00:00-04:00,0.06944644691662046,0.07296047916734955,0.06883495301008224,0.06883495301008224,749100000,0.0,0.0
2002-10-03 00:00:00-04:00,0.06799518615052964,0.06914116621737026,0.06532092528513513,0.0654740259051323,590568000,0.0,0.0
2002-10-04 00:00:00-04:00,0.06532091006003687,0.06738367643178922,0.061119284673129014,0.06218825653195381,529788000,0.0,0.0
2002-10-07 00:00:00-04:00,0.06134848324949894,0.0625705556631158,0.05867422307202409,0.05913260951638222,493068000,0.0,0.0
2002-10-08 00:00:00-04:00,0.06111928809625166,0.06127147339158147,0.05500708469735934,0.057375140488147736,714252000,0.0,0.0
2002-10-09 00:00:00-04:00,0.056535368832760495,0.06020251214492854,0.05531237753029408,0.05630617216229439,573132000,0.0,0.0
2002-10-10 00:00:00-04:00,0.055770770573811745,0.06104228372055135,0.055770770573811745,0.059208717197179794,538032000,0.0,0.0
2002-10-11 00:00:00-04:00,0.06150068381593332,0.06837657098752319,0.0611192983852692,0.06730759888887405,994140000,0.0,0.0
2002-10-14 00:00:00-04:00,0.06532091647386551,0.06730759039728523,0.06394574331138864,0.06532091647386551,611484000,0.0,0.0
2002-10-15 00:00:00-04:00,0.07257908954940288,0.07517634160786495,0.07112690188616715,0.07212069630622864,852768000,0.0,0.0
2002-10-16 00:00:00-04:00,0.06723059539921451,0.06784208944736829,0.06493862830262748,0.0660846084356308,578124000,0.0,0.0
2002-10-17 00:00:00-04:00,0.07181450961829258,0.0744887704030006,0.07005795088931986,0.07112692296504974,585792000,0.0,0.0
2002-10-18 00:00:00-04:00,0.07074549850721258,0.07257907101158681,0.06807123919808465,0.07181446999311447,498372000,0.0,0.0
2002-10-21 00:00:00-04:00,0.07082161345928137,0.08090624492203012,0.06921724042726629,0.07830899953842163,930624000,0.0,0.0
2002-10-22 00:00:00-04:00,0.07471797091025181,0.0855662841275103,0.07464187825099884,0.08090626448392868,1272168000,0.0,0.0
2002-10-23 00:00:00-04:00,0.08212835410604427,0.085337101340266,0.08098237392676233,0.08419112116098404,925428000,0.0,0.0
2002-10-24 00:00:00-04:00,0.08587249301869618,0.08678927979051985,0.0786903978252402,0.07991339266300201,1055172000,0.0,0.0
2002-10-25 00:00:00-04:00,0.08021865706222268,0.08518488348327156,0.07914876995998088,0.08480258285999298,745956000,0.0,0.0
2002-10-28 00:00:00-05:00,0.0886989502101724,0.08938653695938252,0.08472652352107733,0.08526100963354111,1070544000,0.0,0.0
2002-10-29 00:00:00-05:00,0.0854141046496566,0.08602468339140502,0.07723913637480606,0.0815177708864212,772728000,0.0,0.0
2002-10-30 00:00:00-05:00,0.08411501231949273,0.0886228395012906,0.0838097195753819,0.08587248623371124,1139496000,0.0,0.0
2002-10-31 00:00:00-05:00,0.08648304490761119,0.0915253569279436,0.08625385170101427,0.0909147784113884,1255476000,0.0,0.0
2002-11-01 00:00:00-05:00,0.08953962969647399,0.10902131025084678,0.08938652225433474,0.1077222228050232,2128836000,0.0,0.0
2002-11-04 00:00:00-05:00,0.11421576010566918,0.1261339620747529,0.11391047431076627,0.11948727816343307,2688132000,0.0,0.0
2002-11-05 00:00:00-05:00,0.11918202404215027,0.12116869803021577,0.10963188375319081,0.11475120484828949,2034540000,0.0,0.0
2002-11-06 00:00:00-05:00,0.11864751647734732,0.12376592788040224,0.11398658301311254,0.12361281365156174,1646016000,0.0,0.0
2002-11-07 00:00:00-05:00,0.12040409092131385,0.12040409092131385,0.11047256570951797,0.11116015911102295,1660560000,0.0,0.0
2002-11-08 00:00:00-05:00,0.0939704532732425,0.09954725975837175,0.08411501933937551,0.08678928017616272,3798900000,0.0,0.0
2002-11-11 00:00:00-05:00,0.08266376177966894,0.08388583472024032,0.07807983388430642,0.08006559312343597,1378452000,0.0,0.0
2002-11-12 00:00:00-05:00,0.08197614745312098,0.09015019875044104,0.08128855405987763,0.08717064559459686,1381188000,0.0,0.0
2002-11-13 00:00:00-05:00,0.08510786397279409,0.09244214210827133,0.08342739842225379,0.08992098271846771,1802112000,0.0,0.0
2002-11-14 00:00:00-05:00,0.09588007628917694,0.09771364218432804,0.09297753194849805,0.09588007628917694,1138728000,0.0,0.0
2002-11-15 00:00:00-05:00,0.10084634359139033,0.1062709580952731,0.09970036350089864,0.10290911048650742,2054328000,0.0,0.0
2002-11-18 00:00:00-05:00,0.11116013873272677,0.1115424325064745,0.10642311259322965,0.10672931373119354,1982472000,0.0,0.0
2002-11-19 00:00:00-05:00,0.1061178603898314,0.1136813346594987,0.10497188026783094,0.10825672000646591,1971948000,0.0,0.0
2002-11-20 00:00:00-05:00,0.11154242786149215,0.1145980730154507,0.1100902402684399,0.11368128657341003,1292796000,0.0,0.0
2002-11-21 00:00:00-05:00,0.11826521455919535,0.12896135322816898,0.11803602134568589,0.12330753356218338,2053920000,0.0,0.0
2002-11-22 00:00:00-05:00,0.11582013724073613,0.12254384299322087,0.11459806505574115,0.1200987696647644,1251900000,0.0,0.0
2002-11-25 00:00:00-05:00,0.12567560976795172,0.12750918315009305,0.12078640406299457,0.12445353716611862,1230084000,0.0,0.0
2002-11-26 00:00:00-05:00,0.12506501095249878,0.1275091556286228,0.12071028535570243,0.12109166383743286,1084332000,0.0,0.0
2002-11-27 00:00:00-05:00,0.1262110197683238,0.1326285130399146,0.12460663961984672,0.13048873841762543,1088556000,0.0,0.0
2002-11-29 00:00:00-05:00,0.1339266736305186,0.1358372549251096,0.12987814838368494,0.1308710277080536,519396000,0.0,0.0
2002-12-02 00:00:00-05:00,0.13782306106801293,0.13958054236712458,0.1292667058224693,0.1298781931400299,1167504000,0.0,0.0
2002-12-03 00:00:00-05:00,0.12743308027417113,0.12773836616044362,0.12109168025982442,0.12132087349891663,1046220000,0.0,0.0
2002-12-04 00:00:00-05:00,0.11276455114109209,0.11459811791295484,0.10642314985612916,0.10680544376373291,2206548000,0.0,0.0
2002-12-05 00:00:00-05:00,0.11368132305191633,0.11444500917640522,0.10520106281830476,0.10779831558465958,1594872000,0.0,0.0
2002-12-06 00:00:00-05:00,0.10313829026662044,0.11001417673976709,0.10145782433116034,0.10795141011476517,1159224000,0.0,0.0
2002-12-09 00:00:00-05:00,0.10443739340701623,0.10611785959616613,0.0984782927188343,0.09931806474924088,969792000,0.0,0.0
2002-12-10 00:00:00-05:00,0.10183921522838972,0.10963188880737297,0.10054104991229418,0.10764613002538681,1389888000,0.0,0.0
2002-12-11 00:00:00-05:00,0.10688150875877855,0.11001416225912693,0.10329138410455548,0.10703461617231369,1364208000,0.0,0.0
2002-12-12 00:00:00-05:00,0.11100705747420397,0.11230614486466992,0.10504795761063104,0.1052771508693695,1302552000,0.0,0.0
2002-12-13 00:00:00-05:00,0.10336749005351081,0.10336749005351081,0.10038793675256916,0.10115162283182144,707724000,0.0,0.0
2002-12-16 00:00:00-05:00,0.10466658637587792,0.10772223279010286,0.10199232540998011,0.10711073875427246,1056972000,0.0,0.0
2002-12-17 00:00:00-05:00,0.10902129733779678,0.11268843018300055,0.10611783686460015,0.1069585308432579,1077744000,0.0,0.0
2002-12-18 00:00:00-05:00,0.1035966797668601,0.1037497871948698,0.09855436684986367,0.09878356009721756,1126836000,0.0,0.0
2002-12-19 00:00:00-05:00,0.0970260699861011,0.10214539682165992,0.09565089024113058,0.09664468467235565,1100604000,0.0,0.0
2002-12-20 00:00:00-05:00,0.09970036284105471,0.10077025026175622,0.09312976145958612,0.09794288873672485,804576000,0.0,0.0
2002-12-23 00:00:00-05:00,0.09771365671616303,0.1009994105676033,0.0974083708692903,0.09863044321537018,498648000,0.0,0.0
2002-12-24 00:00:00-05:00,0.09916584412284603,0.10115160239043484,0.09610928348945408,0.09664468467235565,300336000,0.0,0.0
2002-12-26 00:00:00-05:00,0.09824907385470467,0.09970034647653972,0.09404653282162896,0.09488722681999207,719760000,0.0,0.0
2002-12-27 00:00:00-05:00,0.09748446489337484,0.09771365810614799,0.09045639443578232,0.09129616618156433,702528000,0.0,0.0
2002-12-30 00:00:00-05:00,0.0916784791502297,0.09267135843468184,0.08602466557130035,0.08808743208646774,784740000,0.0,0.0
2002-12-31 00:00:00-05:00,0.08717065257689802,0.0901502059714021,0.0854901865935385,0.08793525397777557,825396000,0.0,0.0
2003-01-02 00:00:00-05:00,0.09167847339823955,0.09511641282076654,0.0885458198489024,0.09404652565717697,1302540000,0.0,0.0
2003-01-03 00:00:00-05:00,0.09435273365845741,0.09740837926636298,0.09244215256054869,0.09404652565717697,1037496000,0.0,0.0
2003-01-06 00:00:00-05:00,0.09633852173945325,0.10321440269973879,0.09626242224154484,0.10168704390525818,1033428000,0.0,0.0
2003-01-07 00:00:00-05:00,0.10367277750038525,0.10604175219048946,0.10023483763802338,0.10138081759214401,1498272000,0.0,0.0
2003-01-08 00:00:00-05:00,0.09878354519272736,0.10168700530380374,0.09060857971266692,0.09129616618156433,1852524000,0.0,0.0
2003-01-09 00:00:00-05:00,0.09412353213490555,0.09511641134162342,0.09198375784100177,0.09290054440498352,1436076000,0.0,0.0
2003-01-10 00:00:00-05:00,0.09167848419797109,0.09588011010833747,0.09045641160258243,0.0945049300789833,924492000,0.0,0.0
2003-01-13 00:00:00-05:00,0.09809598743064064,0.09893668155046759,0.09328286707869131,0.09374126046895981,849120000,0.0,0.0
2003-01-14 00:00:00-05:00,0.09404651434837574,0.09534560141560298,0.09160236973941968,0.09442881494760513,868524000,0.0,0.0
2003-01-15 00:00:00-05:00,0.09450492143491487,0.095269522745449,0.0915253683924675,0.0915253683924675,904584000,0.0,0.0
2003-01-16 00:00:00-05:00,0.09015020758341803,0.09129618757700232,0.08411501486215725,0.0853370875120163,2039976000,0.0,0.0
2003-01-17 00:00:00-05:00,0.08304511085305515,0.0841910975414145,0.08105935915220705,0.08212833106517792,1058832000,0.0,0.0
2003-01-21 00:00:00-05:00,0.08365664139923372,0.085414115784654,0.07983639297184819,0.08006559312343597,967356000,0.0,0.0
2003-01-22 00:00:00-05:00,0.07983636450749457,0.08220533899810173,0.07960717126820308,0.08014257252216339,550992000,0.0,0.0
2003-01-23 00:00:00-05:00,0.0822814182894442,0.08365659799371043,0.08014255951343856,0.0823575109243393,918456000,0.0,0.0
2003-01-24 00:00:00-05:00,0.0816699561955617,0.08205225694384889,0.07632234953065677,0.0776975229382515,897108000,0.0,0.0
2003-01-27 00:00:00-05:00,0.07601704081970388,0.07998947324482646,0.07464186770019512,0.07655152678489685,889116000,0.0,0.0
2003-01-28 00:00:00-05:00,0.07555866070554142,0.08075316656325895,0.07303750726905564,0.07930189371109009,1785480000,0.0,0.0
2003-01-29 00:00:00-05:00,0.07716303843390858,0.0815177653122019,0.07716303843390858,0.08090626448392868,1022040000,0.0,0.0
2003-01-30 00:00:00-05:00,0.08251063439436337,0.08319822096514272,0.07678072808965831,0.07762141525745392,743064000,0.0,0.0
2003-01-31 00:00:00-05:00,0.07532947171819042,0.08098237129506342,0.07464188499908202,0.07884351164102554,949656000,0.0,0.0
2003-02-03 00:00:00-05:00,0.08029473762531397,0.08189911038864647,0.07869036486198147,0.08037175238132477,755556000,0.0,0.0
2003-02-04 00:00:00-05:00,0.07983634480073566,0.08021864536828407,0.07563472706931627,0.07678070664405823,627720000,0.0,0.0
2003-02-05 00:00:00-05:00,0.07846118501077116,0.08060095925697384,0.07716301996455036,0.07746830582618713,581508000,0.0,0.0
2003-02-06 00:00:00-05:00,0.08281594786676051,0.08296904851475603,0.0767807536560137,0.07807983458042145,1226184000,0.0,0.0
2003-02-07 00:00:00-05:00,0.07960717139895054,0.0799894720614937,0.07441266652572606,0.0745648518204689,915156000,0.0,0.0
2003-02-10 00:00:00-05:00,0.07448876639939862,0.07601704706970036,0.0712800197492885,0.07548164576292038,982632000,0.0,0.0
2003-02-11 00:00:00-05:00,0.07609315982093899,0.07830903452332748,0.07372510659943238,0.07410649210214615,850716000,0.0,0.0
2003-02-12 00:00:00-05:00,0.07410648744657432,0.07723914207247495,0.07349590865978557,0.07448878139257431,641400000,0.0,0.0
2003-02-13 00:00:00-05:00,0.07578785368228176,0.07616923225305916,0.07372508700625874,0.075405552983284,889164000,0.0,0.0
2003-02-14 00:00:00-05:00,0.08571936609186212,0.09206076522716668,0.083656599903657,0.09198375046253204,3548844000,0.0,0.0
2003-02-18 00:00:00-05:00,0.09549874548239488,0.099088878226949,0.09435276529069034,0.09725530445575714,1740516000,0.0,0.0
2003-02-19 00:00:00-05:00,0.09664468861317926,0.09878354753970851,0.09557480150118064,0.09817205369472504,1141212000,0.0,0.0
2003-02-20 00:00:00-05:00,0.09855435432149,0.1011516065150344,0.09779066836542806,0.09817205369472504,978132000,0.0,0.0
2003-02-21 00:00:00-05:00,0.09809599207171957,0.09847829281936528,0.09473413756165111,0.09824909269809723,913260000,0.0,0.0
2003-02-24 00:00:00-05:00,0.09740839200386227,0.10306219913680158,0.09687390600093208,0.09947115182876587,1137012000,0.0,0.0
2003-02-25 00:00:00-05:00,0.09626237858522103,0.09931802374735961,0.09473409835546244,0.09885963052511215,1239204000,0.0,0.0
2003-02-26 00:00:00-05:00,0.09756147985171397,0.09916585294834225,0.09381733242790655,0.09404652565717697,746892000,0.0,0.0
2003-02-27 00:00:00-05:00,0.09496331344439461,0.09649159391656002,0.09343594826975299,0.09603320062160492,675312000,0.0,0.0
2003-02-28 00:00:00-05:00,0.0930536582285121,0.09664470552209294,0.0903033049757988,0.09641551226377487,1653336000,0.0,0.0
2003-03-03 00:00:00-05:00,0.09756147948353298,0.09931803786137117,0.09358813201487146,0.09481112658977509,702036000,0.0,0.0
2003-03-04 00:00:00-05:00,0.09511641282076654,0.09603319939900512,0.09312973907893839,0.09404652565717697,538392000,0.0,0.0
2003-03-05 00:00:00-05:00,0.09312976572224953,0.09610931953865036,0.09290057242740965,0.09557483345270157,522156000,0.0,0.0
2003-03-06 00:00:00-05:00,0.09481113432788178,0.09572792097748503,0.0935881396531622,0.09397044032812119,548064000,0.0,0.0
2003-03-07 00:00:00-05:00,0.09251919288413651,0.0957279470310507,0.09167850548615124,0.09542173892259598,581148000,0.0,0.0
2003-03-10 00:00:00-05:00,0.09442886248303643,0.09488725594779035,0.09259529545460185,0.09274839609861374,344796000,0.0,0.0
2003-03-11 00:00:00-05:00,0.09343595057725906,0.0949633157896207,0.09236606337362668,0.09343595057725906,417144000,0.0,0.0
2003-03-12 00:00:00-05:00,0.09419963427236307,0.0962623938537932,0.09335894032734103,0.09603320062160492,493920000,0.0,0.0
2003-03-13 00:00:00-05:00,0.098859674766587,0.10619395594361365,0.09840128133920026,0.10558337718248367,1362732000,0.0,0.0
2003-03-14 00:00:00-05:00,0.10596475328122065,0.1069585480128334,0.1017631269697421,0.10252680629491806,1094220000,0.0,0.0
2003-03-17 00:00:00-05:00,0.10084632695119793,0.11054865896979608,0.10061713370314977,0.10848589241504669,1307808000,0.0,0.0
2003-03-18 00:00:00-05:00,0.10810452339245402,0.1093265960516909,0.10543026267748908,0.10764613002538681,932280000,0.0,0.0
2003-03-19 00:00:00-05:00,0.10787533443960377,0.10894430659790463,0.10436038611476867,0.10818062722682953,712992000,0.0,0.0
2003-03-20 00:00:00-05:00,0.10818058270984902,0.11146542109326574,0.1053541375522303,0.10917346179485321,780060000,0.0,0.0
2003-03-21 00:00:00-05:00,0.11291765516774971,0.11329903378911592,0.1032914139564678,0.10818062722682953,1681800000,0.0,0.0
2003-03-24 00:00:00-05:00,0.10374977620919734,0.10695852231586368,0.10313827552065039,0.10413115471601486,839016000,0.0,0.0
2003-03-25 00:00:00-05:00,0.10443739308612832,0.10871511227426041,0.1040550923400475,0.10711073875427246,672828000,0.0,0.0
2003-03-26 00:00:00-05:00,0.10947968457451977,0.11192383645369414,0.10863899742065085,0.11009026318788528,1107840000,0.0,0.0
2003-03-27 00:00:00-05:00,0.10863899667243421,0.11093095640833125,0.10665232282582791,0.1069585308432579,1392732000,0.0,0.0
2003-03-28 00:00:00-05:00,0.10695853377519286,0.10733991232287053,0.10092241942198014,0.10260380059480667,1290684000,0.0,0.0
2003-03-31 00:00:00-05:00,0.09947114311540158,0.10069322245016193,0.0979428694273002,0.0984012559056282,680508000,0.0,0.0
2003-04-01 00:00:00-05:00,0.10046403077167927,0.10237461211164335,0.09824907881747615,0.10130472481250763,533808000,0.0,0.0
2003-04-02 00:00:00-05:00,0.10474266337039019,0.10680542999186801,0.10336749017645779,0.10504795610904694,771900000,0.0,0.0
2003-04-03 00:00:00-05:00,0.10695852590505141,0.10695852590505141,0.10420816615226271,0.10642312467098236,702780000,0.0,0.0
2003-04-04 00:00:00-05:00,0.10672933858436578,0.10688152389137158,0.10183921073716337,0.10229760408401489,513840000,0.0,0.0
2003-04-07 00:00:00-04:00,0.10917346825859818,0.11001415529598238,0.1023745910610414,0.10336747020483017,671256000,0.0,0.0
2003-04-08 00:00:00-04:00,0.10428427934928934,0.10481875852559007,0.10168702667168211,0.1023746132850647,475032000,0.0,0.0
2003-04-09 00:00:00-04:00,0.1027559862562116,0.10550633920764216,0.10168701437175283,0.10183919966220856,694260000,0.0,0.0
2003-04-10 00:00:00-04:00,0.10321438520731113,0.10336749264439299,0.10138081862809781,0.1023746132850647,364104000,0.0,0.0
2003-04-11 00:00:00-04:00,0.10352059955467999,0.10436037835864333,0.10023484476596882,0.10122863948345184,374184000,0.0,0.0
2003-04-14 00:00:00-04:00,0.09970037082703129,0.10329141881611897,0.09939507802544212,0.1029852107167244,445776000,0.0,0.0
2003-04-15 00:00:00-04:00,0.10229762033690466,0.10374980855931103,0.09977645994395279,0.10245072096586227,490212000,0.0,0.0
2003-04-16 00:00:00-04:00,0.10481877389927616,0.10504797402440653,0.10161002679209391,0.10245072096586227,671988000,0.0,0.0
2003-04-17 00:00:00-04:00,0.10321439965783535,0.10451348724262663,0.10107554686380578,0.10428429394960403,520740000,0.0,0.0
2003-04-21 00:00:00-04:00,0.10443737103542386,0.10726381673254869,0.10344357646334051,0.1069585308432579,597144000,0.0,0.0
2003-04-22 00:00:00-04:00,0.10642313975566009,0.10840980696155952,0.10466657428009198,0.10833371430635452,787392000,0.0,0.0
2003-04-23 00:00:00-04:00,0.1081806243123538,0.11146546395900556,0.10733993017086424,0.11077787727117538,606204000,0.0,0.0
2003-04-24 00:00:00-04:00,0.11085485998495624,0.11085485998495624,0.10604174060514808,0.10749301314353943,660912000,0.0,0.0
2003-04-25 00:00:00-04:00,0.10688155729433724,0.10871513125477775,0.10252682938416319,0.10352062433958054,884652000,0.0,0.0
2003-04-28 00:00:00-04:00,0.10474264627379834,0.10856289298511768,0.10352057388218551,0.10665231198072433,674988000,0.0,0.0
2003-04-29 00:00:00-04:00,0.10909741265756975,0.11146546553351114,0.10825671850420499,0.10993809998035431,670344000,0.0,0.0
2003-04-30 00:00:00-04:00,0.10932659494870747,0.11230614838929412,0.10886820158626494,0.10947969555854797,466620000,0.0,0.0
2003-05-01 00:00:00-04:00,0.10871510662415881,0.11123626683327685,0.10810452791781484,0.11016729474067688,733368000,0.0,0.0
2003-05-02 00:00:00-04:00,0.11161858421214442,0.12223770649847493,0.11100709007944319,0.1214740201830864,1691088000,0.0,0.0
2003-05-05 00:00:00-04:00,0.12261997744513589,0.1301834505700206,0.12040409654016436,0.12445353716611862,1576164000,0.0,0.0
2003-05-06 00:00:00-04:00,0.12384205141501538,0.1278153857704189,0.12261997879968241,0.12460663914680481,1143864000,0.0,0.0
2003-05-07 00:00:00-04:00,0.12277310206942703,0.1256756343559188,0.1204811417239162,0.12262000143527985,897372000,0.0,0.0
2003-05-08 00:00:00-04:00,0.12109170642174796,0.127586208431147,0.11956434770168999,0.12269608676433563,1957452000,0.0,0.0
2003-05-09 00:00:00-04:00,0.14385913269100775,0.16448678567417938,0.1398096920163414,0.16326379776000977,9230856000,0.0,0.0
2003-05-12 00:00:00-04:00,0.1636460863053673,0.16731323299452686,0.15738169386155365,0.15867987275123596,3007860000,0.0,0.0
2003-05-13 00:00:00-04:00,0.15325621105107218,0.15814543192440186,0.1523394377385438,0.15570037066936493,1824108000,0.0,0.0
2003-05-14 00:00:00-04:00,0.15623567529140006,0.15814534081534742,0.153561422248894,0.155548095703125,965580000,0.0,0.0
2003-05-15 00:00:00-04:00,0.1578400599612138,0.16120099106170133,0.15699936612209886,0.1608957052230835,1105656000,0.0,0.0
2003-05-16 00:00:00-04:00,0.15890906530942203,0.16525046567484888,0.15867987205764095,0.1624240130186081,1028916000,0.0,0.0
2003-05-19 00:00:00-04:00,0.1602842104541424,0.16181248395914297,0.15134556590841586,0.1532561331987381,1220484000,0.0,0.0
2003-05-20 00:00:00-04:00,0.15348539220740617,0.15547113751289052,0.15279779867757523,0.15432515740394592,884124000,0.0,0.0
2003-05-21 00:00:00-04:00,0.15440209780274003,0.15982579424305396,0.15356140408953836,0.15974970161914825,905472000,0.0,0.0
2003-05-22 00:00:00-04:00,0.15997895017490582,0.16173641717251924,0.156235710906613,0.16028423607349396,888816000,0.0,0.0
2003-05-23 00:00:00-04:00,0.1604373156053215,0.16349296106621952,0.15875685677619938,0.1594444364309311,867612000,0.0,0.0
2003-05-27 00:00:00-04:00,0.15776309611490869,0.17418912362585373,0.1547074499991482,0.17357763648033142,1677408000,0.0,0.0
2003-05-28 00:00:00-04:00,0.17304313940381635,0.17495280547498768,0.16884151339264622,0.17311923205852509,1235556000,0.0,0.0
2003-05-29 00:00:00-04:00,0.1730431064533142,0.19084431706654972,0.17266081265728228,0.18496130406856537,2297736000,0.0,0.0
2003-05-30 00:00:00-04:00,0.2024563346740833,0.2034501292492384,0.19749102298856097,0.1999351680278778,2142312000,0.0,0.0
2003-06-02 00:00:00-04:00,0.2051305521339952,0.2053597589968611,0.18763555759073225,0.18885762989521027,1566144000,0.0,0.0
2003-06-03 00:00:00-04:00,0.18671878715964818,0.19848388436484993,0.18442682762337922,0.19275398552417755,1596804000,0.0,0.0
2003-06-04 00:00:00-04:00,0.19214253414663998,0.19749105585581336,0.189162980520432,0.19733795523643494,1175604000,0.0,0.0
2003-06-05 00:00:00-04:00,0.19474065758319184,0.2036793024327636,0.1921424832471261,0.20299170911312103,1204404000,0.0,0.0
2003-06-06 00:00:00-04:00,0.21093660176768134,0.2120064890308092,0.19527516315893817,0.19680345058441162,1378836000,0.0,0.0
2003-06-09 00:00:00-04:00,0.19558042887248983,0.20062274817086803,0.1914548961430128,0.19443444907665253,720588000,0.0,0.0
2003-06-10 00:00:00-04:00,0.19443444274742006,0.1974139955840693,0.19229558380916129,0.19726181030273438,563304000,0.0,0.0
2003-06-11 00:00:00-04:00,0.19603882288206229,0.19917147630192994,0.19252477729969103,0.19741399586200714,943836000,0.0,0.0
2003-06-12 00:00:00-04:00,0.19878917503306565,0.2009289493384514,0.19382387733649145,0.19443444907665253,1046688000,0.0,0.0
2003-06-13 00:00:00-04:00,0.1860312299211973,0.191378835997728,0.17800936998815167,0.17930753529071808,1826808000,0.0,0.0
2003-06-16 00:00:00-04:00,0.18144727348442777,0.18541970550611897,0.16945206784479266,0.1831277459859848,1904868000,0.0,0.0
2003-06-17 00:00:00-04:00,0.1873294203187854,0.18870459365901096,0.1818286996355634,0.18748252093791962,999852000,0.0,0.0
2003-06-18 00:00:00-04:00,0.18564892019415705,0.1984078132704899,0.18412063279740898,0.1946636587381363,1122072000,0.0,0.0
2003-06-19 00:00:00-04:00,0.19550438277686308,0.19649726222530275,0.1818287009527684,0.18282249569892883,1190532000,0.0,0.0
2003-06-20 00:00:00-04:00,0.18480822348614329,0.1848852314321622,0.17800935217751435,0.18091188371181488,937848000,0.0,0.0
2003-06-23 00:00:00-04:00,0.18075970843983064,0.1816764951235268,0.17090427549712403,0.1744944006204605,734784000,0.0,0.0
2003-06-24 00:00:00-04:00,0.17342544172206312,0.17724477405048653,0.1685353203896963,0.17411303520202637,1008816000,0.0,0.0
2003-06-25 00:00:00-04:00,0.1745713846811525,0.18167645604445135,0.17388379140099383,0.17525896430015564,1060620000,0.0,0.0
2003-06-26 00:00:00-04:00,0.17579348842114617,0.1778562549690427,0.1702927685193168,0.1754881888628006,960540000,0.0,0.0
2003-06-27 00:00:00-04:00,0.17755093756634807,0.1791553174584266,0.1715148374902626,0.172355517745018,709104000,0.0,0.0
2003-06-30 00:00:00-04:00,0.17464753524132154,0.1780854754600362,0.17266086103940234,0.17502982914447784,544128000,0.0,0.0
2003-07-01 00:00:00-04:00,0.1728139498618256,0.18244019001371833,0.17120956967259723,0.1822109967470169,977016000,0.0,0.0
2003-07-02 00:00:00-04:00,0.18389148923493864,0.18626047126847106,0.17915538308585172,0.18167653679847717,846828000,0.0,0.0
2003-07-03 00:00:00-04:00,0.17747393510340673,0.1842737350266556,0.17709255658287856,0.17961370944976807,420912000,0.0,0.0
2003-07-07 00:00:00-04:00,0.18205789153149177,0.19237171122259986,0.18198179887706992,0.19137883186340332,832200000,0.0,0.0
2003-07-08 00:00:00-04:00,0.18610731005059294,0.19176113062730962,0.185648923549736,0.189239963889122,602856000,0.0,0.0
2003-07-09 00:00:00-04:00,0.1891629596982246,0.19672643274071636,0.18885767379078783,0.19359469413757324,755352000,0.0,0.0
2003-07-10 00:00:00-04:00,0.18755859912745956,0.19000365967870655,0.18236409374445034,0.18564893305301666,644568000,0.0,0.0
2003-07-11 00:00:00-04:00,0.18786478524955647,0.18901076512945422,0.18503741739481122,0.18664179742336273,495000000,0.0,0.0
2003-07-14 00:00:00-04:00,0.19137882981638188,0.19252480976980296,0.18427375683740294,0.18519054353237152,694344000,0.0,0.0
2003-07-15 00:00:00-04:00,0.18794086450337216,0.18878155843087802,0.1773978394308085,0.17915531992912292,1143456000,0.0,0.0
2003-07-16 00:00:00-04:00,0.1825162715802406,0.18335696560077772,0.17266083876046986,0.1769394725561142,880476000,0.0,0.0
2003-07-17 00:00:00-04:00,0.17159186395558557,0.17380681581980814,0.1657849428156629,0.16807690262794495,853764000,0.0,0.0
2003-07-18 00:00:00-04:00,0.16479206551012845,0.1653265583262419,0.15638789855635535,0.1624240130186081,1280832000,0.0,0.0
2003-07-21 00:00:00-04:00,0.1633408183787876,0.1638752975949059,0.15615872317458857,0.1599789708852768,985140000,0.0,0.0
2003-07-22 00:00:00-04:00,0.16448676606336096,0.16570883853419405,0.1617364062849737,0.16265319287776947,582444000,0.0,0.0
2003-07-23 00:00:00-04:00,0.16250011577062184,0.16578495513460262,0.15761090988329166,0.16479207575321198,605328000,0.0,0.0
2003-07-24 00:00:00-04:00,0.16777157699074793,0.16899364925790217,0.15699936022779337,0.15837453305721283,1116828000,0.0,0.0
2003-07-25 00:00:00-04:00,0.15867983850292028,0.16181247803634544,0.1527977411824964,0.1608957052230835,1002084000,0.0,0.0
2003-07-28 00:00:00-04:00,0.162194782289052,0.16257616075549533,0.1552418827650986,0.15592947602272034,703752000,0.0,0.0
2003-07-29 00:00:00-04:00,0.14179642284288754,0.15401991346011393,0.14026813474075567,0.14569275081157684,2794788000,0.0,0.0
2003-07-30 00:00:00-04:00,0.14515729990951645,0.1468386743667175,0.1431715411702733,0.14408832788467407,788724000,0.0,0.0
2003-07-31 00:00:00-04:00,0.1474492418343457,0.1495890162176677,0.1443175035003509,0.14584486186504364,897600000,0.0,0.0
2003-08-01 00:00:00-04:00,0.14592190606108535,0.15188099940683275,0.1444697111587883,0.1506580114364624,767556000,0.0,0.0
2003-08-04 00:00:00-04:00,0.15050580326452068,0.15906215493047385,0.1495890166595197,0.1563117951154709,1428852000,0.0,0.0
2003-08-05 00:00:00-04:00,0.1603612475565079,0.16402839425539328,0.15455433996641152,0.15585342049598694,1063488000,0.0,0.0
2003-08-06 00:00:00-04:00,0.15379061063381003,0.1558533766564136,0.1457687397323173,0.14951197803020477,1025868000,0.0,0.0
2003-08-07 00:00:00-04:00,0.14913065812347154,0.15126951761623658,0.14546351101651994,0.14744926989078522,1040340000,0.0,0.0
2003-08-08 00:00:00-04:00,0.1264402342742953,0.12697472720143585,0.11658479945007198,0.1184183731675148,3767580000,0.0,0.0
2003-08-11 00:00:00-04:00,0.12032796476823554,0.12644017004673003,0.11956429259078703,0.12483580410480499,1675752000,0.0,0.0
2003-08-12 00:00:00-04:00,0.12644021932268704,0.12766229200348725,0.12437745254977715,0.12735700607299805,764160000,0.0,0.0
2003-08-13 00:00:00-04:00,0.12789144540704533,0.13025949711927926,0.12468269995458016,0.12819673120975494,693552000,0.0,0.0
2003-08-14 00:00:00-04:00,0.12391909824254993,0.12575267222017317,0.12239081027483555,0.12376599758863449,1527696000,0.0,0.0
2003-08-15 00:00:00-04:00,0.12300226270560286,0.12414824257401635,0.12223766137456744,0.12338364124298096,217716000,0.0,0.0
2003-08-18 00:00:00-04:00,0.12537032926124167,0.12705080211162567,0.12315446192191438,0.12705080211162567,717684000,0.0,0.0
2003-08-19 00:00:00-04:00,0.12987811471576122,0.13751769202092082,0.12980110678636472,0.13675400614738464,1403976000,0.0,0.0
2003-08-20 00:00:00-04:00,0.13484343886375427,0.13736459156672975,0.13186388606677477,0.13484343886375427,870348000,0.0,0.0
2003-08-21 00:00:00-04:00,0.13812920629827544,0.13980967893925525,0.13598943188215046,0.1385105848312378,644748000,0.0,0.0
2003-08-22 00:00:00-04:00,0.14683866900077153,0.1488244276674488,0.13942738126468707,0.13950440287590027,1002396000,0.0,0.0
2003-08-25 00:00:00-04:00,0.1421777035857694,0.1421777035857694,0.13751769242635734,0.13873976469039917,434028000,0.0,0.0
2003-08-26 00:00:00-04:00,0.13698319776870393,0.13904596380840148,0.13278065776079614,0.13652481138706207,768984000,0.0,0.0
2003-08-27 00:00:00-04:00,0.13744164482610294,0.1421016575123425,0.13598944993360382,0.14065039157867432,567816000,0.0,0.0
2003-08-28 00:00:00-04:00,0.14202558132576398,0.1427892675403334,0.1353788937805887,0.136983260512352,828312000,0.0,0.0
2003-08-29 00:00:00-04:00,0.13675405184230924,0.1394273904499062,0.13621864368595432,0.13881681859493256,532884000,0.0,0.0
2003-09-02 00:00:00-04:00,0.14126092313366875,0.14248391074690328,0.1369061976161154,0.13759379088878632,711456000,0.0,0.0
2003-09-03 00:00:00-04:00,0.1396565814469773,0.1400388752859742,0.13423288323431315,0.13492046296596527,849972000,0.0,0.0
2003-09-04 00:00:00-04:00,0.13545496479666222,0.1394273838398416,0.1344620854449856,0.13621863722801208,740064000,0.0,0.0
2003-09-05 00:00:00-04:00,0.1364478225941567,0.14592187562537146,0.13484344271110085,0.14271312952041626,1198740000,0.0,0.0
2003-09-08 00:00:00-04:00,0.1450051383794892,0.1509642325086297,0.14324765731768674,0.14928285777568817,1508712000,0.0,0.0
2003-09-09 00:00:00-04:00,0.14515733167799363,0.16402843725322594,0.14317157250415624,0.15845070779323578,2489436000,0.0,0.0
2003-09-10 00:00:00-04:00,0.15394381189899484,0.15806934664303962,0.1463803360886339,0.1476024091243744,1380624000,0.0,0.0
2003-09-11 00:00:00-04:00,0.14958909244143034,0.15394382077542465,0.1398097480366149,0.14569275081157684,2612736000,0.0,0.0
2003-09-12 00:00:00-04:00,0.14446966809259953,0.15104026029542825,0.14286530201432796,0.1478315144777298,1162404000,0.0,0.0
2003-09-15 00:00:00-04:00,0.14905358973846183,0.1498181909545157,0.144851978392747,0.1453864574432373,596028000,0.0,0.0
2003-09-16 00:00:00-04:00,0.14569264276983152,0.1503526673460008,0.14569264276983152,0.14989426732063293,620736000,0.0,0.0
2003-09-17 00:00:00-04:00,0.15081101671673428,0.15455425398511727,0.14958894481655519,0.15165171027183533,902784000,0.0,0.0
2003-09-18 00:00:00-04:00,0.15081109954363064,0.15287386613180193,0.14913064046875435,0.15279777348041534,603492000,0.0,0.0
2003-09-19 00:00:00-04:00,0.15455435902386502,0.15554815377066294,0.15019963202784414,0.15157480537891388,648096000,0.0,0.0
2003-09-22 00:00:00-04:00,0.14859526573387463,0.14890146700340642,0.14439363896233876,0.14561571180820465,735504000,0.0,0.0
2003-09-23 00:00:00-04:00,0.14584490023110083,0.1478315745476707,0.14393524753940162,0.14699088037014008,628932000,0.0,0.0
2003-09-24 00:00:00-04:00,0.14385913016506205,0.14515729541300182,0.13560806365220596,0.13583725690841675,1600668000,0.0,0.0
2003-09-25 00:00:00-04:00,0.13690624325133352,0.13935130399540874,0.1333161177426343,0.13392668962478638,736776000,0.0,0.0
2003-09-26 00:00:00-04:00,0.13354527843687275,0.13392665694572983,0.12705077824945502,0.12880824506282806,895908000,0.0,0.0
2003-09-29 00:00:00-04:00,0.12231467362079243,0.12666940000611163,0.119945705855146,0.12185628712177277,1944996000,0.0,0.0
2003-09-30 00:00:00-04:00,0.12078642224697538,0.12613402893311096,0.12032802200185018,0.12200849503278732,1020888000,0.0,0.0
2003-10-01 00:00:00-04:00,0.12223765960342876,0.12445352666018594,0.1219323737184375,0.12300226092338562,877224000,0.0,0.0
2003-10-02 00:00:00-04:00,0.1222376594949615,0.12666939360454338,0.12185628096344772,0.12491192668676376,857628000,0.0,0.0
2003-10-03 00:00:00-04:00,0.12834983175976017,0.1314054766622201,0.12613396530023066,0.12819673120975494,862812000,0.0,0.0
2003-10-06 00:00:00-04:00,0.1284259692378231,0.12972504978446234,0.12613400935149327,0.12720389664173126,377028000,0.0,0.0
2003-10-07 00:00:00-04:00,0.12720390532312967,0.1283498853445053,0.125446424482585,0.1283498853445053,510588000,0.0,0.0
2003-10-08 00:00:00-04:00,0.12834981087194447,0.12949579022838714,0.1230783003678475,0.12384198606014252,739440000,0.0,0.0
2003-10-09 00:00:00-04:00,0.12567567071314167,0.13048879976005295,0.1246066981971144,0.12559957802295685,852408000,0.0,0.0
2003-10-10 00:00:00-04:00,0.1275862171904598,0.12873219737334413,0.12605794306773047,0.12781541049480438,413976000,0.0,0.0
2003-10-13 00:00:00-04:00,0.12926670030534862,0.13178785417036648,0.12827382068120743,0.1291135996580124,434904000,0.0,0.0
2003-10-14 00:00:00-04:00,0.12773840102551653,0.13186393509983463,0.1269747284526219,0.1314825564622879,623556000,0.0,0.0
2003-10-15 00:00:00-04:00,0.13300982465133743,0.1354548976192085,0.12896131496212898,0.12980107963085175,703488000,0.0,0.0
2003-10-16 00:00:00-04:00,0.12995416431859838,0.13186382918823591,0.12796750520621275,0.13140544295310974,446088000,0.0,0.0
2003-10-17 00:00:00-04:00,0.13064184424865505,0.13316299754147656,0.12712781155703443,0.12727999687194824,459696000,0.0,0.0
2003-10-20 00:00:00-04:00,0.12735693967633296,0.1302594837304472,0.1265923386410441,0.13010729849338531,467388000,0.0,0.0
2003-10-21 00:00:00-04:00,0.13247541760494336,0.13660095110646733,0.13064184412400842,0.13407978415489197,758724000,0.0,0.0
2003-10-22 00:00:00-04:00,0.13201702984308844,0.13507267627961247,0.13110025667739972,0.13178783655166626,620952000,0.0,0.0
2003-10-23 00:00:00-04:00,0.1298781291000349,0.1336974605269291,0.12964893588119994,0.13117630779743195,451524000,0.0,0.0
2003-10-24 00:00:00-04:00,0.12987815441568876,0.13186391315665177,0.1286551664840494,0.130717933177948,447084000,0.0,0.0
2003-10-27 00:00:00-05:00,0.13140544295310974,0.13293371583036923,0.13048865682170716,0.13140544295310974,254460000,0.0,0.0
2003-10-28 00:00:00-05:00,0.13316300321291813,0.14042119113416723,0.13255151603419452,0.13965660333633423,956064000,0.0,0.0
2003-10-29 00:00:00-05:00,0.13553106965516665,0.14133797791455557,0.13545497699446893,0.13965660333633423,494004000,0.0,0.0
2003-10-30 00:00:00-05:00,0.14324766203767153,0.14332375470787853,0.1368301674341196,0.13705936074256897,581256000,0.0,0.0
2003-10-31 00:00:00-05:00,0.13828137967415666,0.13942735943053117,0.13293377468984738,0.13507263362407684,598152000,0.0,0.0
2003-11-03 00:00:00-05:00,0.13438504505158091,0.14019195138620733,0.13377445971179655,0.13759379088878632,773724000,0.0,0.0
2003-11-04 00:00:00-05:00,0.1405733937239796,0.1409557013310197,0.1371354531210673,0.13805224001407623,700896000,0.0,0.0
2003-11-05 00:00:00-05:00,0.13522579191244646,0.13996282719922865,0.13300992409456325,0.13858765363693237,882024000,0.0,0.0
2003-11-06 00:00:00-05:00,0.14065039207752203,0.14133797188762356,0.1362956516410822,0.13881681859493256,1175280000,0.0,0.0
2003-11-07 00:00:00-05:00,0.16547969545036775,0.16853534203281456,0.1619656622631863,0.16616728901863098,4292820000,0.0,0.0
2003-11-10 00:00:00-05:00,0.1667017191394081,0.16899367880961763,0.16471596064727403,0.16570883989334106,1210056000,0.0,0.0
2003-11-11 00:00:00-05:00,0.16196562682042182,0.16479206582083342,0.15867987235682174,0.1615833193063736,799140000,0.0,0.0
2003-11-12 00:00:00-05:00,0.16104880476482134,0.1642575505742566,0.16028420356588108,0.16372214257717133,617664000,0.0,0.0
2003-11-13 00:00:00-05:00,0.16372217363371575,0.16609115501732458,0.1628053869912349,0.16379918158054352,580332000,0.0,0.0
2003-11-14 00:00:00-05:00,0.164257548325236,0.164257548325236,0.1536375166415449,0.15409590303897858,888420000,0.0,0.0
2003-11-17 00:00:00-05:00,0.15119341909411183,0.15432514424143348,0.14974122419662123,0.15249158442020416,599880000,0.0,0.0
2003-11-18 00:00:00-05:00,0.15623573988593076,0.15814540619941578,0.14974123781304569,0.15027664601802826,991428000,0.0,0.0
2003-11-19 00:00:00-05:00,0.1513455687633904,0.15508970914029047,0.15081107603065513,0.15447822213172913,567552000,0.0,0.0
2003-11-20 00:00:00-05:00,0.1520331454234488,0.15539499194174267,0.1497411859859013,0.15035268664360046,738852000,0.0,0.0
2003-11-21 00:00:00-05:00,0.1521862880926693,0.15241549502874885,0.1480607681606314,0.15096421539783478,543240000,0.0,0.0
2003-11-24 00:00:00-05:00,0.152415461721908,0.16043732021923351,0.15134557457902267,0.1600550264120102,940644000,0.0,0.0
2003-11-25 00:00:00-05:00,0.16074265615221692,0.16418061024017236,0.15890909612128967,0.16280542314052582,822804000,0.0,0.0
2003-11-26 00:00:00-05:00,0.1654796709456548,0.16601415013942997,0.1599028715406736,0.1629585176706314,430032000,0.0,0.0
2003-11-28 00:00:00-05:00,0.1628823817397283,0.16334076815480136,0.16081961554958837,0.16219478845596313,206136000,0.0,0.0
2003-12-01 00:00:00-05:00,0.16402829023844373,0.1657087482596186,0.16211771015104098,0.16448667645454407,526980000,0.0,0.0
2003-12-02 00:00:00-05:00,0.163492980388385,0.16716011329715055,0.1628053869912349,0.16379918158054352,574740000,0.0,0.0
2003-12-03 00:00:00-05:00,0.16425756846030032,0.16960517362586014,0.16173640198189956,0.16211779415607452,710028000,0.0,0.0
2003-12-04 00:00:00-05:00,0.16265310724347543,0.16555565078397466,0.15745768996120055,0.16127793490886688,521952000,0.0,0.0
2003-12-05 00:00:00-05:00,0.1574577132888464,0.16196555190223644,0.15478346082850006,0.15608254075050354,559848000,0.0,0.0
2003-12-08 00:00:00-05:00,0.15608260916348055,0.15883296910683564,0.15470743602238196,0.15722858905792236,340980000,0.0,0.0
2003-12-09 00:00:00-05:00,0.15692330608116645,0.15845066455006535,0.14897752566077457,0.14905361831188202,598128000,0.0,0.0
2003-12-10 00:00:00-05:00,0.14905364506608518,0.15317917896780303,0.14897755240131957,0.1523394137620926,568656000,0.0,0.0
2003-12-11 00:00:00-05:00,0.15226234747836315,0.16196560747294572,0.15195706161108113,0.1600550264120102,694872000,0.0,0.0
2003-12-12 00:00:00-05:00,0.1621948248224323,0.16326379682682074,0.15661711035104287,0.1592152714729309,700692000,0.0,0.0
2003-12-15 00:00:00-05:00,0.1638753362262056,0.1641045432194065,0.1555481879666615,0.1560065746307373,622752000,0.0,0.0
2003-12-16 00:00:00-05:00,0.15508976624621376,0.15913829233307789,0.15233941931885345,0.15814541280269623,601728000,0.0,0.0
2003-12-17 00:00:00-05:00,0.15684630140240127,0.1573816958641112,0.15249157489948256,0.15508973598480225,499116000,0.0,0.0
2003-12-18 00:00:00-05:00,0.1553950404752164,0.1602081677262421,0.1552419398539034,0.15860378742218018,436728000,0.0,0.0
2003-12-19 00:00:00-05:00,0.16257623181207037,0.165021306417429,0.15921529930852288,0.16097186505794525,916956000,0.0,0.0
2003-12-22 00:00:00-05:00,0.15860378519415347,0.16158333881615525,0.15699941857378938,0.16120104491710663,371184000,0.0,0.0
2003-12-23 00:00:00-05:00,0.160590429029064,0.1693759876157608,0.16051342108517738,0.1677716076374054,722760000,0.0,0.0
2003-12-24 00:00:00-05:00,0.16769552844270474,0.16823002126623607,0.16609116199681292,0.16654954850673676,210852000,0.0,0.0
2003-12-26 00:00:00-05:00,0.1678477025579583,0.1747235953765402,0.16716010917775287,0.17373071610927582,363960000,0.0,0.0
2003-12-29 00:00:00-05:00,0.17701555288217688,0.1816764802071069,0.1761757742177199,0.18106499314308167,756624000,0.0,0.0
2003-12-30 00:00:00-05:00,0.1791553375132714,0.18488523706677046,0.17900223691413433,0.18144729733467102,550884000,0.0,0.0
2003-12-31 00:00:00-05:00,0.18137031620073094,0.1822110103350423,0.17434223673477542,0.17724478244781494,497268000,0.0,0.0
2004-01-02 00:00:00-05:00,0.1800721434987033,0.18251628888394159,0.17632798850536346,0.17632798850536346,436416000,0.0,0.0
2004-01-05 00:00:00-05:00,0.1790022267057957,0.18328086020390863,0.17739784672561743,0.18205787241458893,575292000,0.0,0.0
2004-01-06 00:00:00-05:00,0.18152333592696443,0.1919902662664583,0.18068264216730665,0.189469113945961,1093344000,0.0,0.0
2004-01-07 00:00:00-05:00,0.18732943257533144,0.19206645374592346,0.18603125344743318,0.19114966690540314,673032000,0.0,0.0
2004-01-08 00:00:00-05:00,0.19351765036917165,0.19443443688056655,0.1900036185589363,0.19183719158172607,433752000,0.0,0.0
2004-01-09 00:00:00-05:00,0.19053820485394218,0.19695569992408285,0.18901083222946,0.19458763301372528,766584000,0.0,0.0
2004-01-12 00:00:00-05:00,0.19527516315893817,0.19741402238759664,0.1934415898318722,0.19680345058441162,541980000,0.0,0.0
2004-01-13 00:00:00-05:00,0.19580963646254476,0.19772021768114023,0.18457903090731523,0.18664179742336273,865800000,0.0,0.0
2004-01-14 00:00:00-05:00,0.18755855850664524,0.19023281174087203,0.18351003397241478,0.18526659905910492,544872000,0.0,0.0
2004-01-15 00:00:00-05:00,0.18389148907995737,0.187100236375668,0.18060664911418356,0.18557287752628326,609204000,0.0,0.0
2004-01-16 00:00:00-05:00,0.18748255772228148,0.19000371161754254,0.18572507647709705,0.18839934468269348,451728000,0.0,0.0
2004-01-20 00:00:00-05:00,0.19069121181932416,0.19397605041633748,0.18855235294603442,0.19367076456546783,487764000,0.0,0.0
2004-01-21 00:00:00-05:00,0.19206637236235713,0.19283005825013244,0.1844268085759107,0.1847320944070816,494460000,0.0,0.0
2004-01-22 00:00:00-05:00,0.1857250376684671,0.18870459125191552,0.17823857185940742,0.18045352399349213,605724000,0.0,0.0
2004-01-23 00:00:00-05:00,0.1795367214327136,0.1831277755324776,0.1760226889447764,0.17640498280525208,482472000,0.0,0.0
2004-01-26 00:00:00-05:00,0.17755095002458032,0.1841206280160632,0.17617577692141867,0.18335695564746857,393684000,0.0,0.0
2004-01-27 00:00:00-05:00,0.1796898244045519,0.1825932851111389,0.17151486407835456,0.17289003729820251,934104000,0.0,0.0
2004-01-28 00:00:00-05:00,0.17510590025742606,0.17785626029063353,0.17151485985981874,0.17243163287639618,615204000,0.0,0.0
2004-01-29 00:00:00-05:00,0.1729670324256649,0.17380681111200327,0.1615833126619094,0.16738931834697723,929700000,0.0,0.0
2004-01-30 00:00:00-05:00,0.16700791693616543,0.17380680152701197,0.16601412241268504,0.16998746991157532,466464000,0.0,0.0
2004-02-02 00:00:00-05:00,0.1713626933036138,0.17609879885364943,0.16960521240804038,0.17273786664009094,560844000,0.0,0.0
2004-02-03 00:00:00-05:00,0.1722794086509127,0.17525896126512813,0.16983434873757017,0.17212630808353424,418032000,0.0,0.0
2004-02-04 00:00:00-05:00,0.16968123407411134,0.17105640683521778,0.16723708966121809,0.16746628284454346,436800000,0.0,0.0
2004-02-05 00:00:00-05:00,0.16838310363937428,0.17189713571929366,0.1673132164716827,0.16998746991157532,331980000,0.0,0.0
2004-02-06 00:00:00-05:00,0.17220242275297692,0.176327955568064,0.17128563616505124,0.1738838106393814,471132000,0.0,0.0
2004-02-09 00:00:00-05:00,0.1751820259333727,0.17800939444935987,0.17258477967368038,0.17266087234020233,373992000,0.0,0.0
2004-02-10 00:00:00-05:00,0.17319623432492245,0.1791553409022117,0.17311922637509994,0.17900224030017853,509700000,0.0,0.0
2004-02-11 00:00:00-05:00,0.18129416716323368,0.1858780860583143,0.1806826665028684,0.18526659905910492,737808000,0.0,0.0
2004-02-12 00:00:00-05:00,0.18427375808707563,0.18526663744238547,0.17686338548462338,0.17968982458114624,974892000,0.0,0.0
2004-02-13 00:00:00-05:00,0.1749527558533044,0.1825162269745439,0.17342538408416755,0.17800931632518768,1747500000,0.0,0.0
2004-02-17 00:00:00-05:00,0.1786968814993949,0.18053045424788244,0.1762518218430779,0.17999505996704102,575976000,0.0,0.0
2004-02-18 00:00:00-05:00,0.18053045424788244,0.18144724062212622,0.17877297412638288,0.17999505996704102,320244000,0.0,0.0
2004-02-19 00:00:00-05:00,0.1822109640179544,0.1854197101588912,0.17953669697076297,0.17991900444030762,631032000,0.0,0.0
2004-02-20 00:00:00-05:00,0.1796137177344103,0.1848852306038187,0.17861992315999264,0.18442684412002563,618120000,0.0,0.0
2004-02-23 00:00:00-05:00,0.1841205930130347,0.1844268078014609,0.1755642428104645,0.17800931632518768,853332000,0.0,0.0
2004-02-24 00:00:00-05:00,0.17495278887397905,0.17716865594900882,0.16899368266650575,0.1709042638540268,708384000,0.0,0.0
2004-02-25 00:00:00-05:00,0.17197325068078112,0.17518199730274495,0.17006358462524201,0.17189715802669525,652512000,0.0,0.0
2004-02-26 00:00:00-05:00,0.17441832001945376,0.17472361961001406,0.17090428730598284,0.1730431467294693,344976000,0.0,0.0
2004-02-27 00:00:00-05:00,0.1734254093472835,0.1735776082968628,0.16738930911589386,0.16998746991157532,595548000,0.0,0.0
2004-03-01 00:00:00-05:00,0.16952910364822646,0.1728139428893379,0.16929991039077222,0.17250865697860718,506628000,0.0,0.0
2004-03-02 00:00:00-05:00,0.1727378097693409,0.17395988208475624,0.16861227745700536,0.1692998707294464,813348000,0.0,0.0
2004-03-03 00:00:00-05:00,0.16884147390483834,0.16884147390483834,0.1643336477338175,0.1670839935541153,552492000,0.0,0.0
2004-03-04 00:00:00-05:00,0.16876451014616356,0.1710564701500719,0.1673893368760504,0.1707511842250824,413352000,0.0,0.0
2004-03-05 00:00:00-05:00,0.1669309499993596,0.17342545194751405,0.16632037810065806,0.16952912509441376,354888000,0.0,0.0
2004-03-08 00:00:00-05:00,0.1696051936168745,0.17189715347745527,0.16234700651839323,0.16364608705043793,465168000,0.0,0.0
2004-03-09 00:00:00-05:00,0.1650212952518268,0.16517439587339455,0.15974978142581855,0.16250012814998627,371232000,0.0,0.0
2004-03-10 00:00:00-05:00,0.16357003588045288,0.16532660172917144,0.15898611499678875,0.16013209521770477,481692000,0.0,0.0
2004-03-11 00:00:00-05:00,0.15799226601537864,0.1636460725124869,0.15799226601537864,0.15890905261039734,526872000,0.0,0.0
2004-03-12 00:00:00-05:00,0.16104881629345094,0.1642575623325833,0.15929133586530944,0.16227088868618011,377952000,0.0,0.0
2004-03-15 00:00:00-05:00,0.16127805514113908,0.16196564865161706,0.1576109216279634,0.15860378742218018,421224000,0.0,0.0
2004-03-16 00:00:00-05:00,0.160590505736818,0.16616732069178594,0.15952061802807652,0.16540363430976868,597504000,0.0,0.0
2004-03-17 00:00:00-05:00,0.16807688452172775,0.17105643742118293,0.16738930484880807,0.16945207118988037,524592000,0.0,0.0
2004-03-18 00:00:00-05:00,0.16853532970705046,0.1734254513097641,0.16807692947467945,0.17136269807815552,528048000,0.0,0.0
2004-03-19 00:00:00-05:00,0.170445888042724,0.17220243978894859,0.16838312143111117,0.16937600076198578,452964000,0.0,0.0
2004-03-22 00:00:00-05:00,0.1667787374208668,0.16937599679377208,0.16425758435958815,0.16807690262794495,576708000,0.0,0.0
2004-03-23 00:00:00-05:00,0.17036882175897367,0.17220238082725553,0.16685477684979613,0.16876444220542908,576036000,0.0,0.0
2004-03-24 00:00:00-05:00,0.16845922888515727,0.17915535673952582,0.16807692133392596,0.17632798850536346,787344000,0.0,0.0
2004-03-25 00:00:00-05:00,0.17831461722211364,0.18748246881765424,0.17800933136642902,0.18656568229198456,997128000,0.0,0.0
2004-03-26 00:00:00-05:00,0.1860312521457672,0.18893379797839624,0.18351009859784753,0.1860312521457672,551604000,0.0,0.0
2004-03-29 00:00:00-05:00,0.1887045918122424,0.19657426683647417,0.18832321321471038,0.19405311346054077,985764000,0.0,0.0
2004-03-30 00:00:00-05:00,0.19275402433903296,0.2007758843313353,0.19260091006695332,0.19985909759998322,724956000,0.0,0.0
2004-03-31 00:00:00-05:00,0.20085199135004728,0.20383154502470724,0.199783019229002,0.20169268548488617,604752000,0.0,0.0
2004-04-01 00:00:00-05:00,0.2019218586134706,0.2060473919571743,0.19305930479735844,0.19810162484645844,1319508000,0.0,0.0
2004-04-02 00:00:00-05:00,0.20245638835086174,0.20375546916067336,0.1963450951735762,0.20092901587486267,649740000,0.0,0.0
2004-04-05 00:00:00-04:00,0.19985904425298587,0.20895080282191952,0.19985904425298587,0.20811010897159576,576744000,0.0,0.0
2004-04-06 00:00:00-04:00,0.2039846372715824,0.20543591690000768,0.19863703099272106,0.19970600306987762,624096000,0.0,0.0
2004-04-07 00:00:00-04:00,0.20123431332529335,0.20131040599281033,0.19512210491647416,0.19863705337047577,447864000,0.0,0.0
2004-04-08 00:00:00-04:00,0.20306784054473687,0.206276587214091,0.2015395666958489,0.20428991317749023,447096000,0.0,0.0
2004-04-12 00:00:00-04:00,0.20589427997005233,0.2068110666247744,0.19924759379976487,0.20047058165073395,443784000,0.0,0.0
2004-04-13 00:00:00-04:00,0.2023041468089841,0.2024563321033873,0.19481676693592193,0.19580963253974915,442704000,0.0,0.0
2004-04-14 00:00:00-04:00,0.19481677665775077,0.2004705835773854,0.19260089581933804,0.19680345058441162,512016000,0.0,0.0
2004-04-15 00:00:00-04:00,0.1941291461507013,0.19496984000259607,0.1856488882098728,0.18648958206176758,828084000,0.0,0.0
2004-04-16 00:00:00-04:00,0.1857250298735494,0.18580203782775923,0.1799951298852181,0.18037742376327515,654864000,0.0,0.0
2004-04-19 00:00:00-04:00,0.1802242769365019,0.18144726457475974,0.17693943839661003,0.180148184299469,522804000,0.0,0.0
2004-04-20 00:00:00-04:00,0.1806066092708918,0.1825932832570205,0.1724316353665474,0.17250865697860718,513804000,0.0,0.0
2004-04-21 00:00:00-04:00,0.17319625319853002,0.178773052866101,0.17143878596411646,0.17273786664009094,688812000,0.0,0.0
2004-04-22 00:00:00-04:00,0.17113345684191789,0.17663417656124641,0.16754241667089936,0.17373071610927582,695520000,0.0,0.0
2004-04-23 00:00:00-04:00,0.1758695822558874,0.1805305098251397,0.17533508944665416,0.17755095660686493,443928000,0.0,0.0
2004-04-26 00:00:00-04:00,0.17793238570740597,0.1786969735604199,0.17013970434228076,0.170598104596138,429912000,0.0,0.0
2004-04-27 00:00:00-04:00,0.17258471409675416,0.17716863294664587,0.1685352743049984,0.16914676129817963,494568000,0.0,0.0
2004-04-28 00:00:00-04:00,0.16922286423324304,0.17182103862275602,0.16716009789303832,0.1684591919183731,468768000,0.0,0.0
2004-04-29 00:00:00-04:00,0.16746632815046691,0.1686123080382785,0.16158331445417182,0.16379918158054352,645048000,0.0,0.0
2004-04-30 00:00:00-04:00,0.162882390914103,0.16387525643687612,0.15615868395461172,0.15677018463611603,512928000,0.0,0.0
2004-05-03 00:00:00-04:00,0.15845064977861278,0.16005502970780872,0.1520331573841429,0.15478351712226868,610668000,0.0,0.0
2004-05-04 00:00:00-04:00,0.15699942908757675,0.16662567043788187,0.15661713516292702,0.16463899612426758,772380000,0.0,0.0
2004-05-05 00:00:00-04:00,0.16479209191890293,0.16746635970092272,0.1634169185266796,0.166014164686203,464280000,0.0,0.0
2004-05-06 00:00:00-04:00,0.1643336725588453,0.16868839881645886,0.16081964028513623,0.16738931834697723,711348000,0.0,0.0
2004-05-07 00:00:00-04:00,0.17227942663998955,0.17548817279162124,0.16777160011234996,0.16868838667869568,956772000,0.0,0.0
2004-05-10 00:00:00-04:00,0.16418056051969482,0.1659380273522433,0.1585276558230632,0.16211779415607452,669072000,0.0,0.0
2004-05-11 00:00:00-04:00,0.16418056297889855,0.16769551035780147,0.163492969627007,0.16609114408493042,399936000,0.0,0.0
2004-05-12 00:00:00-04:00,0.16517436837484373,0.16540356162017447,0.15806928214148552,0.16379918158054352,482328000,0.0,0.0
2004-05-13 00:00:00-04:00,0.16242402016063773,0.16731323962021113,0.16196563363691963,0.16433368623256683,347952000,0.0,0.0
2004-05-14 00:00:00-04:00,0.16502127967930286,0.16792472675104939,0.16349299217871066,0.16433368623256683,459000000,0.0,0.0
2004-05-17 00:00:00-04:00,0.16196568043036197,0.16410454038208733,0.15929141218669382,0.16173647344112396,308340000,0.0,0.0
2004-05-18 00:00:00-04:00,0.16318770626211268,0.1662433523044959,0.1625762054701156,0.16433368623256683,204420000,0.0,0.0
2004-05-19 00:00:00-04:00,0.16800077701917948,0.1703688426785224,0.1631115724543116,0.1639513373374939,498276000,0.0,0.0
2004-05-20 00:00:00-04:00,0.16364608589860907,0.16639644590864247,0.16074262528789895,0.1615833193063736,421488000,0.0,0.0
2004-05-21 00:00:00-04:00,0.163492966902461,0.16372216012888646,0.15974974165320865,0.16196560859680176,282096000,0.0,0.0
2004-05-24 00:00:00-04:00,0.16165938819246528,0.16326376804441545,0.15952052926312563,0.16143019497394562,301620000,0.0,0.0
2004-05-25 00:00:00-04:00,0.1621177923157882,0.16922286423324304,0.15883295355113664,0.1684591919183731,681264000,0.0,0.0
2004-05-26 00:00:00-04:00,0.16845921814483944,0.17418911794793246,0.16746633879002698,0.17189715802669525,524568000,0.0,0.0
2004-05-27 00:00:00-04:00,0.17472360640131496,0.1773217674690088,0.17220243962225182,0.17243163287639618,556548000,0.0,0.0
2004-05-28 00:00:00-04:00,0.17457140073623675,0.18014819914323427,0.17319621404944546,0.17915531992912292,637980000,0.0,0.0
2004-06-01 00:00:00-04:00,0.17609877966374457,0.18083579999528737,0.17586958640950076,0.17900224030017853,318420000,0.0,0.0
2004-06-02 00:00:00-04:00,0.18335690874193275,0.1841976025017713,0.17747389667886118,0.17762699723243713,643800000,0.0,0.0
2004-06-03 00:00:00-04:00,0.17770315101047185,0.17808545853846158,0.16853531129835544,0.16907070577144623,700824000,0.0,0.0
2004-06-04 00:00:00-04:00,0.1725086459400878,0.17289002447969132,0.16723713305016227,0.16738931834697723,649608000,0.0,0.0
2004-06-07 00:00:00-04:00,0.17013967430120597,0.17334842086700397,0.16800081502321346,0.1714387685060501,571956000,0.0,0.0
2004-06-08 00:00:00-04:00,0.17044593335393937,0.17075121934171386,0.16586199874223317,0.1683831661939621,615000000,0.0,0.0
2004-06-09 00:00:00-04:00,0.16937599790266,0.1696051911531571,0.1599789516818556,0.16051343083381653,498336000,0.0,0.0
2004-06-10 00:00:00-04:00,0.16311159340024395,0.1634168792790215,0.15745777324197854,0.15890905261039734,564516000,0.0,0.0
2004-06-14 00:00:00-04:00,0.15806926499390828,0.15806926499390828,0.15272074467889907,0.153943732380867,424752000,0.0,0.0
2004-06-15 00:00:00-04:00,0.1565410242742518,0.158603777352401,0.15478354346045956,0.1562357246875763,394584000,0.0,0.0
2004-06-16 00:00:00-04:00,0.15577732668808617,0.1567702060073671,0.1531791519870572,0.1537906527519226,252576000,0.0,0.0
2004-06-17 00:00:00-04:00,0.15279775720362476,0.1565409961290818,0.14997038955120734,0.15073499083518982,482376000,0.0,0.0
2004-06-18 00:00:00-04:00,0.1515748009269846,0.15516584165010744,0.1489775412603112,0.15096421539783478,534336000,0.0,0.0
2004-06-21 00:00:00-04:00,0.1511934853155019,0.15356153903253894,0.1472971433741531,0.1482900232076645,266568000,0.0,0.0
2004-06-22 00:00:00-04:00,0.14913065234171446,0.1531791642302304,0.1481368576454007,0.15249158442020416,430308000,0.0,0.0
2004-06-23 00:00:00-04:00,0.15203317472692568,0.1557003214627468,0.15165179616583882,0.15508973598480225,264660000,0.0,0.0
2004-06-24 00:00:00-04:00,0.15921530490005228,0.15974979784504217,0.1525686170288078,0.1537145972251892,590652000,0.0,0.0
2004-06-25 00:00:00-04:00,0.15478355425780513,0.15654103519419518,0.15294998065914522,0.15470746159553528,329124000,0.0,0.0
2004-06-28 00:00:00-04:00,0.15692328078863615,0.15745775985543944,0.15279774829236975,0.15340833365917206,299376000,0.0,0.0
2004-06-29 00:00:00-04:00,0.15432513264256942,0.15890906600401886,0.15371456083355237,0.15867987275123596,363852000,0.0,0.0
2004-06-30 00:00:00-04:00,0.15447819890048392,0.1588329239947557,0.15447819890048392,0.15638785064220428,329268000,0.0,0.0
2004-07-01 00:00:00-04:00,0.15814537352899505,0.1583745667724972,0.1489775208384889,0.1492067277431488,505620000,0.0,0.0
2004-07-02 00:00:00-04:00,0.15081113866551957,0.15088723133664533,0.1459980244853231,0.14714400470256805,294948000,0.0,0.0
2004-07-06 00:00:00-04:00,0.1453864776232648,0.14691475130892226,0.13690621849849788,0.1385105848312378,575388000,0.0,0.0
2004-07-07 00:00:00-04:00,0.14026802621896584,0.1431714858483517,0.13851054612448102,0.13919813930988312,344136000,0.0,0.0
2004-07-08 00:00:00-04:00,0.1379000161199311,0.14019197588108706,0.13469126972208123,0.13492046296596527,430056000,0.0,0.0
2004-07-09 00:00:00-04:00,0.13476740834067277,0.13492050898800903,0.1265924321318321,0.1291135996580124,1114500000,0.0,0.0
2004-07-12 00:00:00-04:00,0.1255233782079982,0.1291135156984626,0.12445349130697038,0.1261339634656906,676044000,0.0,0.0
2004-07-13 00:00:00-04:00,0.12766228043079703,0.1298781476169233,0.1245296265774672,0.12590481340885162,567108000,0.0,0.0
2004-07-14 00:00:00-04:00,0.12147398160550162,0.12483584239730733,0.11788294122158356,0.12032800167798996,901608000,0.0,0.0
2004-07-15 00:00:00-04:00,0.12155004402020866,0.12284912407993487,0.11872359236638372,0.11948727816343307,611352000,0.0,0.0
2004-07-16 00:00:00-04:00,0.12315444241421306,0.12330754300075485,0.11597326397895813,0.11597326397895813,464700000,0.0,0.0
2004-07-19 00:00:00-04:00,0.11627858232599486,0.11857054232960837,0.11467420212676988,0.11727237701416016,461088000,0.0,0.0
2004-07-20 00:00:00-04:00,0.11719537256511232,0.12009883380274743,0.11604939239544415,0.11964044719934464,341544000,0.0,0.0
2004-07-21 00:00:00-04:00,0.12147400393398008,0.12162711822466588,0.11200087003686608,0.11238225549459457,613416000,0.0,0.0
2004-07-22 00:00:00-04:00,0.11368131755209324,0.1153617903315048,0.11001417761519547,0.11475120484828949,521460000,0.0,0.0
2004-07-23 00:00:00-04:00,0.11551485788784044,0.11566795844836641,0.11093093257050231,0.11169461160898209,371496000,0.0,0.0
2004-07-26 00:00:00-04:00,0.11314685204688353,0.11413973157194188,0.10749304392843595,0.10856293141841888,503208000,0.0,0.0
2004-07-27 00:00:00-04:00,0.10909738469117772,0.11245923148393858,0.10573553106783838,0.11215302348136902,789888000,0.0,0.0
2004-07-28 00:00:00-04:00,0.11192384627952996,0.11230614698108783,0.10619393956671497,0.10932659357786179,505116000,0.0,0.0
2004-07-29 00:00:00-04:00,0.11085484881645784,0.11933511372335653,0.11031944762984516,0.11650774627923965,747360000,0.0,0.0
2004-07-30 00:00:00-04:00,0.11505648448759466,0.11994570359145829,0.11482729124241031,0.11780684441328049,403956000,0.0,0.0
2004-08-02 00:00:00-04:00,0.11788292778062509,0.119793508860759,0.11589716935478328,0.1193351224064827,420984000,0.0,0.0
2004-08-03 00:00:00-04:00,0.11986965961521057,0.11994575229531082,0.11223009114477986,0.11314687132835388,741540000,0.0,0.0
2004-08-04 00:00:00-04:00,0.11192384083483016,0.11543879537654474,0.11177165553195972,0.11436890810728073,507816000,0.0,0.0
2004-08-05 00:00:00-04:00,0.11559097048698197,0.1161263648926268,0.10925048597472391,0.11123624444007874,859920000,0.0,0.0
2004-08-06 00:00:00-04:00,0.07723913039176375,0.07792671704246623,0.07105083004370215,0.07204370945692062,5088948000,0.0,0.0
2004-08-09 00:00:00-04:00,0.07387727828125465,0.0769338398636196,0.07265520555916956,0.0752524584531784,1579212000,0.0,0.0
2004-08-10 00:00:00-04:00,0.07945497153018785,0.08197613085698528,0.07815588448610042,0.08121152967214584,2051916000,0.0,0.0
2004-08-11 00:00:00-04:00,0.08014259241311013,0.08014259241311013,0.07830902555196091,0.07884351164102554,963816000,0.0,0.0
2004-08-12 00:00:00-04:00,0.07907269801400361,0.07930189129011261,0.07685683059006412,0.07700993120670319,654384000,0.0,0.0
2004-08-13 00:00:00-04:00,0.07884350684833731,0.08075316625953562,0.07815591334044546,0.08021868020296097,815700000,0.0,0.0
2004-08-16 00:00:00-04:00,0.07930187337797896,0.08144073236163933,0.07884348692929798,0.07945498079061508,531732000,0.0,0.0
2004-08-17 00:00:00-04:00,0.08121152890485539,0.08426808935940805,0.0804478498551945,0.08380969613790512,744912000,0.0,0.0
2004-08-18 00:00:00-04:00,0.08419109471101265,0.08938650786876678,0.08350350135499734,0.08938650786876678,872424000,0.0,0.0
2004-08-19 00:00:00-04:00,0.08885204196429135,0.09045641531577366,0.0877060551441644,0.08908123522996902,724404000,0.0,0.0
2004-08-20 00:00:00-04:00,0.08862283099388127,0.095650902211404,0.088316622981532,0.09435273706912994,1199040000,0.0,0.0
2004-08-23 00:00:00-04:00,0.095880110965368,0.09740839161176905,0.09534562496458926,0.09641551226377487,800028000,0.0,0.0
2004-08-24 00:00:00-04:00,0.09779068711442085,0.09824908046932179,0.09099089993748395,0.09282446652650833,939420000,0.0,0.0
2004-08-25 00:00:00-04:00,0.09488721872973432,0.09748447102493248,0.09312973823313796,0.09679687768220901,721308000,0.0,0.0
2004-08-26 00:00:00-04:00,0.0966447168043074,0.0976375962682094,0.0958801221583244,0.09702610224485397,612720000,0.0,0.0
2004-08-27 00:00:00-04:00,0.09710307239689717,0.10023481019185454,0.09702606446669976,0.09885963052511215,565128000,0.0,0.0
2004-08-30 00:00:00-04:00,0.09847829460341377,0.09901278068936256,0.09549874078701294,0.09557483345270157,628056000,0.0,0.0
2004-08-31 00:00:00-04:00,0.09595712323222376,0.0964155166000554,0.09221297516549538,0.09519252181053162,587064000,0.0,0.0
2004-09-01 00:00:00-04:00,0.0939704558929667,0.09840127561645742,0.09274838314399082,0.09702610224485397,591744000,0.0,0.0
2004-09-02 00:00:00-04:00,0.09748448928221916,0.1017631234015267,0.09656770254060729,0.10099943727254868,770088000,0.0,0.0
2004-09-03 00:00:00-04:00,0.09794288873672485,0.09992955612540412,0.09710310989810486,0.09794288873672485,715056000,0.0,0.0
2004-09-07 00:00:00-04:00,0.09855441394763385,0.10061718148190243,0.0948111797371565,0.09610934555530548,727332000,0.0,0.0
2004-09-08 00:00:00-04:00,0.0961863088854435,0.09702608759996369,0.09389434905832739,0.09412354230880737,834984000,0.0,0.0
2004-09-09 00:00:00-04:00,0.09641554231932715,0.10520109081695889,0.09595714882921703,0.10352062433958054,1299324000,0.0,0.0
2004-09-10 00:00:00-04:00,0.10176310716836441,0.10802749908656394,0.10145781445889235,0.10749301314353943,1039344000,0.0,0.0
2004-09-13 00:00:00-04:00,0.10733992831002913,0.11169465530842732,0.10718774298732585,0.10955579578876495,967752000,0.0,0.0
2004-09-14 00:00:00-04:00,0.10856291199504027,0.11077786394806304,0.10772221795465993,0.1100141778588295,683556000,0.0,0.0
2004-09-15 00:00:00-04:00,0.10665229744931305,0.10695850539388489,0.10252676544185152,0.1039019450545311,1163904000,0.0,0.0
2004-09-16 00:00:00-04:00,0.10565945618641615,0.10886820293261622,0.10527715547533677,0.10779831558465958,810024000,0.0,0.0
2004-09-17 00:00:00-04:00,0.10863898600710967,0.11284061123163736,0.10772219947052224,0.11223003268241882,1003800000,0.0,0.0
2004-09-20 00:00:00-04:00,0.11001417893669942,0.11528569906298022,0.10863900571295607,0.11207694560289383,794628000,0.0,0.0
2004-09-21 00:00:00-04:00,0.11459809844550603,0.11597327158314936,0.11322291847728375,0.11505648493766785,503904000,0.0,0.0
2004-09-22 00:00:00-04:00,0.1120008577952566,0.1147512111923391,0.10917349644294043,0.10970889776945114,625920000,0.0,0.0
2004-09-23 00:00:00-04:00,0.11100706296850993,0.11131327102431622,0.10779831620387806,0.1107017770409584,578664000,0.0,0.0
2004-09-24 00:00:00-04:00,0.11116017375757142,0.111313274374793,0.10573555263340763,0.10733992606401443,476316000,0.0,0.0
2004-09-27 00:00:00-04:00,0.1065001702005992,0.10772224309137078,0.10352061616544395,0.10543028265237808,406020000,0.0,0.0
2004-09-28 00:00:00-04:00,0.10520105023800981,0.10787531063926944,0.1037497844807705,0.1069585308432579,474840000,0.0,0.0
2004-09-29 00:00:00-04:00,0.10688153491589564,0.11261144209669431,0.10550636156407517,0.10955579578876495,537228000,0.0,0.0
2004-09-30 00:00:00-04:00,0.11077787862690863,0.11345213957886711,0.10871511170759321,0.11093097925186157,619680000,0.0,0.0
2004-10-01 00:00:00-04:00,0.11146544878525258,0.11612637647081192,0.11093096279326103,0.11551488935947418,590412000,0.0,0.0
2004-10-04 00:00:00-04:00,0.11650778583152423,0.1203280200520622,0.11627859254325579,0.11879974603652954,673932000,0.0,0.0
2004-10-05 00:00:00-04:00,0.1158971727258397,0.11895281839419594,0.11505647877488888,0.11612636595964432,633180000,0.0,0.0
2004-10-06 00:00:00-04:00,0.11589719921347591,0.1171192719683786,0.11322293828916553,0.11658479273319244,498504000,0.0,0.0
2004-10-07 00:00:00-04:00,0.11872364294091715,0.12139789682396895,0.11666087620543315,0.11727237701416016,798072000,0.0,0.0
2004-10-08 00:00:00-04:00,0.1160493778177189,0.11650777802470025,0.10986108431274683,0.11085487902164459,693420000,0.0,0.0
2004-10-11 00:00:00-04:00,0.11100707203149796,0.11322293957808253,0.10902131990203798,0.11100707203149796,373848000,0.0,0.0
2004-10-12 00:00:00-04:00,0.10726381240025226,0.11024336540103981,0.10550633869656587,0.10940267145633698,827232000,0.0,0.0
2004-10-13 00:00:00-04:00,0.11268845112826496,0.11413972398582937,0.10779832273011868,0.10871510952711105,672816000,0.0,0.0
2004-10-14 00:00:00-04:00,0.10970891754742135,0.10970891754742135,0.1046665963849403,0.10543028265237808,513264000,0.0,0.0
2004-10-15 00:00:00-04:00,0.10565946051234379,0.10581256796092585,0.09992955342222608,0.10252680629491806,1280484000,0.0,0.0
2004-10-18 00:00:00-04:00,0.10191624158934516,0.10543028171856597,0.10107555419081796,0.10436039417982101,573972000,0.0,0.0
2004-10-19 00:00:00-04:00,0.1067293491397776,0.10779832124620659,0.10290910821309394,0.10367278754711151,618480000,0.0,0.0
2004-10-20 00:00:00-04:00,0.10336748992611669,0.10535416389016788,0.10275599598324663,0.10489577054977417,540204000,0.0,0.0
2004-10-21 00:00:00-04:00,0.1059647452621974,0.10863900589036589,0.1051249665098455,0.10726382583379745,1013964000,0.0,0.0
2004-10-22 00:00:00-04:00,0.10825670548096243,0.10848589874237806,0.10115162557954599,0.10145782679319382,686460000,0.0,0.0
2004-10-25 00:00:00-04:00,0.10061713578763269,0.10413116821478281,0.1003879357042572,0.10191621631383896,529164000,0.0,0.0
2004-10-26 00:00:00-04:00,0.11192384970999893,0.11604937638554012,0.10825670957462256,0.1107017770409584,2455776000,0.0,0.0
2004-10-27 00:00:00-04:00,0.10871508181712601,0.11582016060637956,0.10871508181712601,0.11375739425420761,1074036000,0.0,0.0
2004-10-28 00:00:00-04:00,0.112230041788867,0.11459809413236577,0.11146544047116394,0.11253532767295837,561552000,0.0,0.0
2004-10-29 00:00:00-04:00,0.11146545433469342,0.1129937350320561,0.10955578822858916,0.11054866760969162,742860000,0.0,0.0
2004-11-01 00:00:00-05:00,0.11207693047879655,0.11299371705796363,0.1106256647966279,0.11291762441396713,653892000,0.0,0.0
2004-11-02 00:00:00-05:00,0.11261144343088461,0.11689007781862328,0.11169465663175578,0.11452202498912811,1095756000,0.0,0.0
2004-11-03 00:00:00-05:00,0.11918196877270591,0.11956427611857794,0.11498034478498384,0.11559092998504639,910356000,0.0,0.0
2004-11-04 00:00:00-05:00,0.11643164167854866,0.11918198724380782,0.11398657509948136,0.11773072183132172,995544000,0.0,0.0
2004-11-05 00:00:00-05:00,0.13598945605649157,0.14340074458822344,0.1332391093796878,0.13476738333702087,3849012000,0.0,0.0
2004-11-08 00:00:00-05:00,0.1333161054879864,0.1380522106236743,0.13270460470316892,0.13621863722801208,718620000,0.0,0.0
2004-11-09 00:00:00-05:00,0.13415586586109335,0.1373646123602189,0.13407977320992048,0.1353788673877716,615936000,0.0,0.0
2004-11-10 00:00:00-05:00,0.13522575312666832,0.13667703260686515,0.1346142660244874,0.1353788673877716,645912000,0.0,0.0
2004-11-11 00:00:00-05:00,0.13621866622805837,0.13805224001407623,0.13530187933504945,0.13805224001407623,507000000,0.0,0.0
2004-11-12 00:00:00-05:00,0.14019203165539976,0.14057341034855472,0.1369062760039958,0.13828144967556,647076000,0.0,0.0
2004-11-15 00:00:00-05:00,0.13690623279177827,0.14133796738087492,0.1360664540323889,0.14034417271614075,536472000,0.0,0.0
2004-11-16 00:00:00-05:00,0.14080256988792741,0.1423308437004167,0.13728852372262113,0.1398857831954956,472728000,0.0,0.0
2004-11-17 00:00:00-05:00,0.14210168406261153,0.14599802501199713,0.1407265105291891,0.1422547847032547,602772000,0.0,0.0
2004-11-18 00:00:00-05:00,0.14347682708880455,0.1453104005176061,0.14049727368229176,0.14408832788467407,532524000,0.0,0.0
2004-11-19 00:00:00-05:00,0.15508967560996909,0.15684624034375536,0.14370595963652452,0.144851952791214,2126052000,0.0,0.0
2004-11-22 00:00:00-05:00,0.1453865215431787,0.14897756278514862,0.14401134803380916,0.14897756278514862,733788000,0.0,0.0
2004-11-23 00:00:00-05:00,0.14775544381899003,0.15119339701162987,0.14653245603129042,0.14958901703357697,676896000,0.0,0.0
2004-11-24 00:00:00-05:00,0.14943589132361676,0.152644637079184,0.14905358389998713,0.15019957721233368,428580000,0.0,0.0
2004-11-26 00:00:00-05:00,0.15088716136051739,0.15310302809624093,0.14958899640306392,0.1517278552055359,350760000,0.0,0.0
2004-11-29 00:00:00-05:00,0.15287384091603817,0.1539437280081456,0.14744922811411645,0.14874830842018127,704388000,0.0,0.0
2004-11-30 00:00:00-05:00,0.14935984232165728,0.14951202763319424,0.14531040156350736,0.1461510956287384,576540000,0.0,0.0
2004-12-01 00:00:00-05:00,0.14744921480719816,0.14981818199157715,0.14638024310901368,0.14981818199157715,514572000,0.0,0.0
2004-12-02 00:00:00-05:00,0.14836603077011198,0.15294995019251476,0.14722005091451126,0.15180397033691406,758652000,0.0,0.0
2004-12-03 00:00:00-05:00,0.15547107317495387,0.16043729913191943,0.15493659415308678,0.15837453305721283,1347312000,0.0,0.0
2004-12-06 00:00:00-05:00,0.159138291097904,0.16723717380436423,0.15631183786377928,0.16593807935714722,970500000,0.0,0.0
2004-12-07 00:00:00-05:00,0.17564039406197932,0.1906912623555774,0.17220245397969913,0.17426522076129913,2927052000,0.0,0.0
2004-12-08 00:00:00-05:00,0.17671029605659475,0.17953673533190476,0.17495281519717706,0.17632798850536346,872724000,0.0,0.0
2004-12-09 00:00:00-05:00,0.17319626763828397,0.1765572001320508,0.16983441984672923,0.17472364008426666,869964000,0.0,0.0
2004-12-10 00:00:00-05:00,0.17877304105110517,0.17999512734925835,0.17701557393284148,0.17808546125888824,652848000,0.0,0.0
2004-12-13 00:00:00-05:00,0.17541116307973742,0.1777031226418772,0.17235551754232917,0.1731962114572525,738024000,0.0,0.0
2004-12-14 00:00:00-05:00,0.1733484316576009,0.1768633933096093,0.17304314572996335,0.17671029269695282,512988000,0.0,0.0
2004-12-15 00:00:00-05:00,0.17846774171513877,0.17884913392264612,0.1757173954307121,0.17831464111804962,432768000,0.0,0.0
2004-12-16 00:00:00-05:00,0.1835100870409969,0.18992758081442265,0.18037743281464816,0.1806827187538147,1524036000,0.0,0.0
2004-12-17 00:00:00-05:00,0.18404453142209434,0.18480821743547116,0.17411300670267796,0.1761757731437683,1214244000,0.0,0.0
2004-12-20 00:00:00-05:00,0.1782385690074554,0.18098892926997526,0.17334843400712585,0.17426522076129913,898728000,0.0,0.0
2004-12-21 00:00:00-05:00,0.17426522333285055,0.17678639035932067,0.16998750438948243,0.17556430399417877,899400000,0.0,0.0
2004-12-22 00:00:00-05:00,0.17907836840217933,0.17991906259452348,0.17541122096370795,0.17579352855682373,421824000,0.0,0.0
2004-12-23 00:00:00-05:00,0.1748006814842226,0.1782386226002225,0.17395998713579133,0.17625194787979126,366972000,0.0,0.0
2004-12-27 00:00:00-05:00,0.17869697510395843,0.17946066132694977,0.17380685322979408,0.17472364008426666,308208000,0.0,0.0
2004-12-28 00:00:00-05:00,0.17510585181043625,0.1764810246159882,0.17311917840265595,0.17380677163600922,291612000,0.0,0.0
2004-12-29 00:00:00-05:00,0.173272298261712,0.1774739234386335,0.17281391182919012,0.17533506453037262,294732000,0.0,0.0
2004-12-30 00:00:00-05:00,0.17541121238280805,0.17686340739684253,0.1738838536641309,0.17464753985404968,259812000,0.0,0.0
2004-12-31 00:00:00-05:00,0.17716860821732167,0.18091183268013095,0.17648101502135036,0.17999505996704102,575964000,0.0,0.0
2005-01-03 00:00:00-05:00,0.186260390259626,0.1888576355127782,0.17938449837569645,0.180148184299469,1066716000,0.0,0.0
2005-01-04 00:00:00-05:00,0.18144728790256617,0.18175257378737622,0.16891758852580796,0.1716679483652115,790224000,0.0,0.0
2005-01-05 00:00:00-05:00,0.16983437219370331,0.17533507811596064,0.16891758559646758,0.17327231168746948,724812000,0.0,0.0
2005-01-06 00:00:00-05:00,0.17632793731138383,0.17839070350535222,0.17036884559859616,0.1715918332338333,563568000,0.0,0.0
2005-01-07 00:00:00-05:00,0.1719732909942998,0.1732723718652516,0.16578498955961907,0.1683061569929123,763092000,0.0,0.0
2005-01-10 00:00:00-05:00,0.1688414872620606,0.17036885922802222,0.16769550746941764,0.16868838667869568,579552000,0.0,0.0
2005-01-11 00:00:00-05:00,0.16708407873169134,0.16800086569287678,0.1609718833264279,0.16349303722381592,1093380000,0.0,0.0
2005-01-12 00:00:00-05:00,0.1649451481407359,0.16555573354172276,0.15814536201254265,0.16211779415607452,1057800000,0.0,0.0
2005-01-13 00:00:00-05:00,0.16250010109665267,0.1680768999396314,0.1589090608371386,0.16379918158054352,898764000,0.0,0.0
2005-01-14 00:00:00-05:00,0.1668548394353342,0.1672371469654722,0.16272930607723574,0.16433368623256683,573912000,0.0,0.0
2005-01-18 00:00:00-05:00,0.16250009513262237,0.1673132214137074,0.1621178013052432,0.1669309139251709,464556000,0.0,0.0
2005-01-19 00:00:00-05:00,0.16769553204302293,0.1680769106110709,0.16242401875993062,0.163111612200737,336492000,0.0,0.0
2005-01-20 00:00:00-05:00,0.15982590304023675,0.1674663863671616,0.15982590304023675,0.16349303722381592,640080000,0.0,0.0
2005-01-21 00:00:00-05:00,0.16372217363371575,0.16700792799864755,0.16318769449380277,0.16379918158054352,596352000,0.0,0.0
2005-01-24 00:00:00-05:00,0.1628824095415976,0.16525046198017299,0.1563118024101373,0.15722858905792236,463704000,0.0,0.0
2005-01-25 00:00:00-05:00,0.15791620406087795,0.1621948383275838,0.1569994172876829,0.1599789708852768,439704000,0.0,0.0
2005-01-26 00:00:00-05:00,0.1605134067305216,0.16425756076943523,0.1578400687522422,0.16204169392585754,429120000,0.0,0.0
2005-01-27 00:00:00-05:00,0.1623470267220983,0.1757935153142264,0.16135414727000075,0.17502982914447784,1002912000,0.0,0.0
2005-01-28 00:00:00-05:00,0.17571742116695957,0.17640500100819284,0.17098038663342519,0.17480063438415527,671052000,0.0,0.0
2005-01-31 00:00:00-05:00,0.17625183450372392,0.17839069321111198,0.1726607950369366,0.17510585486888885,562968000,0.0,0.0
2005-02-01 00:00:00-05:00,0.17495280151606388,0.17915534272977862,0.1738838295226044,0.1783907413482666,507180000,0.0,0.0
2005-02-02 00:00:00-05:00,0.1854197390242694,0.1897744656319554,0.1801482257105718,0.18832319974899292,2035404000,0.0,0.0
2005-02-03 00:00:00-05:00,0.18633651733398438,0.18763559784936149,0.1837392579396704,0.18633651733398438,690120000,0.0,0.0
2005-02-04 00:00:00-05:00,0.18641265346984345,0.19756716932576393,0.18633656080099742,0.19703269004821777,806448000,0.0,0.0
2005-02-07 00:00:00-05:00,0.19726183337790282,0.20092896630194984,0.1929071070538404,0.1946636587381363,521628000,0.0,0.0
2005-02-08 00:00:00-05:00,0.1934415577985752,0.19970594914519002,0.19283007079905315,0.19657421112060547,455772000,0.0,0.0
2005-02-09 00:00:00-05:00,0.19710869432031533,0.19772018129028773,0.18870452920790917,0.18969832360744476,783756000,0.0,0.0
2005-02-10 00:00:00-05:00,0.1906912734091938,0.1951220931610062,0.1900036798884169,0.19412921369075775,602376000,0.0,0.0
2005-02-11 00:00:00-05:00,0.19290708886039892,0.20123424688017028,0.19221949552523176,0.19978296756744385,556512000,0.0,0.0
2005-02-14 00:00:00-05:00,0.199706001127751,0.20047060256169316,0.19481679510665026,0.19558046758174896,432900000,0.0,0.0
2005-02-15 00:00:00-05:00,0.19687956867601522,0.2036023484298921,0.19657426907381398,0.19733795523643494,748500000,0.0,0.0
2005-02-16 00:00:00-05:00,0.19672637417830394,0.19955374132996143,0.19313625013392288,0.19665028154850006,466464000,0.0,0.0
2005-02-17 00:00:00-05:00,0.1993246179734599,0.19940071062992165,0.19336551106324978,0.19489288330078125,1017408000,0.0,0.0
2005-02-18 00:00:00-05:00,0.20986759974820524,0.21620808387519716,0.2040606793993936,0.21597889065742493,3132120000,0.0,0.0
2005-02-22 00:00:00-05:00,0.21452766120561892,0.2237716076536299,0.21261799505756715,0.21872928738594055,1420800000,0.0,0.0
2005-02-23 00:00:00-05:00,0.21521522920790184,0.21788948280787773,0.20811014301986228,0.2116241753101349,1107840000,0.0,0.0
2005-02-24 00:00:00-05:00,0.20872165845429533,0.21750720427769307,0.20872165845429533,0.21720191836357117,695496000,0.0,0.0
2005-02-25 00:00:00-05:00,0.217507198031763,0.22147963063645018,0.21513914552332306,0.22033365070819855,525132000,0.0,0.0
2005-02-28 00:00:00-05:00,0.21926468741626323,0.22155664736356873,0.21735410604135913,0.2214796394109726,758064000,0.0,0.0
2005-03-01 00:00:00-05:00,0.2224734071778773,0.2261405399179811,0.21872925283333033,0.22094511985778809,737148000,0.0,0.0
2005-03-02 00:00:00-05:00,0.2185000463165107,0.2197230340205593,0.21315244128988065,0.21445152163505554,947460000,0.0,0.0
2005-03-03 00:00:00-05:00,0.2139161712019086,0.2152913444707269,0.20841545080431698,0.2115481048822403,761292000,0.0,0.0
2005-03-04 00:00:00-05:00,0.21215959967763973,0.21399317309153817,0.20887384508165388,0.21063132584095,593124000,0.0,0.0
2005-03-07 00:00:00-05:00,0.2115480914329688,0.21720191208230039,0.21009682559965653,0.21277016401290894,511176000,0.0,0.0
2005-03-08 00:00:00-05:00,0.2122356756913535,0.21269406217830772,0.20062276264992174,0.20199793577194214,1332384000,0.0,0.0
2005-03-09 00:00:00-05:00,0.20069978948730618,0.20444302902854525,0.1961158695416644,0.19672644138336182,910140000,0.0,0.0
2005-03-10 00:00:00-05:00,0.19733787476991646,0.1990953549564534,0.19351762858028468,0.19665028154850006,689280000,0.0,0.0
2005-03-11 00:00:00-05:00,0.19840784095700056,0.19871312689545564,0.19046205958852022,0.192219540476799,732180000,0.0,0.0
2005-03-14 00:00:00-05:00,0.1961919249902984,0.19848388452845658,0.19481675199963477,0.1976431906223297,572148000,0.0,0.0
2005-03-15 00:00:00-05:00,0.19863697724703314,0.20054664290780932,0.1935176503301545,0.19367076456546783,378108000,0.0,0.0
2005-03-16 00:00:00-05:00,0.19290713454496572,0.19596278081518287,0.1903089595349342,0.19038596749305725,535356000,0.0,0.0
2005-03-17 00:00:00-05:00,0.19099653850727563,0.1916841319529869,0.1880169851240719,0.18847538530826569,442584000,0.0,0.0
2005-03-18 00:00:00-05:00,0.18862845609627243,0.18923994312953388,0.18121808461642688,0.184656023979187,639012000,0.0,0.0
2005-03-21 00:00:00-05:00,0.1845790347464436,0.1914549141688441,0.1834330548427102,0.19099652767181396,654456000,0.0,0.0
2005-03-22 00:00:00-05:00,0.1911496317404176,0.19290711243245334,0.1868709979466274,0.1875585913658142,622992000,0.0,0.0
2005-03-23 00:00:00-05:00,0.18732945122157518,0.19290716712218897,0.18694805889623453,0.19160808622837067,728784000,0.0,0.0
2005-03-24 00:00:00-05:00,0.1921425310356753,0.1973379520413516,0.19183724509957686,0.19199034571647644,865356000,0.0,0.0
2005-03-28 00:00:00-05:00,0.19206645124874536,0.19481681173454712,0.1880170100153223,0.1898505836725235,511188000,0.0,0.0
2005-03-29 00:00:00-05:00,0.18962136580922412,0.19176114044347126,0.18480823899805385,0.18564893305301666,587400000,0.0,0.0
2005-03-30 00:00:00-05:00,0.18572502570785576,0.18832320052758328,0.1793075324004013,0.18564893305301666,858708000,0.0,0.0
2005-03-31 00:00:00-05:00,0.18457901327153428,0.18587809362233212,0.1806826738554668,0.1815233677625656,518316000,0.0,0.0
2005-04-01 00:00:00-05:00,0.18373924253428586,0.18480821441155215,0.17869692313177454,0.17976589500904083,510756000,0.0,0.0
2005-04-04 00:00:00-04:00,0.1787730826863178,0.17930757565557542,0.17472365466192488,0.17869699001312256,421428000,0.0,0.0
2005-04-05 00:00:00-04:00,0.17877305085055553,0.18251629058100782,0.17449441660948609,0.17556430399417877,430128000,0.0,0.0
2005-04-06 00:00:00-04:00,0.17884909641179927,0.18182863531815605,0.17762701046183088,0.17823851108551025,567468000,0.0,0.0
2005-04-07 00:00:00-04:00,0.17915531558030193,0.1833569408596746,0.17609875477385079,0.1815233677625656,506352000,0.0,0.0
2005-04-08 00:00:00-04:00,0.18228705815556717,0.18633649825032472,0.17877301245644298,0.17915531992912292,621540000,0.0,0.0
2005-04-11 00:00:00-04:00,0.18045350092799495,0.18106500168201559,0.17510589527680945,0.17564037442207336,328380000,0.0,0.0
2005-04-12 00:00:00-04:00,0.17510588423091902,0.1780854372455683,0.1712095446224425,0.1777801513671875,512232000,0.0,0.0
2005-04-13 00:00:00-04:00,0.17800934543345953,0.1784677319019399,0.16922287163881655,0.17036886513233185,498408000,0.0,0.0
2005-04-14 00:00:00-04:00,0.1707511773099816,0.17235554378327994,0.1683831247451444,0.16899369657039642,352080000,0.0,0.0
2005-04-15 00:00:00-04:00,0.1668548379964167,0.1680769106110709,0.16158332471332443,0.163111612200737,630156000,0.0,0.0
2005-04-18 00:00:00-04:00,0.16211779388275155,0.16563274120307925,0.16120100731589299,0.16196560859680176,473100000,0.0,0.0
2005-04-19 00:00:00-04:00,0.16463900384944335,0.16884154596909798,0.16387531760092508,0.1676185578107834,365460000,0.0,0.0
2005-04-20 00:00:00-04:00,0.1704459096994028,0.17151488181835114,0.1623470275284185,0.16250012814998627,564672000,0.0,0.0
2005-04-21 00:00:00-04:00,0.1657849839258622,0.17212638578674302,0.1643337177603812,0.17151489853858948,538152000,0.0,0.0
2005-04-22 00:00:00-04:00,0.17044588371785585,0.17159186362176745,0.16792471700032385,0.1699104756116867,336276000,0.0,0.0
2005-04-25 00:00:00-04:00,0.17136271414475773,0.1738838678451153,0.17052201992497706,0.17258478701114655,318168000,0.0,0.0
2005-04-26 00:00:00-04:00,0.17266082153446521,0.17625186155235434,0.1683060955215595,0.17182104289531708,353148000,0.0,0.0
2005-04-27 00:00:00-04:00,0.16731323185719793,0.16792471895966438,0.1618125118608503,0.16525046527385712,609348000,0.0,0.0
2005-04-28 00:00:00-04:00,0.16471593857267636,0.16800077704873145,0.16311157248300356,0.16578491032123566,372948000,0.0,0.0
2005-04-29 00:00:00-04:00,0.16738934206333225,0.16868842271687254,0.15982586835158413,0.1675424426794052,478356000,0.0,0.0
2005-05-02 00:00:00-04:00,0.16952908845875303,0.17143875432287822,0.16440976099674756,0.1669309139251709,334908000,0.0,0.0
2005-05-03 00:00:00-04:00,0.1670840521263286,0.1701396985240334,0.16532658482067156,0.166014164686203,439512000,0.0,0.0
2005-05-04 00:00:00-04:00,0.16677877615390657,0.17250869067649668,0.1662433815835128,0.1712856888771057,468816000,0.0,0.0
2005-05-05 00:00:00-04:00,0.1722794733229937,0.1767863994355429,0.17136270016938437,0.17464753985404968,619272000,0.0,0.0
2005-05-06 00:00:00-04:00,0.17671022736691347,0.17709252110838236,0.1726607880142044,0.1770155131816864,355728000,0.0,0.0
2005-05-09 00:00:00-04:00,0.17778012629793202,0.18152335112945492,0.17671023926701818,0.18030127882957458,745332000,0.0,0.0
2005-05-10 00:00:00-04:00,0.1780093452621717,0.17808543790766787,0.17128563790447454,0.17327231168746948,735120000,0.0,0.0
2005-05-11 00:00:00-04:00,0.1741890984523171,0.17495278446176424,0.17006356559136507,0.17036886513233185,555420000,0.0,0.0
2005-05-12 00:00:00-04:00,0.17036889389549198,0.17640499525369122,0.17021669491750044,0.17411303520202637,835584000,0.0,0.0
2005-05-13 00:00:00-04:00,0.18985059575341215,0.19458761716384915,0.18182872073856618,0.19351772964000702,2650320000,0.0,0.0
2005-05-16 00:00:00-04:00,0.19122573075130248,0.19550436468737825,0.19114963809708183,0.19420528411865234,664104000,0.0,0.0
2005-05-17 00:00:00-04:00,0.19305932109709584,0.19726186274772697,0.1929071357753002,0.19634507596492767,639804000,0.0,0.0
2005-05-18 00:00:00-04:00,0.19588669216482993,0.19825474498552015,0.19382392528974993,0.19779634475708008,550056000,0.0,0.0
2005-05-19 00:00:00-04:00,0.19825468976158123,0.19909538366115534,0.19519904427996249,0.19741399586200714,452880000,0.0,0.0
2005-05-20 00:00:00-04:00,0.1971848740799178,0.20100510854320472,0.19489291372927456,0.20092901587486267,517008000,0.0,0.0
2005-05-23 00:00:00-04:00,0.2023041572617827,0.207651762991673,0.2016926564987621,0.20558899641036987,703668000,0.0,0.0
2005-05-24 00:00:00-04:00,0.20459610331628492,0.20925611531820948,0.20360230876932406,0.2084924429655075,522192000,0.0,0.0
2005-05-25 00:00:00-04:00,0.20803408849128882,0.209103060621333,0.2038315467406071,0.20581822097301483,535272000,0.0,0.0
2005-05-26 00:00:00-04:00,0.20765175653212453,0.21322855533953256,0.20726944903199515,0.2116241753101349,788784000,0.0,0.0
2005-05-27 00:00:00-04:00,0.21223571074360878,0.21223571074360878,0.2080340843738249,0.21024903655052185,322740000,0.0,0.0
2005-05-31 00:00:00-04:00,0.20933227026610138,0.21108975134998648,0.20360236936586254,0.20704030990600586,763176000,0.0,0.0
2005-06-01 00:00:00-04:00,0.20566510754696088,0.21277018093347802,0.2032209621927097,0.20895086228847504,796632000,0.0,0.0
2005-06-02 00:00:00-04:00,0.208186260561005,0.21674352884292603,0.208186260561005,0.21674352884292603,684348000,0.0,0.0
2005-06-03 00:00:00-04:00,0.21597889219834007,0.21796555219351843,0.2139161259013605,0.2162080854177475,559620000,0.0,0.0
2005-06-06 00:00:00-04:00,0.2123118184763675,0.21651436044220074,0.2121596331431575,0.21414539217948914,512892000,0.0,0.0
2005-06-07 00:00:00-04:00,0.2126940882755055,0.21620813465209665,0.20818626085686573,0.20895086228847504,974136000,0.0,0.0
2005-06-08 00:00:00-04:00,0.2094853299625869,0.21238879065911143,0.20528371766355524,0.2074986696243286,618720000,0.0,0.0
2005-06-09 00:00:00-04:00,0.20589425393284963,0.21628509335586515,0.20566506071344218,0.2162080854177475,619908000,0.0,0.0
2005-06-10 00:00:00-04:00,0.21597890270122552,0.21620809593177845,0.2123117563677508,0.21376393735408783,465096000,0.0,0.0
2005-06-13 00:00:00-04:00,0.21391612882667504,0.22453616161432752,0.21330554343706426,0.2185000479221344,1409916000,0.0,0.0
2005-06-14 00:00:00-04:00,0.21857708300005113,0.22216720805077006,0.19871310325230665,0.20558899641036987,2408412000,0.0,0.0
2005-06-15 00:00:00-04:00,0.20428990403822883,0.20589428413171065,0.19687954532271823,0.20497749745845795,1669788000,0.0,0.0
2005-06-16 00:00:00-04:00,0.20490140599807527,0.207422559118311,0.20192185270796859,0.20604738593101501,489240000,0.0,0.0
2005-06-17 00:00:00-04:00,0.20856854965682534,0.20895084350768917,0.2050545035960814,0.20558899641036987,456348000,0.0,0.0
2005-06-20 00:00:00-04:00,0.2055890427776348,0.21009687080777223,0.20222719492210536,0.20872169733047485,606060000,0.0,0.0
2005-06-21 00:00:00-04:00,0.21009678112403266,0.21170116088032118,0.20811010759384937,0.21070736646652222,428172000,0.0,0.0
2005-06-22 00:00:00-04:00,0.2129232454478751,0.2143745110574371,0.20788092634530128,0.21047817170619965,700668000,0.0,0.0
2005-06-23 00:00:00-04:00,0.21009680468177006,0.21636119651798616,0.20933220338709183,0.21376393735408783,836976000,0.0,0.0
2005-06-24 00:00:00-04:00,0.21338165782441595,0.21345775047385598,0.20581818508165395,0.2069641649723053,475632000,0.0,0.0
2005-06-27 00:00:00-04:00,0.20566509488505544,0.20734646929954476,0.20345014293876795,0.20528371632099152,354588000,0.0,0.0
2005-06-28 00:00:00-04:00,0.20612347551882124,0.20795704884872843,0.20383151568701638,0.20658187568187714,262308000,0.0,0.0
2005-06-29 00:00:00-04:00,0.2066588913732514,0.20704026994072236,0.20299174457604416,0.2046722173690796,283572000,0.0,0.0
2005-06-30 00:00:00-04:00,0.20604743882130805,0.20795710532091505,0.20253340546822404,0.20413777232170105,593232000,0.0,0.0
2005-07-01 00:00:00-04:00,0.20345015500196437,0.2053598211507058,0.20092898803662948,0.20505452156066895,315168000,0.0,0.0
2005-07-05 00:00:00-04:00,0.20581817306896963,0.2091030119527437,0.20383149929895894,0.20826323330402374,388440000,0.0,0.0
2005-07-06 00:00:00-04:00,0.2089508626128553,0.21475685537560654,0.20658189461521784,0.2138400822877884,703632000,0.0,0.0
2005-07-07 00:00:00-04:00,0.21047818639652763,0.21391613955164498,0.2097906066944299,0.2123117595911026,465900000,0.0,0.0
2005-07-08 00:00:00-04:00,0.21361083956345,0.21567360598773616,0.21086049343850657,0.21498602628707886,408132000,0.0,0.0
2005-07-11 00:00:00-04:00,0.21689567378249605,0.22041063479744646,0.2159789008680656,0.21819476783275604,399492000,0.0,0.0
2005-07-12 00:00:00-04:00,0.21804171189325047,0.2186532127600523,0.21254100462993883,0.21697275340557098,564252000,0.0,0.0
2005-07-13 00:00:00-04:00,0.21788955057028125,0.2185001362065977,0.21361091561027667,0.21727806329727173,594780000,0.0,0.0
2005-07-14 00:00:00-04:00,0.21956996354583463,0.22384859733226478,0.20734646458943473,0.2076517641544342,1871496000,0.0,0.0
2005-07-15 00:00:00-04:00,0.20704022329321572,0.20765172394123912,0.20184571914005545,0.2054358571767807,1223352000,0.0,0.0
2005-07-18 00:00:00-04:00,0.20482531421936429,0.20490140687193678,0.19825472050030787,0.20031748712062836,1044900000,0.0,0.0
2005-07-19 00:00:00-04:00,0.20153953572926953,0.20352620946061759,0.20001217741270838,0.203067809343338,517896000,0.0,0.0
2005-07-20 00:00:00-04:00,0.20069975848321378,0.20696415029460097,0.1979494124051657,0.2061234563589096,526500000,0.0,0.0
2005-07-21 00:00:00-04:00,0.2034501436658436,0.20436693036023174,0.19840782367728826,0.20260944962501526,594528000,0.0,0.0
2005-07-22 00:00:00-04:00,0.2036023484298921,0.20650580939526864,0.19588668923318442,0.19733795523643494,699264000,0.0,0.0
2005-07-25 00:00:00-04:00,0.19504594503068537,0.20459609063694664,0.19420525112537976,0.1984838843345642,974952000,0.0,0.0
2005-07-26 00:00:00-04:00,0.19764322229001968,0.20291473553688238,0.1968795498615378,0.20260944962501526,759492000,0.0,0.0
2005-07-27 00:00:00-04:00,0.202914693812892,0.2076517269155358,0.19947675466172596,0.20673494040966034,807828000,0.0,0.0
2005-07-28 00:00:00-04:00,0.2063526449328319,0.20933219783445683,0.20352620627451024,0.20833931863307953,411240000,0.0,0.0
2005-07-29 00:00:00-04:00,0.20749862634226923,0.2097144931384666,0.20505446797117602,0.20673494040966034,351660000,0.0,0.0
2005-08-01 00:00:00-04:00,0.20795708948016847,0.21078445797616657,0.2065819160446306,0.2098676711320877,389040000,0.0,0.0
2005-08-02 00:00:00-04:00,0.21009681811390074,0.21338165717946767,0.20979061692190895,0.21269406378269196,422652000,0.0,0.0
2005-08-03 00:00:00-04:00,0.21269406378269196,0.21468073766265117,0.21078441151067645,0.21269406378269196,518256000,0.0,0.0
2005-08-04 00:00:00-04:00,0.2110896723812744,0.21200645891457476,0.2100197852701276,0.21047817170619965,356424000,0.0,0.0
2005-08-05 00:00:00-04:00,0.2101729421700382,0.21628515002170595,0.2087216761715665,0.21582674980163574,684096000,0.0,0.0
2005-08-08 00:00:00-04:00,0.2172779979101775,0.22132743833640695,0.21506213077565461,0.21659040451049805,725544000,0.0,0.0
2005-08-09 00:00:00-04:00,0.21689570967414323,0.21743111782232288,0.21368696295918652,0.2160559445619583,291900000,0.0,0.0
2005-08-10 00:00:00-04:00,0.21697267579878993,0.2180416339041245,0.2106312766469717,0.21284714341163635,440556000,0.0,0.0
2005-08-11 00:00:00-04:00,0.2128472098463989,0.21620814206341255,0.21078444300898272,0.21582674980163574,701556000,0.0,0.0
2005-08-12 00:00:00-04:00,0.2285086615140017,0.23080062187909584,0.2207159935404494,0.22881396114826202,2295420000,0.0,0.0
2005-08-15 00:00:00-04:00,0.2295785056490557,0.23698889194385045,0.2266750585885559,0.2346208393573761,882804000,0.0,0.0
2005-08-16 00:00:00-04:00,0.23240495515501483,0.234467708014696,0.22896700184617805,0.230647474527359,637488000,0.0,0.0
2005-08-17 00:00:00-04:00,0.22965458157901916,0.23347484238867175,0.22950149464479935,0.230647474527359,607572000,0.0,0.0
2005-08-18 00:00:00-04:00,0.2288909677228421,0.23003693423725832,0.22369554611908005,0.22468842566013336,822732000,0.0,0.0
2005-08-19 00:00:00-04:00,0.2250706617009352,0.22575825509387146,0.22239640810029093,0.2230839878320694,422232000,0.0,0.0
2005-08-22 00:00:00-04:00,0.2227025645855608,0.22629268880482015,0.21865312501192308,0.22125037014484406,547224000,0.0,0.0
2005-08-23 00:00:00-04:00,0.22102120476108555,0.22384857240627354,0.22025753243771698,0.22270259261131287,254460000,0.0,0.0
2005-08-24 00:00:00-04:00,0.22125042784674953,0.22759182837571093,0.22018146950927242,0.22285480797290802,514620000,0.0,0.0
2005-08-25 00:00:00-04:00,0.22384863651874468,0.22560520221765396,0.22193805489454702,0.22438311576843262,296484000,0.0,0.0
2005-08-26 00:00:00-04:00,0.22461226625904912,0.22461226625904912,0.2188062607766163,0.22094511985778809,323436000,0.0,0.0
2005-08-29 00:00:00-04:00,0.2188823649018995,0.22155663219734845,0.21712489791600567,0.22132743895053864,343392000,0.0,0.0
2005-08-30 00:00:00-04:00,0.22094511785129178,0.2298076842322611,0.22063983197352294,0.2292722761631012,948852000,0.0,0.0
2005-08-31 00:00:00-04:00,0.22873780804461027,0.23729414633914517,0.2280502146522866,0.23439161479473114,906804000,0.0,0.0
2005-09-01 00:00:00-04:00,0.23370404381183985,0.23660657563457207,0.23248106952967407,0.23446772992610931,556884000,0.0,0.0
2005-09-02 00:00:00-04:00,0.23492609450325674,0.23492609450325674,0.22988378848445734,0.230647474527359,469800000,0.0,0.0
2005-09-06 00:00:00-04:00,0.23148822874165328,0.23378018923831725,0.22797419532346747,0.23255811631679535,423096000,0.0,0.0
2005-09-07 00:00:00-04:00,0.2322518612550921,0.24057992235371012,0.2316412894152099,0.2399684488773346,588012000,0.0,0.0
2005-09-08 00:00:00-04:00,0.23851713827140328,0.24577440946159865,0.23851713827140328,0.24279485642910004,646116000,0.0,0.0
2005-09-09 00:00:00-04:00,0.2453931524458505,0.24646213858650096,0.24141980268216764,0.245927631855011,454236000,0.0,0.0
2005-09-12 00:00:00-04:00,0.24615666123543126,0.246920347115423,0.24218424329768753,0.24508677423000336,556584000,0.0,0.0
2005-09-13 00:00:00-04:00,0.2439409101710468,0.25372025252393554,0.2439409101710468,0.25249817967414856,854724000,0.0,0.0
2005-09-14 00:00:00-04:00,0.2505874241977842,0.25394926955789426,0.24829543822753322,0.24944144487380981,503448000,0.0,0.0
2005-09-15 00:00:00-04:00,0.2532618176459302,0.25669975753387236,0.25173354381690793,0.2538733184337616,759756000,0.0,0.0
2005-09-16 00:00:00-04:00,0.2560122394331082,0.25738742672191295,0.25196279756563317,0.25402557849884033,519828000,0.0,0.0
2005-09-19 00:00:00-04:00,0.25372017760222715,0.25456085790117894,0.24906016558531652,0.25043535232543945,428316000,0.0,0.0
2005-09-20 00:00:00-04:00,0.2523449305742422,0.25815094836901287,0.25203965842577714,0.25532448291778564,522192000,0.0,0.0
2005-09-21 00:00:00-04:00,0.2543317116584837,0.2593740181625827,0.25089377167991816,0.2531087100505829,625656000,0.0,0.0
2005-09-22 00:00:00-04:00,0.25372020563316955,0.25372020563316955,0.2418019920948888,0.24630984663963318,739152000,0.0,0.0
2005-09-23 00:00:00-04:00,0.24577440589607516,0.25203971304792255,0.24371162583166406,0.2498999387025833,314640000,0.0,0.0
2005-09-26 00:00:00-04:00,0.2518103871190079,0.25372005203286924,0.24730256262558578,0.2519625723361969,406776000,0.0,0.0
2005-09-27 00:00:00-04:00,0.25303253498593875,0.25524840159375245,0.25089368996808603,0.25280335545539856,404160000,0.0,0.0
2005-09-28 00:00:00-04:00,0.25356712260304576,0.25501933128746324,0.25066459047436107,0.2543317377567291,353556000,0.0,0.0
2005-09-29 00:00:00-04:00,0.25440772361107067,0.2597553280025185,0.25234494388489886,0.2596031427383423,513372000,0.0,0.0
2005-09-30 00:00:00-04:00,0.25975537555997597,0.26426320227050826,0.25922089644276414,0.26189514994621277,458832000,0.0,0.0
2005-10-03 00:00:00-04:00,0.264950755486277,0.27098595331013087,0.2628118830605575,0.26907628774642944,549888000,0.0,0.0
2005-10-04 00:00:00-04:00,0.2702223685589996,0.2746531746518456,0.264950854660194,0.26556235551834106,514476000,0.0,0.0
2005-10-05 00:00:00-04:00,0.26586754155636266,0.26586754155636266,0.2551714302661694,0.25677579641342163,599184000,0.0,0.0
2005-10-06 00:00:00-04:00,0.25647064006252285,0.2604430878330822,0.24814347784402238,0.2558591663837433,685512000,0.0,0.0
2005-10-07 00:00:00-04:00,0.25631738409547056,0.2589155444263381,0.25058748606104236,0.2525741457939148,551952000,0.0,0.0
2005-10-10 00:00:00-04:00,0.2538733402580586,0.2543317268180593,0.2460806594487657,0.2461567521095276,459216000,0.0,0.0
2005-10-11 00:00:00-04:00,0.2470734336183229,0.2492123059895056,0.240273648433374,0.24310101568698883,540048000,0.0,0.0
2005-10-12 00:00:00-04:00,0.24241344368400025,0.2497477358565647,0.24210724253222504,0.24600356817245483,657660000,0.0,0.0
2005-10-13 00:00:00-04:00,0.2454690947748981,0.2458513885747227,0.23530836382478576,0.2447054088115692,509304000,0.0,0.0
2005-10-14 00:00:00-04:00,0.24646198761978272,0.24951853474573885,0.24065596884072846,0.2447054088115692,311256000,0.0,0.0
2005-10-17 00:00:00-04:00,0.2448575602635054,0.24951850027176173,0.2448575602635054,0.24707342684268951,243912000,0.0,0.0
2005-10-18 00:00:00-04:00,0.24799029198093644,0.24844867847866278,0.24141968478622236,0.2430240511894226,299832000,0.0,0.0
2005-10-19 00:00:00-04:00,0.23989232521490458,0.24134357726911118,0.23309251152903557,0.24096128344535828,635952000,0.0,0.0
2005-10-20 00:00:00-04:00,0.2413436212515171,0.24768502230123723,0.24027373386739612,0.24264271557331085,359520000,0.0,0.0
2005-10-21 00:00:00-04:00,0.24676829084456903,0.24753197712376648,0.24233655524089165,0.24401794373989105,298368000,0.0,0.0
2005-10-24 00:00:00-04:00,0.24615667618871784,0.25066450238227844,0.24394080941058408,0.25066450238227844,291012000,0.0,0.0
2005-10-25 00:00:00-04:00,0.24898312659958127,0.2530325665687021,0.24791416843648917,0.25226888060569763,334680000,0.0,0.0
2005-10-26 00:00:00-04:00,0.2523449793796002,0.2528794857964496,0.24501071418474468,0.24539300799369812,415344000,0.0,0.0
2005-10-27 00:00:00-04:00,0.24585144375236562,0.2466151298870923,0.2395100428319863,0.24027372896671295,227784000,0.0,0.0
2005-10-28 00:00:00-04:00,0.24088511185713887,0.2481432823115473,0.23492600773973513,0.24768489599227905,464640000,0.0,0.0
2005-10-31 00:00:00-05:00,0.24867795836904108,0.25807500728063715,0.24867795836904108,0.25631752610206604,432420000,0.0,0.0
2005-11-01 00:00:00-05:00,0.2563174578564196,0.2582280255085015,0.25119903162473844,0.2531857192516327,400488000,0.0,0.0
2005-11-02 00:00:00-05:00,0.2532618630469138,0.26815960523197335,0.2521158828788323,0.26785433292388916,523668000,0.0,0.0
2005-11-03 00:00:00-05:00,0.26968781259658814,0.27121515720791367,0.2625827271036387,0.2647215723991394,465072000,0.0,0.0
2005-11-04 00:00:00-05:00,0.2648746428195157,0.2654852144440405,0.25746335739244075,0.260213702917099,570276000,0.0,0.0
2005-11-07 00:00:00-05:00,0.26158900049721356,0.2625057736208933,0.25799887497780044,0.2590678334236145,370824000,0.0,0.0
2005-11-08 00:00:00-05:00,0.2600615290826717,0.26029073593742286,0.2531086297172534,0.25425460934638977,538968000,0.0,0.0
2005-11-09 00:00:00-05:00,0.25479016386222897,0.2673959743550473,0.2518867023242135,0.2657145857810974,818880000,0.0,0.0
2005-11-10 00:00:00-05:00,0.2749594675028435,0.2809185489935878,0.25089385257148733,0.2558591663837433,2503620000,0.0,0.0
2005-11-11 00:00:00-05:00,0.25807499076190377,0.26311729803856326,0.2569290105934665,0.260061651468277,545928000,0.0,0.0
2005-11-14 00:00:00-05:00,0.26013772733469315,0.2673959291338805,0.2561653078151519,0.26556235551834106,493668000,0.0,0.0
2005-11-15 00:00:00-05:00,0.26716662068103814,0.2696877868598243,0.2653330477621309,0.2661728262901306,496200000,0.0,0.0
2005-11-16 00:00:00-05:00,0.2664791384168577,0.26793041817517294,0.26006164418877936,0.2652561366558075,455280000,0.0,0.0
2005-11-17 00:00:00-05:00,0.2674719898130677,0.27725133025719656,0.2643393221928622,0.277022123336792,703260000,0.0,0.0
2005-11-18 00:00:00-05:00,0.27793896575035915,0.2802309535595575,0.2710630842897365,0.2764867842197418,465768000,0.0,0.0
2005-11-21 00:00:00-05:00,0.2767928039871774,0.2818351356094167,0.27495925865796994,0.28137674927711487,454704000,0.0,0.0
2005-11-22 00:00:00-05:00,0.28282816056488486,0.2916137077506046,0.28061229295308626,0.2888633608818054,731700000,0.0,0.0
2005-11-23 00:00:00-05:00,0.28916948145369326,0.29222512709249315,0.28649522799701566,0.2880235016345978,411948000,0.0,0.0
2005-11-25 00:00:00-05:00,0.28939855598778175,0.29130822093408615,0.2874118694733365,0.29084983468055725,116676000,0.0,0.0
2005-11-28 00:00:00-05:00,0.2916136381228622,0.29413480475531073,0.2842032798020526,0.2893986999988556,424524000,0.0,0.0
2005-11-29 00:00:00-05:00,0.27228498268982987,0.28000156711992447,0.26983993678763624,0.2710629105567932,1043136000,0.0,0.0
2005-11-30 00:00:00-05:00,0.269152435952931,0.27755658911366443,0.26907634330273206,0.2761814296245575,575448000,0.0,0.0
2005-12-01 00:00:00-05:00,0.27847343539594616,0.2807653955784378,0.2754938816942428,0.27946630120277405,562032000,0.0,0.0
2005-12-02 00:00:00-05:00,0.28076547290135573,0.2814530666099309,0.2757992299370718,0.279543399810791,334476000,0.0,0.0
2005-12-05 00:00:00-05:00,0.2801538335917622,0.2801538335917622,0.2734310414733135,0.27434784173965454,387708000,0.0,0.0
2005-12-06 00:00:00-05:00,0.27480617759525416,0.27923700921520944,0.27442388383981126,0.2754937708377838,375252000,0.0,0.0
2005-12-07 00:00:00-05:00,0.27656372071248764,0.2782441797443764,0.27121518614285184,0.27595221996307373,352668000,0.0,0.0
2005-12-08 00:00:00-05:00,0.2745009453871868,0.27809109774404706,0.2706046191542916,0.2737363576889038,386664000,0.0,0.0
2005-12-09 00:00:00-05:00,0.27457706711051394,0.2780150345298094,0.2707568331239184,0.2776327133178711,262896000,0.0,0.0
2005-12-12 00:00:00-05:00,0.27839730809401153,0.2822936344549887,0.2779388942566942,0.2816821336746216,281136000,0.0,0.0
2005-12-13 00:00:00-05:00,0.2822165825793711,0.2877943237402697,0.28015382982191145,0.2853492498397827,443412000,0.0,0.0
2005-12-14 00:00:00-05:00,0.28321043851302596,0.2845856255310067,0.2793141117251742,0.2826750576496124,287472000,0.0,0.0
2005-12-15 00:00:00-05:00,0.2824458091889509,0.28458558369958853,0.2761814305118548,0.2790848910808563,332724000,0.0,0.0
2005-12-16 00:00:00-05:00,0.28007775966301784,0.2827520133499745,0.27740350597606117,0.281529039144516,1065600000,0.0,0.0
2005-12-19 00:00:00-05:00,0.282140542450911,0.2842033229146438,0.2761814626410948,0.2768690288066864,292296000,0.0,0.0
2005-12-20 00:00:00-05:00,0.2765637191762237,0.2807653448731324,0.2730487579156182,0.2767159044742584,304356000,0.0,0.0
2005-12-21 00:00:00-05:00,0.2780150029323495,0.28030696273651046,0.273660262911054,0.2761814296245575,289380000,0.0,0.0
2005-12-22 00:00:00-05:00,0.27595223468632,0.2848908947037061,0.27587614203282007,0.2845855951309204,318336000,0.0,0.0
2005-12-23 00:00:00-05:00,0.2853493134492437,0.2871828870436743,0.2834396471927188,0.2868005931377411,214536000,0.0,0.0
2005-12-27 00:00:00-05:00,0.28649528294785365,0.29169070393196767,0.28557850984566246,0.2885580360889435,367968000,0.0,0.0
2005-12-28 00:00:00-05:00,0.28855809544866656,0.2921491505815077,0.2867245488671025,0.2912323772907257,264420000,0.0,0.0
2005-12-29 00:00:00-05:00,0.2910791355377476,0.29199593574944915,0.2835156635721965,0.2847377359867096,310464000,0.0,0.0
2005-12-30 00:00:00-05:00,0.28313340287198113,0.2832103971589319,0.278168091033142,0.2793140709400177,229608000,0.0,0.0
2006-01-03 00:00:00-05:00,0.28091858311506823,0.29413496807037925,0.2800018096427763,0.2919961214065552,472812000,0.0,0.0
2006-01-04 00:00:00-05:00,0.29421184887792584,0.3006293420788521,0.291155273923456,0.3001709282398224,510072000,0.0,0.0
2006-01-05 00:00:00-05:00,0.30024705765820364,0.3075052594500522,0.299712578422469,0.30696985125541687,646092000,0.0,0.0
2006-01-06 00:00:00-05:00,0.3104848528276969,0.313158205629166,0.2983374568225667,0.3120122253894806,623388000,0.0,0.0
2006-01-09 00:00:00-05:00,0.3118599598310315,0.3224029871769883,0.3111723936616895,0.3207216262817383,560484000,0.0,0.0
2006-01-10 00:00:00-05:00,0.31919426880924967,0.3207986354827881,0.31514482765316787,0.3207986354827881,339660000,0.0,0.0
2006-01-11 00:00:00-05:00,0.32110380491590546,0.33424405991122824,0.3205693258943776,0.3324105143547058,626304000,0.0,0.0
2006-01-12 00:00:00-05:00,0.3323346088134826,0.33745300925239186,0.32530561282922626,0.3276745676994324,495504000,0.0,0.0
2006-01-13 00:00:00-05:00,0.3269098923151251,0.32958414613002257,0.3201870994257668,0.32477104663848877,421296000,0.0,0.0
2006-01-17 00:00:00-05:00,0.3203401521587604,0.32469489161151366,0.3160615053462716,0.32454177737236023,329232000,0.0,0.0
2006-01-18 00:00:00-05:00,0.31468646558670454,0.3272922476527773,0.3117069116338955,0.32622236013412476,459948000,0.0,0.0
2006-01-19 00:00:00-05:00,0.33057697432420424,0.34883655764990246,0.32996640260960863,0.34432873129844666,914760000,0.0,0.0
2006-01-20 00:00:00-05:00,0.34486421587333205,0.348836635073197,0.3346264885103742,0.33470258116722107,461604000,0.0,0.0
2006-01-23 00:00:00-05:00,0.3373007419156596,0.3394395876445047,0.3327168219133629,0.33661314845085144,334884000,0.0,0.0
2006-01-24 00:00:00-05:00,0.3373767497553055,0.34532251510500694,0.3364599769142518,0.33829352259635925,388896000,0.0,0.0
2006-01-25 00:00:00-05:00,0.3399739567847292,0.34218982323376496,0.331264506835163,0.33531394600868225,400236000,0.0,0.0
2006-01-26 00:00:00-05:00,0.34020322621483357,0.34707913257953116,0.3380643807849413,0.34677383303642273,448836000,0.0,0.0
2006-01-27 00:00:00-05:00,0.3512816603505859,0.3572407664597329,0.3483781999422452,0.3533444404602051,385044000,0.0,0.0
2006-01-30 00:00:00-05:00,0.3548717374017878,0.35525403117657256,0.3477666524066866,0.3493710458278656,315780000,0.0,0.0
2006-01-31 00:00:00-05:00,0.34761452428033723,0.34952419019567554,0.3408147376699273,0.34348899126052856,384456000,0.0,0.0
2006-02-01 00:00:00-05:00,0.3373008250813107,0.3450935073999875,0.3360017304881255,0.3437183201313019,450852000,0.0,0.0
2006-02-02 00:00:00-05:00,0.3468500014010446,0.34707920834808653,0.3327168480417521,0.33325132727622986,473736000,0.0,0.0
2006-02-03 00:00:00-05:00,0.3311125260352582,0.34043255334219014,0.33004263846311266,0.33630701899528503,504252000,0.0,0.0
2006-02-06 00:00:00-05:00,0.3353901549623389,0.34616236088676916,0.3339388754590417,0.34578096866607666,363468000,0.0,0.0
2006-02-07 00:00:00-05:00,0.34646855002266663,0.34646855002266663,0.333327363074862,0.33348047733306885,399408000,0.0,0.0
2006-02-08 00:00:00-05:00,0.3344733855570737,0.343106746673584,0.3344733855570737,0.343106746673584,393072000,0.0,0.0
2006-02-09 00:00:00-05:00,0.34417653652344377,0.349524141320462,0.3351608840692545,0.3373006582260132,437100000,0.0,0.0
2006-02-10 00:00:00-05:00,0.33852279074244485,0.3400510645144624,0.32752137804692044,0.3353901505470276,414996000,0.0,0.0
2006-02-13 00:00:00-05:00,0.33432114403384366,0.33890506342714893,0.332029184337191,0.33653610944747925,280740000,0.0,0.0
2006-02-14 00:00:00-05:00,0.3365362093192197,0.3383697557628201,0.3327168764489507,0.33714768290519714,342348000,0.0,0.0
2006-02-15 00:00:00-05:00,0.3364600399147722,0.34455799205599424,0.3356193322315975,0.3436411917209625,493296000,0.0,0.0
2006-02-16 00:00:00-05:00,0.35005863871884285,0.3613662785201929,0.34769058652445195,0.36060166358947754,1305888000,0.0,0.0
2006-02-17 00:00:00-05:00,0.38711239055892344,0.38749468441304585,0.36060171067814256,0.36266449093818665,2356956000,0.0,0.0
2006-02-21 00:00:00-05:00,0.3619007298451463,0.3625122304866164,0.3518160921941934,0.3549487590789795,684060000,0.0,0.0
2006-02-22 00:00:00-05:00,0.3499065018349221,0.3571637736642696,0.34150234843433225,0.35433733463287354,939756000,0.0,0.0
2006-02-23 00:00:00-05:00,0.35326745616611693,0.3556364377059509,0.3479198502158151,0.34891271591186523,385128000,0.0,0.0
2006-02-24 00:00:00-05:00,0.3504409944837011,0.3546426201998888,0.34700305481506943,0.34883660078048706,416412000,0.0,0.0
2006-02-27 00:00:00-05:00,0.35151096770675133,0.3651857354404679,0.34784382023426597,0.362970769405365,666468000,0.0,0.0
2006-02-28 00:00:00-05:00,0.36136634259336853,0.36442198865977643,0.3565532157506913,0.3600672483444214,563316000,0.0,0.0
2006-03-01 00:00:00-05:00,0.3613663380264949,0.3758817837041025,0.35907437809653164,0.373742938041687,703932000,0.0,0.0
2006-03-02 00:00:00-05:00,0.37336070172457214,0.37954901680005476,0.36946437442238494,0.3742775022983551,545460000,0.0,0.0
2006-03-03 00:00:00-05:00,0.3708394008884936,0.382070018623948,0.3701518075867618,0.3755764067173004,595800000,0.0,0.0
2006-03-06 00:00:00-05:00,0.3829107689221725,0.3854319357158588,0.3729783143749822,0.37481188774108887,529020000,0.0,0.0
2006-03-07 00:00:00-05:00,0.3748888589027153,0.3777913902053536,0.360983987247592,0.3683943450450897,606204000,0.0,0.0
2006-03-08 00:00:00-05:00,0.36847135180361273,0.3703810174884259,0.35342050097044775,0.36656075716018677,670800000,0.0,0.0
2006-03-09 00:00:00-05:00,0.37099255330585923,0.37718086679176294,0.36824220693563353,0.3684714138507843,536700000,0.0,0.0
2006-03-10 00:00:00-05:00,0.3680891634246859,0.3727492040193389,0.35876823524339796,0.3620539903640747,521580000,0.0,0.0
2006-03-13 00:00:00-05:00,0.36572108240647566,0.36816522785531947,0.36297073571852895,0.36640867590904236,372132000,0.0,0.0
2006-03-14 00:00:00-05:00,0.36671386972244846,0.3780975744126194,0.3653386831140272,0.37656930088996887,627792000,0.0,0.0
2006-03-15 00:00:00-05:00,0.3773330266029115,0.383139947477087,0.3758817472025634,0.38260453939437866,510600000,0.0,0.0
2006-03-16 00:00:00-05:00,0.38329204414326407,0.38375043051428803,0.36831818953827994,0.3696172833442688,568416000,0.0,0.0
2006-03-17 00:00:00-05:00,0.3678599447459559,0.37358984489480024,0.3623592242096738,0.37259697914123535,618588000,0.0,0.0
2006-03-20 00:00:00-05:00,0.3758817363310791,0.3759578289758645,0.3693881512267406,0.36976954340934753,293772000,0.0,0.0
2006-03-21 00:00:00-05:00,0.38802918791770935,0.3949811878835262,0.3778684822092318,0.38802918791770935,1235472000,0.0,0.0
2006-03-22 00:00:00-05:00,0.37817375222720584,0.3800073256773037,0.36839441149606256,0.3768746852874756,1158576000,0.0,0.0
2006-03-23 00:00:00-05:00,0.37817375247078305,0.385431953619745,0.3738951320871777,0.3839036524295807,661992000,0.0,0.0
2006-03-24 00:00:00-05:00,0.38489653520004935,0.3975793363858856,0.3842859633717975,0.3968917429447174,687936000,0.0,0.0
2006-03-27 00:00:00-05:00,0.3971969623695555,0.40789307372763967,0.39589786840348623,0.40758687257766724,651444000,0.0,0.0
2006-03-28 00:00:00-05:00,0.4057533344104568,0.41927591277893705,0.40491355575834254,0.4138522148132324,795204000,0.0,0.0
2006-03-29 00:00:00-05:00,0.41560873354823236,0.4368478968190941,0.41217079433478415,0.43608421087265015,987096000,0.0,0.0
2006-03-30 00:00:00-05:00,0.4365426802339023,0.441431899629758,0.4286730058527611,0.4390638470649719,1063308000,0.0,0.0
2006-03-31 00:00:00-05:00,0.4387576041789369,0.4448697972399588,0.4347851581958962,0.43745943903923035,835560000,0.0,0.0
2006-04-03 00:00:00-04:00,0.4397513973287135,0.4484608496000454,0.43425067768888115,0.4423486292362213,968916000,0.0,0.0
2006-04-04 00:00:00-04:00,0.442960137715397,0.4637400151905493,0.44250175123463104,0.4630524218082428,1200612000,0.0,0.0
2006-04-05 00:00:00-04:00,0.462212568854145,0.4690884469276409,0.45235711082869473,0.46679648756980896,1112976000,0.0,0.0
2006-04-06 00:00:00-04:00,0.46557358149347333,0.4712273884087147,0.459156061192571,0.4677133560180664,789312000,0.0,0.0
2006-04-07 00:00:00-04:00,0.46572666961375453,0.46985217521199507,0.45732248952060395,0.46649032831192017,682674000,0.0,2.0
2006-04-10 00:00:00-04:00,0.4654213750894485,0.46817174861436683,0.4548783494367683,0.4583923816680908,634230000,0.0,0.0
2006-04-11 00:00:00-04:00,0.45992073776156955,0.45992073776156955,0.4444875623082113,0.44723790884017944,702072000,0.0,0.0
2006-04-12 00:00:00-04:00,0.45014128056205943,0.46771329826294694,0.4476962067768805,0.46526822447776794,598308000,0.0,0.0
2006-04-13 00:00:00-04:00,0.4553367709927251,0.4605312626130097,0.4504466499858457,0.4522802233695984,738360000,0.0,0.0
2006-04-17 00:00:00-04:00,0.4515164718275309,0.46480987010206826,0.4498359856305611,0.4535031318664551,443868000,0.0,0.0
2006-04-18 00:00:00-04:00,0.44540434045336863,0.4455574547271413,0.43073577991186324,0.4428071081638336,1165488000,0.0,0.0
2006-04-19 00:00:00-04:00,0.4400566955209152,0.4504466346897684,0.433944502118684,0.4455574154853821,517476000,0.0,0.0
2006-04-20 00:00:00-04:00,0.4415849836088042,0.4528916681222167,0.4342506905386675,0.44494590163230896,552684000,0.0,0.0
2006-04-21 00:00:00-04:00,0.44632105287141194,0.4481546259929322,0.423707631000743,0.42890214920043945,770016000,0.0,0.0
2006-04-24 00:00:00-04:00,0.4316526109959541,0.44632117258008647,0.424013044254637,0.4420434534549713,676848000,0.0,0.0
2006-04-25 00:00:00-04:00,0.4370010133127416,0.44280703235641095,0.4293605467859497,0.4417371451854706,719766000,0.0,0.0
2006-04-26 00:00:00-04:00,0.4434186399003149,0.4501414339013561,0.43394459733806234,0.43868163228034973,330528000,0.0,0.0
2006-04-27 00:00:00-04:00,0.43700100107341167,0.44983598557514626,0.4275269616428895,0.4457104802131653,462966000,0.0,0.0
2006-04-28 00:00:00-04:00,0.44601568893377663,0.45212790810906256,0.44219545632114027,0.4464740753173828,284736000,0.0,0.0
2006-05-01 00:00:00-04:00,0.44952988764552265,0.4808536974389443,0.44952988764552265,0.472144216299057,902472000,0.0,0.0
2006-05-02 00:00:00-04:00,0.475658268528557,0.4813120763320308,0.46343480873481957,0.47153276205062866,539700000,0.0,0.0
2006-05-03 00:00:00-04:00,0.46618501891224196,0.47978371720435414,0.46572665976914274,0.47458919882774353,378114000,0.0,0.0
2006-05-04 00:00:00-04:00,0.4652683550262008,0.47672815595893653,0.46282328055496474,0.47153276205062866,511128000,0.0,0.0
2006-05-05 00:00:00-04:00,0.47397761637520613,0.4796314215526776,0.4674069838332383,0.47795000672340393,338184000,0.0,0.0
2006-05-08 00:00:00-04:00,0.47672816523238687,0.4871181335814929,0.4713805858942682,0.4758113920688629,503622000,0.0,0.0
2006-05-09 00:00:00-04:00,0.47519984225299855,0.4776449163793667,0.460684369675422,0.46129584312438965,561648000,0.0,0.0
2006-05-10 00:00:00-04:00,0.4557950356029307,0.4611426673807626,0.4464740842339429,0.451058030128479,753264000,0.0,0.0
2006-05-11 00:00:00-04:00,0.45564212540768756,0.45992077347103244,0.43150042358556323,0.4350144565105438,1201110000,0.0,0.0
2006-05-12 00:00:00-04:00,0.4246244293937955,0.42676327471231673,0.3933006268639011,0.4023153781890869,1568172000,0.0,0.0
2006-05-15 00:00:00-04:00,0.4015517532284942,0.41163639322459156,0.39803772071023197,0.40812236070632935,553380000,0.0,0.0
2006-05-16 00:00:00-04:00,0.41041419530910195,0.4105663805700431,0.39482886721712146,0.3974260985851288,497532000,0.0,0.0
2006-05-17 00:00:00-04:00,0.39605108572149483,0.398343045777887,0.3743535305220233,0.3813825249671936,841074000,0.0,0.0
2006-05-18 00:00:00-04:00,0.384438164765471,0.38810528440127645,0.3636583119643084,0.36411669850349426,686730000,0.0,0.0
2006-05-19 00:00:00-04:00,0.3674776647418224,0.3804657394487827,0.36381051757907634,0.37175628542900085,932808000,0.0,0.0
2006-05-22 00:00:00-04:00,0.36976955705034453,0.3705341447164955,0.35662927210866496,0.36671391129493713,734886000,0.0,0.0
2006-05-23 00:00:00-04:00,0.3743535432580411,0.3830629972331026,0.36121325597312715,0.36274152994155884,532314000,0.0,0.0
2006-05-24 00:00:00-04:00,0.36595022375292924,0.37832682261371153,0.3576991578457411,0.3674775958061218,579522000,0.0,0.0
2006-05-25 00:00:00-04:00,0.374353535993164,0.37985422927996965,0.36350520905314543,0.3654918968677521,423666000,0.0,0.0
2006-05-26 00:00:00-04:00,0.3668669653293904,0.36931113745337585,0.36243523157066065,0.3662554919719696,294642000,0.0,0.0
2006-05-30 00:00:00-04:00,0.3668669549615845,0.3670191402388223,0.35082323877404703,0.3509754240512848,448788000,0.0,0.0
2006-05-31 00:00:00-04:00,0.3557125554880267,0.35907440296139426,0.34898976217783323,0.35112860798835754,598422000,0.0,0.0
2006-06-01 00:00:00-04:00,0.35510093239593804,0.3694641888141632,0.3496002136836151,0.3694641888141632,537126000,0.0,0.0
2006-06-02 00:00:00-04:00,0.37542341164360654,0.3772569851226686,0.36044955154537023,0.36411669850349426,673710000,0.0,0.0
2006-06-05 00:00:00-04:00,0.36213000028597514,0.36885276536576994,0.3477667135403097,0.34883660078048706,581052000,0.0,0.0
2006-06-06 00:00:00-04:00,0.35326747359661204,0.3535736748240716,0.3300425736071133,0.33951568603515625,824130000,0.0,0.0
2006-06-07 00:00:00-04:00,0.34318277249591594,0.34379427320645367,0.33080617407033486,0.3334043622016907,565380000,0.0,0.0
2006-06-08 00:00:00-04:00,0.3295841339614566,0.33386278143787795,0.314151915707957,0.32729217410087585,730572000,0.0,0.0
2006-06-09 00:00:00-04:00,0.331570896090733,0.33722377540170734,0.3234720131478098,0.32622236013412476,433824000,0.0,0.0
2006-06-12 00:00:00-04:00,0.3205693264102526,0.3248470438287258,0.3063591570681684,0.30819272994995117,463230000,0.0,0.0
2006-06-13 00:00:00-04:00,0.30803962915419225,0.3143040339510903,0.30055225039941796,0.3034557104110718,532548000,0.0,0.0
2006-06-14 00:00:00-04:00,0.3052893898508889,0.3132351577868191,0.3020806292181741,0.3123183846473694,480492000,0.0,0.0
2006-06-15 00:00:00-04:00,0.3237781765706423,0.3407386977611675,0.3211800152263955,0.33966881036758423,837336000,0.0,0.0
2006-06-16 00:00:00-04:00,0.33737678274792465,0.33829355567863106,0.3277505303639361,0.330959290266037,503448000,0.0,0.0
2006-06-19 00:00:00-04:00,0.33462648841424714,0.3363069476092283,0.32026320026071137,0.32102781534194946,388044000,0.0,0.0
2006-06-20 00:00:00-04:00,0.31216520780964785,0.32316661989009837,0.31094313530668777,0.31598544120788574,535818000,0.0,0.0
2006-06-21 00:00:00-04:00,0.3146101857598653,0.3245417076006572,0.3146101857598653,0.3194994032382965,441174000,0.0,0.0
2006-06-22 00:00:00-04:00,0.3230135955016215,0.32393036863486757,0.3080397345071101,0.31017860770225525,532338000,0.0,0.0
2006-06-23 00:00:00-04:00,0.3095680457697594,0.31674922670720224,0.3066646117377606,0.3103317320346832,335202000,0.0,0.0
2006-06-26 00:00:00-04:00,0.3098732551920216,0.3132351021893536,0.3059008364085856,0.30742818117141724,281736000,0.0,0.0
2006-06-27 00:00:00-04:00,0.3092618170486972,0.30956801830130287,0.2935242967047518,0.2976498305797577,608514000,0.0,0.0
2006-06-28 00:00:00-04:00,0.2999417116056768,0.3190410745841182,0.29214903249453966,0.3141518831253052,833376000,0.0,0.0
2006-06-29 00:00:00-04:00,0.30559460799867344,0.32836204767227173,0.3045256497238452,0.32836204767227173,687666000,0.0,0.0
2006-06-30 00:00:00-04:00,0.33157089015868235,0.336765382766058,0.32286143542256796,0.3253055810928345,468240000,0.0,0.0
2006-07-03 00:00:00-04:00,0.3327929474402818,0.3330982197338965,0.327750613081866,0.33004260063171387,174696000,0.0,0.0
2006-07-05 00:00:00-04:00,0.3248469927014585,0.32775042480726974,0.31522074341773987,0.31522074341773987,459708000,0.0,0.0
2006-07-06 00:00:00-04:00,0.3152208607943375,0.31827740823776485,0.30223368988722,0.3054424226284027,470634000,0.0,0.0
2006-07-07 00:00:00-04:00,0.3075813276465439,0.30819282845543106,0.29260746763999446,0.2959684133529663,541230000,0.0,0.0
2006-07-10 00:00:00-04:00,0.2967330541132826,0.29887192754934366,0.2805362169182647,0.28313347697257996,449922000,0.0,0.0
2006-07-11 00:00:00-04:00,0.28221667269659945,0.2936765019359547,0.27809116586432625,0.29260751605033875,600582000,0.0,0.0
2006-07-12 00:00:00-04:00,0.29153756560755906,0.29489941278767506,0.27824419278835244,0.2785494923591614,461034000,0.0,0.0
2006-07-13 00:00:00-04:00,0.27427172530555866,0.281147603756347,0.26999307853289495,0.27136826515197754,540582000,0.0,0.0
2006-07-14 00:00:00-04:00,0.27641068056986595,0.2779389547126563,0.2623536185563824,0.2699931859970093,572148000,0.0,0.0
2006-07-17 00:00:00-04:00,0.2687709752971356,0.2751884665789512,0.267395816158231,0.27213191986083984,502806000,0.0,0.0
2006-07-18 00:00:00-04:00,0.2814529940617764,0.28985714875800034,0.2713683526875527,0.2869536876678467,979332000,0.0,0.0
2006-07-19 00:00:00-04:00,0.2857315722523857,0.3031504782760425,0.28359179767699255,0.29948335886001587,1055550000,0.0,0.0
2006-07-20 00:00:00-04:00,0.3048308854034464,0.3101784898555474,0.29306578948987205,0.2935241758823395,505602000,0.0,0.0
2006-07-21 00:00:00-04:00,0.2835918187266044,0.28481482036934747,0.26938164455250985,0.2715214192867279,633918000,0.0,0.0
2006-07-24 00:00:00-04:00,0.2816060266807013,0.30574772434874636,0.28007775294816034,0.29887184500694275,983178000,0.0,0.0
2006-07-25 00:00:00-04:00,0.3025390426878362,0.3126236564969851,0.298108209313459,0.30941492319107056,574104000,0.0,0.0
2006-07-26 00:00:00-04:00,0.30941492319107056,0.31308207038839037,0.300247055197771,0.30941492319107056,495318000,0.0,0.0
2006-07-27 00:00:00-04:00,0.3133872777885936,0.3262222629994657,0.30819278663497585,0.3138456642627716,694338000,0.0,0.0
2006-07-28 00:00:00-04:00,0.32194456111554703,0.3470030594040656,0.32011098780356523,0.34639155864715576,815298000,0.0,0.0
2006-07-31 00:00:00-04:00,0.34272435453475236,0.3462393152683722,0.3373767497553055,0.33829352259635925,594762000,0.0,0.0
2006-08-01 00:00:00-04:00,0.3341680428881688,0.3347795436389814,0.31858271087520107,0.3246949315071106,600966000,0.0,0.0
2006-08-02 00:00:00-04:00,0.3318762220203174,0.3512818230015601,0.3311125629729357,0.3496004343032837,756774000,0.0,0.0
2006-08-03 00:00:00-04:00,0.34837817916416797,0.38107714084568783,0.3434889605427426,0.3716031014919281,890568000,0.0,0.0
2006-08-04 00:00:00-04:00,0.3813824284391094,0.38199392910714675,0.35708761973913417,0.36656075716018677,818232000,0.0,0.0
2006-08-07 00:00:00-04:00,0.3601433360000427,0.3668670304728119,0.3552541165699033,0.3622831106185913,436146000,0.0,0.0
2006-08-08 00:00:00-04:00,0.3651855681467715,0.3797019114060853,0.3642687680374806,0.3719092607498169,619806000,0.0,0.0
2006-08-09 00:00:00-04:00,0.3792436667141621,0.3896336073556479,0.36900593871810133,0.37175628542900085,584706000,0.0,0.0
2006-08-10 00:00:00-04:00,0.3676306203932051,0.37129776624614014,0.36136624303902465,0.36915889382362366,1072140000,0.0,0.0
2006-08-11 00:00:00-04:00,0.3422660000062235,0.36686698427717757,0.34104392754227003,0.35754603147506714,1603272000,0.0,0.0
2006-08-14 00:00:00-04:00,0.3619769726899816,0.36564412014340586,0.35372590458093806,0.3557125926017761,809412000,0.0,0.0
2006-08-15 00:00:00-04:00,0.36488027612453555,0.3919254290840955,0.36136624448484167,0.38993874192237854,902172000,0.0,0.0
2006-08-16 00:00:00-04:00,0.39207861282697815,0.41958215898235673,0.38199400018378254,0.41790077090263367,1029246000,0.0,0.0
2006-08-17 00:00:00-04:00,0.4127063340084515,0.42355466150146454,0.4072056131189267,0.4113311469554901,814224000,0.0,0.0
2006-08-18 00:00:00-04:00,0.4117894574462766,0.420192681013996,0.3974261716276111,0.41805383563041687,665898000,0.0,0.0
2006-08-21 00:00:00-04:00,0.4117895544655512,0.41255321332142636,0.4017049133190515,0.40262168645858765,500220000,0.0,0.0
2006-08-22 00:00:00-04:00,0.401398669337187,0.4131646701852679,0.4010933697612647,0.40201014280319214,473928000,0.0,0.0
2006-08-23 00:00:00-04:00,0.40506579595171543,0.4091913293575859,0.392842310004156,0.401704877614975,485412000,0.0,0.0
2006-08-24 00:00:00-04:00,0.40277380847298094,0.40796922885208464,0.39635631553800627,0.40583038330078125,260802000,0.0,0.0
2006-08-25 00:00:00-04:00,0.40277387140194576,0.41178955407560536,0.398801451916815,0.4046074450016022,238314000,0.0,0.0
2006-08-28 00:00:00-04:00,0.41133119312332794,0.43043059043318527,0.41056660521087796,0.41851237416267395,764562000,0.0,0.0
2006-08-29 00:00:00-04:00,0.4224846794273329,0.4394451975514003,0.41942903371501505,0.43745943903923035,727962000,0.0,0.0
2006-08-30 00:00:00-04:00,0.4399034970808,0.45105802112037263,0.43883451172831794,0.4464740753173828,681564000,0.0,0.0
2006-08-31 00:00:00-04:00,0.44540433262088586,0.4473910203427004,0.43516753431306177,0.4447937607765198,511278000,0.0,0.0
2006-09-01 00:00:00-04:00,0.438223111652535,0.4417371712729676,0.4244713530558113,0.4261518120765686,605742000,0.0,0.0
2006-09-05 00:00:00-04:00,0.42752701951035854,0.43715324552845053,0.4212626406548544,0.4354727864265442,549354000,0.0,0.0
2006-09-06 00:00:00-04:00,0.4278332076128654,0.42844377941028294,0.41255314770104934,0.41362303495407104,493572000,0.0,0.0
2006-09-07 00:00:00-04:00,0.40689934541000267,0.4311941578844132,0.40246854000628246,0.42187410593032837,742836000,0.0,0.0
2006-09-08 00:00:00-04:00,0.4285968498126696,0.430430422934792,0.4139282921580035,0.4232492446899414,447978000,0.0,0.0
2006-09-11 00:00:00-04:00,0.4137752123808117,0.4347090787605013,0.4090391075571691,0.4298189580440521,598266000,0.0,0.0
2006-09-12 00:00:00-04:00,0.4278332414159637,0.4438769886521203,0.42676335407841015,0.44112661480903625,498432000,0.0,0.0
2006-09-13 00:00:00-04:00,0.4421955623957456,0.45044662856917367,0.4408203755927356,0.4446406364440918,476286000,0.0,0.0
2006-09-14 00:00:00-04:00,0.4425018161459318,0.4507528832993419,0.4371532809204273,0.4429602026939392,428814000,0.0,0.0
2006-09-15 00:00:00-04:00,0.444487552336821,0.45380850638785386,0.4423486793374864,0.4516696333885193,649764000,0.0,0.0
2006-09-18 00:00:00-04:00,0.45289167416213955,0.4695468934032179,0.4515165146848859,0.46878230571746826,793896000,0.0,0.0
2006-09-19 00:00:00-04:00,0.4657267813047546,0.4690886290110707,0.45273867870112783,0.4565589129924774,708054000,0.0,0.0
2006-09-20 00:00:00-04:00,0.4625177446470518,0.4738244801631991,0.46160097196973465,0.47321388125419617,511884000,0.0,0.0
2006-09-21 00:00:00-04:00,0.472755546432686,0.4774916499543087,0.46496284166513924,0.46939370036125183,539106000,0.0,0.0
2006-09-22 00:00:00-04:00,0.4680188476880923,0.4709222821454853,0.45029463524021157,0.4554891288280487,653334000,0.0,0.0
2006-09-25 00:00:00-04:00,0.4623647609124666,0.47382455786985733,0.4498359512097909,0.4718387722969055,684486000,0.0,0.0
2006-09-26 00:00:00-04:00,0.47138059213778005,0.4726026649339064,0.4559474149036375,0.4619065225124359,516120000,0.0,0.0
2006-09-27 00:00:00-04:00,0.4605312645435333,0.4751998516750447,0.45610045899222323,0.4605312645435333,578142000,0.0,0.0
2006-09-28 00:00:00-04:00,0.4425018668193418,0.45365546717791977,0.44051520612341594,0.451821893453598,647346000,0.0,0.0
2006-09-29 00:00:00-04:00,0.45487833924783966,0.4583923714004505,0.4496829191853627,0.45212799310684204,373890000,0.0,0.0
2006-10-02 00:00:00-04:00,0.4499882473782357,0.45289168063204455,0.437001048849706,0.4406681954860687,647442000,0.0,0.0
2006-10-03 00:00:00-04:00,0.4324171245098114,0.43577806991189394,0.42279089884700793,0.4324171245098114,907692000,0.0,0.0
2006-10-04 00:00:00-04:00,0.43302793706836534,0.4750478763730007,0.4318058365977619,0.47489476203918457,1460382000,0.0,0.0
2006-10-05 00:00:00-04:00,0.4730609880980506,0.4777980225492187,0.46022600068428143,0.461448073387146,662682000,0.0,0.0
2006-10-06 00:00:00-04:00,0.4622127224243505,0.47749185546222045,0.4608375354238211,0.47260263562202454,593610000,0.0,0.0
2006-10-09 00:00:00-04:00,0.4715326102194125,0.5092738484820505,0.47015742362135937,0.5030094981193542,932304000,0.0,0.0
2006-10-10 00:00:00-04:00,0.5004113704943727,0.5023980306701197,0.4858958987943952,0.4915497601032257,624648000,0.0,0.0
2006-10-11 00:00:00-04:00,0.48895156043462906,0.503009546961721,0.48146508233770385,0.49430006742477417,481944000,0.0,0.0
2006-10-12 00:00:00-04:00,0.4970504732701961,0.5065236121135656,0.4891047065494797,0.49628588557243347,414720000,0.0,0.0
2006-10-13 00:00:00-04:00,0.4946052880015948,0.5189000675654277,0.4865073377998317,0.5159966349601746,584190000,0.0,0.0
2006-10-16 00:00:00-04:00,0.5176781088101435,0.5260813603478817,0.5059120812522411,0.5150799751281738,478968000,0.0,0.0
2006-10-17 00:00:00-04:00,0.5066765017423019,0.510190532565743,0.49047967591991215,0.4953688383102417,526506000,0.0,0.0
2006-10-18 00:00:00-04:00,0.5027034013247749,0.508051909196546,0.4787148424285515,0.4822288751602173,822750000,0.0,0.0
2006-10-19 00:00:00-04:00,0.4803951673959737,0.4950637521593092,0.4765749616083566,0.49139660596847534,473040000,0.0,0.0
2006-10-20 00:00:00-04:00,0.49521684991358456,0.4955221494612884,0.47871477275025126,0.48574283719062805,359478000,0.0,0.0
2006-10-23 00:00:00-04:00,0.48467394510491674,0.4964390461616748,0.48131209734124586,0.48253417015075684,280248000,0.0,0.0
2006-10-24 00:00:00-04:00,0.48345100147276276,0.5020929124828734,0.48207581436194735,0.4965921640396118,519288000,0.0,0.0
2006-10-25 00:00:00-04:00,0.5013281849491366,0.5088155927995944,0.492924933020634,0.5011759996414185,389436000,0.0,0.0
2006-10-26 00:00:00-04:00,0.5023978387736194,0.5187468501508198,0.5023978387736194,0.5170664191246033,366690000,0.0,0.0
2006-10-27 00:00:00-04:00,0.517066579164323,0.5285263769576244,0.48895153644807404,0.4947584569454193,566988000,0.0,0.0
2006-10-30 00:00:00-05:00,0.49811939218302326,0.5095791903789391,0.49277181422603156,0.5007175803184509,479592000,0.0,0.0
2006-10-31 00:00:00-05:00,0.5117191463684388,0.5328052043914795,0.5091210119554059,0.5328052043914795,996174000,0.0,0.0
2006-11-01 00:00:00-05:00,0.5257760898037714,0.5306653092492719,0.48436769671833224,0.49170199036598206,1176540000,0.0,0.0
2006-11-02 00:00:00-05:00,0.493993876069389,0.5046899607120835,0.4816172505681971,0.48834094405174255,862944000,0.0,0.0
2006-11-03 00:00:00-05:00,0.49384175243086714,0.498730971752015,0.485895930872757,0.49811944365501404,548070000,0.0,0.0
2006-11-06 00:00:00-05:00,0.49949465705855906,0.5201222970391104,0.49323025054990993,0.5132464170455933,739602000,0.0,0.0
2006-11-07 00:00:00-05:00,0.5170668000660833,0.5265399418746887,0.5141633112546664,0.5210392475128174,553254000,0.0,0.0
2006-11-08 00:00:00-05:00,0.5173718776039733,0.5350969549823293,0.5161498051851627,0.5286794900894165,648324000,0.0,0.0
2006-11-09 00:00:00-05:00,0.5395278380107282,0.5531264816841485,0.5346386191637167,0.5392225384712219,1207758000,0.0,0.0
2006-11-10 00:00:00-05:00,0.5346386885834956,0.5372359481139939,0.5129411070561155,0.52623450756073,1317192000,0.0,0.0
2006-11-13 00:00:00-05:00,0.5273043441449614,0.5515991282206,0.5271512298907173,0.5500708818435669,852282000,0.0,0.0
2006-11-14 00:00:00-05:00,0.5480839726814878,0.556641264115667,0.5363188786492038,0.5555713772773743,628530000,0.0,0.0
2006-11-15 00:00:00-05:00,0.5538912395429657,0.5615308341800603,0.5433482109667933,0.5464038848876953,491892000,0.0,0.0
2006-11-16 00:00:00-05:00,0.5486957877118418,0.5554185537850604,0.5439587531962056,0.553432822227478,457182000,0.0,0.0
2006-11-17 00:00:00-05:00,0.549612139439079,0.556488014520617,0.54625029450058,0.5549597144126892,361608000,0.0,0.0
2006-11-20 00:00:00-05:00,0.5480841254998082,0.5632110695062735,0.5439586201546932,0.56015545129776,608634000,0.0,0.0
2006-11-21 00:00:00-05:00,0.5618359260816451,0.5627526989569893,0.5476257552576209,0.5514459609985352,387384000,0.0,0.0
2006-11-22 00:00:00-05:00,0.5534325653607289,0.5615305146750063,0.55052907842906,0.5609189867973328,240258000,0.0,0.0
2006-11-24 00:00:00-05:00,0.5581689986865968,0.566267881747053,0.5531266639291337,0.5650448799133301,144336000,0.0,0.0
2006-11-27 00:00:00-05:00,0.5616839572860066,0.5691703830997284,0.535707750417744,0.5395280122756958,585294000,0.0,0.0
2006-11-28 00:00:00-05:00,0.5376942501821503,0.5545016814829203,0.5292900700524119,0.5496124625205994,480966000,0.0,0.0
2006-11-29 00:00:00-05:00,0.5546549093385771,0.5644342235802692,0.5525160088007629,0.5577105283737183,579792000,0.0,0.0
2006-11-30 00:00:00-05:00,0.5577104182018174,0.5697817448807823,0.5509876532822,0.5651978254318237,583632000,0.0,0.0
2006-12-01 00:00:00-05:00,0.5589334176170079,0.5596970763212477,0.5381526659192145,0.5430418848991394,785010000,0.0,0.0
2006-12-04 00:00:00-05:00,0.5500710445851313,0.5720738754396073,0.5480843291716706,0.5650448799133301,621570000,0.0,0.0
2006-12-05 00:00:00-05:00,0.5590854984271817,0.5624473447257202,0.5529742080840581,0.559238612651825,663354000,0.0,0.0
2006-12-06 00:00:00-05:00,0.5610723367571775,0.5610723367571775,0.5508346093378138,0.5584750771522522,478242000,0.0,0.0
2006-12-07 00:00:00-05:00,0.5584749655363935,0.5615306383918779,0.5401392890647,0.5450285077095032,486894000,0.0,0.0
2006-12-08 00:00:00-05:00,0.5410562822538136,0.5506825381786936,0.5332636275094409,0.5431951284408569,564858000,0.0,0.0
2006-12-11 00:00:00-05:00,0.5433482019066725,0.5590857502032764,0.5421252001204577,0.5525160431861877,515484000,0.0,0.0
2006-12-12 00:00:00-05:00,0.5483902471910641,0.5502237926219097,0.5395277102147963,0.5468619465827942,568116000,0.0,0.0
2006-12-13 00:00:00-05:00,0.5512929780240672,0.557710443688022,0.5512929780240672,0.5532796382904053,491952000,0.0,0.0
2006-12-14 00:00:00-05:00,0.5577104647971319,0.5700870920590606,0.5572521056007195,0.5630589723587036,715380000,0.0,0.0
2006-12-15 00:00:00-05:00,0.5667260713288726,0.5729904770851135,0.5632111101388375,0.5729904770851135,746094000,0.0,0.0
2006-12-18 00:00:00-05:00,0.573602138347998,0.5897981016495806,0.5732959643849741,0.5829222202301025,688356000,0.0,0.0
2006-12-19 00:00:00-05:00,0.5754354567121692,0.5943817304834964,0.5746708691724153,0.5913260579109192,545622000,0.0,0.0
2006-12-20 00:00:00-05:00,0.5882706355481355,0.5952987011948655,0.5841450745656855,0.584603488445282,306594000,0.0,0.0
2006-12-21 00:00:00-05:00,0.5878119392485964,0.5894924250354486,0.5729902983235342,0.5795608758926392,367920000,0.0,0.0
2006-12-22 00:00:00-05:00,0.5786445389368552,0.5806303256724251,0.5630591731632695,0.5658095479011536,370170000,0.0,0.0
2006-12-26 00:00:00-05:00,0.5688648525977736,0.573907130147208,0.5633641066971271,0.5656560659408569,228192000,0.0,0.0
2006-12-27 00:00:00-05:00,0.5681012680813984,0.575129332667632,0.5681012680813984,0.5731436014175415,264954000,0.0,0.0
2006-12-28 00:00:00-05:00,0.5737542310605541,0.5743657592181504,0.5664199915173415,0.5690181255340576,213912000,0.0,0.0
2006-12-29 00:00:00-05:00,0.5690180219515415,0.5809362341760816,0.5648925163747702,0.5655030608177185,386094000,0.0,0.0
2007-01-03 00:00:00-05:00,0.5664199623095565,0.5732958422643691,0.531582094036015,0.5512930154800415,1154820000,0.0,0.0
2007-01-04 00:00:00-05:00,0.5493071568800157,0.5512929427050096,0.5352491702837154,0.5486956834793091,797298000,0.0,0.0
2007-01-05 00:00:00-05:00,0.5357076745094019,0.5378474492606805,0.5106491733795354,0.5143163204193115,1243344000,0.0,0.0
2007-01-08 00:00:00-05:00,0.5161498411461959,0.5280679988697675,0.5072872471949198,0.5181365013122559,657270000,0.0,0.0
2007-01-09 00:00:00-05:00,0.5189003808426735,0.5224144145556143,0.5074405773981124,0.5080520510673523,764166000,0.0,0.0
2007-01-10 00:00:00-05:00,0.5027034293061122,0.5378474744143278,0.49506388991906153,0.5331104397773743,1108746000,0.0,0.0
2007-01-11 00:00:00-05:00,0.5331103580203841,0.5372359184921232,0.5224142176360269,0.531123697757721,924504000,0.0,0.0
2007-01-12 00:00:00-05:00,0.5231786990985136,0.5404444851273742,0.5207336257648806,0.5383056402206421,698190000,0.0,0.0
2007-01-16 00:00:00-05:00,0.5424312710575498,0.5427365705970563,0.5331103181934438,0.5392225384712219,711864000,0.0,0.0
2007-01-17 00:00:00-05:00,0.5317353275126494,0.5349441159266232,0.5259293335925064,0.5279151201248169,707934000,0.0,0.0
2007-01-18 00:00:00-05:00,0.5233308946729855,0.5233308946729855,0.4776447709372893,0.4842153489589691,1501638000,0.0,0.0
2007-01-19 00:00:00-05:00,0.4790199411458995,0.4972025563556035,0.4756580947571508,0.4871179461479187,942606000,0.0,0.0
2007-01-22 00:00:00-05:00,0.49170186484637735,0.4996476299335847,0.4852843458817625,0.4871179461479187,730644000,0.0,0.0
2007-01-23 00:00:00-05:00,0.48482587796635535,0.49506365590316376,0.4758111558057417,0.48727095127105713,630354000,0.0,0.0
2007-01-24 00:00:00-05:00,0.4935357677775546,0.5089689500421996,0.49124380676899315,0.5023983120918274,685722000,0.0,0.0
2007-01-25 00:00:00-05:00,0.5069819053246877,0.50881550572922,0.4823818239384987,0.4848259687423706,616284000,0.0,0.0
2007-01-26 00:00:00-05:00,0.4889516294333284,0.4936886636942465,0.4721441960299691,0.4808536767959595,829584000,0.0,0.0
2007-01-29 00:00:00-05:00,0.4787147983548261,0.47902004327422637,0.4570172179016406,0.46114277839660645,1258284000,0.0,0.0
2007-01-30 00:00:00-05:00,0.4641982354258633,0.473060772128954,0.46007273101131674,0.4700051546096802,636174000,0.0,0.0
2007-01-31 00:00:00-05:00,0.46771331712257425,0.4727556501793413,0.46190639642960796,0.4683239161968231,467976000,0.0,0.0
2007-02-01 00:00:00-05:00,0.46389321443414205,0.4767282036928789,0.4629764411966566,0.4742831289768219,650898000,0.0,0.0
2007-02-02 00:00:00-05:00,0.4768811489495849,0.48895154603318647,0.47290782880805304,0.48665958642959595,586590000,0.0,0.0
2007-02-05 00:00:00-05:00,0.48895140862710884,0.49873077231756846,0.48818775017494737,0.4946052134037018,579906000,0.0,0.0
2007-02-06 00:00:00-05:00,0.5057600641722616,0.51859505429405,0.4982727088242456,0.512177586555481,775386000,0.0,0.0
2007-02-07 00:00:00-05:00,0.5163029993163318,0.5334157334733307,0.5132464513572058,0.532193660736084,761058000,0.0,0.0
2007-02-08 00:00:00-05:00,0.5240956559026129,0.5328050817605857,0.5195117360521777,0.5253177285194397,726276000,0.0,0.0
2007-02-09 00:00:00-05:00,0.5279146516550878,0.532346383373372,0.4968970651289121,0.4988837242126465,937956000,0.0,0.0
2007-02-12 00:00:00-05:00,0.502551019973347,0.5207336336409857,0.49720251418791755,0.509885311126709,789360000,0.0,0.0
2007-02-13 00:00:00-05:00,0.5181366317824788,0.5236373255511327,0.5129411829935263,0.5195118188858032,849732000,0.0,0.0
2007-02-14 00:00:00-05:00,0.5240958088488363,0.5271514284397009,0.5114130039459198,0.5126360058784485,1081848000,0.0,0.0
2007-02-15 00:00:00-05:00,0.5123296712643726,0.5182887785050904,0.5074404514229324,0.5156915187835693,488682000,0.0,0.0
2007-02-16 00:00:00-05:00,0.5135527275945824,0.5141632722181189,0.49842577826442475,0.49995315074920654,915060000,0.0,0.0
2007-02-20 00:00:00-05:00,0.5007176686940394,0.5071351349585699,0.497202707011481,0.5043848156929016,625578000,0.0,0.0
2007-02-21 00:00:00-05:00,0.5002590667550983,0.5056066982901225,0.4918548885532212,0.49689722061157227,655332000,0.0,0.0
2007-02-22 00:00:00-05:00,0.5046898956472613,0.5127879004556456,0.49888390477792216,0.5001059770584106,655452000,0.0,0.0
2007-02-23 00:00:00-05:00,0.5048428271502469,0.5051481265313896,0.4987306646875739,0.4988837242126465,403050000,0.0,0.0
2007-02-26 00:00:00-05:00,0.5002591646721266,0.5040784962989833,0.49047985276258466,0.49124351143836975,494070000,0.0,0.0
2007-02-27 00:00:00-05:00,0.4858961131127467,0.49735597143559707,0.4756583824834941,0.4764230251312256,714630000,0.0,0.0
2007-02-28 00:00:00-05:00,0.47504769615380493,0.4839093078120595,0.4692407744054468,0.4736725091934204,780048000,0.0,0.0
2007-03-01 00:00:00-05:00,0.46343480998280795,0.4765750976022629,0.4573225882677086,0.46786561608314514,837228000,0.0,0.0
2007-03-02 00:00:00-05:00,0.4637400556498459,0.46939386281086937,0.45396158947152376,0.45487838983535767,682728000,0.0,0.0
2007-03-05 00:00:00-05:00,0.44693266831902506,0.4557952093513287,0.43791791464038865,0.43944528698921204,663558000,0.0,0.0
2007-03-06 00:00:00-05:00,0.44907146067887105,0.47046374202335856,0.44723788730507513,0.4654214084148407,805974000,0.0,0.0
2007-03-07 00:00:00-05:00,0.4631294510430947,0.46526829667671954,0.4502944646791432,0.4522802233695984,811656000,0.0,0.0
2007-03-08 00:00:00-05:00,0.46175418503280385,0.4761165411102301,0.4614479565543161,0.4709220230579376,770622000,0.0,0.0
2007-03-09 00:00:00-05:00,0.47749174178844667,0.48284024855131047,0.4608374257148467,0.4661850035190582,555306000,0.0,0.0
2007-03-12 00:00:00-04:00,0.46083758520768203,0.47015761201318473,0.4602260569796974,0.4634348452091217,428010000,0.0,0.0
2007-03-13 00:00:00-04:00,0.45869763473927416,0.4614479533408866,0.4435706638519071,0.44387689232826233,617070000,0.0,0.0
2007-03-14 00:00:00-04:00,0.44509899198717623,0.44769622383207186,0.42844374654025524,0.4417371451854706,971610000,0.0,0.0
2007-03-15 00:00:00-04:00,0.4406682215856516,0.4446406680185629,0.4305835813995264,0.43730637431144714,655752000,0.0,0.0
2007-03-16 00:00:00-04:00,0.4376116416536201,0.4383762293392527,0.430125163187731,0.4331808090209961,525648000,0.0,0.0
2007-03-19 00:00:00-04:00,0.43547274902264643,0.44234862806245584,0.4339444753572285,0.4353196620941162,461508000,0.0,0.0
2007-03-20 00:00:00-04:00,0.43394449507020694,0.44387694921437243,0.43150034998708986,0.4331808090209961,656490000,0.0,0.0
2007-03-21 00:00:00-04:00,0.4507527548088472,0.4651150829544433,0.4421954888642853,0.4579339325428009,1268376000,0.0,0.0
2007-03-22 00:00:00-04:00,0.45839236878426026,0.4707689400092698,0.4562535233755125,0.46801862120628357,810954000,0.0,0.0
2007-03-23 00:00:00-04:00,0.46450462750846944,0.4727556938894075,0.45946229398549815,0.46282321214675903,524640000,0.0,0.0
2007-03-26 00:00:00-04:00,0.4631295111736829,0.46756031728169456,0.45533683011154774,0.46374011039733887,447336000,0.0,0.0
2007-03-27 00:00:00-04:00,0.4626709671533468,0.4635877400452579,0.454572114442869,0.45503050088882446,469020000,0.0,0.0
2007-03-28 00:00:00-04:00,0.4512112208204022,0.4550305527516473,0.4455574139376044,0.4463210999965668,459504000,0.0,0.0
2007-03-29 00:00:00-04:00,0.45304476159356283,0.45365533334891267,0.43134721025372985,0.4385283887386322,719016000,0.0,0.0
2007-03-30 00:00:00-04:00,0.4444876116851238,0.447696345108483,0.4374595456001115,0.4397515058517456,581244000,0.0,0.0
2007-04-02 00:00:00-04:00,0.4386814666561,0.44234858539690747,0.43211086047072045,0.4392929673194885,400830000,0.0,0.0
2007-04-03 00:00:00-04:00,0.4392930274840322,0.44418221926262313,0.43348610644420965,0.4376116394996643,473724000,0.0,0.0
2007-04-04 00:00:00-04:00,0.43700088272574483,0.44051494108855876,0.4354726095498011,0.4366946816444397,361692000,0.0,0.0
2007-04-05 00:00:00-04:00,0.43852847373503284,0.47260263017549703,0.43852847373503284,0.472144216299057,1332900000,0.0,0.0
2007-04-09 00:00:00-04:00,0.4721441565054674,0.4774917894885189,0.46267101773547686,0.46358779072761536,640950000,0.0,0.0
2007-04-10 00:00:00-04:00,0.4629763968942621,0.4683240307967313,0.45793408992594564,0.4588508903980255,794220000,0.0,0.0
2007-04-11 00:00:00-04:00,0.4597677184276007,0.46435163936819385,0.4490715750316623,0.4505998492240906,810150000,0.0,0.0
2007-04-12 00:00:00-04:00,0.44815478156168714,0.46481003235821133,0.44525222192574204,0.4634348452091217,743640000,0.0,0.0
2007-04-13 00:00:00-04:00,0.46190645886651094,0.46817179419140165,0.45625358061601123,0.46725496649742126,638694000,0.0,0.0
2007-04-16 00:00:00-04:00,0.46603202681318145,0.4695469337555052,0.458850847285914,0.46480995416641235,671838000,0.0,0.0
2007-04-17 00:00:00-04:00,0.4765749880263431,0.48742418727285186,0.46694873557237027,0.4692406952381134,1059108000,0.0,0.0
2007-04-18 00:00:00-04:00,0.4684770428005237,0.47917318383209173,0.46603202321169934,0.47504767775535583,683802000,0.0,0.0
2007-04-19 00:00:00-04:00,0.47122744812051603,0.484367735305279,0.4698522611214486,0.48161736130714417,568056000,0.0,0.0
2007-04-20 00:00:00-04:00,0.48864613765581805,0.488951437120638,0.48085348766832653,0.48727095127105713,590052000,0.0,0.0
2007-04-23 00:00:00-04:00,0.4849792817908897,0.4858960550466573,0.477950286102588,0.47932547330856323,595272000,0.0,0.0
2007-04-24 00:00:00-04:00,0.4874242943734823,0.5017866546059572,0.48421556106531993,0.4973558485507965,1028088000,0.0,0.0
2007-04-25 00:00:00-04:00,0.49659209977071556,0.5086624989763039,0.49430013976419646,0.5059121251106262,509640000,0.0,0.0
2007-04-26 00:00:00-04:00,0.5059122495235211,0.5159969197479157,0.5013283283832145,0.512177586555481,500070000,0.0,0.0
2007-04-27 00:00:00-04:00,0.5104959936309398,0.5161497998148359,0.49720259557018104,0.5053014755249023,554058000,0.0,0.0
2007-04-30 00:00:00-04:00,0.5121773302313392,0.5185947947582255,0.5023979645626986,0.5025510787963867,563388000,0.0,0.0
2007-05-01 00:00:00-04:00,0.5117190138474406,0.5150799866700552,0.5037732469923248,0.5078988075256348,544554000,0.0,0.0
2007-05-02 00:00:00-04:00,0.5104960195445523,0.5126357939009744,0.49934239516542095,0.5019396543502808,659658000,0.0,0.0
2007-05-03 00:00:00-04:00,0.5066767537646709,0.5147747062246387,0.505759926071235,0.5114128589630127,500250000,0.0,0.0
2007-05-04 00:00:00-04:00,0.514163147489338,0.5176781088101435,0.5092739283136581,0.5150799751281738,405246000,0.0,0.0
2007-05-07 00:00:00-04:00,0.5225673205839534,0.5283733126715983,0.5042316423810667,0.5048431158065796,557100000,0.0,0.0
2007-05-08 00:00:00-04:00,0.5017866415105346,0.5098855235131164,0.4920082018719542,0.5086625218391418,737100000,0.0,0.0
2007-05-09 00:00:00-04:00,0.504995450738745,0.5138580475551638,0.4991894569307435,0.5109545588493347,417870000,0.0,0.0
2007-05-10 00:00:00-04:00,0.5130943303341909,0.5198170973475467,0.49705060726617917,0.5014814138412476,802584000,0.0,0.0
2007-05-11 00:00:00-04:00,0.5285265574270901,0.542125205179672,0.520428603564622,0.5369307398796082,1530630000,0.0,0.0
2007-05-14 00:00:00-04:00,0.5347908449499785,0.5398331237832725,0.5265397786427496,0.5315820574760437,731568000,0.0,0.0
2007-05-15 00:00:00-04:00,0.5331103378054795,0.5363190705098502,0.5256229851757083,0.5268459320068359,621360000,0.0,0.0
2007-05-16 00:00:00-04:00,0.5273046876591176,0.5335690975189209,0.5172200692027735,0.5335690975189209,523104000,0.0,0.0
2007-05-17 00:00:00-04:00,0.5320404178275113,0.5347907912017101,0.521650506997887,0.5247061252593994,443664000,0.0,0.0
2007-05-18 00:00:00-04:00,0.5286796552941051,0.536624494614673,0.5242479200853413,0.5350971221923828,604266000,0.0,0.0
2007-05-21 00:00:00-04:00,0.5335687043133098,0.5500708348224458,0.5309714452547343,0.5367774367332458,645768000,0.0,0.0
2007-05-22 00:00:00-04:00,0.5372360569325424,0.544570297475652,0.5285265745665009,0.539681077003479,401736000,0.0,0.0
2007-05-23 00:00:00-04:00,0.5399862611119053,0.5431949940782829,0.5237894273681514,0.5253177285194397,448248000,0.0,0.0
2007-05-24 00:00:00-04:00,0.527762951373015,0.529290269351091,0.5042318173824227,0.5063706636428833,607800000,0.0,0.0
2007-05-25 00:00:00-04:00,0.5100376998756075,0.5169135800834483,0.50851032758711,0.5143163204193115,308976000,0.0,0.0
2007-05-29 00:00:00-04:00,0.512177632102344,0.5214976605630268,0.5106493303850977,0.5198171734809875,316242000,0.0,0.0
2007-05-30 00:00:00-04:00,0.5137049519338894,0.5210392475128174,0.5072874296411649,0.5210392475128174,331650000,0.0,0.0
2007-05-31 00:00:00-04:00,0.5248594521407673,0.5324990473358459,0.5224143773079375,0.5292902588844299,481572000,0.0,0.0
2007-06-01 00:00:00-04:00,0.5352492157172305,0.543194982633867,0.5320404828184567,0.5329572558403015,429084000,0.0,0.0
2007-06-04 00:00:00-04:00,0.5280680103849686,0.5389163357801574,0.5259291648778885,0.5358607172966003,322002000,0.0,0.0
2007-06-05 00:00:00-04:00,0.5373890161082691,0.5526681482642563,0.5364722430423771,0.5517513751983643,698586000,0.0,0.0
2007-06-06 00:00:00-04:00,0.547931900558041,0.5647393295379245,0.5456399411667234,0.5558767914772034,950736000,0.0,0.0
2007-06-07 00:00:00-04:00,0.5532793645218776,0.5615304267532721,0.5497653338658011,0.5499175190925598,791862000,0.0,0.0
2007-06-08 00:00:00-04:00,0.545333916225872,0.5592387906014092,0.5386110958035125,0.5584750771522522,533268000,0.0,0.0
2007-06-11 00:00:00-04:00,0.5584750793747488,0.563822712879245,0.5554185315822043,0.5604608654975891,434634000,0.0,0.0
2007-06-12 00:00:00-04:00,0.5575583898174685,0.5653510441448183,0.5543496562291063,0.5546549558639526,526770000,0.0,0.0
2007-06-13 00:00:00-04:00,0.5607669836026852,0.5681012768144328,0.5535849303355644,0.5679481625556946,587232000,0.0,0.0
2007-06-14 00:00:00-04:00,0.5653509828528904,0.5801717566645245,0.5645863950548499,0.578032910823822,508548000,0.0,0.0
2007-06-15 00:00:00-04:00,0.5846035179848806,0.6088983072936643,0.5844504036976553,0.604314386844635,1081998000,0.0,0.0
2007-06-18 00:00:00-04:00,0.6104256148391918,0.6125653895080858,0.599730402685355,0.6046196222305298,685662000,0.0,0.0
2007-06-19 00:00:00-04:00,0.6007994583609294,0.6098151144330249,0.5966739515847894,0.6084399819374084,491952000,0.0,0.0
2007-06-20 00:00:00-04:00,0.6111900480230174,0.6142457206684502,0.6049247688305766,0.6090502738952637,822792000,0.0,0.0
2007-06-21 00:00:00-04:00,0.6208163181165727,0.6620716432325429,0.6160792849384499,0.6567230820655823,1297326000,0.0,0.0
2007-06-22 00:00:00-04:00,0.6570295142181555,0.6703229160555344,0.6470970856755102,0.6665026545524597,882618000,0.0,0.0
2007-06-25 00:00:00-04:00,0.647861650794724,0.663752257221602,0.6419025436036268,0.6489306092262268,819702000,0.0,0.0
2007-06-26 00:00:00-04:00,0.6472501415332483,0.6490837424542286,0.6173015450691334,0.6188298463821411,868482000,0.0,0.0
2007-06-27 00:00:00-04:00,0.6188298580441566,0.6362487665762091,0.615774184319449,0.635485053062439,613140000,0.0,0.0
2007-06-28 00:00:00-04:00,0.6373186256325449,0.6484722522624676,0.6310532898615936,0.6415963172912598,597534000,0.0,0.0
2007-06-29 00:00:00-04:00,0.6458749814009869,0.6460280410332032,0.6309010936470257,0.6312063932418823,516570000,0.0,0.0
2007-07-02 00:00:00-04:00,0.6402209737100579,0.6577929353035388,0.6382351881707409,0.657487690448761,563850000,0.0,0.0
2007-07-03 00:00:00-04:00,0.6570295062222903,0.6637522723995595,0.6516809981070086,0.6585568785667419,238770000,0.0,0.0
2007-07-05 00:00:00-04:00,0.6587097590731061,0.6677244822042945,0.6555009722816502,0.6655856370925903,373290000,0.0,0.0
2007-07-06 00:00:00-04:00,0.6646692438575065,0.6713920114880302,0.6634471708549214,0.6687947511672974,282720000,0.0,0.0
2007-07-09 00:00:00-04:00,0.6712396234084066,0.6914089038123312,0.6710865091390864,0.6882001161575317,536784000,0.0,0.0
2007-07-10 00:00:00-04:00,0.684685138348343,0.6990483700737058,0.6773508453892383,0.6949228644371033,552654000,0.0,0.0
2007-07-11 00:00:00-04:00,0.6947698511647837,0.6995068855450336,0.6822410378499661,0.6918672919273376,582612000,0.0,0.0
2007-07-12 00:00:00-04:00,0.6967566140144863,0.7059244555707854,0.691867393598882,0.7051607966423035,438732000,0.0,0.0
2007-07-13 00:00:00-04:00,0.7031737382869839,0.711577861518114,0.7001180660525853,0.7008817791938782,372630000,0.0,0.0
2007-07-16 00:00:00-04:00,0.7014935786635667,0.7164674123588547,0.7013404643807201,0.7135639786720276,541710000,0.0,0.0
2007-07-17 00:00:00-04:00,0.716467093620947,0.7308303763574105,0.7098965156739209,0.7105079889297485,643812000,0.0,0.0
2007-07-18 00:00:00-04:00,0.7002705156008148,0.7024102902483269,0.6837683820443972,0.6975201964378357,550656000,0.0,0.0
2007-07-19 00:00:00-04:00,0.7074526231165308,0.710966655704584,0.6918672626342126,0.6967564821243286,407376000,0.0,0.0
2007-07-20 00:00:00-04:00,0.7013403529025687,0.7037854269557411,0.6857550481567106,0.689116895198822,505650000,0.0,0.0
2007-07-23 00:00:00-04:00,0.6866719908835537,0.7102031227221235,0.6851436894415406,0.6959929466247559,360474000,0.0,0.0
2007-07-24 00:00:00-04:00,0.6932425497196396,0.6990485431019671,0.6733785660359066,0.6776571869850159,457560000,0.0,0.0
2007-07-25 00:00:00-04:00,0.6778092294248731,0.6874354824564451,0.6588629518798966,0.6744483113288879,437196000,0.0,0.0
2007-07-26 00:00:00-04:00,0.6672661535922345,0.6872832458532263,0.6582514293111648,0.6778091788291931,710268000,0.0,0.0
2007-07-27 00:00:00-04:00,0.6761288046836853,0.7072994692590324,0.6758235051211092,0.6761288046836853,615480000,0.0,0.0
2007-07-30 00:00:00-04:00,0.6785739730736559,0.6961450664311366,0.6784208587917119,0.6950761079788208,538158000,0.0,0.0
2007-07-31 00:00:00-04:00,0.7225796597809305,0.7323580999795232,0.6982848702995594,0.6992016434669495,711492000,0.0,0.0
2007-08-01 00:00:00-04:00,0.6891167480826954,0.7060772360134672,0.6616131817737037,0.6940059661865234,705828000,0.0,0.0
2007-08-02 00:00:00-04:00,0.7019520143826609,0.7025625589706146,0.6816296172820978,0.6909505724906921,468606000,0.0,0.0
2007-08-03 00:00:00-04:00,0.6886585903103017,0.6937009245139829,0.6496952129933781,0.6500005125999451,623412000,0.0,0.0
2007-08-06 00:00:00-04:00,0.6555012464523315,0.6603904666746485,0.6371655640646043,0.6555012464523315,524724000,0.0,0.0
2007-08-07 00:00:00-04:00,0.6555011438687073,0.6767403114407616,0.6467917179553889,0.6658911108970642,565764000,0.0,0.0
2007-08-08 00:00:00-04:00,0.6779623208300826,0.7173841046198562,0.6727669279657266,0.6966032981872559,660744000,0.0,0.0
2007-08-09 00:00:00-04:00,0.701340396209293,0.724260050215813,0.6852966766559738,0.704854428768158,1251834000,0.0,0.0
2007-08-10 00:00:00-04:00,0.6470969620439964,0.6767402534098301,0.6324283759715229,0.6721563339233398,1141014000,0.0,0.0
2007-08-13 00:00:00-04:00,0.6775037856651058,0.6820877039262748,0.6509169941767858,0.6648218631744385,700410000,0.0,0.0
2007-08-14 00:00:00-04:00,0.6694060831388048,0.7013404657903748,0.6674194225826448,0.6906443238258362,1092174000,0.0,0.0
2007-08-15 00:00:00-04:00,0.686977195126952,0.6967565087957007,0.6605435073301392,0.661460280418396,695142000,0.0,0.0
2007-08-16 00:00:00-04:00,0.6548896179702629,0.6596266517387943,0.6188297352900035,0.650458812713623,780030000,0.0,0.0
2007-08-17 00:00:00-04:00,0.668489125002615,0.6894220602891858,0.6477083749981911,0.6888105869293213,728712000,0.0,0.0
2007-08-20 00:00:00-04:00,0.6892691567981754,0.6967565104416508,0.6776571165950489,0.68606036901474,519684000,0.0,0.0
2007-08-21 00:00:00-04:00,0.6901857497936821,0.7286907013458027,0.67994889921968,0.7231900095939636,715338000,0.0,0.0
2007-08-22 00:00:00-04:00,0.7415256972787587,0.7439707710044215,0.7265518679692586,0.7396921515464783,566154000,0.0,0.0
2007-08-23 00:00:00-04:00,0.7432071349047472,0.7519166146490153,0.730219089902883,0.7334278225898743,667986000,0.0,0.0
2007-08-24 00:00:00-04:00,0.7312891886070393,0.7386234290634212,0.7259406252981425,0.7372482419013977,361644000,0.0,0.0
2007-08-27 00:00:00-04:00,0.7372481161492682,0.7616951430101196,0.7338862688095601,0.7539024353027344,635946000,0.0,0.0
2007-08-28 00:00:00-04:00,0.7563475353459587,0.7594032088903039,0.7062296586326485,0.7079110741615295,560022000,0.0,0.0
2007-08-29 00:00:00-04:00,0.7227315606906661,0.7490130004524826,0.7212041888889426,0.748096227645874,538560000,0.0,0.0
2007-08-30 00:00:00-04:00,0.7409149502779067,0.762306294667631,0.7406087765076764,0.7438175082206726,465660000,0.0,0.0
2007-08-31 00:00:00-04:00,0.7594032896862111,0.7846148532007572,0.7552777283243169,0.7817122936248779,720834000,0.0,0.0
2007-09-04 00:00:00-04:00,0.7852263796731479,0.8092158703073851,0.7730028645528129,0.8058540225028992,683268000,0.0,0.0
2007-09-05 00:00:00-04:00,0.8023396945226425,0.8251061750074185,0.7991309621905237,0.7997415065765381,656274000,0.0,0.0
2007-09-06 00:00:00-04:00,0.8096739712702202,0.8170082086547134,0.799894605578534,0.8032564520835876,425496000,0.0,0.0
2007-09-07 00:00:00-04:00,0.7809473474119227,0.7890462264401654,0.7589445275120577,0.7739192843437195,602304000,0.0,0.0
2007-09-10 00:00:00-04:00,0.7907269635232715,0.804478723497156,0.7696409097054606,0.7760583758354187,872112000,0.0,0.0
2007-09-11 00:00:00-04:00,0.7854552809110475,0.7985194446082405,0.7772042157747612,0.792560338973999,405424000,0.0,1.5
2007-09-12 00:00:00-04:00,0.8010408281250986,0.8049372096478171,0.75359725741862,0.7613899111747742,554452000,0.0,0.0
2007-09-13 00:00:00-04:00,0.7758290839951782,0.7767458569318864,0.7561182199551235,0.7616189122200012,452864000,0.0,0.0
2007-09-14 00:00:00-04:00,0.754055745905279,0.7549725192140689,0.7368660141257009,0.7391579747200012,487308000,0.0,0.0
2007-09-17 00:00:00-04:00,0.740303671891002,0.748096323714822,0.7295314670796105,0.7375532984733582,374828000,0.0,0.0
2007-09-18 00:00:00-04:00,0.7453459786317791,0.8136464060757962,0.7441999715333378,0.8021866083145142,844740000,0.0,0.0
2007-09-19 00:00:00-04:00,0.8095206617659152,0.8251059602625672,0.7797251417377098,0.7875178456306458,521360000,0.0,0.0
2007-09-20 00:00:00-04:00,0.787976642236717,0.7964568893218678,0.7742248813454499,0.782934308052063,324172000,0.0,0.0
2007-09-21 00:00:00-04:00,0.7907267756239501,0.8021865728790112,0.7829340697748095,0.7904975414276123,457532000,0.0,0.0
2007-09-24 00:00:00-04:00,0.7953108524526031,0.8228143713261842,0.7895809253649565,0.8106669783592224,456360000,0.0,0.0
2007-09-25 00:00:00-04:00,0.8058538416676592,0.8244186996550502,0.8035618818675628,0.8209807872772217,360748000,0.0,0.0
2007-09-26 00:00:00-04:00,0.8251064424063717,0.8422961713408048,0.8230437164641675,0.8404626250267029,518032000,0.0,0.0
2007-09-27 00:00:00-04:00,0.8484842960112979,0.8526098563951365,0.834044943957126,0.842983603477478,378280000,0.0,0.0
2007-09-28 00:00:00-04:00,0.8480259623696945,0.8510055156328342,0.8287734559548484,0.8306070566177368,404292000,0.0,0.0
2007-10-01 00:00:00-04:00,0.8377119724645874,0.8697994594529748,0.8367951996122618,0.8656738996505737,398200000,0.0,0.0
2007-10-02 00:00:00-04:00,0.8636114738988536,0.8652158953541437,0.8448174314629407,0.8574231863021851,284960000,0.0,0.0
2007-10-03 00:00:00-04:00,0.8422960188825811,0.8422960188825811,0.8074582080632634,0.8209807872772217,467196000,0.0,0.0
2007-10-04 00:00:00-04:00,0.8200639840114168,0.8294610024515081,0.7964567388328488,0.8246479034423828,378976000,0.0,0.0
2007-10-05 00:00:00-04:00,0.837712296128354,0.8510056988793812,0.8287736344141782,0.8464217782020569,344840000,0.0,0.0
2007-10-08 00:00:00-04:00,0.852380692161816,0.8615485314315008,0.8422960252494568,0.8601733446121216,252484000,0.0,0.0
2007-10-09 00:00:00-04:00,0.8601732861143894,0.8640696120745651,0.8324405359583692,0.84504634141922,403008000,0.0,0.0
2007-10-10 00:00:00-04:00,0.8507762793348835,0.8507762793348835,0.8255647210995014,0.845963180065155,389136000,0.0,0.0
2007-10-11 00:00:00-04:00,0.8381705337330185,0.8487135600019198,0.7992071615276094,0.8083750009536743,529104000,0.0,0.0
2007-10-12 00:00:00-04:00,0.8173138695542497,0.8280860781669617,0.8047080598011873,0.8280860781669617,409952000,0.0,0.0
2007-10-15 00:00:00-04:00,0.8308362599776768,0.8448172536842201,0.8269399335939422,0.8340449929237366,355900000,0.0,0.0
2007-10-16 00:00:00-04:00,0.8331279825103654,0.8565059887964566,0.8301484300109312,0.8416082262992859,276360000,0.0,0.0
2007-10-17 00:00:00-04:00,0.8743834017072071,0.9087627944221028,0.8734666288304016,0.9062416553497314,717944000,0.0,0.0
2007-10-18 00:00:00-04:00,0.9032622155756869,0.9092213219877469,0.8805717971503659,0.9055541753768921,340620000,0.0,0.0
2007-10-19 00:00:00-04:00,0.9034913137996564,0.9039497275764684,0.8567352943499189,0.8569645285606384,505768000,0.0,0.0
2007-10-22 00:00:00-04:00,0.8514640238706145,0.8993660640576052,0.8445881431315301,0.8975324630737305,537656000,0.0,0.0
2007-10-23 00:00:00-04:00,0.9092214127703893,0.9092214127703893,0.8773631519593094,0.9018871188163757,294292000,0.0,0.0
2007-10-24 00:00:00-04:00,0.8824052570818501,0.8824052570818501,0.828544179683712,0.8714038729667664,565500000,0.0,0.0
2007-10-25 00:00:00-04:00,0.8445878937728725,0.8526097795890535,0.769869946227867,0.7953107357025146,806192000,0.0,0.0
2007-10-26 00:00:00-04:00,0.8205224834053593,0.8260232313783695,0.7769752413684102,0.7884350419044495,616580000,0.0,0.0
2007-10-29 00:00:00-04:00,0.7613896199495257,0.7735370098356359,0.7462626774766623,0.769869863986969,813896000,0.0,0.0
2007-10-30 00:00:00-04:00,0.7760582543437934,0.8143340294592201,0.7632232694485526,0.7980611324310303,525212000,0.0,0.0
2007-10-31 00:00:00-04:00,0.8028743307775914,0.8113545770204259,0.7778919512464852,0.8108962178230286,455188000,0.0,0.0
2007-11-01 00:00:00-04:00,0.7982904109358087,0.8271691168679667,0.7872889705287492,0.8108962178230286,587236000,0.0,0.0
2007-11-02 00:00:00-04:00,0.8221268417334788,0.8480260507931109,0.8106670413128906,0.8420669436454773,491844000,0.0,0.0
2007-11-05 00:00:00-05:00,0.8349618291334654,0.8622362251724959,0.829690315475531,0.8420669436454773,436636000,0.0,0.0
2007-11-06 00:00:00-05:00,0.8500886205519342,0.8755293547862893,0.8461922401945496,0.8686534762382507,554620000,0.0,0.0
2007-11-07 00:00:00-05:00,0.8681951492896206,0.8716330613687066,0.8205223021588098,0.8273981809616089,546768000,0.0,0.0
2007-11-08 00:00:00-05:00,0.8193765532255036,0.8342743216547006,0.7519928258586622,0.7756000757217407,996824000,0.0,0.0
2007-11-09 00:00:00-05:00,0.7918730112365782,0.7976029392357007,0.7483257660928907,0.7645986676216125,871056000,0.0,0.0
2007-11-12 00:00:00-05:00,0.7643693116169065,0.7698700040684737,0.6882761716842651,0.6882761716842651,715732000,0.0,0.0
2007-11-13 00:00:00-05:00,0.6995068962875893,0.7497008385964465,0.6882762754656232,0.7490132451057434,726696000,0.0,0.0
2007-11-14 00:00:00-05:00,0.7680363593148013,0.7753705967583675,0.733427733414146,0.737324059009552,666720000,0.0,0.0
2007-11-15 00:00:00-05:00,0.7325111823966747,0.7393870628198983,0.7105082994687909,0.7274688482284546,496436000,0.0,0.0
2007-11-16 00:00:00-05:00,0.7334278398224083,0.7458044117028192,0.7274687334667642,0.7437416315078735,423592000,0.0,0.0
2007-11-19 00:00:00-05:00,0.7331985740150506,0.7368657204332474,0.689651340079958,0.6935476660728455,568412000,0.0,0.0
2007-11-20 00:00:00-05:00,0.7066118496192431,0.7077578568124945,0.6671901202011882,0.6882761716842651,622628000,0.0,0.0
2007-11-21 00:00:00-05:00,0.6738367619487182,0.697214771164986,0.6717739819648818,0.6809418201446533,648452000,0.0,0.0
2007-11-23 00:00:00-05:00,0.6857551260755833,0.6956105597769218,0.6770456450794693,0.6926310062408447,141976000,0.0,0.0
2007-11-26 00:00:00-05:00,0.6921724020691241,0.7063825723616376,0.6752119132534494,0.6765870451927185,385896000,0.0,0.0
2007-11-27 00:00:00-05:00,0.6862135230257558,0.7077579924437348,0.6809420091447796,0.7056952118873596,458856000,0.0,0.0
2007-11-28 00:00:00-05:00,0.7279271626138146,0.7629941534433955,0.72448919554982,0.7529095411300659,574548000,0.0,0.0
2007-11-29 00:00:00-05:00,0.7517635213753024,0.7815590532849835,0.748554788598762,0.7590978145599365,489084000,0.0,0.0
2007-11-30 00:00:00-05:00,0.7838509665683432,0.7838509665683432,0.7205928145544328,0.7228847742080688,652656000,0.0,0.0
2007-12-03 00:00:00-05:00,0.7334278225898743,0.7469504013646293,0.7221972035407744,0.7334278225898743,490688000,0.0,0.0
2007-12-04 00:00:00-05:00,0.7366365494460551,0.7391576887309308,0.7185300513633106,0.7327402234077454,371712000,0.0,0.0
2007-12-05 00:00:00-05:00,0.7607020916710513,0.7849968735186683,0.7513050740298505,0.770786702632904,666704000,0.0,0.0
2007-12-06 00:00:00-05:00,0.7689532787078294,0.7888933242321762,0.7620773990565154,0.786372184753418,371152000,0.0,0.0
2007-12-07 00:00:00-05:00,0.7895810223685099,0.7904977955146654,0.7684949667837279,0.776516854763031,320292000,0.0,0.0
2007-12-10 00:00:00-05:00,0.7790377615454235,0.7941647051883662,0.7767458020432996,0.7849968671798706,336360000,0.0,0.0
2007-12-11 00:00:00-05:00,0.8017283657154616,0.8163969536973515,0.7840802788596778,0.7859138250350952,582436000,0.0,0.0
2007-12-12 00:00:00-05:00,0.8191473022384277,0.8271691899930319,0.7971444741238057,0.8129590153694153,617504000,0.0,0.0
2007-12-13 00:00:00-05:00,0.8031035932307481,0.8083751070571124,0.7673490038471926,0.7907270193099976,500364000,0.0,0.0
2007-12-14 00:00:00-05:00,0.7870596177282414,0.8125004055028324,0.7817881056057866,0.8037909269332886,354016000,0.0,0.0
2007-12-17 00:00:00-05:00,0.795310904593011,0.802874378243569,0.7609314491024907,0.7627650499343872,507408000,0.0,0.0
2007-12-18 00:00:00-05:00,0.7744540602609191,0.790727015551999,0.7666614066918995,0.7822467684745789,396896000,0.0,0.0
2007-12-19 00:00:00-05:00,0.7794961518098499,0.7969150544299144,0.7762874195325119,0.789580762386322,253536000,0.0,0.0
2007-12-20 00:00:00-05:00,0.8021866973413379,0.8079166241802003,0.7854553852885594,0.8060830235481262,279940000,0.0,0.0
2007-12-21 00:00:00-05:00,0.8157094573193558,0.8228145179006547,0.7985197276389077,0.8058540225028992,433408000,0.0,0.0
2007-12-24 00:00:00-05:00,0.8118130010924651,0.8239603942907273,0.8058538942941273,0.8200640678405762,104008000,0.0,0.0
2007-12-26 00:00:00-05:00,0.8216684562890151,0.8310654759407043,0.8136465689282134,0.8310654759407043,215340000,0.0,0.0
2007-12-27 00:00:00-05:00,0.8296900248629929,0.8342739980702552,0.8033325204501075,0.805395245552063,241368000,0.0,0.0
2007-12-28 00:00:00-05:00,0.8040204183018931,0.8136466734424357,0.7904978361066329,0.7973737716674805,262064000,0.0,0.0
2007-12-31 00:00:00-05:00,0.7909559305401987,0.8053952800963037,0.7794961336420695,0.7797253131866455,276236000,0.0,0.0
2008-01-02 00:00:00-05:00,0.7820175787918082,0.7849971326165295,0.7462629875397965,0.7565768361091614,483964000,0.0,0.0
2008-01-03 00:00:00-05:00,0.7609312949620736,0.7760582391989528,0.7478671307514851,0.750617504119873,475308000,0.0,0.0
2008-01-04 00:00:00-05:00,0.728156371892851,0.7318235186957576,0.6830047122643066,0.687588632106781,736092000,0.0,0.0
2008-01-07 00:00:00-05:00,0.6921725401254006,0.6979024671529311,0.6039320026981615,0.6165378093719482,1006800000,0.0,0.0
2008-01-08 00:00:00-05:00,0.6199757023542662,0.6713156458123678,0.6055363500872541,0.6296019554138184,1106956000,0.0,0.0
2008-01-09 00:00:00-05:00,0.638082156743124,0.6623769946074828,0.6286851385712012,0.6621477603912354,741036000,0.0,0.0
2008-01-10 00:00:00-05:00,0.6440412753535663,0.6587098611165328,0.6355610299469553,0.6483960151672363,554432000,0.0,0.0
2008-01-11 00:00:00-05:00,0.6330397841057037,0.6463331262402915,0.6153916482459323,0.6199755668640137,572612000,0.0,0.0
2008-01-14 00:00:00-05:00,0.6291436053251944,0.6621478736471471,0.6190589920688812,0.6612311005592346,539188000,0.0,0.0
2008-01-15 00:00:00-05:00,0.6360195271593899,0.6435830006089419,0.6018692521886905,0.6126415133476257,725692000,0.0,0.0
2008-01-16 00:00:00-05:00,0.5741364306138682,0.5812414886964107,0.5308183248677668,0.543424129486084,1464472000,0.0,0.0
2008-01-17 00:00:00-05:00,0.551904417979415,0.566572949067525,0.532651912866352,0.534027099609375,1133900000,0.0,0.0
2008-01-18 00:00:00-05:00,0.5356314459466164,0.5723028542658305,0.5161498166293058,0.5693233013153076,920428000,0.0,0.0
2008-01-22 00:00:00-05:00,0.515003879318019,0.5541964321218721,0.511795146365446,0.5409030318260193,709092000,0.0,0.0
2008-01-23 00:00:00-05:00,0.5189001693938452,0.5670313788924645,0.5138578907197298,0.5507584810256958,929880000,0.0,0.0
2008-01-24 00:00:00-05:00,0.5615307108013031,0.5931597895803222,0.5562591976714666,0.5929305553436279,597092000,0.0,0.0
2008-01-25 00:00:00-05:00,0.6156209813099962,0.6293727393730674,0.5690941397541803,0.5718444585800171,688012000,0.0,0.0
2008-01-28 00:00:00-05:00,0.5697819199333322,0.5755117936825889,0.5528213690457372,0.5649687647819519,577608000,0.0,0.0
2008-01-29 00:00:00-05:00,0.5750534450548221,0.5846797008915684,0.5601556746699347,0.5823876857757568,414484000,0.0,0.0
2008-01-30 00:00:00-05:00,0.5729906302162936,0.5860547986617817,0.5608432349759084,0.5773453712463379,530476000,0.0,0.0
2008-01-31 00:00:00-05:00,0.564739578901688,0.5741366548066541,0.5461746613833429,0.5635936260223389,588708000,0.0,0.0
2008-02-01 00:00:00-05:00,0.5624477573653505,0.6188300627818641,0.557634655723377,0.6156213283538818,593104000,0.0,0.0
2008-02-04 00:00:00-05:00,0.6289142789032961,0.6323522454862209,0.5931596996640031,0.5963684320449829,565128000,0.0,0.0
2008-02-05 00:00:00-05:00,0.584450096975284,0.5846793311286818,0.5587801340745898,0.559009313583374,494928000,0.0,0.0
2008-02-06 00:00:00-05:00,0.5649684655059222,0.5805538209515082,0.5468619713177368,0.5571758151054382,557380000,0.0,0.0
2008-02-07 00:00:00-05:00,0.5411321989589228,0.5784911464105449,0.5294431665890015,0.5626766085624695,664128000,0.0,0.0
2008-02-08 00:00:00-05:00,0.5574051179121797,0.5771159824454349,0.5500708795903703,0.5727612972259521,393932000,0.0,0.0
2008-02-11 00:00:00-05:00,0.5775744084739319,0.5869714817819724,0.5706985291640794,0.5745948553085327,503732000,0.0,0.0
2008-02-12 00:00:00-05:00,0.5833044962482341,0.6041613195191348,0.5800957079687794,0.5959102511405945,609688000,0.0,0.0
2008-02-13 00:00:00-05:00,0.6004939374654822,0.6211216276794701,0.5940764727017526,0.6192880272865295,742312000,0.0,0.0
2008-02-14 00:00:00-05:00,0.6011817808456138,0.6016401947956839,0.5168376030920089,0.5182127356529236,2184296000,0.0,0.0
2008-02-15 00:00:00-05:00,0.5161499522343471,0.5301308931025255,0.5021689567215271,0.510420024394989,817364000,0.0,0.0
2008-02-19 00:00:00-05:00,0.5198171088967272,0.5207339368081297,0.4985018708826125,0.5028566122055054,558608000,0.0,0.0
2008-02-20 00:00:00-05:00,0.48818801941818807,0.5065237012065977,0.4861252388235993,0.4991894066333771,759016000,0.0,0.0
2008-02-21 00:00:00-05:00,0.5042316216497216,0.5067527609055731,0.4849791166125469,0.4879586696624756,644272000,0.0,0.0
2008-02-22 00:00:00-05:00,0.49185488988883425,0.5124825772278913,0.48818779890329445,0.5115658044815063,723052000,0.0,0.0
2008-02-25 00:00:00-05:00,0.5111076238063516,0.5170667313416113,0.4978142216669809,0.5113368034362793,671784000,0.0,0.0
2008-02-26 00:00:00-05:00,0.5083572245419721,0.5234841722623665,0.5005645710631749,0.5156915187835693,565420000,0.0,0.0
2008-02-27 00:00:00-05:00,0.5131703823521649,0.5278389162852507,0.5099615944478874,0.5237134099006653,537816000,0.0,0.0
2008-02-28 00:00:00-05:00,0.5191293305133325,0.520046103357281,0.5040023326873779,0.5040023326873779,503608000,0.0,0.0
2008-02-29 00:00:00-05:00,0.49575145449073127,0.5023981003631609,0.48818798088553267,0.49025070667266846,540576000,0.0,0.0
2008-03-03 00:00:00-05:00,0.4895630718422422,0.4930010389381279,0.4781032725970116,0.4845207929611206,449028000,0.0,0.0
2008-03-04 00:00:00-05:00,0.4813119948831645,0.48222882251834837,0.46091353628138265,0.47970762848854065,778888000,0.0,0.0
2008-03-05 00:00:00-05:00,0.4842915347310258,0.4966681610183885,0.4792492560997211,0.4852083623409271,644656000,0.0,0.0
2008-03-06 00:00:00-05:00,0.479249159711207,0.482457891766617,0.4540375530468209,0.45472514629364014,1075284000,0.0,0.0
2008-03-07 00:00:00-05:00,0.44647414935562896,0.46572665388280055,0.4354727377131836,0.44807854294776917,767500000,0.0,0.0
2008-03-10 00:00:00-04:00,0.4425778000339834,0.44807851922513825,0.4217209576635235,0.4224085509777069,776100000,0.0,0.0
2008-03-11 00:00:00-04:00,0.4354727354287679,0.4407442479925272,0.41805383147607994,0.4363895356655121,857940000,0.0,0.0
2008-03-12 00:00:00-04:00,0.4405152177530119,0.44441154494360724,0.42080432018792696,0.4244714677333832,743320000,0.0,0.0
2008-03-13 00:00:00-04:00,0.417824706622169,0.4579340622887033,0.415303566951327,0.4515165686607361,1220528000,0.0,0.0
2008-03-14 00:00:00-04:00,0.4538085244520243,0.4542669109949291,0.41667872267499306,0.4198874831199646,1154972000,0.0,0.0
2008-03-17 00:00:00-04:00,0.40155175462467313,0.42355460808559925,0.39673862786862824,0.4093444347381592,800952000,0.0,0.0
2008-03-18 00:00:00-04:00,0.41897070534705866,0.4354728403617245,0.40705251797604913,0.43478524684906006,1075256000,0.0,0.0
2008-03-19 00:00:00-04:00,0.4247004262636485,0.43065950338622716,0.40476036071777344,0.40476036071777344,880476000,0.0,0.0
2008-03-20 00:00:00-04:00,0.4095736979064192,0.42538824095858574,0.4022394301378297,0.4244714677333832,633460000,0.0,0.0
2008-03-24 00:00:00-04:00,0.4338684807581737,0.4616012100814637,0.4322641140841211,0.4590800702571869,887440000,0.0,0.0
2008-03-25 00:00:00-04:00,0.46114272465914224,0.47443606831191204,0.45678798508124074,0.4657266438007355,735388000,0.0,0.0
2008-03-26 00:00:00-04:00,0.45953841999909956,0.46274715289923807,0.4457866334093598,0.4508289396762848,721652000,0.0,0.0
2008-03-27 00:00:00-04:00,0.44395298074871764,0.45655875782568733,0.43707707502078574,0.44441136717796326,601308000,0.0,0.0
2008-03-28 00:00:00-04:00,0.4524331893067609,0.4627470334165798,0.44784927073453473,0.451058030128479,561788000,0.0,0.0
2008-03-31 00:00:00-04:00,0.45587132648998735,0.46435160139444376,0.4478494654999613,0.4535793662071228,569992000,0.0,0.0
2008-04-01 00:00:00-04:00,0.46710188839759537,0.48245801396178817,0.4604551884246378,0.48131200671195984,676872000,0.0,0.0
2008-04-02 00:00:00-04:00,0.4826873250105225,0.4826873250105225,0.4629764539602733,0.4666436016559601,616536000,0.0,0.0
2008-04-03 00:00:00-04:00,0.46274705823065865,0.46343465151782565,0.4444113556362209,0.4579339325428009,841984000,0.0,0.0
2008-04-04 00:00:00-04:00,0.4487662127031546,0.45105820017564785,0.4292845514266835,0.43043053150177,1535528000,0.0,0.0
2008-04-07 00:00:00-04:00,0.4409734579041373,0.44739095031606846,0.4373063115766584,0.4407442510128021,729496000,0.0,0.0
2008-04-08 00:00:00-04:00,0.4354728364514189,0.45243335788145816,0.4354728364514189,0.4382231831550598,639476000,0.0,0.0
2008-04-09 00:00:00-04:00,0.4432654966697436,0.45151656371857624,0.4391399631453273,0.4469326436519623,675232000,0.0,0.0
2008-04-10 00:00:00-04:00,0.45174566153291623,0.4700813931240394,0.4421194366004689,0.4556420147418976,1092184000,0.0,0.0
2008-04-11 00:00:00-04:00,0.44693271513144583,0.4496830621468229,0.42195030305716674,0.42470067739486694,1106280000,0.0,0.0
2008-04-14 00:00:00-04:00,0.4230961725391409,0.424012972852569,0.40796922692957843,0.41049039363861084,780004000,0.0,0.0
2008-04-15 00:00:00-04:00,0.4125531546368523,0.41690789473600004,0.40361452216974986,0.4153035283088684,439916000,0.0,0.0
2008-04-16 00:00:00-04:00,0.4311180743526575,0.4373063605665048,0.42355460128136996,0.43180564045906067,646836000,0.0,0.0
2008-04-17 00:00:00-04:00,0.41186552350706473,0.42745085345750683,0.41163631662981665,0.42584648728370667,596968000,0.0,0.0
2008-04-18 00:00:00-04:00,0.438910819290119,0.4428071737645515,0.4299721848045542,0.4359312653541565,573540000,0.0,0.0
2008-04-21 00:00:00-04:00,0.4324932383193369,0.4583924180251646,0.4324932383193369,0.4554128646850586,679892000,0.0,0.0
2008-04-22 00:00:00-04:00,0.44716182326190174,0.4519749502607739,0.4373063896542179,0.4469326436519623,587668000,0.0,0.0
2008-04-23 00:00:00-04:00,0.4531209431370712,0.47351940440580614,0.4471618359524251,0.4684770703315735,1020496000,0.0,0.0
2008-04-24 00:00:00-04:00,0.4712273886450596,0.4735193484726815,0.45037054328477333,0.45724642276763916,655764000,0.0,0.0
2008-04-25 00:00:00-04:00,0.46160111355331235,0.46297630031339587,0.4471617618616957,0.46183034777641296,552208000,0.0,0.0
2008-04-28 00:00:00-04:00,0.4597676808287146,0.46664356167730836,0.45174579251636676,0.4535793662071228,535700000,0.0,0.0
2008-04-29 00:00:00-04:00,0.4485370125324726,0.46870629371675415,0.4485370125324726,0.4629763662815094,573408000,0.0,0.0
2008-04-30 00:00:00-04:00,0.4684770037926162,0.4760404765073867,0.4652682710395939,0.47099819779396057,1068320000,0.0,0.0
2008-05-01 00:00:00-04:00,0.47672791720788354,0.49391763732049,0.474435958169177,0.4927716851234436,1014624000,0.0,0.0
2008-05-02 00:00:00-04:00,0.5062942116897973,0.516149640083313,0.4987307421169919,0.516149640083313,1131016000,0.0,0.0
2008-05-05 00:00:00-04:00,0.5127116889361728,0.515003647821283,0.5021686671357442,0.5033146739006042,943392000,0.0,0.0
2008-05-06 00:00:00-04:00,0.5019396477109922,0.5175249512421071,0.49414694130080716,0.5163789987564087,729036000,0.0,0.0
2008-05-07 00:00:00-04:00,0.5177541496507876,0.5246300280233743,0.5001060126476533,0.5044607520103455,715632000,0.0,0.0
2008-05-08 00:00:00-04:00,0.5083573066564475,0.5099616735350789,0.48154137438630507,0.5030857920646667,1360000000,0.0,0.0
2008-05-09 00:00:00-04:00,0.5044607868952308,0.5370066353006283,0.5035440139777465,0.5163789987564087,2030352000,0.0,0.0
2008-05-12 00:00:00-04:00,0.523025513072689,0.523025513072689,0.4966679594872219,0.5017102360725403,1006652000,0.0,0.0
2008-05-13 00:00:00-04:00,0.504231590314081,0.504231590314081,0.4877294597776414,0.49139660596847534,854108000,0.0,0.0
2008-05-14 00:00:00-04:00,0.49758488520673494,0.5189001141218009,0.49139659999199,0.5058359503746033,751148000,0.0,0.0
2008-05-15 00:00:00-04:00,0.5046899538982259,0.5473204672684648,0.5023979943392641,0.5450285077095032,1165464000,0.0,0.0
2008-05-16 00:00:00-04:00,0.5541964578107827,0.5606139786580381,0.5415906503696781,0.5594679713249207,1091556000,0.0,0.0
2008-05-19 00:00:00-04:00,0.5596970618669613,0.5800955192064856,0.5438825238411755,0.5477789044380188,1158532000,0.0,0.0
2008-05-20 00:00:00-04:00,0.5328815036872763,0.5390697935274117,0.5273808076787855,0.5335690975189209,771404000,0.0,0.0
2008-05-21 00:00:00-04:00,0.5349439513501479,0.5555715894927992,0.5280680173246324,0.5292140245437622,1066660000,0.0,0.0
2008-05-22 00:00:00-04:00,0.5367775369521647,0.5464037906538657,0.5282972905541921,0.5420490503311157,693108000,0.0,0.0
2008-05-23 00:00:00-04:00,0.5411323647424616,0.5454871057691032,0.5218798542271227,0.5296725630760193,802672000,0.0,0.0
2008-05-27 00:00:00-04:00,0.5305890807755751,0.5360897719976842,0.5205044164496537,0.5354021787643433,832856000,0.0,0.0
2008-05-28 00:00:00-04:00,0.5500708042681395,0.5514459361969962,0.5342562679623727,0.540444552898407,751736000,0.0,0.0
2008-05-29 00:00:00-04:00,0.5406738999660258,0.5415906730841871,0.5292140993774103,0.5390695333480835,693460000,0.0,0.0
2008-05-30 00:00:00-04:00,0.5544254547536034,0.5679480308191512,0.5528210887315377,0.5661144852638245,830244000,0.0,0.0
2008-06-02 00:00:00-04:00,0.5661147407869778,0.5727614420531951,0.5599264534388129,0.5684067010879517,734660000,0.0,0.0
2008-06-03 00:00:00-04:00,0.5702402179418281,0.5711570457304562,0.5425075161295347,0.5491541624069214,840696000,0.0,0.0
2008-06-04 00:00:00-04:00,0.5370064717891107,0.5567173294141451,0.5340269197310512,0.5555713772773743,831724000,0.0,0.0
2008-06-05 00:00:00-04:00,0.574824294513945,0.5810126378679719,0.5631353108012064,0.5695527791976929,827860000,0.0,0.0
2008-06-06 00:00:00-04:00,0.5626765789942216,0.5633641723118861,0.5482372286125176,0.5514459609985352,784876000,0.0,0.0
2008-06-09 00:00:00-04:00,0.5482372826261339,0.5558007552209892,0.5319643848904976,0.5429657697677612,637916000,0.0,0.0
2008-06-10 00:00:00-04:00,0.5282974140405305,0.5289850076545612,0.5074405352524481,0.5108785033226013,1225208000,0.0,0.0
2008-06-11 00:00:00-04:00,0.5108782834612986,0.5232548538981786,0.48635426750074456,0.4870418608188629,999428000,0.0,0.0
2008-06-12 00:00:00-04:00,0.4980433234104235,0.5076695210415304,0.48589587729781314,0.4900214374065399,825992000,0.0,0.0
2008-06-13 00:00:00-04:00,0.4907089888081685,0.4964388600542823,0.4739776795239041,0.48841702938079834,705748000,0.0,0.0
2008-06-16 00:00:00-04:00,0.48314558300515914,0.48772950248391944,0.47787407014012173,0.481770396232605,630496000,0.0,0.0
2008-06-17 00:00:00-04:00,0.48864627627975654,0.4888754558606942,0.4689354115587207,0.4700814187526703,687912000,0.0,0.0
2008-06-18 00:00:00-04:00,0.46526827600685206,0.48131199458787954,0.4487661436085139,0.4563296437263489,1065272000,0.0,0.0
2008-06-19 00:00:00-04:00,0.4588507990572479,0.4652682644727153,0.44418221300252725,0.45518362522125244,784928000,0.0,0.0
2008-06-20 00:00:00-04:00,0.44509908379957286,0.457934071308309,0.4448698768602913,0.4528917372226715,741008000,0.0,0.0
2008-06-23 00:00:00-04:00,0.45632963068834465,0.4567880171702426,0.4395982918593899,0.44349461793899536,776616000,0.0,0.0
2008-06-24 00:00:00-04:00,0.44097347419100574,0.46870622491808345,0.44097347419100574,0.45816317200660706,1078928000,0.0,0.0
2008-06-25 00:00:00-04:00,0.4652682786946994,0.46870624573281094,0.45335009314440533,0.4606843590736389,900976000,0.0,0.0
2008-06-26 00:00:00-04:00,0.446932533749503,0.45037047295406074,0.4370770752429962,0.4370770752429962,845532000,0.0,0.0
2008-06-27 00:00:00-04:00,0.4389106866798409,0.4444114062817324,0.42882607505984477,0.44189023971557617,584140000,0.0,0.0
2008-06-30 00:00:00-04:00,0.43684798349183157,0.44074430990899366,0.4260757499612479,0.4290553033351898,653940000,0.0,0.0
2008-07-01 00:00:00-04:00,0.4240129438049678,0.43020122937682764,0.4162202646250989,0.42974284291267395,881464000,0.0,0.0
2008-07-02 00:00:00-04:00,0.4276800791257199,0.4304304251619781,0.41255310762051645,0.4132407009601593,763196000,0.0,0.0
2008-07-03 00:00:00-04:00,0.29749667877820163,0.30093461868679827,0.2842033056671645,0.2862660586833954,2987520000,0.0,0.0
2008-07-07 00:00:00-04:00,0.29062085353950484,0.29245442729956445,0.26953479628230376,0.2773274779319763,2202692000,0.0,0.0
2008-07-08 00:00:00-04:00,0.27916094708759,0.28603682561960975,0.27045146816025656,0.2757229804992676,1805288000,0.0,0.0
2008-07-09 00:00:00-04:00,0.2764106282152178,0.28053616161080713,0.2709099352359772,0.2709099352359772,1413168000,0.0,0.0
2008-07-10 00:00:00-04:00,0.27228502898711116,0.2754937885511258,0.26517994389465355,0.2702222764492035,1056992000,0.0,0.0
2008-07-11 00:00:00-04:00,0.26472147760129633,0.27411851926590874,0.2594499670899846,0.2674718499183655,807760000,0.0,0.0
2008-07-14 00:00:00-04:00,0.2695346514297148,0.27159740372477126,0.2534909101431198,0.25532448291778564,882316000,0.0,0.0
2008-07-15 00:00:00-04:00,0.2530324887782501,0.2633463307937514,0.2452398397167563,0.2580748200416565,1122484000,0.0,0.0
2008-07-16 00:00:00-04:00,0.2589917212855138,0.2663259876903501,0.25188663448320237,0.25945010781288147,1034392000,0.0,0.0
2008-07-17 00:00:00-04:00,0.26357564977472664,0.26357564977472664,0.25028227611488574,0.26036691665649414,862080000,0.0,0.0
2008-07-18 00:00:00-04:00,0.2585332607453955,0.2665551183059496,0.251198969117898,0.2649507522583008,899720000,0.0,0.0
2008-07-21 00:00:00-04:00,0.2690763870117312,0.2729727138472643,0.2642632597122182,0.26655521988868713,571636000,0.0,0.0
2008-07-22 00:00:00-04:00,0.26403406950096986,0.2651800496618402,0.2557830287360965,0.26082533597946167,555924000,0.0,0.0
2008-07-23 00:00:00-04:00,0.2626588513879659,0.2713683041414443,0.26151287148151653,0.2686179578304291,594876000,0.0,0.0
2008-07-24 00:00:00-04:00,0.26586751765470706,0.2683886837468145,0.2521157622191593,0.25280335545539856,705628000,0.0,0.0
2008-07-25 00:00:00-04:00,0.25532450132778783,0.2658675250505829,0.25005298946639026,0.2649507522583008,1039600000,0.0,0.0
2008-07-28 00:00:00-04:00,0.26151298439160886,0.27297278840395445,0.26036700399037427,0.2642633318901062,734808000,0.0,0.0
2008-07-29 00:00:00-04:00,0.2647215901145256,0.2736602492995457,0.2617420370528523,0.2670135498046875,764636000,0.0,0.0
2008-07-30 00:00:00-04:00,0.27228509358576714,0.2727435074338915,0.2571581469779265,0.263117253780365,588492000,0.0,0.0
2008-07-31 00:00:00-04:00,0.26242962450721224,0.2679303440329616,0.2594500715127206,0.2622004449367523,487236000,0.0,0.0
2008-08-01 00:00:00-04:00,0.25532448785192813,0.2562412879181323,0.2452398783798433,0.24844861030578613,881060000,0.0,0.0
2008-08-04 00:00:00-04:00,0.24844862181333502,0.24982380831518222,0.24180192348415327,0.2424895167350769,522052000,0.0,0.0
2008-08-05 00:00:00-04:00,0.247073514023283,0.25647056102752686,0.2443231674657029,0.25647056102752686,685844000,0.0,0.0
2008-08-06 00:00:00-04:00,0.25715820785503196,0.26563848354042024,0.24890713914796606,0.26334652304649353,814864000,0.0,0.0
2008-08-07 00:00:00-04:00,0.26105444135744105,0.27274344537875,0.25624131562576996,0.2592208683490753,819232000,0.0,0.0
2008-08-08 00:00:00-04:00,0.2612836547861718,0.2635756145132362,0.2511990155936996,0.25211581587791443,853764000,0.0,0.0
2008-08-11 00:00:00-04:00,0.2539494591350635,0.2635756871781145,0.25303265859809704,0.2573873996734619,1196436000,0.0,0.0
2008-08-12 00:00:00-04:00,0.2594500327365344,0.26013762598977785,0.25005298869426373,0.25372013449668884,1410868000,0.0,0.0
2008-08-13 00:00:00-04:00,0.27388944630079093,0.2851200374478529,0.267242747046104,0.2809945046901703,2095260000,0.0,0.0
2008-08-14 00:00:00-04:00,0.27893184876367383,0.30918574793677284,0.27893184876367383,0.29795512557029724,1635304000,0.0,0.0
2008-08-15 00:00:00-04:00,0.303226512337915,0.30666447881725994,0.2949754474321104,0.2970382273197174,777652000,0.0,0.0
2008-08-18 00:00:00-04:00,0.29910099756001185,0.3057476967164416,0.2958922650860894,0.302997350692749,893968000,0.0,0.0
2008-08-19 00:00:00-04:00,0.2968090724016754,0.30941487883968155,0.2968090724016754,0.3075813055038452,1014140000,0.0,0.0
2008-08-20 00:00:00-04:00,0.3121652518059196,0.3236250519793732,0.30987329177122885,0.32270827889442444,1143692000,0.0,0.0
2008-08-21 00:00:00-04:00,0.316978205876935,0.3194993714685741,0.30574759144053787,0.3121650815010071,1021560000,0.0,0.0
2008-08-22 00:00:00-04:00,0.3144571575808716,0.3181243039325364,0.30528931902402384,0.31193599104881287,459264000,0.0,0.0
2008-08-25 00:00:00-04:00,0.31010249955168945,0.31743676621829364,0.3064353525572279,0.30735212564468384,471600000,0.0,0.0
2008-08-26 00:00:00-04:00,0.30895646281976197,0.30918564238839874,0.29680904404565456,0.3000178039073944,613112000,0.0,0.0
2008-08-27 00:00:00-04:00,0.29314197119111957,0.3059769580138503,0.29039159735602144,0.3023098111152649,454620000,0.0,0.0
2008-08-28 00:00:00-04:00,0.30276812896616856,0.30597688860512556,0.298184210043926,0.30116376280784607,365192000,0.0,0.0
2008-08-29 00:00:00-04:00,0.2970381688765992,0.2979549415425057,0.28878710559421517,0.289703905582428,516004000,0.0,0.0
2008-09-02 00:00:00-04:00,0.294517094939893,0.29703826154110236,0.2784733770253622,0.2823697030544281,693928000,0.0,0.0
2008-09-03 00:00:00-04:00,0.2784733784574883,0.27961935831441975,0.2647215928519961,0.26724275946617126,714856000,0.0,0.0
2008-09-04 00:00:00-04:00,0.26426326663875965,0.267013613458147,0.26197130640221666,0.2635756731033325,716128000,0.0,0.0
2008-09-05 00:00:00-04:00,0.26128353952726296,0.2681594156753297,0.2610543600490426,0.2674718499183655,791100000,0.0,0.0
2008-09-08 00:00:00-04:00,0.26999314152930015,0.26999314152930015,0.25211584792155156,0.25647056102752686,1314840000,0.0,0.0
2008-09-09 00:00:00-04:00,0.25555371928812787,0.2711390486901132,0.24684426809387333,0.24776104092597961,1098296000,0.0,0.0
2008-09-10 00:00:00-04:00,0.2507405813706384,0.25578291366794986,0.24638586964729853,0.24799023568630219,644284000,0.0,0.0
2008-09-11 00:00:00-04:00,0.23378014805660646,0.24111444221181266,0.22827944110136156,0.2360721081495285,1066976000,0.0,0.0
2008-09-12 00:00:00-04:00,0.23400935233489034,0.2356137189172354,0.2202575782725118,0.23355096578598022,1209200000,0.0,0.0
2008-09-15 00:00:00-04:00,0.22529984496614072,0.22873779811739434,0.21040209351456565,0.2131524533033371,863984000,0.0,0.0
2008-09-16 00:00:00-04:00,0.20558898751411264,0.2214035260660565,0.20169264777110749,0.21979914605617523,1240840000,0.0,0.0
2008-09-17 00:00:00-04:00,0.2147568254563268,0.23423849675920394,0.21269405897379556,0.2291961908340454,1392580000,0.0,0.0
2008-09-18 00:00:00-04:00,0.2319465877374873,0.2617420979659742,0.23148820115724128,0.24959470331668854,1611060000,0.0,0.0
2008-09-19 00:00:00-04:00,0.26151296496391296,0.26357571860396284,0.24982395481076128,0.26151296496391296,1107344000,0.0,0.0
2008-09-22 00:00:00-04:00,0.25945002088680263,0.2670134916824181,0.2546368956562358,0.25601208209991455,700072000,0.0,0.0
2008-09-23 00:00:00-04:00,0.25394943812936815,0.2633464857526328,0.24776112381426588,0.24867792427539825,821468000,0.0,0.0
2008-09-24 00:00:00-04:00,0.24546915835082928,0.26288806619114286,0.24409399867226966,0.25784575939178467,866036000,0.0,0.0
2008-09-25 00:00:00-04:00,0.25784579620428044,0.2690764187886658,0.25349105496131824,0.262888103723526,588328000,0.0,0.0
2008-09-26 00:00:00-04:00,0.2564705325084452,0.26976393192356957,0.251657433398468,0.26793035864830017,646852000,0.0,0.0
2008-09-29 00:00:00-04:00,0.2608253045057176,0.26403403764002853,0.22919622309558438,0.2314881831407547,975240000,0.0,0.0
2008-09-30 00:00:00-04:00,0.235155446816138,0.24776123331903274,0.23263427858662608,0.24546927213668823,659044000,0.0,0.0
2008-10-01 00:00:00-04:00,0.24180198338249653,0.24615672350221385,0.23423851039335947,0.23859325051307678,557208000,0.0,0.0
2008-10-02 00:00:00-04:00,0.24019763643038652,0.24019763643038652,0.21269408860569683,0.2138400822877884,787728000,0.0,0.0
2008-10-03 00:00:00-04:00,0.21727799764932523,0.22346629725553718,0.20558899183575527,0.2069641649723053,915828000,0.0,0.0
2008-10-06 00:00:00-04:00,0.19710871493381502,0.1975671013848817,0.1675424063276271,0.17991900444030762,1677440000,0.0,0.0
2008-10-07 00:00:00-04:00,0.18633655615940975,0.1867949427566916,0.16456290590414066,0.16593807935714722,1059984000,0.0,0.0
2008-10-08 00:00:00-04:00,0.15997895438254486,0.17923143365015914,0.15837457427966448,0.16937600076198578,1219456000,0.0,0.0
2008-10-09 00:00:00-04:00,0.17556430895058292,0.1780854760482288,0.1567702274961724,0.15860378742218018,909636000,0.0,0.0
2008-10-10 00:00:00-04:00,0.14485193997525836,0.1680007346254961,0.14393515372931248,0.15608254075050354,1200252000,0.0,0.0
2008-10-13 00:00:00-04:00,0.16937599850722626,0.18473213760155777,0.1673132319230733,0.18450294435024261,916536000,0.0,0.0
2008-10-14 00:00:00-04:00,0.19137883720533494,0.1925248172030012,0.1753351035768481,0.18037742376327515,1209012000,0.0,0.0
2008-10-15 00:00:00-04:00,0.17923139372796323,0.18014818020238052,0.1608957052230835,0.1608957052230835,854064000,0.0,0.0
2008-10-16 00:00:00-04:00,0.1657088489020035,0.17739785478446368,0.1581453761146655,0.17648106813430786,1019820000,0.0,0.0
2008-10-17 00:00:00-04:00,0.17143873887046843,0.1854197026574148,0.168229992859347,0.17533506453037262,839416000,0.0,0.0
2008-10-20 00:00:00-04:00,0.18129418226881835,0.18266935531969195,0.17441828969213635,0.17877301573753357,595764000,0.0,0.0
2008-10-21 00:00:00-04:00,0.1753351213397276,0.17716869498621327,0.1641045134926141,0.16502130031585693,659116000,0.0,0.0
2008-10-22 00:00:00-04:00,0.16272932394660156,0.16960521818552968,0.15447826998551226,0.15883299708366394,600996000,0.0,0.0
2008-10-23 00:00:00-04:00,0.1583745243478206,0.16227086308825409,0.14347677625471547,0.14989426732063293,832192000,0.0,0.0
2008-10-24 00:00:00-04:00,0.1375177110193269,0.15929134062837894,0.1368301176828254,0.1514986753463745,798336000,0.0,0.0
2008-10-27 00:00:00-04:00,0.15058185190922765,0.16914673083690404,0.1457687270547022,0.15974970161914825,698936000,0.0,0.0
2008-10-28 00:00:00-04:00,0.16823005422460693,0.18404458317146102,0.1652505003428949,0.1838153898715973,849920000,0.0,0.0
2008-10-29 00:00:00-04:00,0.18266936736323833,0.2016926527426986,0.18175258071515907,0.18977445363998413,977284000,0.0,0.0
2008-10-30 00:00:00-04:00,0.2005467051442401,0.20169268522360012,0.18564895045140012,0.19779634475708008,657176000,0.0,0.0
2008-10-31 00:00:00-04:00,0.1916080654427019,0.20467224706567225,0.1911496651959608,0.2007759064435959,608672000,0.0,0.0
2008-11-03 00:00:00-05:00,0.20513054304484452,0.20879768875434798,0.19023279433758467,0.19344154000282288,723924000,0.0,0.0
2008-11-04 00:00:00-05:00,0.2000883205205564,0.20581822097301483,0.19481680663983053,0.20581822097301483,619560000,0.0,0.0
2008-11-05 00:00:00-05:00,0.19825469416040148,0.20398459308826877,0.19504594802856445,0.19504594802856445,787620000,0.0,0.0
2008-11-06 00:00:00-05:00,0.18358618739102417,0.19046206801005677,0.1741891396160846,0.17464753985404968,797936000,0.0,0.0
2008-11-07 00:00:00-05:00,0.19894231086863112,0.20788097125344474,0.18564893741692357,0.19985909759998322,1132068000,0.0,0.0
2008-11-10 00:00:00-05:00,0.20742251142045853,0.20856850475102973,0.18266933143545688,0.1870240569114685,576396000,0.0,0.0
2008-11-11 00:00:00-05:00,0.18427373526334198,0.18564890831421557,0.17693945622342114,0.17877301573753357,576484000,0.0,0.0
2008-11-12 00:00:00-05:00,0.17327234873262645,0.17739788247163663,0.16616727499202905,0.16823004186153412,646092000,0.0,0.0
2008-11-13 00:00:00-05:00,0.16043737448333012,0.182211025091371,0.15722862726688674,0.18198183178901672,797228000,0.0,0.0
2008-11-14 00:00:00-05:00,0.17464751962781297,0.1755642926752492,0.1636460927858308,0.16433368623256683,741024000,0.0,0.0
2008-11-17 00:00:00-05:00,0.16272926451076272,0.16708399001837834,0.15929132547756442,0.1608957052230835,388224000,0.0,0.0
2008-11-18 00:00:00-05:00,0.16410448531827332,0.16502127198411728,0.1503527126529302,0.15562422573566437,564488000,0.0,0.0
2008-11-19 00:00:00-05:00,0.1542490764106206,0.1581454172725288,0.142101680872262,0.14278927445411682,500220000,0.0,0.0
2008-11-20 00:00:00-05:00,0.14164325118396853,0.1487483378505029,0.13362139148021823,0.13522575795650482,847036000,0.0,0.0
2008-11-21 00:00:00-05:00,0.13958046619235642,0.1462271511554718,0.1317877878731054,0.1462271511554718,599064000,0.0,0.0
2008-11-24 00:00:00-05:00,0.15516582707465634,0.15768699384542964,0.14668556740993183,0.15585342049598694,600308000,0.0,0.0
2008-11-25 00:00:00-05:00,0.16272925850671535,0.16318765855758857,0.15562418749915144,0.1602081060409546,528256000,0.0,0.0
2008-11-26 00:00:00-05:00,0.15745778163160445,0.1748767005427558,0.15654100864889564,0.17441830039024353,600792000,0.0,0.0
2008-11-28 00:00:00-05:00,0.17166798889225293,0.17418914242769373,0.1689176284035497,0.17120958864688873,175248000,0.0,0.0
2008-12-01 00:00:00-05:00,0.16433365492239194,0.1659380211108874,0.1563117829964459,0.15654098987579346,547112000,0.0,0.0
2008-12-02 00:00:00-05:00,0.15952055202628454,0.16731323185719793,0.15745778544294375,0.16525046527385712,479988000,0.0,0.0
2008-12-03 00:00:00-05:00,0.1588329642736988,0.17395990934895844,0.1574577775132879,0.17373071610927582,584632000,0.0,0.0
2008-12-04 00:00:00-05:00,0.17029274695343288,0.1787730053183653,0.15837454933110645,0.16227088868618011,466292000,0.0,0.0
2008-12-05 00:00:00-05:00,0.15722857509110919,0.16937598001874415,0.15447822905322872,0.16868838667869568,438484000,0.0,0.0
2008-12-08 00:00:00-05:00,0.17189716600010482,0.17533510604142866,0.15929137218742467,0.16318771243095398,707992000,0.0,0.0
2008-12-09 00:00:00-05:00,0.16112493422946922,0.18541973338595538,0.159291360873202,0.17900224030017853,829760000,0.0,0.0
2008-12-10 00:00:00-05:00,0.18244017747137,0.20054667653570843,0.1794606242256114,0.19596275687217712,961124000,0.0,0.0
2008-12-11 00:00:00-05:00,0.1948168030575717,0.20169268347408928,0.185419755559403,0.1877117156982422,582700000,0.0,0.0
2008-12-12 00:00:00-05:00,0.18221100611810154,0.19825474052971628,0.1785438590176411,0.19710876047611237,679268000,0.0,0.0
2008-12-15 00:00:00-05:00,0.19825473613415473,0.1994007161623508,0.18450296213464226,0.1906912624835968,476996000,0.0,0.0
2008-12-16 00:00:00-05:00,0.19252481650418043,0.20398463010040574,0.19069125671126533,0.20352624356746674,521940000,0.0,0.0
2008-12-17 00:00:00-05:00,0.19985911283146485,0.2165904412161454,0.19710876608896077,0.21361088752746582,674180000,0.0,0.0
2008-12-18 00:00:00-05:00,0.21223571395390503,0.21292330746945573,0.19137885181418945,0.19390001893043518,550808000,0.0,0.0
2008-12-19 00:00:00-05:00,0.19642112258347127,0.20398459469219,0.19458754944767379,0.19527514278888702,593120000,0.0,0.0
2008-12-22 00:00:00-05:00,0.1982547590192689,0.1987131456189964,0.17671031560885447,0.1838153898715973,522464000,0.0,0.0
2008-12-23 00:00:00-05:00,0.18496133590933467,0.18885767593284336,0.17854384273011953,0.18129420280456543,377452000,0.0,0.0
2008-12-24 00:00:00-05:00,0.17762705231444068,0.18198179242296647,0.17327232586707317,0.1769394725561142,146616000,0.0,0.0
2008-12-26 00:00:00-05:00,0.17693943363898304,0.1792313929849471,0.16731319618924076,0.17212630808353424,226156000,0.0,0.0
2008-12-29 00:00:00-05:00,0.17441825170513503,0.17762699723243713,0.16318764919015477,0.17762699723243713,460168000,0.0,0.0
2008-12-30 00:00:00-05:00,0.17991906279043024,0.1865657504534456,0.17579352874823836,0.1838153898715973,409860000,0.0,0.0
2008-12-31 00:00:00-05:00,0.18152336481321227,0.18954523673685905,0.17831461877598478,0.18496130406856537,441580000,0.0,0.0
2009-01-02 00:00:00-05:00,0.18496134257003258,0.20100507609582607,0.1842737627725294,0.19962990283966064,497124000,0.0,0.0
2009-01-05 00:00:00-05:00,0.19733794195577076,0.2078809687474874,0.19596276870589957,0.20329704880714417,705736000,0.0,0.0
2009-01-06 00:00:00-05:00,0.209256075386034,0.21613196676894353,0.20467215690486407,0.2101728618144989,657904000,0.0,0.0
2009-01-07 00:00:00-05:00,0.20535979989373113,0.20535979989373113,0.19046203389835875,0.19756712019443512,870096000,0.0,0.0
2009-01-08 00:00:00-05:00,0.19504594224512387,0.19504594224512387,0.18060657824943044,0.1925247758626938,1014496000,0.0,0.0
2009-01-09 00:00:00-05:00,0.1925247490838988,0.1925247490838988,0.1812941463481492,0.1817525327205658,761352000,0.0,0.0
2009-01-12 00:00:00-05:00,0.18175257988001917,0.18266936652388585,0.17189714736547854,0.17441830039024353,645532000,0.0,0.0
2009-01-13 00:00:00-05:00,0.16845918607560795,0.18198176343003247,0.16525044006448655,0.17533506453037262,1824424000,0.0,0.0
2009-01-14 00:00:00-05:00,0.16914680926739561,0.1712095760670687,0.16502128932920906,0.1675424426794052,974908000,0.0,0.0
2009-01-15 00:00:00-05:00,0.1684591728781364,0.176251837248606,0.16502123392008994,0.17350149154663086,998204000,0.0,0.0
2009-01-16 00:00:00-05:00,0.17831462006477794,0.1847321121856162,0.1725847212644425,0.1831277459859848,831324000,0.0,0.0
2009-01-20 00:00:00-05:00,0.18266937094548336,0.18335696436031637,0.1638752784441911,0.16525046527385712,705788000,0.0,0.0
2009-01-21 00:00:00-05:00,0.1684591991284283,0.17441829151872487,0.1622708998429549,0.17327231168746948,648472000,0.0,0.0
2009-01-22 00:00:00-05:00,0.16777162511608676,0.17464751855784572,0.16387528504371804,0.1700635850429535,547656000,0.0,0.0
2009-01-23 00:00:00-05:00,0.16525047891684969,0.1819818062161307,0.16502128564670268,0.17671029269695282,633616000,0.0,0.0
2009-01-26 00:00:00-05:00,0.17762708050181275,0.18794091512497957,0.17464754042059608,0.18266940116882324,581748000,0.0,0.0
2009-01-27 00:00:00-05:00,0.18564887586186,0.194816726474464,0.18496128262603942,0.19344154000282288,725300000,0.0,0.0
2009-01-28 00:00:00-05:00,0.2003175254685164,0.20467225279814055,0.1939000311236849,0.2014635056257248,723752000,0.0,0.0
2009-01-29 00:00:00-05:00,0.1948167733738411,0.19710873316346025,0.18885766699190487,0.18977445363998413,413128000,0.0,0.0
2009-01-30 00:00:00-05:00,0.1883992969149106,0.19344160342697886,0.17991903675768423,0.1822109967470169,506760000,0.0,0.0
2009-02-02 00:00:00-05:00,0.1794606095389695,0.19412916765521854,0.17854382294905932,0.19206640124320984,577992000,0.0,0.0
2009-02-03 00:00:00-05:00,0.19252484958312904,0.19596280381550532,0.18725333524280172,0.19435842335224152,396948000,0.0,0.0
2009-02-04 00:00:00-05:00,0.1948167910692854,0.20971454471614895,0.1948167910692854,0.19985909759998322,779232000,0.0,0.0
2009-02-05 00:00:00-05:00,0.19458757841553925,0.2168196115979629,0.19252481174597627,0.2145276516675949,919192000,0.0,0.0
2009-02-06 00:00:00-05:00,0.21521520325571347,0.22759178720491124,0.21154805715139108,0.2262166142463684,1157880000,0.0,0.0
2009-02-09 00:00:00-05:00,0.22529980370722857,0.22850854937593584,0.21704875317423458,0.2232370376586914,716128000,0.0,0.0
2009-02-10 00:00:00-05:00,0.2230079351635352,0.22598748885221479,0.2094853537525495,0.21361088752746582,1129664000,0.0,0.0
2009-02-11 00:00:00-05:00,0.19665032406506278,0.20375541001866485,0.18014820613363652,0.18679489195346832,1983400000,0.0,0.0
2009-02-12 00:00:00-05:00,0.18266938862506474,0.19183724251179288,0.18014823529526527,0.1906912624835968,1024020000,0.0,0.0
2009-02-13 00:00:00-05:00,0.18633648924118962,0.19275398126541532,0.18496130262088686,0.19046200811862946,764304000,0.0,0.0
2009-02-17 00:00:00-05:00,0.183356969853,0.18771169640135776,0.17877303638539296,0.17946062982082367,779576000,0.0,0.0
2009-02-18 00:00:00-05:00,0.17946063755787603,0.19023285776414575,0.17923144428990417,0.18427376449108124,646252000,0.0,0.0
2009-02-19 00:00:00-05:00,0.1879408915981363,0.18954527174363825,0.1700635850429535,0.1700635850429535,743988000,0.0,0.0
2009-02-20 00:00:00-05:00,0.16777161429865736,0.17716866032184359,0.16616724791775908,0.17441830039024353,770056000,0.0,0.0
2009-02-23 00:00:00-05:00,0.17739781956878425,0.17831460603694652,0.16525042960323355,0.16639640927314758,679548000,0.0,0.0
2009-02-24 00:00:00-05:00,0.16731323649707236,0.18152339606214626,0.16708402957833293,0.18129420280456543,659524000,0.0,0.0
2009-02-25 00:00:00-05:00,0.18083578902032174,0.1888576617212727,0.1746475032255156,0.18335695564746857,702360000,0.0,0.0
2009-02-26 00:00:00-05:00,0.18977453898591665,0.19573363438663582,0.1870241778047788,0.18931613862514496,1117556000,0.0,0.0
2009-02-27 00:00:00-05:00,0.18450294065939685,0.19412917997249216,0.18312776751785692,0.18977445363998413,755444000,0.0,0.0
2009-03-02 00:00:00-05:00,0.1851905283661406,0.1890868544242181,0.17304312272907035,0.17373071610927582,700064000,0.0,0.0
2009-03-03 00:00:00-05:00,0.1769394268385822,0.1874824503537359,0.17120951503273726,0.18060655891895294,1041372000,0.0,0.0
2009-03-04 00:00:00-05:00,0.18541975810367087,0.1994007260713601,0.18381537778777265,0.19390001893043518,1108668000,0.0,0.0
2009-03-05 00:00:00-05:00,0.1911497127459035,0.19894238226738128,0.18839936522592976,0.18931613862514496,955252000,0.0,0.0
2009-03-06 00:00:00-05:00,0.1893160429779356,0.1991714886519217,0.18679489008151529,0.1922955960035324,974756000,0.0,0.0
2009-03-09 00:00:00-04:00,0.1909204365729199,0.20535980260291617,0.18977445665987427,0.19023284316062927,682768000,0.0,0.0
2009-03-10 00:00:00-04:00,0.19710873532648285,0.21108970112550984,0.19527516201020315,0.20742255449295044,1254800000,0.0,0.0
2009-03-11 00:00:00-04:00,0.2074225404920192,0.27159746561844816,0.20398460100192276,0.2131524533033371,864916000,0.0,0.0
2009-03-12 00:00:00-04:00,0.2124648968660591,0.22805024438876212,0.20971455026045005,0.22575828433036804,1604604000,0.0,0.0
2009-03-13 00:00:00-04:00,0.22254952892246274,0.22782104231766936,0.2188823820417143,0.224612295627594,1195156000,0.0,0.0
2009-03-16 00:00:00-04:00,0.22690424678326004,0.22713344003911395,0.2140692605215408,0.21590282022953033,699344000,0.0,0.0
2009-03-17 00:00:00-04:00,0.21659039458810306,0.22713342004068413,0.21384004843769938,0.22667503356933594,1005384000,0.0,0.0
2009-03-18 00:00:00-04:00,0.22323711839752466,0.24042684623944593,0.22300792512282855,0.2337801456451416,1359560000,0.0,0.0
2009-03-19 00:00:00-04:00,0.23538449153887386,0.23538449153887386,0.22942541227593982,0.23102977871894836,822648000,0.0,0.0
2009-03-20 00:00:00-04:00,0.23446770962115698,0.23469691652816554,0.21246487113517434,0.2184239774942398,1093672000,0.0,0.0
2009-03-23 00:00:00-04:00,0.22529988804997741,0.23469694904331304,0.22025758129806436,0.23423853516578674,816048000,0.0,0.0
2009-03-24 00:00:00-04:00,0.22850861779860726,0.23057139812596045,0.22300791124247507,0.22415389120578766,1114868000,0.0,0.0
2009-03-25 00:00:00-04:00,0.2310297535688169,0.23836401888295233,0.21911154169574373,0.2278210073709488,1243852000,0.0,0.0
2009-03-26 00:00:00-04:00,0.23148803243570948,0.2424894389547741,0.22896688075959276,0.2420310527086258,1333664000,0.0,0.0
2009-03-27 00:00:00-04:00,0.23950998763219467,0.2454690932935561,0.23607204836348136,0.23973919451236725,731892000,0.0,0.0
2009-03-30 00:00:00-04:00,0.2305714302914657,0.23355098407619992,0.2211743686912944,0.22438311576843262,780052000,0.0,0.0
2009-03-31 00:00:00-04:00,0.22782102256980558,0.2314881554715225,0.22438306925182105,0.22598744928836823,805272000,0.0,0.0
2009-04-01 00:00:00-04:00,0.22323714738904601,0.23378017600587253,0.21475688583469257,0.23171742260456085,887920000,0.0,0.0
2009-04-02 00:00:00-04:00,0.24042676430461596,0.24684425577605318,0.2369888253723078,0.2424895167350769,1002860000,0.0,0.0
2009-04-03 00:00:00-04:00,0.24271879464657747,0.2601377012650919,0.2385932612556327,0.25945010781288147,1003208000,0.0,0.0
2009-04-06 00:00:00-04:00,0.25509542966292337,0.26242969706954805,0.2516574892546004,0.26013773679733276,887288000,0.0,0.0
2009-04-07 00:00:00-04:00,0.25509551161833255,0.25784585936414023,0.24959478880438674,0.2511991560459137,607804000,0.0,0.0
2009-04-08 00:00:00-04:00,0.2539494894131869,0.2622005586180382,0.2518867084508111,0.26151296496391296,731652000,0.0,0.0
2009-04-09 00:00:00-04:00,0.2681595403132552,0.2768689929466685,0.26609678743900905,0.27595221996307373,904412000,0.0,0.0
2009-04-13 00:00:00-04:00,0.2725142694544647,0.2727434763524068,0.2610544710036555,0.2670135498046875,767628000,0.0,0.0
2009-04-14 00:00:00-04:00,0.26334644479629876,0.2750354507710087,0.2622004648898494,0.2686179578304291,711960000,0.0,0.0
2009-04-15 00:00:00-04:00,0.2592209423071224,0.262200495880521,0.2500530746496193,0.26105451583862305,1045368000,0.0,0.0
2009-04-16 00:00:00-04:00,0.2658675165340322,0.2709098486969929,0.2557829068527292,0.26770108938217163,1038772000,0.0,0.0
2009-04-17 00:00:00-04:00,0.2677011931153993,0.27205593373246506,0.2612836993213107,0.26953476667404175,695764000,0.0,0.0
2009-04-20 00:00:00-04:00,0.2592209110079642,0.26151287081502156,0.2518866177675276,0.2532618045806885,590660000,0.0,0.0
2009-04-21 00:00:00-04:00,0.24982380020185105,0.2631171691061863,0.2461566545308934,0.2525741457939148,932184000,0.0,0.0
2009-04-22 00:00:00-04:00,0.2502823021623426,0.27068076497845184,0.2461567682078907,0.26013773679733276,916404000,0.0,0.0
2009-04-23 00:00:00-04:00,0.2626587801479501,0.26495073933920876,0.2479902249305091,0.25601208209991455,753952000,0.0,0.0
2009-04-24 00:00:00-04:00,0.25853326644266156,0.26380477842022676,0.2523449543303007,0.26197120547294617,759508000,0.0,0.0
2009-04-27 00:00:00-04:00,0.25853325067864374,0.26586751469825004,0.2509697798087367,0.2525741457939148,787024000,0.0,0.0
2009-04-28 00:00:00-04:00,0.2493654783731541,0.25853331760138376,0.2470734912437806,0.2532618045806885,634392000,0.0,0.0
2009-04-29 00:00:00-04:00,0.25440773926539606,0.25555371896523654,0.2463858813665124,0.24936543405056,859668000,0.0,0.0
2009-04-30 00:00:00-04:00,0.25417859357670725,0.27045152016022317,0.2521158405494189,0.263117253780365,1110276000,0.0,0.0
2009-05-01 00:00:00-04:00,0.2624295188852741,0.2736601329871649,0.26220033940705373,0.2674718499183655,840548000,0.0,0.0
2009-05-04 00:00:00-04:00,0.2720559389777404,0.2839741263552208,0.26838879178975245,0.28191137313842773,927704000,0.0,0.0
2009-05-05 00:00:00-04:00,0.27572302918279473,0.277556602579544,0.2647216161246166,0.27045151591300964,837076000,0.0,0.0
2009-05-06 00:00:00-04:00,0.27343099621499595,0.27595216237723696,0.2596792403969032,0.2649507522583008,935088000,0.0,0.0
2009-05-07 00:00:00-04:00,0.2709100497100654,0.2709100497100654,0.24248969045969074,0.245927631855011,1289196000,0.0,0.0
2009-05-08 00:00:00-04:00,0.2406559558986747,0.2406559558986747,0.2087977038029016,0.21200644969940186,2930564000,0.0,0.0
2009-05-11 00:00:00-04:00,0.20856851358458556,0.22140349735457163,0.20673494057140016,0.21613198518753052,1038596000,0.0,0.0
2009-05-12 00:00:00-04:00,0.2209451690964333,0.2209451690964333,0.20169268718278066,0.20581822097301483,1201384000,0.0,0.0
2009-05-13 00:00:00-04:00,0.20444298713711334,0.2055889668887066,0.19092040967492574,0.1925247758626938,1305608000,0.0,0.0
2009-05-14 00:00:00-04:00,0.1922955898585053,0.19940067551385302,0.19092041683723557,0.19527514278888702,1017864000,0.0,0.0
2009-05-15 00:00:00-04:00,0.19665034039065485,0.207193366747591,0.19435838051500062,0.20031748712062836,780308000,0.0,0.0
2009-05-18 00:00:00-04:00,0.2053597965047051,0.21384005580611415,0.20490139635640425,0.21246486902236938,938320000,0.0,0.0
2009-05-19 00:00:00-04:00,0.21384005823409608,0.21911155754072617,0.21040210489685673,0.21659040451049805,859768000,0.0,0.0
2009-05-20 00:00:00-04:00,0.22048674941475918,0.23492610185109725,0.21956996274780533,0.2230079025030136,1309436000,0.0,0.0
2009-05-21 00:00:00-04:00,0.22025757555133899,0.22461230235682308,0.21544444854144845,0.22163274884223938,965600000,0.0,0.0
2009-05-22 00:00:00-04:00,0.22163271580062355,0.2282794016537552,0.21750718288180876,0.22507065534591675,718260000,0.0,0.0
2009-05-26 00:00:00-04:00,0.22300790754388455,0.23905164042533397,0.22071594765527158,0.23721806704998016,865540000,0.0,0.0
2009-05-27 00:00:00-04:00,0.23607204569103357,0.244781497204308,0.23378008620450408,0.23767641186714172,814152000,0.0,0.0
2009-05-28 00:00:00-04:00,0.24134358459971544,0.24294795095281851,0.2305713792890918,0.2408851981163025,995288000,0.0,0.0
2009-05-29 00:00:00-04:00,0.2411144503829717,0.24157283695262655,0.23080060229297558,0.2390516698360443,834232000,0.0,0.0
2009-06-01 00:00:00-04:00,0.2418020448179088,0.25211589411252566,0.24088527157152329,0.2507407069206238,1022764000,0.0,0.0
2009-06-02 00:00:00-04:00,0.2507406774988854,0.25624139829871856,0.24409400393669753,0.24867792427539825,907984000,0.0,0.0
2009-06-03 00:00:00-04:00,0.2454691175950628,0.24638591788420403,0.23492609186498797,0.2408851981163025,735688000,0.0,0.0
2009-06-04 00:00:00-04:00,0.24157284253425926,0.25005308989693453,0.24134363558297572,0.24959470331668854,673180000,0.0,0.0
2009-06-05 00:00:00-04:00,0.2541786732268777,0.2541786732268777,0.24524003754450077,0.2482195645570755,559992000,0.0,0.0
2009-06-08 00:00:00-04:00,0.24638596472110624,0.25028229155426424,0.24065603696110618,0.2468443512916565,473948000,0.0,0.0
2009-06-09 00:00:00-04:00,0.25028227611488574,0.26311726323245327,0.24844870262347338,0.26036691665649414,725032000,0.0,0.0
2009-06-10 00:00:00-04:00,0.2617420510694167,0.2702223242349949,0.25601215153716994,0.2686179578304291,833320000,0.0,0.0
2009-06-11 00:00:00-04:00,0.2693055248643083,0.2796193713809699,0.2635756253118942,0.26517999172210693,835156000,0.0,0.0
2009-06-12 00:00:00-04:00,0.2612836269972915,0.26472156622224524,0.2553245214117802,0.2638047933578491,595000000,0.0,0.0
2009-06-15 00:00:00-04:00,0.2589917212855138,0.2624296612242481,0.254866187894569,0.25945010781288147,445164000,0.0,0.0
2009-06-16 00:00:00-04:00,0.2594500818277807,0.2626588418426183,0.2486778765630952,0.2523449957370758,594912000,0.0,0.0
2009-06-17 00:00:00-04:00,0.25624125071303655,0.2610543752254151,0.24638582219673588,0.25853320956230164,799016000,0.0,0.0
2009-06-18 00:00:00-04:00,0.2576166689981974,0.26242979835644425,0.2507407855277488,0.2534911334514618,566376000,0.0,0.0
2009-06-19 00:00:00-04:00,0.2560122040134896,0.2626589052266989,0.25280347054664504,0.25624141097068787,747564000,0.0,0.0
2009-06-22 00:00:00-04:00,0.2571581296550639,0.2571581296550639,0.24088520416773596,0.24180197715759277,574864000,0.0,0.0
2009-06-23 00:00:00-04:00,0.24409397046083153,0.24455235696737285,0.2312589570214577,0.24065600335597992,589764000,0.0,0.0
2009-06-24 00:00:00-04:00,0.24363559004497112,0.25440782469877415,0.24363559004497112,0.24867792427539825,515096000,0.0,0.0
2009-06-25 00:00:00-04:00,0.24638592987913327,0.26220046924415263,0.24386476311414979,0.2617420554161072,870444000,0.0,0.0
2009-06-26 00:00:00-04:00,0.26059607208017566,0.2660967920438829,0.25830411225921,0.26517999172210693,513956000,0.0,0.0
2009-06-29 00:00:00-04:00,0.26586758513285985,0.2699931182750613,0.26242964540141145,0.26517999172210693,510056000,0.0,0.0
2009-06-30 00:00:00-04:00,0.26426328967602086,0.2679304373031032,0.2539494677124658,0.25876256823539734,589844000,0.0,0.0
2009-07-01 00:00:00-04:00,0.26036700075315033,0.2633465552237801,0.25555387219887715,0.2599085867404938,696420000,0.0,0.0
2009-07-02 00:00:00-04:00,0.2514282197001736,0.2546369523534658,0.246385913821151,0.24982385337352753,552312000,0.0,0.0
2009-07-06 00:00:00-04:00,0.24959465686063942,0.2498238637692616,0.23767644405860525,0.24180197715759277,752456000,0.0,0.0
2009-07-07 00:00:00-04:00,0.24271876961310673,0.24409395637569395,0.23057137761797003,0.23125894367694855,1072996000,0.0,0.0
2009-07-08 00:00:00-04:00,0.23263419582240544,0.23332178939695025,0.2225495674756626,0.23171742260456085,1205860000,0.0,0.0
2009-07-09 00:00:00-04:00,0.23561368277054948,0.24065598867963364,0.23492608939151188,0.23675966262817383,714564000,0.0,0.0
2009-07-10 00:00:00-04:00,0.23675963900145486,0.23928080536556218,0.23171733359555247,0.23767641186714172,520008000,0.0,0.0
2009-07-13 00:00:00-04:00,0.24248959146412807,0.24248959146412807,0.2280502380341347,0.24042683839797974,556012000,0.0,0.0
2009-07-14 00:00:00-04:00,0.24226053741033893,0.24638607300302554,0.23951016213365955,0.24546927213668823,452568000,0.0,0.0
2009-07-15 00:00:00-04:00,0.2544077129977515,0.26059599727348653,0.2521157538347157,0.2555536925792694,1022808000,0.0,0.0
2009-07-16 00:00:00-04:00,0.25830416887789964,0.2697639978169683,0.2569290090772834,0.26884719729423523,952076000,0.0,0.0
2009-07-17 00:00:00-04:00,0.2688471393324747,0.2775565921479629,0.2660967930018775,0.27663981914520264,850356000,0.0,0.0
2009-07-20 00:00:00-04:00,0.2789317458702785,0.28305727853770657,0.2752645996498284,0.28007772564888,782756000,0.0,0.0
2009-07-21 00:00:00-04:00,0.2793901475764292,0.2805361274176196,0.2679303491645256,0.27434784173965454,941296000,0.0,0.0
2009-07-22 00:00:00-04:00,0.26884725841025997,0.2837450312210066,0.2670136842702967,0.281223863363266,600908000,0.0,0.0
2009-07-23 00:00:00-04:00,0.2816821957824129,0.29887192612475905,0.27870264179447757,0.29795512557029724,1046120000,0.0,0.0
2009-07-24 00:00:00-04:00,0.28878716241391283,0.2979550001660016,0.28695358939903276,0.2970382273197174,650592000,0.0,0.0
2009-07-27 00:00:00-04:00,0.2942879224586277,0.3027681680963119,0.2915375488919708,0.2984134554862976,677484000,0.0,0.0
2009-07-28 00:00:00-04:00,0.29635067831935513,0.3020805777708581,0.2938295116317675,0.29887184500694275,563180000,0.0,0.0
2009-07-29 00:00:00-04:00,0.295433858116213,0.29726743111209314,0.2899331391285724,0.29291269183158875,373972000,0.0,0.0
2009-07-30 00:00:00-04:00,0.29795516563733637,0.3018515207036895,0.29268365053785284,0.2952048182487488,468444000,0.0,0.0
2009-07-31 00:00:00-04:00,0.29520467812841705,0.3004761907257515,0.2883287992594539,0.2963506579399109,541560000,0.0,0.0
2009-08-03 00:00:00-04:00,0.3034557463264803,0.3078104860412352,0.2977258472194193,0.30437251925468445,471900000,0.0,0.0
2009-08-04 00:00:00-04:00,0.29910102366794417,0.31170682974463787,0.2986426371777026,0.30643531680107117,695380000,0.0,0.0
2009-08-05 00:00:00-04:00,0.3046016605828773,0.3094147857257168,0.3009345150147798,0.3071228265762329,610768000,0.0,0.0
2009-08-06 00:00:00-04:00,0.30826884489557005,0.31376953661675944,0.29887180027270055,0.3007053732872009,957588000,0.0,0.0
2009-08-07 00:00:00-04:00,0.3169783144733118,0.3261461527513567,0.3098732288789017,0.31422796845436096,1401872000,0.0,0.0
2009-08-10 00:00:00-04:00,0.3165199349651078,0.3211038542046549,0.30208055657375765,0.3039141297340393,693312000,0.0,0.0
2009-08-11 00:00:00-04:00,0.30185147146682867,0.3064353921408719,0.29520477009607254,0.2968091368675232,481884000,0.0,0.0
2009-08-12 00:00:00-04:00,0.297038425763722,0.3110193986049232,0.2968092187378676,0.3078106641769409,634940000,0.0,0.0
2009-08-13 00:00:00-04:00,0.310102543686057,0.31812440497109873,0.30460182241149186,0.31697842478752136,564028000,0.0,0.0
2009-08-14 00:00:00-04:00,0.31651996527017867,0.31697835177355865,0.3034557723287926,0.3075813055038452,427148000,0.0,0.0
2009-08-17 00:00:00-04:00,0.2981842491615054,0.29910102213729683,0.2915375494589129,0.2947463095188141,465032000,0.0,0.0
2009-08-18 00:00:00-04:00,0.29474633153903007,0.30895650498163496,0.29451712461680063,0.3055185377597809,636200000,0.0,0.0
2009-08-19 00:00:00-04:00,0.3009346214736364,0.3039141748864762,0.2979550680607967,0.30208060145378113,552996000,0.0,0.0
2009-08-20 00:00:00-04:00,0.30070550210523245,0.31537406518273087,0.3000179085149504,0.31399887800216675,819840000,0.0,0.0
2009-08-21 00:00:00-04:00,0.3165198777966254,0.3197286097558353,0.3101023865558968,0.31927022337913513,607324000,0.0,0.0
2009-08-24 00:00:00-04:00,0.3174368203011013,0.3208747609482733,0.30849815822506016,0.3103317320346832,461456000,0.0,0.0
2009-08-25 00:00:00-04:00,0.3119359726771616,0.31629071212857784,0.3066644876752926,0.3130819797515869,444088000,0.0,0.0
2009-08-26 00:00:00-04:00,0.3123943544314565,0.3174366593597128,0.31124837479674783,0.31674906611442566,434308000,0.0,0.0
2009-08-27 00:00:00-04:00,0.318124376795455,0.3224790901784317,0.31468643654921435,0.32110393047332764,551072000,0.0,0.0
2009-08-28 00:00:00-04:00,0.32981333308590427,0.3444818922405242,0.32935494658907905,0.3376060128211975,883992000,0.0,0.0
2009-08-31 00:00:00-04:00,0.33370959135330214,0.3353139847490302,0.3284380794072356,0.33279281854629517,431796000,0.0,0.0
2009-09-01 00:00:00-04:00,0.3325636110596875,0.34196065526428315,0.31972862785179745,0.3215622007846832,736856000,0.0,0.0
2009-09-02 00:00:00-04:00,0.32202065229555926,0.32935494550999755,0.32018707899194965,0.3261461853981018,404656000,0.0,0.0
2009-09-03 00:00:00-04:00,0.32614612888947997,0.33439719366497184,0.3252293560576747,0.3339388072490692,534020000,0.0,0.0
2009-09-04 00:00:00-04:00,0.3325637154675805,0.3486074631755095,0.3325637154675805,0.34631550312042236,513048000,0.0,0.0
2009-09-08 00:00:00-04:00,0.34883656768170385,0.35594165325164795,0.3460862216722237,0.35594165325164795,549712000,0.0,0.0
2009-09-09 00:00:00-04:00,0.3552541059744581,0.366484725675736,0.35021179974966565,0.36579713225364685,571684000,0.0,0.0
2009-09-10 00:00:00-04:00,0.3669430552868148,0.3779444936897839,0.36281752271627954,0.37748607993125916,607952000,0.0,0.0
2009-09-11 00:00:00-04:00,0.3765692800245763,0.37794446655679964,0.3712977680808009,0.374048113822937,712732000,0.0,0.0
2009-09-14 00:00:00-04:00,0.36854755311245024,0.37152710677464545,0.3646511989960226,0.36785995960235596,490516000,0.0,0.0
2009-09-15 00:00:00-04:00,0.3712978976821098,0.3800073516741628,0.36785995747385103,0.3754234313964844,546136000,0.0,0.0
2009-09-16 00:00:00-04:00,0.3745066431927632,0.37519423672136115,0.3598381087535048,0.3653388023376465,707064000,0.0,0.0
2009-09-17 00:00:00-04:00,0.36442202799889944,0.36442202799889944,0.34310676529311335,0.34929507970809937,923096000,0.0,0.0
2009-09-18 00:00:00-04:00,0.3527329542627889,0.355254093626396,0.3460862545100449,0.34883660078048706,604740000,0.0,0.0
2009-09-21 00:00:00-04:00,0.34471102637119544,0.3531912983946024,0.34173150087357945,0.3472321927547455,588776000,0.0,0.0
2009-09-22 00:00:00-04:00,0.3497535148325356,0.3518162683756381,0.34516959378357476,0.34791994094848633,361388000,0.0,0.0
2009-09-23 00:00:00-04:00,0.3499826515612605,0.3529622053420655,0.3419607907095739,0.34241917729377747,478936000,0.0,0.0
2009-09-24 00:00:00-04:00,0.34814897771563774,0.34814897771563774,0.33668915337375716,0.3378351330757141,552876000,0.0,0.0
2009-09-25 00:00:00-04:00,0.3360016981974618,0.3376060922975168,0.32981341072773757,0.33233457803726196,377556000,0.0,0.0
2009-09-28 00:00:00-04:00,0.33348040925305567,0.34837814484758944,0.33348040925305567,0.33989790081977844,467708000,0.0,0.0
2009-09-29 00:00:00-04:00,0.34196066229403504,0.3460861946472598,0.3330220043083295,0.33370959758758545,470928000,0.0,0.0
2009-09-30 00:00:00-04:00,0.3405855614466238,0.3486074486269679,0.33302208811602113,0.3444819152355194,875956000,0.0,0.0
2009-10-01 00:00:00-04:00,0.34333595667296746,0.34333595667296746,0.319728734831385,0.3199579417705536,999960000,0.0,0.0
2009-10-02 00:00:00-04:00,0.31674916125171226,0.32431263457698073,0.31491558782099294,0.31743675470352173,612476000,0.0,0.0
2009-10-05 00:00:00-04:00,0.32087474329201315,0.32202072344467914,0.31033171495855744,0.3158324360847473,754276000,0.0,0.0
2009-10-06 00:00:00-04:00,0.31972874344590324,0.3266046239383845,0.3174367832817428,0.32110393047332764,761272000,0.0,0.0
2009-10-07 00:00:00-04:00,0.3188118310422257,0.3222497697866676,0.31514468545256435,0.3185826241970062,459608000,0.0,0.0
2009-10-08 00:00:00-04:00,0.32041630422842987,0.32133307727151567,0.30918568417788256,0.3206455111503601,1241524000,0.0,0.0
2009-10-09 00:00:00-04:00,0.31881193985203615,0.32522943316306563,0.3183535533274593,0.32477104663848877,618540000,0.0,0.0
2009-10-12 00:00:00-04:00,0.31927035687753524,0.3272922174520967,0.319041149932191,0.32110393047332764,499008000,0.0,0.0
2009-10-13 00:00:00-04:00,0.3229374953681475,0.326604615138608,0.3169783881729597,0.3199579417705536,602124000,0.0,0.0
2009-10-14 00:00:00-04:00,0.33233438463549336,0.33233438463549336,0.31789501007191695,0.3194994032382965,1101948000,0.0,0.0
2009-10-15 00:00:00-04:00,0.3190410949391008,0.3220206481033881,0.30803968258297937,0.3101024627685547,1092196000,0.0,0.0
2009-10-16 00:00:00-04:00,0.3062060831666714,0.3071228833894445,0.2974966313230506,0.302997350692749,1018832000,0.0,0.0
2009-10-19 00:00:00-04:00,0.3055186025925602,0.3165200453924265,0.3029974625246238,0.31399887800216675,695588000,0.0,0.0
2009-10-20 00:00:00-04:00,0.31927027404282304,0.32156223361233427,0.3117068019989733,0.31422796845436096,660180000,0.0,0.0
2009-10-21 00:00:00-04:00,0.313082049776529,0.3178951494185288,0.3050601623952255,0.3066645562648773,503956000,0.0,0.0
2009-10-22 00:00:00-04:00,0.30506005908565087,0.31033157080366164,0.2997885473676401,0.3087272047996521,379328000,0.0,0.0
2009-10-23 00:00:00-04:00,0.3128527698808848,0.3128527698808848,0.2995593994190186,0.30139297246932983,429528000,0.0,0.0
2009-10-26 00:00:00-04:00,0.3036849292453039,0.3082688481690755,0.2958922506815049,0.29749661684036255,481652000,0.0,0.0
2009-10-27 00:00:00-04:00,0.2961215282060399,0.3004762412936566,0.28443252123270457,0.28741204738616943,591836000,0.0,0.0
2009-10-28 00:00:00-04:00,0.28099446213340207,0.28741195352649646,0.27411858435272446,0.2754937708377838,773632000,0.0,0.0
2009-10-29 00:00:00-04:00,0.2798485475557231,0.2890164140500604,0.27732740817680673,0.2876412272453308,637100000,0.0,0.0
2009-10-30 00:00:00-04:00,0.2862661171057321,0.2874120973091405,0.27274356163444174,0.27411872148513794,604144000,0.0,0.0
2009-11-02 00:00:00-05:00,0.27366026590275716,0.2825989256300936,0.2688471393324747,0.27663981914520264,593136000,0.0,0.0
2009-11-03 00:00:00-05:00,0.2677011192136493,0.27663977759854924,0.2649507732961079,0.27526459097862244,876472000,0.0,0.0
2009-11-04 00:00:00-05:00,0.2773274552800628,0.28030700898150146,0.27343110111231667,0.2745770812034607,916840000,0.0,0.0
2009-11-05 00:00:00-05:00,0.27778592209670794,0.2839742109120467,0.2768691213655621,0.281223863363266,955156000,0.0,0.0
2009-11-06 00:00:00-05:00,0.2988718654725445,0.3078105256223639,0.29520471864354414,0.301622211933136,1641112000,0.0,0.0
2009-11-09 00:00:00-05:00,0.3057477086121133,0.31285279449520925,0.305518501716924,0.3084980547428131,818124000,0.0,0.0
2009-11-10 00:00:00-05:00,0.3096439738176004,0.3096439738176004,0.29703819814653654,0.3009345233440399,781472000,0.0,0.0
2009-11-11 00:00:00-05:00,0.30597698293945336,0.3167491902633898,0.30551856904804814,0.30941492319107056,871512000,0.0,0.0
2009-11-12 00:00:00-05:00,0.3121652011319557,0.31743671382048033,0.30758128180668465,0.3084980547428131,505864000,0.0,0.0
2009-11-13 00:00:00-05:00,0.30826895189004944,0.3123944857739942,0.30689376482129416,0.310790091753006,388524000,0.0,0.0
2009-11-16 00:00:00-05:00,0.3135403515795836,0.3188118636581562,0.3119359581435271,0.31514471769332886,402820000,0.0,0.0
2009-11-17 00:00:00-05:00,0.3153738318472695,0.3153738318472695,0.30872713515532846,0.31468623876571655,350124000,0.0,0.0
2009-11-18 00:00:00-05:00,0.31170679639183696,0.3128527761559781,0.30460171092523664,0.30987322330474854,455516000,0.0,0.0
2009-11-19 00:00:00-05:00,0.3032265154950771,0.3032265154950771,0.29199592506076133,0.29749661684036255,833840000,0.0,0.0
2009-11-20 00:00:00-05:00,0.29062072385704435,0.2970382154924413,0.2899331305885535,0.2956630289554596,426748000,0.0,0.0
2009-11-23 00:00:00-05:00,0.30001790632609393,0.305518600363572,0.29657996572208933,0.29795512557029724,390924000,0.0,0.0
2009-11-24 00:00:00-05:00,0.296579864540435,0.2986426172701765,0.2913083519482675,0.2961214780807495,418504000,0.0,0.0
2009-11-25 00:00:00-05:00,0.2995595335960388,0.3036850679765472,0.2974967527446224,0.2995595335960388,441760000,0.0,0.0
2009-11-27 00:00:00-05:00,0.28878722089029885,0.29657990095089737,0.28718285442327823,0.2931419610977173,279932000,0.0,0.0
2009-11-30 00:00:00-05:00,0.2942878698231173,0.29955938178660774,0.29107911034336587,0.2993301749229431,509836000,0.0,0.0
2009-12-01 00:00:00-05:00,0.3009346763926068,0.30872735807310414,0.2993303095920794,0.3052894175052643,461936000,0.0,0.0
2009-12-02 00:00:00-05:00,0.30597693236143847,0.31514477151697295,0.3041433590658684,0.3144571781158447,602292000,0.0,0.0
2009-12-03 00:00:00-05:00,0.31812440497109873,0.3238543058889857,0.31652003817855495,0.31697842478752136,660036000,0.0,0.0
2009-12-04 00:00:00-05:00,0.3229373405294817,0.3282088517019534,0.3178950088639743,0.32683366537094116,824564000,0.0,0.0
2009-12-07 00:00:00-05:00,0.3632759570460195,0.37702771484498243,0.3460862324750018,0.3687766492366791,2732184000,0.0,0.0
2009-12-08 00:00:00-05:00,0.36281761511756483,0.3644220090363786,0.34883664765742967,0.35089942812919617,1075512000,0.0,0.0
2009-12-09 00:00:00-05:00,0.3545665524205683,0.36235920528713356,0.35112858518847456,0.35960885882377625,671588000,0.0,0.0
2009-12-10 00:00:00-05:00,0.362130097262628,0.3644220576554915,0.35204545514063496,0.35319143533706665,417012000,0.0,0.0
2009-12-11 00:00:00-05:00,0.3561709545486617,0.3566293411180296,0.3476906800649143,0.34860748052597046,416744000,0.0,0.0
2009-12-14 00:00:00-05:00,0.35364969040825806,0.36029638946866144,0.3497533646541252,0.35915040969848633,405488000,0.0,0.0
2009-12-15 00:00:00-05:00,0.35662924021583375,0.3646510985382441,0.3557124673364834,0.3586920201778412,446152000,0.0,0.0
2009-12-16 00:00:00-05:00,0.37152704998250086,0.3916963017023527,0.3694642697675374,0.3875707685947418,1683400000,0.0,0.0
2009-12-17 00:00:00-05:00,0.3887167638364871,0.40063497713379054,0.38000731078165656,0.38573721051216125,1016132000,0.0,0.0
2009-12-18 00:00:00-05:00,0.38894591035275855,0.3903210696811322,0.38092402465350433,0.3855079710483551,812828000,0.0,0.0
2009-12-21 00:00:00-05:00,0.387800005776011,0.4008641722013211,0.3873416192443422,0.3992598056793213,427792000,0.0,0.0
2009-12-22 00:00:00-05:00,0.3992598557025416,0.4139284178099921,0.3988014691134416,0.4098028838634491,793044000,0.0,0.0
2009-12-23 00:00:00-05:00,0.41369916449709226,0.41667871797584977,0.40842765100733963,0.4155327379703522,442196000,0.0,0.0
2009-12-24 00:00:00-05:00,0.41667877188153307,0.41736636543824923,0.413011651782917,0.41461601853370667,136812000,0.0,0.0
2009-12-28 00:00:00-05:00,0.4139281917328413,0.4175953370873819,0.4038435556690079,0.40796908736228943,465760000,0.0,0.0
2009-12-29 00:00:00-05:00,0.4065940288060906,0.41415750089214876,0.4056772285797819,0.4130115211009979,475848000,0.0,0.0
2009-12-30 00:00:00-05:00,0.4169079888351689,0.43043057136700463,0.4139284348995222,0.42790940403938293,704008000,0.0,0.0
2009-12-31 00:00:00-05:00,0.42882605802747026,0.43432675008856747,0.42768007823788223,0.42813846468925476,700340000,0.0,0.0
2010-01-04 00:00:00-05:00,0.42424222532323796,0.42676339246540235,0.41507438454783396,0.4237838387489319,800204000,0.0,0.0
2010-01-05 00:00:00-05:00,0.422179373344118,0.4345559718898349,0.422179373344118,0.4299720525741577,728648000,0.0,0.0
2010-01-06 00:00:00-05:00,0.4297429551288155,0.4336392820750168,0.4256174212295289,0.4327225089073181,649168000,0.0,0.0
2010-01-07 00:00:00-05:00,0.43043054269380876,0.4322641163260878,0.4210334949048294,0.424242228269577,547792000,0.0,0.0
2010-01-08 00:00:00-05:00,0.4208042667384754,0.42813856089780505,0.4182831270282354,0.4251590073108673,478168000,0.0,0.0
2010-01-11 00:00:00-05:00,0.4274508901092388,0.42928446331750664,0.4132407182368991,0.4191998243331909,556612000,0.0,0.0
2010-01-12 00:00:00-05:00,0.4130115461327837,0.41461591247316953,0.3962802073811532,0.40498965978622437,627432000,0.0,0.0
2010-01-13 00:00:00-05:00,0.4077400473429584,0.411865580447595,0.3919255083289038,0.41049039363861084,508868000,0.0,0.0
2010-01-14 00:00:00-05:00,0.4054481571971367,0.40842768359127923,0.397197089570365,0.40407297015190125,608524000,0.0,0.0
2010-01-15 00:00:00-05:00,0.4010934143101872,0.4045313545827389,0.38688323932578367,0.3921547532081604,818192000,0.0,0.0
2010-01-19 00:00:00-05:00,0.3891752261007056,0.40201021492420397,0.38802924593154764,0.39948907494544983,545328000,0.0,0.0
2010-01-20 00:00:00-05:00,0.3944466674429781,0.39948900111322383,0.38917515417465043,0.3978846073150635,719728000,0.0,0.0
2010-01-21 00:00:00-05:00,0.3976554043822692,0.40476049062990754,0.3871123784642864,0.3907795250415802,608632000,0.0,0.0
2010-01-22 00:00:00-05:00,0.38619562272452357,0.3933007097920658,0.3749650294343505,0.37725698947906494,1067916000,0.0,0.0
2010-01-25 00:00:00-05:00,0.3834451762897365,0.39100864793229945,0.38069483041670776,0.38367438316345215,643676000,0.0,0.0
2010-01-26 00:00:00-05:00,0.3818408343318878,0.3843620008132393,0.3712978092746354,0.3715270161628723,714636000,0.0,0.0
2010-01-27 00:00:00-05:00,0.37129785556906203,0.3829868618802888,0.3671723223226104,0.3816116750240326,812504000,0.0,0.0
2010-01-28 00:00:00-05:00,0.38459118709887485,0.3859663738076967,0.36350513661594713,0.3687766492366791,687764000,0.0,0.0
2010-01-29 00:00:00-05:00,0.37290211353338343,0.37702764557961593,0.3472321485000742,0.3527328670024872,774700000,0.0,0.0
2010-02-01 00:00:00-05:00,0.3541080878311268,0.380465650684694,0.3511285348718267,0.37977805733680725,949832000,0.0,0.0
2010-02-02 00:00:00-05:00,0.3784028709687985,0.38848750893298634,0.37725689124484385,0.38367438316345215,849812000,0.0,0.0
2010-02-03 00:00:00-05:00,0.3802364091447687,0.38848747332999684,0.3784028362900169,0.38688308000564575,562296000,0.0,0.0
2010-02-04 00:00:00-05:00,0.3834452668699587,0.3834452668699587,0.3602964600487713,0.3644219934940338,783480000,0.0,0.0
2010-02-05 00:00:00-05:00,0.36396363186106556,0.3726730858808474,0.35754611066509984,0.37175628542900085,604856000,0.0,0.0
2010-02-08 00:00:00-05:00,0.3706102996891177,0.3800073470735189,0.3637344193558445,0.37106868624687195,445160000,0.0,0.0
2010-02-09 00:00:00-05:00,0.377027861505948,0.37886143539018546,0.3644220786200118,0.3680891990661621,930144000,0.0,0.0
2010-02-10 00:00:00-05:00,0.37038103361167746,0.3786320716921363,0.3678598671490767,0.37519413232803345,535828000,0.0,0.0
2010-02-11 00:00:00-05:00,0.3811532257108867,0.39650937622705074,0.3784028797738601,0.3923838436603546,695980000,0.0,0.0
2010-02-12 00:00:00-05:00,0.38963350935738955,0.40567722634512504,0.3852787697816163,0.3976553678512573,780212000,0.0,0.0
2010-02-16 00:00:00-05:00,0.402926906966059,0.40659405344892524,0.3981137806225864,0.40498965978622437,457024000,0.0,0.0
2010-02-17 00:00:00-05:00,0.4100322044830331,0.41026138417995256,0.39719721249635215,0.40888622403144836,876560000,0.0,0.0
2010-02-18 00:00:00-05:00,0.38642483739251526,0.38848761786743774,0.3715270968036818,0.3820701241493225,1515508000,0.0,0.0
2010-02-19 00:00:00-05:00,0.3804657131359973,0.3845912465781871,0.37817375314837165,0.3800073266029358,510548000,0.0,0.0
2010-02-22 00:00:00-05:00,0.3816117287390567,0.3873416565651145,0.3781737884368145,0.3806949555873871,458084000,0.0,0.0
2010-02-23 00:00:00-05:00,0.3818408343318878,0.38344520058260534,0.3676306629967267,0.3715270161628723,489764000,0.0,0.0
2010-02-24 00:00:00-05:00,0.37473583695686985,0.38298690436506483,0.373589856890305,0.3793197572231293,445868000,0.0,0.0
2010-02-25 00:00:00-05:00,0.37061024832313455,0.37679856162324593,0.3612132022411487,0.37588176131248474,576972000,0.0,0.0
2010-02-26 00:00:00-05:00,0.37404821257428017,0.37679858636484476,0.369005906162108,0.3712978661060333,393396000,0.0,0.0
2010-03-01 00:00:00-05:00,0.3715270675374416,0.38802917342530635,0.3685475141899189,0.3861956000328064,555868000,0.0,0.0
2010-03-02 00:00:00-05:00,0.38963356695615986,0.39444666637060366,0.38321607374791755,0.385966420173645,538648000,0.0,0.0
2010-03-03 00:00:00-05:00,0.38825843271648874,0.39032118598484267,0.37794461173007693,0.3811533451080322,399300000,0.0,0.0
2010-03-04 00:00:00-05:00,0.3827577174624836,0.3857372712560137,0.37702781682966463,0.38184094429016113,557396000,0.0,0.0
2010-03-05 00:00:00-05:00,0.37909056783883427,0.3962802683945458,0.37909056783883427,0.3935299217700958,632832000,0.0,0.0
2010-03-08 00:00:00-05:00,0.3937591452325492,0.3949051253176935,0.38619564388381195,0.38780003786087036,439312000,0.0,0.0
2010-03-09 00:00:00-05:00,0.3916964418838245,0.40613579926690424,0.39146723489269397,0.40223947167396545,830832000,0.0,0.0
2010-03-10 00:00:00-05:00,0.40109337845575643,0.4075108718553129,0.4008641715291473,0.4031561315059662,418520000,0.0,0.0
2010-03-11 00:00:00-05:00,0.399947327697986,0.4013225143696698,0.39238385564835154,0.3939882218837738,540660000,0.0,0.0
2010-03-12 00:00:00-05:00,0.3983430633240151,0.39948904340268904,0.3933007291199935,0.3953635096549988,520352000,0.0,0.0
2010-03-15 00:00:00-04:00,0.39490495638774126,0.39880128154602257,0.38963344478662715,0.3933005630970001,358904000,0.0,0.0
2010-03-16 00:00:00-04:00,0.3930715202852254,0.40934444712194673,0.39284231335759684,0.40705248713493347,664988000,0.0,0.0
2010-03-17 00:00:00-04:00,0.40934441635937796,0.42034582893474,0.40934441635937796,0.4148451089859009,651168000,0.0,0.0
2010-03-18 00:00:00-04:00,0.4155328031453426,0.4155328031453426,0.3965095266058787,0.40017667412757874,740964000,0.0,0.0
2010-03-19 00:00:00-04:00,0.4061357169300699,0.40728169700874384,0.39032117545097716,0.3953635096549988,584612000,0.0,0.0
2010-03-22 00:00:00-04:00,0.39032110704116046,0.40338529950619784,0.39032110704116046,0.4017809331417084,435336000,0.0,0.0
2010-03-23 00:00:00-04:00,0.40476052057134587,0.412094786946157,0.4020101467737637,0.4100320339202881,493612000,0.0,0.0
2010-03-24 00:00:00-04:00,0.4065940145685137,0.4077399943195361,0.39559257617192356,0.3962801694869995,436252000,0.0,0.0
2010-03-25 00:00:00-04:00,0.40201001700498723,0.40453118306483293,0.3965093258300807,0.3974260985851288,495184000,0.0,0.0
2010-03-26 00:00:00-04:00,0.40086403740002263,0.40498956944235703,0.39421736662015144,0.3974260985851288,344676000,0.0,0.0
2010-03-29 00:00:00-04:00,0.3999473952430568,0.4033853351805691,0.39444667494964625,0.40246856212615967,394456000,0.0,0.0
2010-03-30 00:00:00-04:00,0.40705252386836444,0.409115277113897,0.397197089570365,0.40407297015190125,324104000,0.0,0.0
2010-03-31 00:00:00-04:00,0.40246853295281054,0.4043021062510389,0.39673860614997836,0.39880138635635376,389840000,0.0,0.0
2010-04-01 00:00:00-04:00,0.40063501772528576,0.4052189379741226,0.3905503767844527,0.3946759104728699,339664000,0.0,0.0
2010-04-05 00:00:00-04:00,0.3971970344277754,0.40132256766841634,0.39673862059479104,0.4006349742412567,413636000,0.0,0.0
2010-04-06 00:00:00-04:00,0.39559262418667307,0.39650942449215437,0.3839036183785754,0.3907795250415802,809260000,0.0,0.0
2010-04-07 00:00:00-04:00,0.38825825834379435,0.39994726114094703,0.3850494990846207,0.3933005630970001,817468000,0.0,0.0
2010-04-08 00:00:00-04:00,0.3907794325678592,0.39375898504154205,0.38482032762049334,0.38688308000564575,1037600000,0.0,0.0
2010-04-09 00:00:00-04:00,0.3859664166483075,0.3907795433411065,0.3839036363561149,0.3894043564796448,817572000,0.0,0.0
2010-04-12 00:00:00-04:00,0.3898627387580154,0.3981138051925288,0.38917514533475317,0.39650943875312805,546460000,0.0,0.0
2010-04-13 00:00:00-04:00,0.39811366309504603,0.40613551975114986,0.3965092972282867,0.40476036071777344,648696000,0.0,0.0
2010-04-14 00:00:00-04:00,0.4134700312208921,0.41553278453300285,0.4033853896490846,0.4098028838634491,900720000,0.0,0.0
2010-04-15 00:00:00-04:00,0.411177974893638,0.41530350787637366,0.4070524419109024,0.41278234124183655,957596000,0.0,0.0
2010-04-16 00:00:00-04:00,0.3960510382786397,0.39765540466146376,0.3822992522652907,0.3910087049007416,1917736000,0.0,0.0
2010-04-19 00:00:00-04:00,0.38802928574072276,0.39032124631417836,0.3761110962232188,0.38917526602745056,1094492000,0.0,0.0
2010-04-20 00:00:00-04:00,0.3919254722602006,0.39605100498516654,0.3855079799460661,0.39055028557777405,678188000,0.0,0.0
2010-04-21 00:00:00-04:00,0.3926131061863217,0.3930714926870767,0.375881766669076,0.38046568632125854,895908000,0.0,0.0
2010-04-22 00:00:00-04:00,0.37427744344792563,0.3832161041946174,0.36900592977510527,0.3820701241493225,656932000,0.0,0.0
2010-04-23 00:00:00-04:00,0.38092419653433446,0.381840997155909,0.37015198731769067,0.37679868936538696,752916000,0.0,0.0
2010-04-26 00:00:00-04:00,0.37725695349365734,0.385049605973441,0.37656936008136666,0.38046568632125854,491092000,0.0,0.0
2010-04-27 00:00:00-04:00,0.37771537788088283,0.38161170451159293,0.3685475376569442,0.3696935176849365,606704000,0.0,0.0
2010-04-28 00:00:00-04:00,0.3694642867086158,0.37565260031494346,0.3628175865853832,0.37038108706474304,672164000,0.0,0.0
2010-04-29 00:00:00-04:00,0.371527062485877,0.38207008885766264,0.3660263423831692,0.3816116750240326,987128000,0.0,0.0
2010-04-30 00:00:00-04:00,0.37702776843388364,0.3777153618860258,0.35983806874191926,0.3600672483444214,1068048000,0.0,0.0
2010-05-03 00:00:00-04:00,0.36190082242537897,0.36396360278550666,0.35067020221308737,0.3561709225177765,1078972000,0.0,0.0
2010-05-04 00:00:00-04:00,0.3506701813900274,0.3513577748025735,0.3330220688647157,0.33806440234184265,1311376000,0.0,0.0
2010-05-05 00:00:00-04:00,0.3311885978642641,0.34081482585298195,0.328209043950005,0.33233457803726196,1330840000,0.0,0.0
2010-05-06 00:00:00-04:00,0.3300425028326988,0.3369183814778018,0.2988718147236605,0.3254585564136505,1002888000,0.0,0.0
2010-05-07 00:00:00-04:00,0.328438188684998,0.328438188684998,0.30849811393619564,0.3199579417705536,1153712000,0.0,0.0
2010-05-10 00:00:00-04:00,0.33921031649932215,0.343335848852547,0.3300424789687387,0.33370959758758545,979156000,0.0,0.0
2010-05-11 00:00:00-04:00,0.330500987212755,0.3366892743626132,0.32752143345250595,0.33004260063171387,829124000,0.0,0.0
2010-05-12 00:00:00-04:00,0.3323345499840581,0.3382936299872326,0.3302717694533929,0.33646008372306824,901236000,0.0,0.0
2010-05-13 00:00:00-04:00,0.3350847125945726,0.35044085903711025,0.3325635468830889,0.335772305727005,1252000000,0.0,0.0
2010-05-14 00:00:00-04:00,0.31308197070818444,0.3139987435544686,0.28878716241391283,0.2970382273197174,2493068000,0.0,0.0
2010-05-17 00:00:00-04:00,0.29749661962458784,0.3013929726041087,0.28832878169124415,0.2977258265018463,856060000,0.0,0.0
2010-05-18 00:00:00-04:00,0.3002470089784894,0.30208058229489354,0.2862660431785133,0.2878704369068146,674112000,0.0,0.0
2010-05-19 00:00:00-04:00,0.2864951969681229,0.2929126887244734,0.2844324444460833,0.2924543023109436,826520000,0.0,0.0
2010-05-20 00:00:00-04:00,0.2839741547764647,0.2924544300821359,0.2752646998250572,0.28557854890823364,1129136000,0.0,0.0
2010-05-21 00:00:00-04:00,0.2773275237641707,0.29978874456170057,0.2773275237641707,0.291766881942749,1069600000,0.0,0.0
2010-05-24 00:00:00-04:00,0.2908500432579641,0.29428798360833475,0.28236976853585943,0.28328654170036316,664564000,0.0,0.0
2010-05-25 00:00:00-04:00,0.274347710975104,0.29222499344114394,0.27159733880932746,0.29084983468055725,966652000,0.0,0.0
2010-05-26 00:00:00-04:00,0.30253912225302004,0.30826902417929686,0.2913084980841209,0.29222527146339417,995028000,0.0,0.0
2010-05-27 00:00:00-04:00,0.2995594890053039,0.30941492319107056,0.2988718954905164,0.30941492319107056,713560000,0.0,0.0
2010-05-28 00:00:00-04:00,0.30895644136904565,0.30895644136904565,0.29657984388560343,0.30116376280784607,545116000,0.0,0.0
2010-06-01 00:00:00-04:00,0.29703827927993065,0.3004762190383547,0.2880996195146382,0.2883288264274597,527492000,0.0,0.0
2010-06-02 00:00:00-04:00,0.2887872658305388,0.2919960265862353,0.2869536921590439,0.2915376126766205,649088000,0.0,0.0
2010-06-03 00:00:00-04:00,0.2855783248453315,0.29176660758209244,0.2846615250147326,0.29107901453971863,586360000,0.0,0.0
2010-06-04 00:00:00-04:00,0.2825989922462766,0.28764129959469836,0.27572308381547245,0.2773274779319763,671456000,0.0,0.0
2010-06-07 00:00:00-04:00,0.278473441963183,0.28030701561688165,0.262429692985061,0.2635756731033325,577248000,0.0,0.0
2010-06-08 00:00:00-04:00,0.2624296982695007,0.2624296982695007,0.24959470975747863,0.25624141097068787,967636000,0.0,0.0
2010-06-09 00:00:00-04:00,0.25761645966527086,0.26449236487085676,0.24913621574035918,0.2500529885292053,697152000,0.0,0.0
2010-06-10 00:00:00-04:00,0.25509542966292337,0.26128371693344044,0.25440783611679446,0.26013773679733276,611768000,0.0,0.0
2010-06-11 00:00:00-04:00,0.2573873763295445,0.26724281044357273,0.256699782819762,0.266096830368042,442104000,0.0,0.0
2010-06-14 00:00:00-04:00,0.2699931433335104,0.2704515298757838,0.25967932318192466,0.26036691665649414,375080000,0.0,0.0
2010-06-15 00:00:00-04:00,0.2633465074395688,0.27457710226531185,0.2628880935100914,0.27320194244384766,528632000,0.0,0.0
2010-06-16 00:00:00-04:00,0.2713683729492147,0.2738895403115933,0.2660968585784469,0.2697640061378479,366480000,0.0,0.0
2010-06-17 00:00:00-04:00,0.27916095275492403,0.28076531898050355,0.2695347007568208,0.28007772564888,859068000,0.0,0.0
2010-06-18 00:00:00-04:00,0.2816821661933084,0.2853493133812963,0.2796194129765153,0.28191137313842773,932832000,0.0,0.0
2010-06-21 00:00:00-04:00,0.2878703954684524,0.2885579614561036,0.27274345193850624,0.27526459097862244,579836000,0.0,0.0
2010-06-22 00:00:00-04:00,0.27870250807639346,0.2821404470309167,0.26357556574756746,0.2649507522583008,818164000,0.0,0.0
2010-06-23 00:00:00-04:00,0.2674719721600617,0.2706807049000465,0.25990847215370705,0.26793035864830017,614060000,0.0,0.0
2010-06-24 00:00:00-04:00,0.266325948333562,0.2677011350347622,0.25372017042104394,0.2546369433403015,725028000,0.0,0.0
2010-06-25 00:00:00-04:00,0.2564705432145289,0.2566997501293739,0.24982387055182417,0.2539494037628174,507220000,0.0,0.0
2010-06-28 00:00:00-04:00,0.2557829801441872,0.258074940030517,0.24982387351080287,0.2544077932834625,372008000,0.0,0.0
2010-06-29 00:00:00-04:00,0.24890698943224512,0.24913619627270125,0.23859317341325922,0.2401975393295288,660808000,0.0,0.0
2010-06-30 00:00:00-04:00,0.2406559826828109,0.2431771492356864,0.23400931060314178,0.23400931060314178,623072000,0.0,0.0
2010-07-01 00:00:00-04:00,0.2346969626397765,0.23951006273175893,0.22759186133318138,0.23790569603443146,737008000,0.0,0.0
2010-07-02 00:00:00-04:00,0.23882247331900877,0.23928085985623915,0.22690425941710837,0.23492611944675446,737096000,0.0,0.0
2010-07-06 00:00:00-04:00,0.23400934360570397,0.24157281700870006,0.23034219670657916,0.23240497708320618,712020000,0.0,0.0
2010-07-07 00:00:00-04:00,0.23332165971674468,0.24501066202028945,0.23286327336259358,0.24363547563552856,608412000,0.0,0.0
2010-07-08 00:00:00-04:00,0.24523997866981395,0.24546915828835567,0.2333217641914117,0.23630131781101227,783272000,0.0,0.0
2010-07-09 00:00:00-04:00,0.2374472739677683,0.23882246082986291,0.2342385137303199,0.23721806704998016,571516000,0.0,0.0
2010-07-12 00:00:00-04:00,0.23721810119337142,0.24455239575042986,0.23698892156491397,0.24157284200191498,565396000,0.0,0.0
2010-07-13 00:00:00-04:00,0.24546907268956578,0.25188656425029343,0.24409391349089501,0.2502821981906891,723316000,0.0,0.0
2010-07-14 00:00:00-04:00,0.26128359917619115,0.26311717203205937,0.2491362097436621,0.25280335545539856,1355664000,0.0,0.0
2010-07-15 00:00:00-04:00,0.25303256804359253,0.25326177492638696,0.24271875011947425,0.24569830298423767,953088000,0.0,0.0
2010-07-16 00:00:00-04:00,0.24569833212522504,0.24638592553284736,0.2294254065415338,0.23034217953681946,1288604000,0.0,0.0
2010-07-19 00:00:00-04:00,0.23355090929314581,0.24065596738843242,0.23194651577656286,0.23973919451236725,798440000,0.0,0.0
2010-07-20 00:00:00-04:00,0.23355091196470246,0.24707346231406568,0.23148813198649107,0.24569830298423767,1160988000,0.0,0.0
2010-07-21 00:00:00-04:00,0.2479902568788366,0.24821943643410221,0.23538445238061226,0.23767641186714172,624940000,0.0,0.0
2010-07-22 00:00:00-04:00,0.24019765494188627,0.24409400917119395,0.23882249520417856,0.24157284200191498,462612000,0.0,0.0
2010-07-23 00:00:00-04:00,0.24134370912240868,0.24157291614353352,0.23515542009766155,0.23744738101959229,817604000,0.0,0.0
2010-07-26 00:00:00-04:00,0.23675967106874843,0.24271877746976553,0.2330925244646893,0.24180197715759277,683548000,0.0,0.0
2010-07-27 00:00:00-04:00,0.24248954046287538,0.24294792690090797,0.23675964168168653,0.23973919451236725,683472000,0.0,0.0
2010-07-28 00:00:00-04:00,0.23584285373157557,0.23996838605480805,0.23148811454282042,0.23217570781707764,1320808000,0.0,0.0
2010-07-29 00:00:00-04:00,0.2154444885307574,0.22002840945870053,0.2078810135351864,0.20925618708133698,2664476000,0.0,0.0
2010-07-30 00:00:00-04:00,0.20765177245865474,0.2142984590075881,0.2044430258149119,0.21063132584095,984288000,0.0,0.0
2010-08-02 00:00:00-04:00,0.21429839550955496,0.21521518194485428,0.20948527013952215,0.21040205657482147,917020000,0.0,0.0
2010-08-03 00:00:00-04:00,0.20879778258371756,0.20902697587826755,0.20329707520871382,0.20490144193172455,955444000,0.0,0.0
2010-08-04 00:00:00-04:00,0.20673500701004544,0.21429848104367194,0.205818220208824,0.21361088752746582,855496000,0.0,0.0
2010-08-05 00:00:00-04:00,0.21429848750401576,0.2168196410375084,0.2104021468966538,0.21636125445365906,800504000,0.0,0.0
2010-08-06 00:00:00-04:00,0.21544448596452287,0.22117438705620096,0.21361091215072117,0.21888242661952972,739904000,0.0,0.0
2010-08-09 00:00:00-04:00,0.2211743130925776,0.22140351998852434,0.2156736071518433,0.22094511985778809,466456000,0.0,0.0
2010-08-10 00:00:00-04:00,0.21727796019831078,0.21773634661109859,0.2108604684523481,0.21177725493907928,772560000,0.0,0.0
2010-08-11 00:00:00-04:00,0.2074225700809256,0.2074225700809256,0.2028386501068991,0.20352624356746674,796148000,0.0,0.0
2010-08-12 00:00:00-04:00,0.19985902369147324,0.20994366034585613,0.19825465775077614,0.20535974204540253,1343584000,0.0,0.0
2010-08-13 00:00:00-04:00,0.21200651880841068,0.21819481941057403,0.21154811858168002,0.215215265750885,1797392000,0.0,0.0
2010-08-16 00:00:00-04:00,0.21223563976885437,0.21659036530248,0.20696412775533568,0.20971448719501495,814008000,0.0,0.0
2010-08-17 00:00:00-04:00,0.21177728929165476,0.21636120880771662,0.20971452277719538,0.21246486902236938,481224000,0.0,0.0
2010-08-18 00:00:00-04:00,0.2117773275861832,0.21544446112990867,0.21040214055377093,0.21361088752746582,352920000,0.0,0.0
2010-08-19 00:00:00-04:00,0.21590284120613681,0.22713346210686083,0.2147568611543682,0.22644586861133575,1615100000,0.0,0.0
2010-08-20 00:00:00-04:00,0.22484148824520436,0.23400934175952917,0.22461229498110702,0.2285086214542389,1305308000,0.0,0.0
2010-08-23 00:00:00-04:00,0.22919618826473154,0.23492608750688687,0.22438306197239516,0.22507065534591675,748620000,0.0,0.0
2010-08-24 00:00:00-04:00,0.21773638793917546,0.22507066756397318,0.21727800143938228,0.22277870774269104,641332000,0.0,0.0
2010-08-25 00:00:00-04:00,0.22025750212802592,0.2291961460309014,0.21911150882960892,0.22736257314682007,757532000,0.0,0.0
2010-08-26 00:00:00-04:00,0.23034219555231467,0.23286336244811895,0.224612295627594,0.224612295627594,657596000,0.0,0.0
2010-08-27 00:00:00-04:00,0.22598743564475188,0.2337801011286547,0.22025753656264052,0.23194652795791626,1060416000,0.0,0.0
2010-08-30 00:00:00-04:00,0.22919618559946817,0.23102975880009868,0.22094511985778809,0.22094511985778809,602804000,0.0,0.0
2010-08-31 00:00:00-04:00,0.2177364088944938,0.22461230268124596,0.21315248881076534,0.2138400822877884,931488000,0.0,0.0
2010-09-01 00:00:00-04:00,0.21704882581190002,0.21979917235627877,0.21429846560636204,0.2154444456100464,851440000,0.0,0.0
2010-09-02 00:00:00-04:00,0.21613206895406087,0.22002839604073857,0.2140693019300475,0.21934081614017487,596292000,0.0,0.0
2010-09-03 00:00:00-04:00,0.22461229813649167,0.22759183793393217,0.2218619379452091,0.2269042581319809,566484000,0.0,0.0
2010-09-07 00:00:00-04:00,0.2262166067838881,0.2342384647154434,0.22575822036654722,0.22896696627140045,899820000,0.0,0.0
2010-09-08 00:00:00-04:00,0.22942537987219558,0.23813483160425172,0.22690421344475648,0.23653043806552887,1224156000,0.0,0.0
2010-09-09 00:00:00-04:00,0.23951008865741788,0.23973929563426985,0.23034224674052506,0.23332180082798004,697748000,0.0,0.0
2010-09-10 00:00:00-04:00,0.2349261174024358,0.2356137108634572,0.2287378308978799,0.2308005839586258,609292000,0.0,0.0
2010-09-13 00:00:00-04:00,0.2349260714021123,0.24684428286662377,0.2349260714021123,0.2438647300004959,1015792000,0.0,0.0
2010-09-14 00:00:00-04:00,0.24180202163037245,0.2447815753788873,0.23951006141187192,0.24157284200191498,698536000,0.0,0.0
2010-09-15 00:00:00-04:00,0.23928070790943493,0.24226025949285052,0.23607194954179464,0.2420310527086258,555572000,0.0,0.0
2010-09-16 00:00:00-04:00,0.23882245670699112,0.24432314941577518,0.23882245670699112,0.2422603964805603,365280000,0.0,0.0
2010-09-17 00:00:00-04:00,0.2445523507717951,0.2447815303581013,0.24111441107635814,0.24180197715759277,416884000,0.0,0.0
2010-09-20 00:00:00-04:00,0.24180212331600406,0.24638607300302554,0.23951016213365955,0.24546927213668823,443168000,0.0,0.0
2010-09-21 00:00:00-04:00,0.24409403237171515,0.2628881024852841,0.24409403237171515,0.25876256823539734,1779624000,0.0,0.0
2010-09-22 00:00:00-04:00,0.2578457553279171,0.263346475922419,0.2562413887337238,0.26105451583862305,999996000,0.0,0.0
2010-09-23 00:00:00-04:00,0.2640340500740985,0.274577077707309,0.2617420899209936,0.26632601022720337,1240872000,0.0,0.0
2010-09-24 00:00:00-04:00,0.2722850527177989,0.28191130492649624,0.27022230000011443,0.2809945046901703,1086976000,0.0,0.0
2010-09-27 00:00:00-04:00,0.2830572999796602,0.28328647955935327,0.27136829442354227,0.27503544092178345,999504000,0.0,0.0
2010-09-28 00:00:00-04:00,0.275264614683681,0.27824416773523886,0.2695347154777292,0.27434784173965454,723192000,0.0,0.0
2010-09-29 00:00:00-04:00,0.2718267172549141,0.28030699125082087,0.2693055502849442,0.2722851037979126,974904000,0.0,0.0
2010-09-30 00:00:00-04:00,0.27572294668576103,0.2789317060005823,0.26540913015257467,0.26770108938217163,787632000,0.0,0.0
2010-10-01 00:00:00-04:00,0.2715975381584093,0.2720559520707097,0.2580749834812676,0.26013773679733276,999120000,0.0,0.0
2010-10-04 00:00:00-04:00,0.25761649012565613,0.2619712296933514,0.2523449776607161,0.25761649012565613,749500000,0.0,0.0
2010-10-05 00:00:00-04:00,0.2631172546764586,0.2635756412038262,0.258762514360671,0.25945010781288147,753588000,0.0,0.0
2010-10-06 00:00:00-04:00,0.25945002296815917,0.26059600257298177,0.24455228810546514,0.24707342684268951,1057604000,0.0,0.0
2010-10-07 00:00:00-04:00,0.24821952946186576,0.24844873642534585,0.23790570790706708,0.2452400028705597,761488000,0.0,0.0
2010-10-08 00:00:00-04:00,0.24432315453804254,0.2509698546330152,0.24088521469239652,0.24890707433223724,706932000,0.0,0.0
2010-10-11 00:00:00-04:00,0.25005300032855654,0.2521157801842625,0.24661506122469115,0.24776104092597961,442680000,0.0,0.0
2010-10-12 00:00:00-04:00,0.24569826815260093,0.2537201254008004,0.24363548846682137,0.2525741457939148,605208000,0.0,0.0
2010-10-13 00:00:00-04:00,0.25669985258586336,0.26357573490778075,0.25394950512156195,0.2599085867404938,968732000,0.0,0.0
2010-10-14 00:00:00-04:00,0.2601376137695447,0.2605960001427372,0.25463689532430894,0.2557829022407532,599172000,0.0,0.0
2010-10-15 00:00:00-04:00,0.25990854845357014,0.2628881024852841,0.25578304152600695,0.25876256823539734,639940000,0.0,0.0
2010-10-18 00:00:00-04:00,0.2589917297073552,0.261512896673337,0.2544078096399838,0.26036691665649414,448156000,0.0,0.0
2010-10-19 00:00:00-04:00,0.2546370339855106,0.2605961420489385,0.25257428052172903,0.25876256823539734,866136000,0.0,0.0
2010-10-20 00:00:00-04:00,0.25899177520796135,0.265867656516998,0.2544078543352702,0.25876256823539734,763532000,0.0,0.0
2010-10-21 00:00:00-04:00,0.2589917102602392,0.2594500967680934,0.25028225732174336,0.25417858362197876,1014428000,0.0,0.0
2010-10-22 00:00:00-04:00,0.2557829833836503,0.27251429623022155,0.25303260962736773,0.27045151591300964,1322676000,0.0,0.0
2010-10-25 00:00:00-04:00,0.27251428667518335,0.27503545342260477,0.2699931199277619,0.2729726731777191,673136000,0.0,0.0
2010-10-26 00:00:00-04:00,0.2697638456985362,0.2761813364495889,0.26747188666761074,0.27205580472946167,675248000,0.0,0.0
2010-10-27 00:00:00-04:00,0.26953472711096305,0.2768689929466685,0.2688471337121091,0.27595221996307373,496796000,0.0,0.0
2010-10-28 00:00:00-04:00,0.27961936933079895,0.2805361423235369,0.273660262911054,0.2761814296245575,704448000,0.0,0.0
2010-10-29 00:00:00-04:00,0.27572295037042066,0.27847332334053937,0.2727434251899747,0.2754937708377838,554664000,0.0,0.0
2010-11-01 00:00:00-04:00,0.27732740676078166,0.2816821194163304,0.27366026018177103,0.27595221996307373,473920000,0.0,0.0
2010-11-02 00:00:00-04:00,0.2770982138799857,0.2862660534692575,0.27549384741632654,0.2816821336746216,581036000,0.0,0.0
2010-11-03 00:00:00-04:00,0.28351569451017067,0.28557847471986036,0.2761814286277889,0.2837449014186859,671748000,0.0,0.0
2010-11-04 00:00:00-04:00,0.28649531084494967,0.28947486470068007,0.28374496394824544,0.28420335054397583,700016000,0.0,0.0
2010-11-05 00:00:00-04:00,0.2862660814088391,0.2915375951516338,0.284890921729623,0.289016455411911,735116000,0.0,0.0
2010-11-08 00:00:00-05:00,0.28878728673326837,0.2926836139907645,0.2864953263085856,0.29016247391700745,605156000,0.0,0.0
2010-11-09 00:00:00-05:00,0.290162430001257,0.2924543900790543,0.28695366949894924,0.2885580360889435,633964000,0.0,0.0
2010-11-10 00:00:00-05:00,0.29062093387578697,0.2919961214065552,0.2864953986058128,0.2919961214065552,521016000,0.0,0.0
2010-11-11 00:00:00-05:00,0.28512010134833243,0.29382955527264715,0.28122377460707365,0.289016455411911,1089980000,0.0,0.0
2010-11-12 00:00:00-05:00,0.300017803844887,0.3135403819949394,0.29864261714409734,0.3039141297340393,2142560000,0.0,0.0
2010-11-15 00:00:00-05:00,0.3052894077023017,0.3096441213528047,0.2995595069398913,0.30024707317352295,733548000,0.0,0.0
2010-11-16 00:00:00-05:00,0.295204548383349,0.29933007935598144,0.29084983794253255,0.2913082242012024,739356000,0.0,0.0
2010-11-17 00:00:00-05:00,0.29107914505726784,0.29955941751186127,0.2883287989768412,0.2961214780807495,551764000,0.0,0.0
2010-11-18 00:00:00-05:00,0.30001790317011195,0.3082689714618567,0.30001790317011195,0.3052894175052643,993120000,0.0,0.0
2010-11-19 00:00:00-05:00,0.30460169353618355,0.3162906973920485,0.3041433071211579,0.31514471769332886,716484000,0.0,0.0
2010-11-22 00:00:00-05:00,0.31308208628002054,0.3172075929335101,0.31033171208126514,0.3153740465641022,462668000,0.0,0.0
2010-11-23 00:00:00-05:00,0.3117068718891956,0.314915605077041,0.3057477647434033,0.30803972482681274,457832000,0.0,0.0
2010-11-24 00:00:00-05:00,0.31124848341823635,0.3167491766555813,0.31101927648238065,0.31560319662094116,397784000,0.0,0.0
2010-11-26 00:00:00-05:00,0.3153739876908593,0.31720753371798527,0.3117068409919739,0.3117068409919739,143104000,0.0,0.0
2010-11-29 00:00:00-05:00,0.31033159202978183,0.3162906973920485,0.30895643278470497,0.31514471769332886,468192000,0.0,0.0
2010-11-30 00:00:00-05:00,0.3103316247658273,0.3135403846541125,0.30620609195078297,0.31193599104881287,720936000,0.0,0.0
2010-12-01 00:00:00-05:00,0.31812438136721344,0.32775060873056144,0.31766599479225793,0.32568785548210144,626536000,0.0,0.0
2010-12-02 00:00:00-05:00,0.3256878250004844,0.33164693188414596,0.3254586180732981,0.32958415150642395,529316000,0.0,0.0
2010-12-03 00:00:00-05:00,0.32797988389376864,0.3389813005924225,0.32729229022716655,0.3389813005924225,606044000,0.0,0.0
2010-12-06 00:00:00-05:00,0.3401271105871727,0.34081470390941493,0.3311884793649621,0.3325636386871338,438424000,0.0,0.0
2010-12-07 00:00:00-05:00,0.3403563436530252,0.3513577556883244,0.33966875027788496,0.343335896730423,1026812000,0.0,0.0
2010-12-08 00:00:00-05:00,0.34287756303779166,0.34998262281517034,0.3403563960482682,0.34631550312042236,613252000,0.0,0.0
2010-12-09 00:00:00-05:00,0.33806439047646947,0.3428775168730447,0.33325126407989425,0.34058552980422974,942408000,0.0,0.0
2010-12-10 00:00:00-05:00,0.34058560632655954,0.3458571203923685,0.33966883315090646,0.34264838695526123,451900000,0.0,0.0
2010-12-13 00:00:00-05:00,0.34402344501048276,0.3447110109731811,0.3330220070949528,0.3339388072490692,609108000,0.0,0.0
2010-12-14 00:00:00-05:00,0.3403564841991873,0.3465447724861998,0.3339389889183748,0.3343973755836487,755160000,0.0,0.0
2010-12-15 00:00:00-05:00,0.3350847621473629,0.33921029422974136,0.32660449113046475,0.3270629048347473,624176000,0.0,0.0
2010-12-16 00:00:00-05:00,0.3305008468502363,0.3323344197180102,0.32660449426035076,0.32752129435539246,631872000,0.0,0.0
2010-12-17 00:00:00-05:00,0.3277506667742708,0.33118863500109313,0.3238543392136396,0.32935506105422974,593156000,0.0,0.0
2010-12-20 00:00:00-05:00,0.3305009100714316,0.33210527639176535,0.3277505365824998,0.3279797434806824,344088000,0.0,0.0
2010-12-21 00:00:00-05:00,0.331188513916982,0.3408147394657135,0.33095930701155113,0.3408147394657135,466952000,0.0,0.0
2010-12-22 00:00:00-05:00,0.34012717491920014,0.34494030176294305,0.3369184419049168,0.3444819152355194,477988000,0.0,0.0
2010-12-23 00:00:00-05:00,0.34448192492603896,0.34448192492603896,0.3405855710275361,0.34196075797080994,273784000,0.0,0.0
2010-12-27 00:00:00-05:00,0.3410439696123694,0.34631548289567843,0.3348556559671749,0.3437943160533905,255500000,0.0,0.0
2010-12-28 00:00:00-05:00,0.34379436436870936,0.3460863246120484,0.34035642400370086,0.34241917729377747,194260000,0.0,0.0
2010-12-29 00:00:00-05:00,0.3421899976628363,0.3449403444903789,0.3392104438820313,0.34241917729377747,177660000,0.0,0.0
2010-12-30 00:00:00-05:00,0.34196079925060674,0.34562794666047075,0.3408148191003145,0.3435651659965515,174488000,0.0,0.0
2010-12-31 00:00:00-05:00,0.34379429708937354,0.3534205500854306,0.3433359105948746,0.3529621362686157,391252000,0.0,0.0
2011-01-03 00:00:00-05:00,0.355712525914754,0.36602634545631924,0.35525411207727514,0.36258840560913086,817448000,0.0,0.0
2011-01-04 00:00:00-05:00,0.3632759602914062,0.36488032658448855,0.3534205283163081,0.3614423871040344,651384000,0.0,0.0
2011-01-05 00:00:00-05:00,0.36808920689379904,0.38963368000000187,0.3644220863696652,0.38917526602745056,1428216000,0.0,0.0
2011-01-06 00:00:00-05:00,0.3992597058747906,0.44326537568340313,0.3981137261709246,0.44303616881370544,3493312000,0.0,0.0
2011-01-07 00:00:00-05:00,0.4379939584831443,0.45678805155658975,0.42813852543001696,0.4554128646850586,2579984000,0.0,0.0
2011-01-10 00:00:00-05:00,0.4471616993519137,0.4737484392999285,0.4437237602546175,0.472831666469574,1750348000,0.0,0.0
2011-01-11 00:00:00-05:00,0.4792494003475662,0.4838333211982514,0.4554129682082856,0.46549758315086365,2711088000,0.0,0.0
2011-01-12 00:00:00-05:00,0.46572662605216336,0.5356314176197423,0.4641222598782098,0.5351730585098267,3431896000,0.0,0.0
2011-01-13 00:00:00-05:00,0.5294430208478617,0.5464035611650367,0.512940894188572,0.5360897183418274,2695192000,0.0,0.0
2011-01-14 00:00:00-05:00,0.5269220924813534,0.5496125120258263,0.5237133595303293,0.5406738519668579,1595352000,0.0,0.0
2011-01-18 00:00:00-05:00,0.5333395189158094,0.5370066654361656,0.5150038409586596,0.5280680060386658,1813348000,0.0,0.0
2011-01-19 00:00:00-05:00,0.5282972479267132,0.5409029993827702,0.5124827090659106,0.5136286616325378,1197896000,0.0,0.0
2011-01-20 00:00:00-05:00,0.5085865652591925,0.5170668140134592,0.49941866821591263,0.5140872597694397,1111408000,0.0,0.0
2011-01-21 00:00:00-05:00,0.5195877322949771,0.5269220249382932,0.5083571137613454,0.509273886680603,739244000,0.0,0.0
2011-01-24 00:00:00-05:00,0.5326519880200766,0.5741365571610785,0.5266929357005758,0.5668022632598877,2056900000,0.0,0.0
2011-01-25 00:00:00-05:00,0.5642809322112757,0.5702400377309182,0.545716076995119,0.5493832230567932,1086856000,0.0,0.0
2011-01-26 00:00:00-05:00,0.5551134301666787,0.5729907575395746,0.551217102195712,0.562447726726532,1074660000,0.0,0.0
2011-01-27 00:00:00-05:00,0.5704694238337952,0.5718445561590503,0.5500709628327428,0.5608431696891785,657396000,0.0,0.0
2011-01-28 00:00:00-05:00,0.5622183490632958,0.5716153688228808,0.5317352204579545,0.5445702075958252,1094796000,0.0,0.0
2011-01-31 00:00:00-05:00,0.5454871232688835,0.5558009177772363,0.5365484612889037,0.5482374429702759,750160000,0.0,0.0
2011-02-01 00:00:00-05:00,0.5530505163859661,0.5649686759542208,0.549383369347796,0.5608431696891785,654104000,0.0,0.0
2011-02-02 00:00:00-05:00,0.5576343960966167,0.5998065020113332,0.5576343960966167,0.5862839221954346,1606616000,0.0,0.0
2011-02-03 00:00:00-05:00,0.5872006672721422,0.5872006672721422,0.5626766483068163,0.5752824544906616,1030776000,0.0,0.0
2011-02-04 00:00:00-05:00,0.5833042628464052,0.5929304598990293,0.5810123033608341,0.588346540927887,872900000,0.0,0.0
2011-02-07 00:00:00-05:00,0.580324881300481,0.5828460210851925,0.5617599657377421,0.5638227462768555,934236000,0.0,0.0
2011-02-08 00:00:00-05:00,0.5645101478892943,0.5681772938306661,0.5445700520789521,0.5470912456512451,1076584000,0.0,0.0
2011-02-09 00:00:00-05:00,0.5491540442016785,0.5546547911708486,0.5239424876232897,0.5337979197502136,1277520000,0.0,0.0
2011-02-10 00:00:00-05:00,0.5218799222893998,0.5319645927868025,0.5179835946791246,0.5230259299278259,1042352000,0.0,0.0
2011-02-11 00:00:00-05:00,0.5211920853636762,0.5548839401111978,0.5127118404472393,0.5379233956336975,1359276000,0.0,0.0
2011-02-14 00:00:00-05:00,0.5443410982801365,0.5615308281021225,0.5276097823826663,0.5296725630760193,1287828000,0.0,0.0
2011-02-15 00:00:00-05:00,0.5305892371135552,0.5324227831796393,0.5145454631344641,0.516837477684021,886980000,0.0,0.0
2011-02-16 00:00:00-05:00,0.5237133250855455,0.5434241899806395,0.5218797244879605,0.5358607172966003,1318364000,0.0,0.0
2011-02-17 00:00:00-05:00,0.5207339243757939,0.5961394937085537,0.5182127296466019,0.5885760188102722,3470096000,0.0,0.0
2011-02-18 00:00:00-05:00,0.5853669819778825,0.5947640540211644,0.578261924040699,0.5874297618865967,1394412000,0.0,0.0
2011-02-22 00:00:00-05:00,0.5681774203721361,0.5697817868329356,0.5301308205709111,0.5319644212722778,1396648000,0.0,0.0
2011-02-23 00:00:00-05:00,0.5319642764162195,0.5370065540215181,0.4991891987586815,0.5067526698112488,1491604000,0.0,0.0
2011-02-24 00:00:00-05:00,0.50927390858399,0.5280680001379113,0.5056068167492416,0.5191293954849243,1246120000,0.0,0.0
2011-02-25 00:00:00-05:00,0.5331102366118992,0.5386109280102123,0.5257759449844017,0.5299015045166016,775652000,0.0,0.0
2011-02-28 00:00:00-05:00,0.5386110878796083,0.5388403221291848,0.5074404211776632,0.5193586349487305,903696000,0.0,0.0
2011-03-01 00:00:00-05:00,0.520275157378646,0.5269218545216932,0.4962095618247986,0.4962095618247986,988448000,0.0,0.0
2011-03-02 00:00:00-05:00,0.4955220744352732,0.5049191460964244,0.46412223655440615,0.4755820333957672,1718140000,0.0,0.0
2011-03-03 00:00:00-05:00,0.4865836477111848,0.4893340221178307,0.46389322279029904,0.4783325791358948,1593704000,0.0,0.0
2011-03-04 00:00:00-05:00,0.47879094583379744,0.4836040459257799,0.47053987807279735,0.4758113920688629,959760000,0.0,0.0
2011-03-07 00:00:00-05:00,0.47924930734151266,0.4808536738634346,0.4572464532769793,0.46916463971138,1019140000,0.0,0.0
2011-03-08 00:00:00-05:00,0.47420689901386603,0.476728038202932,0.4382230837932165,0.44807854294776917,1947184000,0.0,0.0
2011-03-09 00:00:00-05:00,0.44670349341505416,0.45105823442442994,0.4347852778713498,0.43868163228034973,1318976000,0.0,0.0
2011-03-10 00:00:00-05:00,0.42859677092703574,0.43180550280842994,0.4102610704029131,0.41071948409080505,1722736000,0.0,0.0
2011-03-11 00:00:00-05:00,0.41415750425884196,0.4251589158077833,0.40476045896609103,0.41369909048080444,1486832000,0.0,0.0
2011-03-14 00:00:00-04:00,0.41690796884423287,0.4274509969348787,0.41026126771845306,0.41713717579841614,1003360000,0.0,0.0
2011-03-15 00:00:00-04:00,0.3967384767393626,0.4116362378515767,0.3898625996055593,0.40476036071777344,1256280000,0.0,0.0
2011-03-16 00:00:00-04:00,0.40109333975055134,0.4205750249958619,0.39650942023925834,0.4017809331417084,1476520000,0.0,0.0
2011-03-17 00:00:00-04:00,0.4125531676939775,0.41324076113374353,0.394217488352576,0.4093444347381592,1238516000,0.0,0.0
2011-03-18 00:00:00-04:00,0.4157620980035868,0.4171372854455202,0.4033854929931721,0.40384387969970703,886960000,0.0,0.0
2011-03-21 00:00:00-04:00,0.41255318017483794,0.4166787136159254,0.402926953693846,0.40705248713493347,751832000,0.0,0.0
2011-03-22 00:00:00-04:00,0.40590648157900805,0.4098028078470914,0.3981138017205249,0.3999473750591278,718332000,0.0,0.0
2011-03-23 00:00:00-04:00,0.39925990275339956,0.4093445455136337,0.39055044724484617,0.4081985652446747,782396000,0.0,0.0
2011-03-24 00:00:00-04:00,0.416907854528817,0.4457865840436641,0.4159910816081043,0.4407442510128021,1780592000,0.0,0.0
2011-03-25 00:00:00-04:00,0.4446406793378587,0.4457866593434793,0.42630497192561184,0.4269925653934479,1196392000,0.0,0.0
2011-03-28 00:00:00-04:00,0.4370771807836578,0.450141374773427,0.4331808542087787,0.4428071081638336,1204284000,0.0,0.0
2011-03-29 00:00:00-04:00,0.4428070818862071,0.444411448342735,0.4334100354200455,0.4393691420555115,715764000,0.0,0.0
2011-03-30 00:00:00-04:00,0.4428070413512297,0.44464061455755044,0.4173662506817123,0.42286697030067444,1176320000,0.0,0.0
2011-03-31 00:00:00-04:00,0.42355462362268537,0.4281385436261858,0.4153035566874571,0.4230962097644806,655112000,0.0,0.0
2011-04-01 00:00:00-04:00,0.4285969770611523,0.4290553636471975,0.4114072478447267,0.41713717579841614,850072000,0.0,0.0
2011-04-04 00:00:00-04:00,0.4171372430393062,0.4182832233503074,0.3992599174008973,0.40223947167396545,924328000,0.0,0.0
2011-04-05 00:00:00-04:00,0.4081985254390727,0.41140725895032737,0.4020102107322896,0.4029270112514496,821076000,0.0,0.0
2011-04-06 00:00:00-04:00,0.40590657505378336,0.4063649616634152,0.39673870624953317,0.40017667412757874,856984000,0.0,0.0
2011-04-07 00:00:00-04:00,0.4010933500972774,0.417366275711075,0.3994889836914013,0.4148451089859009,1021208000,0.0,0.0
2011-04-08 00:00:00-04:00,0.4180540163591768,0.4180540163591768,0.4010934913629643,0.40223947167396545,746552000,0.0,0.0
2011-04-11 00:00:00-04:00,0.4038436472768861,0.4059064272526011,0.39261305647980704,0.3969677686691284,546208000,0.0,0.0
2011-04-12 00:00:00-04:00,0.39307145174417896,0.40086410341226864,0.38573715920678453,0.39811375737190247,840756000,0.0,0.0
2011-04-13 00:00:00-04:00,0.4022393602332784,0.4095736267272571,0.3971970537263129,0.40705248713493347,749588000,0.0,0.0
2011-04-14 00:00:00-04:00,0.40338537943175495,0.4244714352194822,0.40109341922198644,0.424242228269577,1254704000,0.0,0.0
2011-04-15 00:00:00-04:00,0.42103341406335165,0.4340976066084691,0.41897063387723626,0.42882609367370605,969720000,0.0,0.0
2011-04-18 00:00:00-04:00,0.41874155255168155,0.4214918994562241,0.4079693172485465,0.41461601853370667,743584000,0.0,0.0
2011-04-19 00:00:00-04:00,0.41484506690898854,0.4164494604744504,0.40178090275433176,0.4130115211009979,659860000,0.0,0.0
2011-04-20 00:00:00-04:00,0.4281384139873527,0.4343266986538235,0.41874136989664185,0.4256172478199005,650516000,0.0,0.0
2011-04-21 00:00:00-04:00,0.43020136869670667,0.4329517430169603,0.4235546945081806,0.4244714677333832,421300000,0.0,0.0
2011-04-25 00:00:00-04:00,0.4263048560282734,0.4382230393821271,0.4260756491605352,0.431117981672287,619612000,0.0,0.0
2011-04-26 00:00:00-04:00,0.4347851568078985,0.44670336903304453,0.4304304443333899,0.4423486292362213,676000000,0.0,0.0
2011-04-27 00:00:00-04:00,0.4446406162445541,0.4446406162445541,0.4331807904921487,0.4423486292362213,450004000,0.0,0.0
2011-04-28 00:00:00-04:00,0.4423485785834154,0.4561003624471386,0.43730627331602673,0.4471617043018341,684000000,0.0,0.0
2011-04-29 00:00:00-04:00,0.4501413157379659,0.4684769935184079,0.4494537223567363,0.4583923816680908,836000000,0.0,0.0
2011-05-02 00:00:00-04:00,0.46801870883852176,0.46824788845385856,0.4499122077555802,0.452204167842865,613824000,0.0,0.0
2011-05-03 00:00:00-04:00,0.4469326666873841,0.4483078263848543,0.42515901792641014,0.4306597113609314,808000000,0.0,0.0
2011-05-04 00:00:00-04:00,0.4320349352123989,0.4368480628696721,0.4194291533048308,0.4274510145187378,639356000,0.0,0.0
2011-05-05 00:00:00-04:00,0.4240130175796665,0.43272247120321433,0.41828311747500585,0.4276801645755768,544000000,0.0,0.0
2011-05-06 00:00:00-04:00,0.436618794243493,0.4469326416699545,0.4331808542087787,0.4428071081638336,841080000,0.0,0.0
2011-05-09 00:00:00-04:00,0.44418219539510573,0.4549544276061607,0.4430362155702968,0.45266246795654297,706328000,0.0,0.0
2011-05-10 00:00:00-04:00,0.45632962018590695,0.45678800665725516,0.4487661204582464,0.4533500671386719,690976000,0.0,0.0
2011-05-11 00:00:00-04:00,0.45564207160441955,0.4602259640907832,0.44922457840780283,0.4554128646850586,616000000,0.0,0.0
2011-05-12 00:00:00-04:00,0.45380851883421675,0.4703106527530578,0.4526625388299816,0.4698522388935089,1224000000,0.0,0.0
2011-05-13 00:00:00-04:00,0.44005681891740106,0.44120279914938687,0.41530364044204326,0.41851237416267395,2025192000,0.0,0.0
2011-05-16 00:00:00-04:00,0.41736632596468676,0.41828312639437343,0.405448138957316,0.40567731857299805,728188000,0.0,0.0
2011-05-17 00:00:00-04:00,0.40430217710021404,0.40453135672620616,0.3923839622343613,0.40407297015190125,1420364000,0.0,0.0
2011-05-18 00:00:00-04:00,0.40567720234995736,0.41690781997048676,0.40430204308287787,0.4134698808193207,658844000,0.0,0.0
2011-05-19 00:00:00-04:00,0.4166787471436367,0.4169079540897082,0.4013226194594935,0.407510906457901,650884000,0.0,0.0
2011-05-20 00:00:00-04:00,0.40659415745743627,0.4155327917277802,0.40476058374696716,0.41461601853370667,575820000,0.0,0.0
2011-05-23 00:00:00-04:00,0.40865679029449836,0.41713706278933926,0.4033852776773122,0.414157509803772,588000000,0.0,0.0
2011-05-24 00:00:00-04:00,0.4162202745022226,0.43249319928319874,0.41507429465348666,0.41576188802719116,720372000,0.0,0.0
2011-05-25 00:00:00-04:00,0.41369902852193924,0.4235544861166957,0.40957349639366963,0.42080411314964294,545312000,0.0,0.0
2011-05-26 00:00:00-04:00,0.42080422463109673,0.43501439765113076,0.4196582446986628,0.4313472509384155,706436000,0.0,0.0
2011-05-27 00:00:00-04:00,0.4331808561298016,0.44762020980409933,0.43272246958760396,0.4469326436519623,658824000,0.0,0.0
2011-05-31 00:00:00-04:00,0.45564207106251053,0.459538424753109,0.4446406580702973,0.4593091905117035,1200716000,0.0,0.0
2011-06-01 00:00:00-04:00,0.4572465218353089,0.45793411539703377,0.4377648317572759,0.43868163228034973,762208000,0.0,0.0
2011-06-02 00:00:00-04:00,0.4393691488945395,0.442577881857541,0.4313472618424008,0.43661877512931824,607592000,0.0,0.0
2011-06-03 00:00:00-04:00,0.4315764836288112,0.4354728101673229,0.42103345669183273,0.4230962097644806,549300000,0.0,0.0
2011-06-06 00:00:00-04:00,0.42240857540652543,0.42630490131581467,0.41369909601959703,0.414157509803772,435988000,0.0,0.0
2011-06-07 00:00:00-04:00,0.4173662696165646,0.4196582293978673,0.4120947566551053,0.4139283299446106,433956000,0.0,0.0
2011-06-08 00:00:00-04:00,0.4118654872236266,0.4143866260396942,0.39948889071110555,0.4026976227760315,569288000,0.0,0.0
2011-06-09 00:00:00-04:00,0.4024684969812696,0.4033852698872871,0.3836744065070883,0.39811375737190247,741632000,0.0,0.0
2011-06-10 00:00:00-04:00,0.39880133572829163,0.4013225021085816,0.3891750839652299,0.3923838436603546,493548000,0.0,0.0
2011-06-13 00:00:00-04:00,0.39238385253572067,0.39742615808804055,0.3868831332149338,0.38963350653648376,574760000,0.0,0.0
2011-06-14 00:00:00-04:00,0.3930716487998242,0.4015518980599232,0.39123807474626376,0.39284244179725647,534576000,0.0,0.0
2011-06-15 00:00:00-04:00,0.3875707747950808,0.38986273463349613,0.37634015519345554,0.38436204195022583,935916000,0.0,0.0
2011-06-16 00:00:00-04:00,0.38459126729570103,0.3905503745134657,0.3655679929091813,0.37106868624687195,1024908000,0.0,0.0
2011-06-17 00:00:00-04:00,0.37542342000272244,0.37565262693857815,0.3508994254035681,0.3623592257499695,1467884000,0.0,0.0
2011-06-20 00:00:00-04:00,0.3591504605327345,0.3667139335508887,0.35525410690479786,0.35800448060035706,745960000,0.0,0.0
2011-06-21 00:00:00-04:00,0.3593796391846762,0.36854750594200336,0.35594169939654724,0.36579713225364685,704276000,0.0,0.0
2011-06-22 00:00:00-04:00,0.3632760144503434,0.3680891140471507,0.3600672540634869,0.3607548475265503,651720000,0.0,0.0
2011-06-23 00:00:00-04:00,0.35617086503115386,0.3740481553219102,0.3529621052074054,0.3715270161628723,744024000,0.0,0.0
2011-06-24 00:00:00-04:00,0.36969350790173816,0.37290224096627633,0.35846288753121774,0.3607548475265503,529052000,0.0,0.0
2011-06-27 00:00:00-04:00,0.3607549100979807,0.3630468704908442,0.3405856258539945,0.35319143533706665,1142152000,0.0,0.0
2011-06-28 00:00:00-04:00,0.35319124216839454,0.3593795263801418,0.350670076186201,0.35525399446487427,692200000,0.0,0.0
2011-06-29 00:00:00-04:00,0.35754608713969377,0.36442199444800966,0.34516951409382546,0.3607548475265503,960544000,0.0,0.0
2011-06-30 00:00:00-04:00,0.36167165506667137,0.3692351292366069,0.3561709614825297,0.3653388023376465,652300000,0.0,0.0
2011-07-01 00:00:00-04:00,0.3653387212908173,0.371527034353061,0.3580044556982233,0.3701518476009369,540804000,0.0,0.0
2011-07-05 00:00:00-04:00,0.3696935644426962,0.37313150496149383,0.3607549027004288,0.36396366357803345,535296000,0.0,0.0
2011-07-06 00:00:00-04:00,0.3637343287791868,0.36442192210575447,0.35479567017843316,0.35915040969848633,529580000,0.0,0.0
2011-07-07 00:00:00-04:00,0.3609839621978631,0.3628175078676728,0.3541080566468315,0.36052554845809937,986136000,0.0,0.0
2011-07-08 00:00:00-04:00,0.35548333873785887,0.35800450569473746,0.35067021175557017,0.353649765253067,619516000,0.0,0.0
2011-07-11 00:00:00-04:00,0.3470029951668004,0.34837815440447983,0.3403562965565942,0.34127306938171387,714388000,0.0,0.0
2011-07-12 00:00:00-04:00,0.339668757114957,0.34287751715609444,0.33095930460660583,0.33668920397758484,867604000,0.0,0.0
2011-07-13 00:00:00-04:00,0.34127317813011043,0.3435651382455651,0.33279293116739206,0.3360016644001007,634368000,0.0,0.0
2011-07-14 00:00:00-04:00,0.3373768395098363,0.33943959261213047,0.32110391233460467,0.32270827889442444,1088996000,0.0,0.0
2011-07-15 00:00:00-04:00,0.32454182544834304,0.32660457837942025,0.3165199659927726,0.3231666386127472,827736000,0.0,0.0
2011-07-18 00:00:00-04:00,0.32064556661917504,0.3224791130225337,0.31216529155319084,0.31629082560539246,818200000,0.0,0.0
2011-07-19 00:00:00-04:00,0.31720755452941707,0.3266046014853867,0.31720755452941707,0.3259170353412628,602224000,0.0,0.0
2011-07-20 00:00:00-04:00,0.3270629224281999,0.3288964680547238,0.32087461031059433,0.321791410446167,662956000,0.0,0.0
2011-07-21 00:00:00-04:00,0.32224982623110304,0.33921034340116113,0.3174367002169065,0.3369183838367462,1143420000,0.0,0.0
2011-07-22 00:00:00-04:00,0.3398979896517508,0.3449402960140091,0.3355432494080096,0.3437943160533905,737192000,0.0,0.0
2011-07-25 00:00:00-04:00,0.33852272946777845,0.3398979160516706,0.33348042419735985,0.33829352259635925,566920000,0.0,0.0
2011-07-26 00:00:00-04:00,0.32866741356626933,0.3369184813142943,0.32522947322497914,0.33004260063171387,698276000,0.0,0.0
2011-07-27 00:00:00-04:00,0.3254586478932031,0.32706304188587215,0.31674919369689974,0.3176659941673279,652212000,0.0,0.0
2011-07-28 00:00:00-04:00,0.31652003817855495,0.3236250989233411,0.3114777035129562,0.31697842478752136,648176000,0.0,0.0
2011-07-29 00:00:00-04:00,0.313769663880111,0.3199579787292871,0.3121652970875672,0.31697842478752136,677656000,0.0,0.0
2011-08-01 00:00:00-04:00,0.3243125559035583,0.3348555800808744,0.3215622100858314,0.3339388072490692,1019620000,0.0,0.0
2011-08-02 00:00:00-04:00,0.3316469104649971,0.352503755888472,0.33050093054771423,0.33050093054771423,1356432000,0.0,0.0
2011-08-03 00:00:00-04:00,0.3311885607778583,0.34058558075077183,0.32797980025938683,0.33943960070610046,765236000,0.0,0.0
2011-08-04 00:00:00-04:00,0.33325117727373427,0.33325117727373427,0.3071228265762329,0.3071228265762329,979732000,0.0,0.0
2011-08-05 00:00:00-04:00,0.31422807368013883,0.3181244007886111,0.28878727568794754,0.2968091368675232,1270588000,0.0,0.0
2011-08-08 00:00:00-04:00,0.2823696302171543,0.2924542666983439,0.2715974005382437,0.2734309732913971,1084180000,0.0,0.0
2011-08-09 00:00:00-04:00,0.2787025469850545,0.29680904440004563,0.27503542798166253,0.2963506579399109,1329832000,0.0,0.0
2011-08-10 00:00:00-04:00,0.2876411583111848,0.2958922225175359,0.2812236669642795,0.28282803297042847,1140052000,0.0,0.0
2011-08-11 00:00:00-04:00,0.2828281313485702,0.31147765918287335,0.2828281313485702,0.30735212564468384,1078792000,0.0,0.0
2011-08-12 00:00:00-04:00,0.3401272864332043,0.3405856731109144,0.2903916898269754,0.2952048182487488,3195784000,0.0,0.0
2011-08-15 00:00:00-04:00,0.2981842506874611,0.3071229101975913,0.29657988431045795,0.30643531680107117,864152000,0.0,0.0
2011-08-16 00:00:00-04:00,0.3029973387779814,0.3071228713124485,0.29222510734845275,0.2977258265018463,716868000,0.0,0.0
2011-08-17 00:00:00-04:00,0.2986426266760168,0.3036849598583083,0.28970399480252684,0.29360032081604004,553328000,0.0,0.0
2011-08-18 00:00:00-04:00,0.2803070029409636,0.283057349635976,0.27045154158272267,0.2736603021621704,802564000,0.0,0.0
2011-08-19 00:00:00-04:00,0.26907640425549906,0.28397414635726936,0.2670136235710914,0.26884719729423523,761332000,0.0,0.0
2011-08-22 00:00:00-04:00,0.2764106488571828,0.27961940943663055,0.27068074852494034,0.2736603021621704,611876000,0.0,0.0
2011-08-23 00:00:00-04:00,0.2803070174440477,0.3034558269129544,0.27984860353589397,0.30322661995887756,938312000,0.0,0.0
2011-08-24 00:00:00-04:00,0.302538991584831,0.30345576456814516,0.29107916535950923,0.29887184500694275,687500000,0.0,0.0
2011-08-25 00:00:00-04:00,0.2929127586352098,0.29818427195475483,0.28557849230129917,0.286036878824234,690968000,0.0,0.0
2011-08-26 00:00:00-04:00,0.28489084541699466,0.30116376884615126,0.2798485126435799,0.29818421602249146,732660000,0.0,0.0
2011-08-29 00:00:00-04:00,0.3066645209480198,0.30735208701603767,0.2995594347851021,0.3062061071395874,601528000,0.0,0.0
2011-08-30 00:00:00-04:00,0.3041433242835441,0.31606150835829294,0.30208054431606224,0.31354036927223206,684760000,0.0,0.0
2011-08-31 00:00:00-04:00,0.31583241253101846,0.3190411457902577,0.3025390382870044,0.30506017804145813,705808000,0.0,0.0
2011-09-01 00:00:00-04:00,0.3091856454335413,0.31583234479112055,0.3041433396837905,0.30437251925468445,762312000,0.0,0.0
2011-09-02 00:00:00-04:00,0.2974966374598059,0.3016221702416028,0.29382949113769447,0.2961214780807495,471356000,0.0,0.0
2011-09-06 00:00:00-04:00,0.28649526825934984,0.3027681949063315,0.2837449217714662,0.30208060145378113,696248000,0.0,0.0
2011-09-07 00:00:00-04:00,0.32660454511642456,0.33554320399280785,0.317665913562355,0.32660454511642456,1606620000,0.0,0.0
2011-09-08 00:00:00-04:00,0.32339588965440136,0.33118857058225015,0.31972874247396427,0.32500025629997253,880164000,0.0,0.0
2011-09-09 00:00:00-04:00,0.32224982697088617,0.3309592788001195,0.3153739482618567,0.31812429428100586,869828000,0.0,0.0
2011-09-12 00:00:00-04:00,0.31376964059933454,0.32843820225415504,0.31376964059933454,0.32568785548210144,916480000,0.0,0.0
2011-09-13 00:00:00-04:00,0.3284381385056255,0.3346264516945202,0.3233958325151652,0.3330220580101013,853836000,0.0,0.0
2011-09-14 00:00:00-04:00,0.3417314659044601,0.3545664487435368,0.3415022590485692,0.3502117097377777,1547192000,0.0,0.0
2011-09-15 00:00:00-04:00,0.3580043672899247,0.3598379400658556,0.3520452625987262,0.35525399446487427,752908000,0.0,0.0
2011-09-16 00:00:00-04:00,0.355941701077112,0.3690058941915374,0.3525037612727509,0.35433733463287354,1391588000,0.0,0.0
2011-09-19 00:00:00-04:00,0.3483781422830942,0.350899308447919,0.3380643254089549,0.3470029830932617,968204000,0.0,0.0
2011-09-20 00:00:00-04:00,0.3513577748025735,0.35273296162766565,0.336460035927446,0.33806440234184265,792436000,0.0,0.0
2011-09-21 00:00:00-04:00,0.3398980163462028,0.3458570962160352,0.33141774211375885,0.33164694905281067,715252000,0.0,0.0
2011-09-22 00:00:00-04:00,0.31858267211670954,0.31904105855378845,0.3036849353166141,0.30964401364326477,1314632000,0.0,0.0
2011-09-23 00:00:00-04:00,0.30781051718369296,0.3250002162440286,0.30597694381946045,0.3160615563392639,1011440000,0.0,0.0
2011-09-26 00:00:00-04:00,0.3199578254849958,0.32087459826383885,0.30253892410849986,0.31674906611442566,972124000,0.0,0.0
2011-09-27 00:00:00-04:00,0.324771076137298,0.32752142285688973,0.31468643506903465,0.31720757484436035,781388000,0.0,0.0
2011-09-28 00:00:00-04:00,0.31789512478031856,0.3259170115398921,0.30253899932203265,0.3075813055038452,1236532000,0.0,0.0
2011-09-29 00:00:00-04:00,0.3130819956006767,0.318353508191717,0.2922251248051524,0.3000178039073944,866416000,0.0,0.0
2011-09-30 00:00:00-04:00,0.295204724478436,0.2968090910019658,0.28626606415193884,0.2867244780063629,677784000,0.0,0.0
2011-10-03 00:00:00-04:00,0.2830572944711401,0.2919959536407813,0.270680695772171,0.270680695772171,949896000,0.0,0.0
2011-10-04 00:00:00-04:00,0.2640339571833653,0.2956630289554596,0.2628879775099841,0.2956630289554596,1361548000,0.0,0.0
2011-10-05 00:00:00-04:00,0.2949754879569857,0.30895648070092036,0.28901640899283365,0.3062061071395874,856708000,0.0,0.0
2011-10-06 00:00:00-04:00,0.3078105077164806,0.319270306737573,0.3073520938977841,0.318353533744812,773192000,0.0,0.0
2011-10-07 00:00:00-04:00,0.3197287662646944,0.3291258145373402,0.31308209224318934,0.324312686920166,806976000,0.0,0.0
2011-10-10 00:00:00-04:00,0.3298133416532631,0.33875200152397156,0.32912574822900603,0.33875200152397156,534376000,0.0,0.0
2011-10-11 00:00:00-04:00,0.3360016584598566,0.3415023790330913,0.3339389053213431,0.3350848853588104,816080000,0.0,0.0
2011-10-12 00:00:00-04:00,0.34150234586005557,0.34173155277421197,0.3346264663031645,0.3348556458950043,612064000,0.0,0.0
2011-10-13 00:00:00-04:00,0.333251281974939,0.35502492805820907,0.3323345089560361,0.35433733463287354,854832000,0.0,0.0
2011-10-14 00:00:00-04:00,0.3605255481463103,0.3641926941273809,0.35158691738562875,0.360296368598938,702452000,0.0,0.0
2011-10-17 00:00:00-04:00,0.3561709660761329,0.3561709660761329,0.34058560363464196,0.34241917729377747,611780000,0.0,0.0
2011-10-18 00:00:00-04:00,0.3405855509837028,0.3557125245025194,0.33852279801250607,0.3547957241535187,590916000,0.0,0.0
2011-10-19 00:00:00-04:00,0.35525411507207355,0.361442428707034,0.3467738688419836,0.3476906418800354,557568000,0.0,0.0
2011-10-20 00:00:00-04:00,0.3382936107666196,0.33966879770893,0.31720755670356066,0.33027175068855286,990308000,0.0,0.0
2011-10-21 00:00:00-04:00,0.3343973259828277,0.3398980471171759,0.3263754649022682,0.33187615871429443,628428000,0.0,0.0
2011-10-24 00:00:00-04:00,0.3332512058419788,0.349524128127248,0.3325636125737275,0.3442526161670685,535256000,0.0,0.0
2011-10-25 00:00:00-04:00,0.33943953833977286,0.34218991179950464,0.3305009065625878,0.33118849992752075,577996000,0.0,0.0
2011-10-26 00:00:00-04:00,0.3376060523701662,0.3394395985722585,0.3254586311862296,0.3350848853588104,503116000,0.0,0.0
2011-10-27 00:00:00-04:00,0.3474615359355515,0.3529622299745179,0.3396688541709721,0.34952428936958313,577732000,0.0,0.0
2011-10-28 00:00:00-04:00,0.3465446197457644,0.36075479136236727,0.3456278468192867,0.35754603147506714,490156000,0.0,0.0
2011-10-31 00:00:00-04:00,0.3460862098907603,0.3481489898193841,0.3392103314399719,0.3392103314399719,519984000,0.0,0.0
2011-11-01 00:00:00-04:00,0.32683374894829187,0.32775052185519793,0.31904106995033626,0.3222498297691345,790824000,0.0,0.0
2011-11-02 00:00:00-04:00,0.3254585168026736,0.32706291014911354,0.31010239516203914,0.31674906611442566,961608000,0.0,0.0
2011-11-03 00:00:00-04:00,0.3201869524662215,0.3364598988594374,0.31170671002570255,0.335772305727005,749372000,0.0,0.0
2011-11-04 00:00:00-04:00,0.332792930044422,0.3408147904214446,0.3275214163322004,0.33966881036758423,654840000,0.0,0.0
2011-11-07 00:00:00-05:00,0.33714753979007767,0.34287746562217364,0.33004248203133146,0.3378351330757141,613536000,0.0,0.0
2011-11-08 00:00:00-05:00,0.3421899639123716,0.3476906570249191,0.33668924347750556,0.34562790393829346,549728000,0.0,0.0
2011-11-09 00:00:00-05:00,0.3376059375785297,0.3419606493113033,0.32683370703121917,0.32820889353752136,532244000,0.0,0.0
2011-11-10 00:00:00-05:00,0.33623086925529083,0.33966880940715094,0.3233958817594185,0.33164694905281067,990484000,0.0,0.0
2011-11-11 00:00:00-05:00,0.3410439370281654,0.3460862429086691,0.3224790251886384,0.343335896730423,1751560000,0.0,0.0
2011-11-14 00:00:00-05:00,0.3433359036413097,0.3467738432638971,0.3357724310071543,0.33668920397758484,500292000,0.0,0.0
2011-11-15 00:00:00-05:00,0.333480563801111,0.3435651785636336,0.3325637632539489,0.34104403853416443,505660000,0.0,0.0
2011-11-16 00:00:00-05:00,0.33462640084687295,0.34356503159341856,0.33302200740624727,0.3341679871082306,512420000,0.0,0.0
2011-11-17 00:00:00-05:00,0.33348044815145805,0.33439722105836417,0.31629072390730456,0.3222498297691345,657504000,0.0,0.0
2011-11-18 00:00:00-05:00,0.32408334864025884,0.32408334864025884,0.31583228457042073,0.31927022337913513,501352000,0.0,0.0
2011-11-21 00:00:00-05:00,0.31422790066058276,0.3385226777847979,0.30941477567410197,0.33531394600868225,1330788000,0.0,0.0
2011-11-22 00:00:00-05:00,0.3389812034947868,0.3474614774165821,0.3371476300164981,0.34562790393829346,1287480000,0.0,0.0
2011-11-23 00:00:00-05:00,0.3419607020460852,0.34448186858899915,0.3307300833722033,0.330959290266037,825340000,0.0,0.0
2011-11-25 00:00:00-05:00,0.3266045086992582,0.3341679800367567,0.32087461031059433,0.321791410446167,406620000,0.0,0.0
2011-11-28 00:00:00-05:00,0.3323344295919377,0.34494020586423546,0.3323344295919377,0.33989790081977844,690616000,0.0,0.0
2011-11-29 00:00:00-05:00,0.3394395019597809,0.34608620067867585,0.3362307696970809,0.3417314887046814,623440000,0.0,0.0
2011-11-30 00:00:00-05:00,0.35204534499704354,0.35915043092089816,0.3490657919540621,0.35823363065719604,730324000,0.0,0.0
2011-12-01 00:00:00-05:00,0.35525411207727514,0.3635051786394542,0.3536497456130507,0.36258840560913086,529760000,0.0,0.0
2011-12-02 00:00:00-05:00,0.3664846535349722,0.3678598401084516,0.35685842948755103,0.360296368598938,546464000,0.0,0.0
2011-12-05 00:00:00-05:00,0.36625555092096657,0.36671393743430836,0.35181617083332123,0.3547957241535187,644696000,0.0,0.0
2011-12-06 00:00:00-05:00,0.3568584656339124,0.3575460316679846,0.34608623346925976,0.34975337982177734,573832000,0.0,0.0
2011-12-07 00:00:00-05:00,0.3474614622816811,0.3502118087181539,0.3403563756086689,0.3476906418800354,510016000,0.0,0.0
2011-12-08 00:00:00-05:00,0.3442526766117402,0.3499825759827192,0.33554322410338905,0.33668920397758484,491488000,0.0,0.0
2011-12-09 00:00:00-05:00,0.3341680745798033,0.3442527149903911,0.32958415457198664,0.3415023684501648,555840000,0.0,0.0
2011-12-12 00:00:00-05:00,0.3341680378862203,0.3355432246664892,0.32683377214352205,0.3330220580101013,573208000,0.0,0.0
2011-12-13 00:00:00-05:00,0.33737687960464896,0.341502413621846,0.3217915440520834,0.3238542973995209,516596000,0.0,0.0
2011-12-14 00:00:00-05:00,0.32110388422212455,0.3229374575538125,0.3078105117202825,0.31124845147132874,636020000,0.0,0.0
2011-12-15 00:00:00-05:00,0.31651994088435187,0.3185826936517981,0.30781048870187394,0.3084980547428131,435148000,0.0,0.0
2011-12-16 00:00:00-05:00,0.31101920027681396,0.31697830592577714,0.30826885433202805,0.30964401364326477,619116000,0.0,0.0
2011-12-19 00:00:00-05:00,0.311019258606001,0.3146864054350014,0.30047623196436307,0.301622211933136,463276000,0.0,0.0
2011-12-20 00:00:00-05:00,0.3084979874865917,0.31972860377848683,0.3084979874865917,0.3185826241970062,445208000,0.0,0.0
2011-12-21 00:00:00-05:00,0.31674913790472836,0.32018707758805376,0.3082688921503221,0.3144571781158447,548424000,0.0,0.0
2011-12-22 00:00:00-05:00,0.3153739651715655,0.32889651642878315,0.3153739651715655,0.3279797434806824,576560000,0.0,0.0
2011-12-23 00:00:00-05:00,0.32958414613002257,0.33004255997691717,0.322020672846392,0.32477104663848877,248948000,0.0,0.0
2011-12-27 00:00:00-05:00,0.32339580956392383,0.3272921354017449,0.32133302953991494,0.3222498297691345,195712000,0.0,0.0
2011-12-28 00:00:00-05:00,0.32224982694765025,0.3229374202829663,0.31399876156848455,0.31422796845436096,233960000,0.0,0.0
2011-12-29 00:00:00-05:00,0.31743677496920825,0.32087471512542154,0.3128528547609239,0.32018712162971497,211112000,0.0,0.0
2011-12-30 00:00:00-05:00,0.319041153889489,0.3224790941783729,0.31720758027095347,0.3176659941673279,186956000,0.0,0.0
2012-01-03 00:00:00-05:00,0.327750488376991,0.33004247505476725,0.3211038171750652,0.321791410446167,468044000,0.0,0.0
2012-01-04 00:00:00-05:00,0.322020617091099,0.3268337430715963,0.31904106421375844,0.3254585564136505,347372000,0.0,0.0
2012-01-05 00:00:00-05:00,0.32385430725515707,0.3387520770268318,0.3224791201001339,0.33714768290519714,563548000,0.0,0.0
2012-01-06 00:00:00-05:00,0.3369184744949772,0.33714765411969855,0.32935500043276117,0.33325132727622986,533252000,0.0,0.0
2012-01-09 00:00:00-05:00,0.33348053422327173,0.3396688212478774,0.3309593670950929,0.33325132727622986,508244000,0.0,0.0
2012-01-10 00:00:00-05:00,0.3382936530432064,0.33852286000300835,0.3295841984055632,0.33187615871429443,546328000,0.0,0.0
2012-01-11 00:00:00-05:00,0.32889652557349075,0.3318760787211345,0.32385421957410965,0.3252294063568115,484272000,0.0,0.0
2012-01-12 00:00:00-05:00,0.3259170122839389,0.32614619187499383,0.31606155216602966,0.3231666386127472,652364000,0.0,0.0
2012-01-13 00:00:00-05:00,0.32087452185508686,0.32156211493663983,0.31308187312362845,0.31468623876571655,504300000,0.0,0.0
2012-01-17 00:00:00-05:00,0.31949947518138455,0.31949947518138455,0.30941483686355464,0.30987322330474854,627176000,0.0,0.0
2012-01-18 00:00:00-05:00,0.31583229354010606,0.3229373782088248,0.3142279275149369,0.3204162120819092,632676000,0.0,0.0
2012-01-19 00:00:00-05:00,0.32316662318440287,0.32935493632683044,0.319728683581861,0.32889652252197266,608312000,0.0,0.0
2012-01-20 00:00:00-05:00,0.32843817495512695,0.3323345288241944,0.32477105533796496,0.3259170353412628,546272000,0.0,0.0
2012-01-23 00:00:00-05:00,0.32614619299181224,0.3350848528091606,0.3220206597932143,0.3348556458950043,562792000,0.0,0.0
2012-01-24 00:00:00-05:00,0.33256374278295536,0.34379436436870936,0.33233456315201426,0.34241917729377747,730920000,0.0,0.0
2012-01-25 00:00:00-05:00,0.3332512638077949,0.34127312291399353,0.3236250110225043,0.34035634994506836,1274152000,0.0,0.0
2012-01-26 00:00:00-05:00,0.3453987511906904,0.3492951056891484,0.33531413646159675,0.33714768290519714,799672000,0.0,0.0
2012-01-27 00:00:00-05:00,0.3350847899857864,0.3435650343849034,0.3323344441431419,0.3417314887046814,449996000,0.0,0.0
2012-01-30 00:00:00-05:00,0.3357723922145777,0.3408146976140268,0.3307300594928165,0.3392103314399719,399076000,0.0,0.0
2012-01-31 00:00:00-05:00,0.3401271283476308,0.34035633524111764,0.33256365605264915,0.3385227620601654,357900000,0.0,0.0
2012-02-01 00:00:00-05:00,0.34241914724312206,0.3460862942395647,0.33760604754789986,0.3421899676322937,428020000,0.0,0.0
2012-02-02 00:00:00-05:00,0.344023607434643,0.3564001831189328,0.3405856393864245,0.3550250232219696,696236000,0.0,0.0
2012-02-03 00:00:00-05:00,0.3602964457110052,0.36556795894115757,0.3596088522771041,0.36258840560913086,495232000,0.0,0.0
2012-02-06 00:00:00-05:00,0.3607547817827486,0.3612131682338153,0.3566292490785218,0.35983800888061523,278868000,0.0,0.0
2012-02-07 00:00:00-05:00,0.36029646099194745,0.3628176005934222,0.35433735407515554,0.3607548475265503,410296000,0.0,0.0
2012-02-08 00:00:00-05:00,0.36075483016810284,0.38092408262100835,0.3589212567955992,0.3738190233707428,847612000,0.0,0.0
2012-02-09 00:00:00-05:00,0.37840291017515926,0.38046566296307494,0.37290219053685986,0.37358978390693665,561944000,0.0,0.0
2012-02-10 00:00:00-05:00,0.36992268653950494,0.37129787346203186,0.36235921311024344,0.3644219934940338,440268000,0.0,0.0
2012-02-13 00:00:00-05:00,0.3735897871589323,0.3749649739110565,0.3625883751088839,0.3701518476009369,610668000,0.0,0.0
2012-02-14 00:00:00-05:00,0.37015189209350763,0.37542340551387066,0.3669431317269606,0.3722146451473236,453756000,0.0,0.0
2012-02-15 00:00:00-05:00,0.37565247974918364,0.3873414824514171,0.36969337497504334,0.37061014771461487,1110856000,0.0,0.0
2012-02-16 00:00:00-05:00,0.345169546317251,0.3800073633564568,0.34379435926274304,0.37702780961990356,1888588000,0.0,0.0
2012-02-17 00:00:00-05:00,0.3772568784721124,0.3797780173860677,0.3598379763288265,0.3632759153842926,1020360000,0.0,0.0
2012-02-21 00:00:00-05:00,0.3630468715279439,0.3740482869095804,0.362359277943656,0.3651096522808075,518176000,0.0,0.0
2012-02-22 00:00:00-05:00,0.363275999043032,0.372214631716795,0.36213001909396914,0.36258840560913086,492432000,0.0,0.0
2012-02-23 00:00:00-05:00,0.36327601375203006,0.36671395373842025,0.3575460864523949,0.3646511733531952,323968000,0.0,0.0
2012-02-24 00:00:00-05:00,0.3657969821115519,0.36625539575299904,0.3602962916372416,0.36190065741539,366668000,0.0,0.0
2012-02-27 00:00:00-05:00,0.3573168606611834,0.3589212269829938,0.3495241813058955,0.3545665144920349,745268000,0.0,0.0
2012-02-28 00:00:00-05:00,0.3545664879687792,0.3586920205750499,0.34769058207678627,0.35135772824287415,699884000,0.0,0.0
2012-02-29 00:00:00-05:00,0.3525037050788785,0.3584628107187355,0.3470030131977125,0.3472321927547455,689196000,0.0,0.0
2012-03-01 00:00:00-05:00,0.3486075161371965,0.35364982355996954,0.34723232896629325,0.34952428936958313,449944000,0.0,0.0
2012-03-02 00:00:00-05:00,0.3483783609559172,0.35754620393191694,0.3483783609559172,0.3525038957595825,684076000,0.0,0.0
2012-03-05 00:00:00-05:00,0.3499825756938041,0.35067016908221704,0.33806439047646947,0.34058552980422974,514848000,0.0,0.0
2012-03-06 00:00:00-05:00,0.3366891800173429,0.3394395260552234,0.3314176675067225,0.33737677335739136,471400000,0.0,0.0
2012-03-07 00:00:00-05:00,0.3392104210905579,0.3408147876886339,0.3346265009118724,0.33943960070610046,441984000,0.0,0.0
2012-03-08 00:00:00-05:00,0.340356350222969,0.34402349674629445,0.3385227769613063,0.34058552980422974,430852000,0.0,0.0
2012-03-09 00:00:00-05:00,0.34150238391822474,0.3440235509656454,0.3378352368169437,0.33966881036758423,367836000,0.0,0.0
2012-03-12 00:00:00-04:00,0.3410440778582612,0.3433360385069566,0.33348060225310094,0.3343973755836487,299948000,0.0,0.0
2012-03-13 00:00:00-04:00,0.33577256657804805,0.3408148745959192,0.3341681722485344,0.3389813005924225,553288000,0.0,0.0
2012-03-14 00:00:00-04:00,0.3389812901223555,0.33966888376772,0.3282090807527308,0.32935506105422974,735708000,0.0,0.0
2012-03-15 00:00:00-04:00,0.33027166158594945,0.3360015600958662,0.3291256818839661,0.3341679871082306,382380000,0.0,0.0
2012-03-16 00:00:00-04:00,0.3343971995580519,0.3360015657031404,0.3325636265398172,0.3346264064311981,428340000,0.0,0.0
2012-03-19 00:00:00-04:00,0.33646001554343447,0.33806438186063253,0.3339388489576127,0.3355432152748108,405400000,0.0,0.0
2012-03-20 00:00:00-04:00,0.3337097206023641,0.3337097206023641,0.3270630468714648,0.33004260063171387,449616000,0.0,0.0
2012-03-21 00:00:00-04:00,0.33004252037794507,0.3343972328224174,0.3263753739766841,0.33141767978668213,467840000,0.0,0.0
2012-03-22 00:00:00-04:00,0.3288965101884762,0.3337096363804705,0.3279797372577698,0.330959290266037,425372000,0.0,0.0
2012-03-23 00:00:00-04:00,0.3300425376478598,0.33439725032019824,0.32775055053540453,0.33348047733306885,315456000,0.0,0.0
2012-03-26 00:00:00-04:00,0.3366891800173429,0.3389811396026289,0.33348044752686795,0.33737677335739136,288600000,0.0,0.0
2012-03-27 00:00:00-04:00,0.3387520372534238,0.34379434402594544,0.33806444375664363,0.33966881036758423,419968000,0.0,0.0
2012-03-28 00:00:00-04:00,0.34402349263983945,0.35204535165683454,0.3415023260198578,0.34746143221855164,892448000,0.0,0.0
2012-03-29 00:00:00-04:00,0.34700302792723,0.3518161266969776,0.34264828829100463,0.34906578063964844,372700000,0.0,0.0
2012-03-30 00:00:00-04:00,0.3520453632796179,0.3550249164773348,0.34700305719549784,0.3529621362686157,527240000,0.0,0.0
2012-04-02 00:00:00-04:00,0.35204532156430474,0.355024874408962,0.3463154227562379,0.35135772824287415,407776000,0.0,0.0
2012-04-03 00:00:00-04:00,0.3538789709294332,0.35433735746842576,0.34379433046000474,0.34562790393829346,430476000,0.0,0.0
2012-04-04 00:00:00-04:00,0.34035622351348066,0.3447109344817105,0.33370952632970785,0.335772305727005,495896000,0.0,0.0
2012-04-05 00:00:00-04:00,0.33623071870977034,0.3403562505092814,0.3341679391488611,0.33531394600868225,369424000,0.0,0.0
2012-04-09 00:00:00-04:00,0.3300425173353306,0.33210527009057716,0.3245417977841494,0.330959290266037,365504000,0.0,0.0
2012-04-10 00:00:00-04:00,0.32958408281874235,0.33416800182860107,0.32293741118337216,0.32454177737236023,470360000,0.0,0.0
2012-04-11 00:00:00-04:00,0.3288965520658339,0.33577245921087645,0.3277505720953797,0.32866737246513367,372960000,0.0,0.0
2012-04-12 00:00:00-04:00,0.3291257893771301,0.3382936299872326,0.3277506023566866,0.33646008372306824,384868000,0.0,0.0
2012-04-13 00:00:00-04:00,0.3334804358349722,0.3353140089033782,0.3243125704929423,0.32454177737236023,311324000,0.0,0.0
2012-04-16 00:00:00-04:00,0.326833797496983,0.32775057054006873,0.31537399784682296,0.3206455111503601,463468000,0.0,0.0
2012-04-17 00:00:00-04:00,0.32156240674874276,0.3254587346503195,0.320187219337679,0.3213331997394562,460696000,0.0,0.0
2012-04-18 00:00:00-04:00,0.3192703610719803,0.32087472774350606,0.31399884716069226,0.31789517402648926,400764000,0.0,0.0
2012-04-19 00:00:00-04:00,0.3137695457450046,0.325687757024828,0.311477586240779,0.3130819797515869,667188000,0.0,0.0
2012-04-20 00:00:00-04:00,0.3149155656082591,0.31583236592011077,0.3062061129184066,0.3068937063217163,509592000,0.0,0.0
2012-04-23 00:00:00-04:00,0.30162225324730374,0.30460180703869594,0.29589235261859625,0.30322661995887756,706244000,0.0,0.0
2012-04-24 00:00:00-04:00,0.3041433157772035,0.30666448211506464,0.29222510471347285,0.29382947087287903,730440000,0.0,0.0
2012-04-25 00:00:00-04:00,0.2981841687053635,0.30208049378464297,0.29268345036787363,0.29978853464126587,727112000,0.0,0.0
2012-04-26 00:00:00-04:00,0.29955941744780695,0.3025389704185962,0.29749663739619264,0.3000178039073944,539208000,0.0,0.0
2012-04-27 00:00:00-04:00,0.299559396749447,0.301392969783418,0.2942878845226472,0.29749661684036255,475356000,0.0,0.0
2012-04-30 00:00:00-04:00,0.29589237213682373,0.2995595197100246,0.2938295913810271,0.29795512557029724,262268000,0.0,0.0
2012-05-01 00:00:00-04:00,0.2963507392044286,0.30643538070434656,0.2963507392044286,0.30322661995887756,408680000,0.0,0.0
2012-05-02 00:00:00-04:00,0.3020805724649279,0.3032265523350998,0.29291273350355274,0.2945170998573303,684008000,0.0,0.0
2012-05-03 00:00:00-04:00,0.2952046845092317,0.29703825771171716,0.287641212125426,0.2894747853279114,419536000,0.0,0.0
2012-05-04 00:00:00-04:00,0.2876412039448572,0.28924557020553554,0.2809945046901703,0.2809945046901703,545092000,0.0,0.0
2012-05-07 00:00:00-04:00,0.28603687608318,0.2908500028336666,0.28351570924772185,0.28580766916275024,604440000,0.0,0.0
2012-05-08 00:00:00-04:00,0.2832865611946098,0.28741209536341583,0.27824425379821277,0.28557854890823364,462312000,0.0,0.0
2012-05-09 00:00:00-04:00,0.28053616419481947,0.2890164379892107,0.27778581767986577,0.2867244780063629,520608000,0.0,0.0
2012-05-10 00:00:00-04:00,0.2894747767563688,0.2899331632128384,0.2800777314483305,0.2846616506576538,597092000,0.0,0.0
2012-05-11 00:00:00-04:00,0.308268890694317,0.3135404036483143,0.30162219094455844,0.30276817083358765,1435140000,0.0,0.0
2012-05-14 00:00:00-04:00,0.3002469301157019,0.3055184417698813,0.2940586457052778,0.3009345233440399,437472000,0.0,0.0
2012-05-15 00:00:00-04:00,0.30093467955823255,0.30758138111936867,0.29657996572208933,0.29795512557029724,599940000,0.0,0.0
2012-05-16 00:00:00-04:00,0.29841361767958946,0.30185155918417955,0.2910793206119329,0.2919961214065552,470484000,0.0,0.0
2012-05-17 00:00:00-04:00,0.29314202521370186,0.295892372233338,0.2899332642555237,0.2899332642555237,335364000,0.0,0.0
2012-05-18 00:00:00-04:00,0.29062081659794686,0.2919960035737687,0.27549386915318386,0.2768690288066864,567288000,0.0,0.0
2012-05-21 00:00:00-04:00,0.2773274207986443,0.2830573205419392,0.27549384741632654,0.2816821336746216,416260000,0.0,0.0
2012-05-22 00:00:00-04:00,0.28145292751307294,0.28191131398480784,0.27411863467605607,0.27824416756629944,410140000,0.0,0.0
2012-05-23 00:00:00-04:00,0.275264608307875,0.28557845396200876,0.27113907551068434,0.28512004017829895,496000000,0.0,0.0
2012-05-24 00:00:00-04:00,0.28672452659855724,0.2871829132083475,0.2754939043859201,0.2775566577911377,520420000,0.0,0.0
2012-05-25 00:00:00-04:00,0.2773274696410543,0.28649531084494967,0.2773274696410543,0.28420335054397583,391752000,0.0,0.0
2012-05-29 00:00:00-04:00,0.2887872658305388,0.29337118634811543,0.2876412857011447,0.2915376126766205,310000000,0.0,0.0
2012-05-30 00:00:00-04:00,0.28832873419851296,0.2903914864648194,0.283057222790687,0.2880995273590088,379792000,0.0,0.0
2012-05-31 00:00:00-04:00,0.2880995928679606,0.28924557268144224,0.28122371398707074,0.2848908603191376,358192000,0.0,0.0
2012-06-01 00:00:00-04:00,0.2789318219432004,0.28168216869748197,0.2741186946314672,0.2745770812034607,440984000,0.0,0.0
2012-06-04 00:00:00-04:00,0.2759522852255469,0.27755665198742696,0.26655523697088596,0.26884719729423523,432856000,0.0,0.0
2012-06-05 00:00:00-04:00,0.26747197982833426,0.277327412558431,0.26747197982833426,0.27663981914520264,365224000,0.0,0.0
2012-06-06 00:00:00-04:00,0.27870256827777223,0.28466167468173814,0.2766398153884157,0.2839740812778473,368968000,0.0,0.0
2012-06-07 00:00:00-04:00,0.28809958432015376,0.28970397786927743,0.27228504696993017,0.2725142538547516,526780000,0.0,0.0
2012-06-08 00:00:00-04:00,0.27343095030081394,0.27870246127702597,0.2729725639816445,0.27778568863868713,370308000,0.0,0.0
2012-06-11 00:00:00-04:00,0.28672443103084494,0.2917667367025399,0.28030693866581796,0.2809945046901703,839080000,0.0,0.0
2012-06-12 00:00:00-04:00,0.28420331109630315,0.28947482452131656,0.2837449245641972,0.2867244780063629,496128000,0.0,0.0
2012-06-13 00:00:00-04:00,0.2864951503940611,0.2871827435637328,0.27778570066360153,0.27916088700294495,494276000,0.0,0.0
2012-06-14 00:00:00-04:00,0.2787025333276053,0.28099449283827854,0.2729726345509222,0.2757229804992676,589884000,0.0,0.0
2012-06-15 00:00:00-04:00,0.2777858073136445,0.2819113405932802,0.27526464049766786,0.2816821336746216,385288000,0.0,0.0
2012-06-18 00:00:00-04:00,0.27961942994202815,0.28649531084494967,0.2773274696410543,0.28420335054397583,304424000,0.0,0.0
2012-06-19 00:00:00-04:00,0.2958922390204608,0.30781044961042275,0.29451705246860027,0.3034557104110718,960476000,0.0,0.0
2012-06-20 00:00:00-04:00,0.3064353313158424,0.31399880439118766,0.30460175794571065,0.3082689046859741,972720000,0.0,0.0
2012-06-21 00:00:00-04:00,0.30803977201207566,0.30803977201207566,0.2936004158103244,0.2942880094051361,516376000,0.0,0.0
2012-06-22 00:00:00-04:00,0.29795512557029724,0.301393093496625,0.2938295913810271,0.29795512557029724,865360000,0.0,0.0
2012-06-25 00:00:00-04:00,0.29818429027354754,0.2991010633757387,0.2874120560500449,0.2885580360889435,494616000,0.0,0.0
2012-06-26 00:00:00-04:00,0.29016251488342415,0.2938296356872628,0.2860369800720693,0.291766881942749,437152000,0.0,0.0
2012-06-27 00:00:00-04:00,0.29199592496336085,0.3032265153939305,0.29199592496336085,0.30116376280784607,506064000,0.0,0.0
2012-06-28 00:00:00-04:00,0.2984134052581014,0.30528928337278216,0.2958922390204608,0.3034557104110718,545896000,0.0,0.0
2012-06-29 00:00:00-04:00,0.31056078155146066,0.3174366593597128,0.3103315746955951,0.31674906611442566,616508000,0.0,0.0
2012-07-02 00:00:00-04:00,0.3183535445605401,0.31858272415535843,0.30574773788675336,0.3082689046859741,581684000,0.0,0.0
2012-07-03 00:00:00-04:00,0.30826896446257024,0.3169784191678131,0.3080397575009893,0.31629082560539246,219284000,0.0,0.0
2012-07-05 00:00:00-04:00,0.31422795950369975,0.31560311881284764,0.30826885386378805,0.3130819797515869,280076000,0.0,0.0
2012-07-06 00:00:00-04:00,0.3107899448220222,0.31170674487520067,0.30368488785200703,0.3071228265762329,382760000,0.0,0.0
2012-07-09 00:00:00-04:00,0.3052893102662117,0.3066644969392146,0.30047618423301475,0.302997350692749,306336000,0.0,0.0
2012-07-10 00:00:00-04:00,0.2997885764047444,0.3087272347025424,0.2915375114102096,0.29382947087287903,512028000,0.0,0.0
2012-07-11 00:00:00-04:00,0.2947463557144444,0.2984135028369937,0.2876412684103751,0.289016455411911,485216000,0.0,0.0
2012-07-12 00:00:00-04:00,0.2858077172901931,0.2862661038859235,0.2816821832839758,0.28420335054397583,472160000,0.0,0.0
2012-07-13 00:00:00-04:00,0.2844324971844253,0.28924559640238057,0.28259892386802116,0.2878704369068146,324260000,0.0,0.0
2012-07-16 00:00:00-04:00,0.2860368990955842,0.2910792058498497,0.28328652511842156,0.28878724575042725,334460000,0.0,0.0
2012-07-17 00:00:00-04:00,0.28970397455104674,0.2913083407594811,0.27870253600726386,0.28351566195487976,447476000,0.0,0.0
2012-07-18 00:00:00-04:00,0.28282804576378856,0.30345570721273174,0.28145288654873274,0.2993301749229431,616008000,0.0,0.0
2012-07-19 00:00:00-04:00,0.3013930380517776,0.306206137618563,0.299330257675454,0.3023098111152649,403036000,0.0,0.0
2012-07-20 00:00:00-04:00,0.30047619989482144,0.3025389800118447,0.2903915608525532,0.29360032081604004,451000000,0.0,0.0
2012-07-23 00:00:00-04:00,0.28580761265582005,0.299559396749447,0.28259888033810465,0.29749661684036255,451584000,0.0,0.0
2012-07-24 00:00:00-04:00,0.29795512970692584,0.2997887035189825,0.2908500687534012,0.2942880094051361,351164000,0.0,0.0
2012-07-25 00:00:00-04:00,0.29337110461527793,0.3029973568781836,0.2919959452365156,0.3000178039073944,415044000,0.0,0.0
2012-07-26 00:00:00-04:00,0.30551847767963985,0.3089564442254185,0.2991009856647066,0.30139297246932983,338440000,0.0,0.0
2012-07-27 00:00:00-04:00,0.30253895224773486,0.30987321712757065,0.30024696544282947,0.30895644426345825,376516000,0.0,0.0
2012-07-30 00:00:00-04:00,0.30895650498163496,0.31285283140331277,0.3029973982268447,0.3055185377597809,363552000,0.0,0.0
2012-07-31 00:00:00-04:00,0.3055186041997131,0.31468647324782845,0.3050602175778882,0.3103317320346832,387788000,0.0,0.0
2012-08-01 00:00:00-04:00,0.3121652193173362,0.315144772516801,0.30551851951509684,0.3068937063217163,335912000,0.0,0.0
2012-08-02 00:00:00-04:00,0.3052893781911853,0.3126236449936316,0.30024704414982906,0.30803972482681274,367912000,0.0,0.0
2012-08-03 00:00:00-04:00,0.3128528117280893,0.3176659382136713,0.305518518545809,0.3144571781158447,326548000,0.0,0.0
2012-08-06 00:00:00-04:00,0.3174367832817428,0.32270829712377586,0.3169783967133748,0.32110393047332764,360324000,0.0,0.0
2012-08-07 00:00:00-04:00,0.32500028048295126,0.3277506274117698,0.3224791131935129,0.324312686920166,407340000,0.0,0.0
2012-08-08 00:00:00-04:00,0.3240834325079885,0.32958412509650126,0.3231666321950257,0.3261461853981018,517064000,0.0,0.0
2012-08-09 00:00:00-04:00,0.32660465424288054,0.3378352764827087,0.32614626763198046,0.33714768290519714,822300000,0.0,0.0
2012-08-10 00:00:00-04:00,0.3460862991829605,0.3488366458084182,0.3307301448230431,0.3350848853588104,1278744000,0.0,0.0
2012-08-13 00:00:00-04:00,0.3355432740186817,0.3396688076439625,0.3341680870361483,0.33943960070610046,447244000,0.0,0.0
2012-08-14 00:00:00-04:00,0.3405856638706612,0.3410440778582612,0.333022188265501,0.3343973755836487,388828000,0.0,0.0
2012-08-15 00:00:00-04:00,0.3355433061371933,0.3382936530432064,0.33027179196264694,0.33187615871429443,594404000,0.0,0.0
2012-08-16 00:00:00-04:00,0.3348556478939537,0.3398979814569611,0.3337096679609642,0.33875200152397156,371008000,0.0,0.0
2012-08-17 00:00:00-04:00,0.33875185775267525,0.33875185775267525,0.33279275370133476,0.335772305727005,309864000,0.0,0.0
2012-08-20 00:00:00-04:00,0.3346263262803861,0.33623069204119155,0.3307299743040376,0.335772305727005,314392000,0.0,0.0
2012-08-21 00:00:00-04:00,0.3369184261554615,0.3389811790936022,0.33141770611655874,0.3348556458950043,340248000,0.0,0.0
2012-08-22 00:00:00-04:00,0.33279286911356915,0.33691840201658896,0.33164688926952557,0.3355432152748108,313556000,0.0,0.0
2012-08-23 00:00:00-04:00,0.33485562255838247,0.33508482945656504,0.32660455673621647,0.3279797434806824,379040000,0.0,0.0
2012-08-24 00:00:00-04:00,0.32797970765538625,0.3362307725762866,0.3272921143582593,0.3346264064311981,347724000,0.0,0.0
2012-08-27 00:00:00-04:00,0.3343972422794288,0.33531404256682906,0.328667342941859,0.32889652252197266,340944000,0.0,0.0
2012-08-28 00:00:00-04:00,0.32637531472832243,0.3307300263822646,0.32568772148761854,0.32752129435539246,310764000,0.0,0.0
2012-08-29 00:00:00-04:00,0.3272920934258832,0.33027164597466463,0.3266045001727321,0.32820889353752136,250412000,0.0,0.0
2012-08-30 00:00:00-04:00,0.3275213697800516,0.32866734967102845,0.3204162835270687,0.32202064990997314,307488000,0.0,0.0
2012-08-31 00:00:00-04:00,0.3243125465228567,0.3266045058583863,0.31835346864386593,0.3215622007846832,485064000,0.0,0.0
2012-09-04 00:00:00-04:00,0.3162907312552226,0.3174367110766348,0.301392993576864,0.30437251925468445,694452000,0.0,0.0
2012-09-05 00:00:00-04:00,0.30551859714972657,0.30987333826238406,0.3020806565818867,0.3052894175052643,480256000,0.0,0.0
2012-09-06 00:00:00-04:00,0.3075811557935079,0.3229373010997457,0.30735194899222257,0.31468623876571655,657296000,0.0,0.0
2012-09-07 00:00:00-04:00,0.30666444021079775,0.3091855788818451,0.29680898308124715,0.3071228265762329,781064000,0.0,0.0
2012-09-10 00:00:00-04:00,0.3064352993266149,0.31079001171905557,0.3036849532196884,0.30437251925468445,371108000,0.0,0.0
2012-09-11 00:00:00-04:00,0.3041433981494806,0.3128528519309003,0.30299741810777586,0.30803972482681274,382808000,0.0,0.0
2012-09-12 00:00:00-04:00,0.3105607691811968,0.31308193520605665,0.30758121678517386,0.31147754192352295,322608000,0.0,0.0
2012-09-13 00:00:00-04:00,0.314227962594726,0.3153739423581117,0.30758126357370125,0.31354036927223206,433836000,0.0,0.0
2012-09-14 00:00:00-04:00,0.3133112480480787,0.322708295605864,0.3133112480480787,0.31720757484436035,339468000,0.0,0.0
2012-09-17 00:00:00-04:00,0.31789510028854456,0.31789510028854456,0.3050601152488598,0.3084980547428131,493348000,0.0,0.0
2012-09-18 00:00:00-04:00,0.3050601616707478,0.3142280290387052,0.3048309820629979,0.3105608820915222,359952000,0.0,0.0
2012-09-19 00:00:00-04:00,0.3112484155495337,0.318582680707507,0.30758126930939045,0.31422796845436096,451936000,0.0,0.0
2012-09-20 00:00:00-04:00,0.3135403846541125,0.31514475093709804,0.30941485183906814,0.31193599104881287,320596000,0.0,0.0
2012-09-21 00:00:00-04:00,0.31239453531269135,0.31514488256402357,0.31124855501444243,0.31331130862236023,340136000,0.0,0.0
2012-09-24 00:00:00-04:00,0.30826885386378805,0.31354036618796954,0.3078104674274054,0.3130819797515869,357832000,0.0,0.0
2012-09-25 00:00:00-04:00,0.3172075592852702,0.31858274623877303,0.30689373910095585,0.30735212564468384,481544000,0.0,0.0
2012-09-26 00:00:00-04:00,0.30620613484676557,0.30643534177172166,0.2984134819107089,0.30208060145378113,436812000,0.0,0.0
2012-09-27 00:00:00-04:00,0.3027681529691702,0.3048309330411006,0.3002469864331377,0.30437251925468445,558888000,0.0,0.0
2012-09-28 00:00:00-04:00,0.30299731233874916,0.31010239704603304,0.29910095969922,0.3057476580142975,485508000,0.0,0.0
2012-10-01 00:00:00-04:00,0.3071228651767963,0.30895643819129665,0.29955939356842715,0.3007053732872009,504236000,0.0,0.0
2012-10-02 00:00:00-04:00,0.3027681946490292,0.3027681946490292,0.2984134816571074,0.30185142159461975,295492000,0.0,0.0
2012-10-03 00:00:00-04:00,0.302538991584831,0.30345576456814516,0.2972674786249851,0.29887184500694275,430872000,0.0,0.0
2012-10-04 00:00:00-04:00,0.29955930818741905,0.31399865399289884,0.2979549151805738,0.3121650815010071,502608000,0.0,0.0
2012-10-05 00:00:00-04:00,0.3130820349796091,0.3162907679226241,0.3036849884257094,0.30483096837997437,483068000,0.0,0.0
2012-10-08 00:00:00-04:00,0.3036849950257566,0.3050601546073708,0.29955946163627817,0.30185142159461975,240596000,0.0,0.0
2012-10-09 00:00:00-04:00,0.30139304553076063,0.3023098186169974,0.2945171380947098,0.2954339385032654,366360000,0.0,0.0
2012-10-10 00:00:00-04:00,0.2940587108512202,0.29543389761255595,0.2892455845088603,0.29039156436920166,326568000,0.0,0.0
2012-10-11 00:00:00-04:00,0.2931421019080852,0.2940588753803771,0.2897041604034951,0.2919961214065552,320516000,0.0,0.0
2012-10-12 00:00:00-04:00,0.28993317179795414,0.29222513147048224,0.287641212125426,0.2894747853279114,260696000,0.0,0.0
2012-10-15 00:00:00-04:00,0.2899332008413589,0.29337114069453896,0.2864952609881788,0.2931419610977173,249580000,0.0,0.0
2012-10-16 00:00:00-04:00,0.2956631051665898,0.3025390123015449,0.29291275870599826,0.301622211933136,367696000,0.0,0.0
2012-10-17 00:00:00-04:00,0.2979549883855767,0.3007053614603095,0.29497543576948987,0.2993301749229431,391752000,0.0,0.0
2012-10-18 00:00:00-04:00,0.2986426356494011,0.2986426356494011,0.293600329637917,0.2947463095188141,254772000,0.0,0.0
2012-10-19 00:00:00-04:00,0.2903916467992022,0.29245442752674267,0.27595229099571034,0.2775566577911377,709412000,0.0,0.0
2012-10-22 00:00:00-04:00,0.2787025542072521,0.28030694784277027,0.2720558820572738,0.27434784173965454,480840000,0.0,0.0
2012-10-23 00:00:00-04:00,0.27182668015300704,0.2844324859599583,0.27113908677120024,0.28259891271591187,573948000,0.0,0.0
2012-10-24 00:00:00-04:00,0.2844325472709225,0.2855785273801843,0.276181479555309,0.2789318263530731,332916000,0.0,0.0
2012-10-25 00:00:00-04:00,0.28122363918965343,0.28420319137669314,0.278014907494261,0.27916088700294495,307356000,0.0,0.0
2012-10-26 00:00:00-04:00,0.27961936933079895,0.2812237357292484,0.2761814296245575,0.2761814296245575,389376000,0.0,0.0
2012-10-31 00:00:00-04:00,0.2773274552800628,0.2796194154623509,0.2738895150066307,0.2745770812034607,347112000,0.0,0.0
2012-11-01 00:00:00-04:00,0.27595222137207714,0.28787043415355773,0.2757230144638502,0.2876412272453308,473220000,0.0,0.0
2012-11-02 00:00:00-04:00,0.2906207989610084,0.29107918548435774,0.28443251258999797,0.2862660586833954,256700000,0.0,0.0
2012-11-05 00:00:00-05:00,0.28557846991628366,0.29955943536496615,0.28557846991628366,0.2984134554862976,444840000,0.0,0.0
2012-11-06 00:00:00-05:00,0.2991009888963964,0.2991009888963964,0.2931419105713892,0.29818421602249146,350804000,0.0,0.0
2012-11-07 00:00:00-05:00,0.29589233577495105,0.2977259093362257,0.2876412684103751,0.289016455411911,324620000,0.0,0.0
2012-11-08 00:00:00-05:00,0.2922252003196307,0.299788674485414,0.28993324010710975,0.2906208336353302,839024000,0.0,0.0
2012-11-09 00:00:00-05:00,0.29222498596156554,0.29566292375848974,0.27847323477386876,0.27939000725746155,846280000,0.0,0.0
2012-11-12 00:00:00-05:00,0.27984861655339804,0.2809945967324462,0.2704515681562739,0.27320194244384766,643624000,0.0,0.0
2012-11-13 00:00:00-05:00,0.2718266786708739,0.27801499175107836,0.2709099057150069,0.27113908529281616,492120000,0.0,0.0
2012-11-14 00:00:00-05:00,0.27274342705996374,0.27549377272662984,0.26426315588113775,0.26449236273765564,619300000,0.0,0.0
2012-11-15 00:00:00-05:00,0.26609682740804613,0.2729727077847448,0.2638048672824799,0.26563844084739685,466688000,0.0,0.0
2012-11-16 00:00:00-05:00,0.26563846358404614,0.26655523678381354,0.25555382177499353,0.26082533597946167,624552000,0.0,0.0
2012-11-19 00:00:00-05:00,0.26563842868052717,0.2690763687114107,0.2624296682583114,0.26815956830978394,404092000,0.0,0.0
2012-11-20 00:00:00-05:00,0.26712152510248627,0.26827489847086045,0.2622773459558787,0.2650454640388489,336976000,0.001875,0.0
2012-11-21 00:00:00-05:00,0.26504545282578457,0.27334972422760234,0.2648147671624331,0.27265772223472595,422312000,0.0,0.0
2012-11-23 00:00:00-05:00,0.273810993199553,0.27773245552050213,0.27242693473400453,0.27450302243232727,276932000,0.0,0.0
2012-11-26 00:00:00-05:00,0.27496452187206977,0.2800393599566534,0.2745031779550338,0.27934733033180237,364600000,0.0,0.0
2012-11-27 00:00:00-05:00,0.2781939628762873,0.2846528603518818,0.27588721574204605,0.28050071001052856,451404000,0.0,0.0
2012-11-28 00:00:00-05:00,0.2793472896416814,0.2841914688114342,0.2758871695200265,0.2828074097633362,398332000,0.0,0.0
2012-11-29 00:00:00-05:00,0.28326878976307557,0.284652821354853,0.2768098931723406,0.27773258090019226,488688000,0.0,0.0
2012-11-30 00:00:00-05:00,0.2775018029957547,0.2795778909413538,0.2745030551275261,0.2761177718639374,460504000,0.0,0.0
2012-12-03 00:00:00-05:00,0.27957801869774707,0.27957801869774707,0.27035103027492463,0.2710430324077606,391380000,0.0,0.0
2012-12-04 00:00:00-05:00,0.2715043608117094,0.27957797440252796,0.26988961609467355,0.2791166305541992,528068000,0.0,0.0
2012-12-05 00:00:00-05:00,0.27680981686072303,0.2786551918076888,0.2719656388784791,0.2758871018886566,633024000,0.0,0.0
2012-12-06 00:00:00-05:00,0.27519512811975255,0.27819390426215734,0.2742724404598999,0.2763485014438629,412896000,0.0,0.0
2012-12-07 00:00:00-05:00,0.27657913124306055,0.2779631899518684,0.272657668232883,0.2758871018886566,338288000,0.0,0.0
2012-12-10 00:00:00-05:00,0.2758871528837823,0.28719022776542324,0.27519512340146324,0.2851141393184662,513644000,0.0,0.0
2012-12-11 00:00:00-05:00,0.28603682194479024,0.29549449296464086,0.28534479254114026,0.2918036878108978,816724000,0.0,0.0
2012-12-12 00:00:00-05:00,0.2927264396102215,0.29434115675579625,0.2876515750118594,0.28880494832992554,399404000,0.0,0.0
2012-12-13 00:00:00-05:00,0.2883436483141447,0.2945718596783155,0.2862675870256189,0.2890356779098511,377556000,0.0,0.0
2012-12-14 00:00:00-05:00,0.2901890395714335,0.2934184742216001,0.28811295086896177,0.29041969776153564,338660000,0.0,0.0
2012-12-17 00:00:00-05:00,0.28972751035111993,0.2913422266432535,0.2848833339761449,0.2892661392688751,445232000,0.0,0.0
2012-12-18 00:00:00-05:00,0.28926622720622386,0.2929570319947457,0.2883435397583848,0.2897275984287262,416436000,0.0,0.0
2012-12-19 00:00:00-05:00,0.2918036878108978,0.29526380733056234,0.2906503146376763,0.2918036878108978,458544000,0.0,0.0
2012-12-20 00:00:00-05:00,0.2929569892005562,0.2931876747781096,0.2883434976381189,0.2915729582309723,334332000,0.0,0.0
2012-12-21 00:00:00-05:00,0.28765158975098426,0.28765158975098426,0.28165403719029325,0.2848834991455078,462172000,0.0,0.0
2012-12-24 00:00:00-05:00,0.2846528608174751,0.28557557617183776,0.2816540840383375,0.2825767993927002,127376000,0.0,0.0
2012-12-26 00:00:00-05:00,0.28188472595656744,0.2864982195158208,0.2811926964229613,0.28234606981277466,196740000,0.0,0.0
2012-12-27 00:00:00-05:00,0.2828074571447698,0.283268828570494,0.27727127502202875,0.28050071001052856,299804000,0.0,0.0
2012-12-28 00:00:00-05:00,0.27796325718408227,0.28349943836120745,0.27750188583716334,0.2791166305541992,220600000,0.0,0.0
2012-12-31 00:00:00-05:00,0.27819391626779644,0.2839607831372211,0.2775018867437474,0.2828074097633362,326460000,0.0,0.0
2013-01-02 00:00:00-05:00,0.2897277180335931,0.29364918255363515,0.28857434449836933,0.2934184968471527,478836000,0.0,0.0
2013-01-03 00:00:00-05:00,0.29341860024395,0.2968787220689221,0.29018916420675095,0.293649286031723,298888000,0.0,0.0
2013-01-04 00:00:00-05:00,0.2941103838840398,0.3042600825726175,0.293187696502615,0.3033373951911926,524968000,0.0,0.0
2013-01-07 00:00:00-05:00,0.3031067708659502,0.30402945843388535,0.2924957263417646,0.29457178711891174,610732000,0.0,0.0
2013-01-08 00:00:00-05:00,0.29526386446112246,0.296186579677387,0.286036877290022,0.28811293840408325,466424000,0.0,0.0
2013-01-09 00:00:00-05:00,0.29041964229980327,0.2918037011704693,0.27980862511951526,0.2816540002822876,695020000,0.0,0.0
2013-01-10 00:00:00-05:00,0.2841913707880077,0.28557542935871566,0.2805005662651739,0.28211531043052673,506368000,0.0,0.0
2013-01-11 00:00:00-05:00,0.28326874479759356,0.28349940294364673,0.27888591003954233,0.2816540002822876,513172000,0.0,0.0
2013-01-14 00:00:00-05:00,0.2834993910271548,0.2834993910271548,0.2781938689107275,0.28142333030700684,305684000,0.0,0.0
2013-01-15 00:00:00-05:00,0.2800393070804517,0.2800393070804517,0.27473378428982625,0.2763485014438629,375888000,0.0,0.0
2013-01-16 00:00:00-05:00,0.2758871251843646,0.2811926473513444,0.2758871251843646,0.2788859009742737,337376000,0.0,0.0
2013-01-17 00:00:00-05:00,0.27980870832680205,0.2837301729617073,0.2791166786856788,0.2825767993927002,580736000,0.0,0.0
2013-01-18 00:00:00-05:00,0.2825768430859286,0.2825768430859286,0.27727131834841406,0.2807314395904541,397088000,0.0,0.0
2013-01-22 00:00:00-05:00,0.2805007038736893,0.2830381366652783,0.27796329858069463,0.27934733033180237,308224000,0.0,0.0
2013-01-23 00:00:00-05:00,0.2802699544446008,0.2805006125787489,0.2768098349451101,0.2798086106777191,421808000,0.0,0.0
2013-01-24 00:00:00-05:00,0.27888603207953516,0.28234615327175583,0.27750197260320736,0.2811927795410156,396980000,0.0,0.0
2013-01-25 00:00:00-05:00,0.28165399862170176,0.2864981771418856,0.2802699672577826,0.2862675189971924,393920000,0.0,0.0
2013-01-28 00:00:00-05:00,0.2876515464408033,0.29272641053510334,0.2869595170189818,0.2908810079097748,422492000,0.0,0.0
2013-01-29 00:00:00-05:00,0.28972760330758107,0.2904196051558219,0.2834993666847475,0.2846527397632599,388872000,0.0,0.0
2013-01-30 00:00:00-05:00,0.2848835187934103,0.2888049830465074,0.28326880145373406,0.2841914892196655,287592000,0.0,0.0
2013-01-31 00:00:00-05:00,0.2841914688114342,0.2874209307574663,0.28096203436399253,0.2828074097633362,470544000,0.0,0.0
2013-02-01 00:00:00-05:00,0.2851141534243537,0.2862675542843418,0.2828074067015575,0.28534483909606934,288816000,0.0,0.0
2013-02-04 00:00:00-05:00,0.2837301724976233,0.2894970403332264,0.2802700517962614,0.28050071001052856,511744000,0.0,0.0
2013-02-05 00:00:00-05:00,0.2818847213920722,0.28857430344382107,0.2809620336945987,0.28695955872535706,367296000,0.0,0.0
2013-02-06 00:00:00-05:00,0.28003924744921027,0.2869594859202847,0.27842453063900957,0.2846527397632599,530688000,0.0,0.0
2013-02-07 00:00:00-05:00,0.2837300755208716,0.2860368218666847,0.28073129977159744,0.2834993898868561,440000000,0.0,0.0
2013-02-08 00:00:00-05:00,0.28534483909606934,0.2876515858188655,0.2834994362181144,0.28534483909606934,307232000,0.0,0.0
2013-02-11 00:00:00-05:00,0.2876515038247444,0.2915729941345619,0.2848834140461419,0.28857421875,408308000,0.0,0.0
2013-02-12 00:00:00-05:00,0.2860368889865497,0.2899583531949045,0.28557554510884775,0.2867289185523987,277804000,0.0,0.0
2013-02-13 00:00:00-05:00,0.2869595563023087,0.2922650792644579,0.2844221514063869,0.28534483909606934,856396000,0.0,0.0
2013-02-14 00:00:00-05:00,0.28142351675043425,0.29387997181949604,0.2779633949254622,0.293649286031723,882096000,0.0,0.0
2013-02-15 00:00:00-05:00,0.29295725616700785,0.2950333457611534,0.287190386458721,0.293649286031723,733860000,0.0,0.0
2013-02-19 00:00:00-05:00,0.2938797469411676,0.29411040505383595,0.28788219603446524,0.2897275984287262,433552000,0.0,0.0
2013-02-20 00:00:00-05:00,0.29065031575092287,0.2952638084614795,0.28465276422776503,0.2855754792690277,713012000,0.0,0.0
2013-02-21 00:00:00-05:00,0.2851141068292082,0.2883435682124979,0.28280736048339505,0.2834993898868561,580408000,0.0,0.0
2013-02-22 00:00:00-05:00,0.2853448283757272,0.28903563399297433,0.28373011123015246,0.28880494832992554,370148000,0.0,0.0
2013-02-25 00:00:00-05:00,0.28949692540840305,0.2918036716269095,0.28326871611815235,0.28373005986213684,644444000,0.0,0.0
2013-02-26 00:00:00-05:00,0.2843102957044829,0.2887199910552008,0.2833819198582927,0.2870953679084778,487504000,0.001875,0.0
2013-02-27 00:00:00-05:00,0.28709548649277167,0.29452238566080974,0.2863992112373557,0.29243355989456177,476980000,0.0,0.0
2013-02-28 00:00:00-05:00,0.2915052041940942,0.2982358002746042,0.2903447546859167,0.2938261032104492,591392000,0.0,0.0
2013-03-01 00:00:00-05:00,0.2917370940455749,0.2959147151815068,0.2891841233333196,0.294986367225647,389396000,0.0,0.0
2013-03-04 00:00:00-05:00,0.292897727003528,0.2966111764966155,0.290576827987173,0.2938261032104492,353680000,0.0,0.0
2013-03-05 00:00:00-05:00,0.29545058898267756,0.29753938605479485,0.2940580391564088,0.29707521200180054,366168000,0.0,0.0
2013-03-06 00:00:00-05:00,0.2989319984312009,0.30171707099921613,0.29545065080435895,0.29684320092201233,342928000,0.0,0.0
2013-03-07 00:00:00-05:00,0.2984677676368505,0.3014849405409625,0.29452224660868237,0.29614686965942383,314824000,0.0,0.0
2013-03-08 00:00:00-05:00,0.29684310620129933,0.29893190304396633,0.2954505565279995,0.2975393533706665,246464000,0.0,0.0
2013-03-11 00:00:00-04:00,0.29452219358330284,0.2959147155186793,0.2922012683564461,0.2947542667388916,299748000,0.0,0.0
2013-03-12 00:00:00-04:00,0.29429020794518046,0.296611106413152,0.29150513531707295,0.29568275809288025,310856000,0.0,0.0
2013-03-13 00:00:00-04:00,0.29568275809288025,0.3007887291889594,0.2928976577974806,0.29568275809288025,485840000,0.0,0.0
2013-03-14 00:00:00-04:00,0.29753954205519595,0.29846791831521935,0.2940581933315339,0.2959149181842804,383304000,0.0,0.0
2013-03-15 00:00:00-04:00,0.29591484426048564,0.29591484426048564,0.2922013954826657,0.2933618724346161,355776000,0.0,0.0
2013-03-18 00:00:00-04:00,0.29150524787108334,0.29405822057121317,0.28918434850698194,0.2912731468677521,298312000,0.0,0.0
2013-03-19 00:00:00-04:00,0.2915051984499698,0.29289772123196384,0.28732757476939136,0.2894163727760315,355480000,0.0,0.0
2013-03-20 00:00:00-04:00,0.29220142608625077,0.2938260773887625,0.2896484539929968,0.29289770126342773,340588000,0.0,0.0
2013-03-21 00:00:00-04:00,0.29127298375478433,0.2917371578342064,0.2877916366581878,0.28825581073760986,339032000,0.0,0.0
2013-03-22 00:00:00-04:00,0.28918420973919834,0.2908088329810179,0.28802376061400015,0.2896483838558197,232476000,0.0,0.0
2013-03-25 00:00:00-04:00,0.2912729863048657,0.2915050871802525,0.285934915176559,0.2880237400531769,362076000,0.0,0.0
2013-03-26 00:00:00-04:00,0.28872003468326285,0.29034468574277245,0.2875595854506372,0.29011258482933044,232540000,0.0,0.0
2013-03-27 00:00:00-04:00,0.2889521460210867,0.29521856656987727,0.28825587092293375,0.2935939431190491,254944000,0.0,0.0
2013-03-28 00:00:00-04:00,0.2928976456174115,0.2980036441684512,0.290808848150016,0.29777154326438904,349276000,0.0,0.0
2013-04-01 00:00:00-04:00,0.2970752315166584,0.2970752315166584,0.285934915176559,0.2880237400531769,442828000,0.0,0.0
2013-04-02 00:00:00-04:00,0.28825582916795944,0.2889521041652543,0.28314985863327913,0.285006582736969,371524000,0.0,0.0
2013-04-03 00:00:00-04:00,0.2845423999941915,0.286167050985652,0.27943642911796257,0.28152525424957275,353156000,0.0,0.0
2013-04-04 00:00:00-04:00,0.28059680400189585,0.2852385995088598,0.2796684559674165,0.2843102514743805,294676000,0.0,0.0
2013-04-05 00:00:00-04:00,0.28013266394601505,0.28918418288230896,0.27943638900210216,0.28918418288230896,551352000,0.0,0.0
2013-04-08 00:00:00-04:00,0.289416289280191,0.289416289280191,0.28314986940081804,0.2884879410266876,326660000,0.0,0.0
2013-04-09 00:00:00-04:00,0.2887200480592124,0.29521856959644077,0.28663125041063237,0.2931297719478607,380584000,0.0,0.0
2013-04-10 00:00:00-04:00,0.29336184742553584,0.29823571740522237,0.29266557238064034,0.29777154326438904,384688000,0.0,0.0
2013-04-11 00:00:00-04:00,0.2935938683280161,0.29823566424351267,0.2854707254758972,0.2963789403438568,969220000,0.0,0.0
2013-04-12 00:00:00-04:00,0.2977715993347975,0.30705519456872976,0.2952185995785477,0.303805947303772,770548000,0.0,0.0
2013-04-15 00:00:00-04:00,0.3028774235619388,0.3038057992332329,0.2956826573626437,0.2975393533706665,430420000,0.0,0.0
2013-04-16 00:00:00-04:00,0.30032449670827743,0.3028774679269049,0.2986998459623574,0.30078867077827454,468844000,0.0,0.0
2013-04-17 00:00:00-04:00,0.29846782428108026,0.3012528968490955,0.2949864766542383,0.29684320092201233,532948000,0.0,0.0
2013-04-18 00:00:00-04:00,0.2975394482744157,0.2993961725419455,0.29104092717170715,0.29104092717170715,402548000,0.0,0.0
2013-04-19 00:00:00-04:00,0.2908088208328663,0.2926655448890791,0.2870953727204406,0.2917371690273285,303028000,0.0,0.0
2013-04-22 00:00:00-04:00,0.29150515235590735,0.2947543993340732,0.28918425375227635,0.2922013998031616,245568000,0.0,0.0
2013-04-23 00:00:00-04:00,0.294754477039602,0.3028776242937994,0.2942903027299652,0.29986047744750977,376948000,0.0,0.0
2013-04-24 00:00:00-04:00,0.30078868064243747,0.3126252719856141,0.30055657976618394,0.31007227301597595,556556000,0.0,0.0
2013-04-25 00:00:00-04:00,0.3116969704562871,0.31332159383130104,0.30891187019364397,0.31262531876564026,353224000,0.0,0.0
2013-04-26 00:00:00-04:00,0.31216112155550785,0.31262529567590164,0.30960812239240715,0.3112327456474304,324332000,0.0,0.0
2013-04-29 00:00:00-04:00,0.3116969283108936,0.3161066236850119,0.3103043783678625,0.31494617462158203,269712000,0.0,0.0
2013-04-30 00:00:00-04:00,0.3156424249637722,0.31958794593811035,0.3135536002122149,0.31958794593811035,276712000,0.0,0.0
2013-05-01 00:00:00-04:00,0.31958793117917483,0.3216767558342678,0.3156424103870453,0.31680285930633545,341316000,0.0,0.0
2013-05-02 00:00:00-04:00,0.316570857792289,0.3214447558496012,0.3147141334053466,0.3205164074897766,323480000,0.0,0.0
2013-05-03 00:00:00-04:00,0.32260522595411706,0.32422984952231065,0.3207485014473408,0.32190895080566406,293864000,0.0,0.0
2013-05-06 00:00:00-04:00,0.3219088971235702,0.32376562132071585,0.3191238246614969,0.3209805488586426,217116000,0.0,0.0
2013-05-07 00:00:00-04:00,0.3209804809492368,0.3216767558342678,0.3137856865827242,0.31680285930633545,448068000,0.0,0.0
2013-05-08 00:00:00-04:00,0.31726712063042795,0.3244619169764479,0.31610667139186294,0.3226051926612854,334032000,0.0,0.0
2013-05-09 00:00:00-04:00,0.3168029168033144,0.3242297857012265,0.31633874268481166,0.3228372633457184,566800000,0.0,0.0
2013-05-10 00:00:00-04:00,0.329567809221421,0.3388514285755032,0.329567809221421,0.33745887875556946,861136000,0.0,0.0
2013-05-13 00:00:00-04:00,0.33513801814089256,0.3365305681158427,0.32910367180582684,0.330496221780777,289812000,0.0,0.0
2013-05-14 00:00:00-04:00,0.3344418366613854,0.3381552858546518,0.33119258936774953,0.3353702127933502,454140000,0.0,0.0
2013-05-15 00:00:00-04:00,0.3337455292692521,0.34233287624149866,0.3337455292692521,0.3411724269390106,313172000,0.0,0.0
2013-05-16 00:00:00-04:00,0.3407081426569076,0.34418948943942834,0.3383872171346089,0.33954769372940063,308368000,0.0,0.0
2013-05-17 00:00:00-04:00,0.3411724342207071,0.347438855054429,0.3386194346338268,0.3451179563999176,312116000,0.0,0.0
2013-05-20 00:00:00-04:00,0.34372535012099353,0.3458141751700001,0.3425649009828643,0.3444216251373291,236380000,0.0,0.0
2013-05-21 00:00:00-04:00,0.3464043378211103,0.34943683634809836,0.3424387756586588,0.3480372130870819,357784000,0.001875,0.0
2013-05-22 00:00:00-04:00,0.3494369023646138,0.3494369023646138,0.3345076867219844,0.33590731024742126,480404000,0.0,0.0
2013-05-23 00:00:00-04:00,0.33194169681712554,0.34243881692405564,0.3310086330692238,0.3412724733352661,393884000,0.0,0.0
2013-05-24 00:00:00-04:00,0.3394063285828047,0.3422055477213542,0.33544073801138186,0.3391730487346649,283304000,0.0,0.0
2013-05-28 00:00:00-04:00,0.3417391532385156,0.3426722173905877,0.335674152826537,0.338939905166626,279300000,0.0,0.0
2013-05-29 00:00:00-04:00,0.3368403911590576,0.338939798745964,0.335440767562568,0.3368403911590576,335052000,0.0,0.0
2013-05-30 00:00:00-04:00,0.3363738191392204,0.3447715041016346,0.335440727583494,0.3412724733352661,284504000,0.0,0.0
2013-05-31 00:00:00-04:00,0.3394063948215293,0.3443050223180532,0.33754023909568787,0.33754023909568787,577508000,0.0,0.0
2013-06-03 00:00:00-04:00,0.3380068372874591,0.34057280538911827,0.330075680850954,0.33707377314567566,444468000,0.0,0.0
2013-06-04 00:00:00-04:00,0.3391731149278625,0.34523811408488936,0.33544080347617966,0.33754023909568787,363676000,0.0,0.0
2013-06-05 00:00:00-04:00,0.33707360393470376,0.339639542940425,0.32937570349407286,0.33030879497528076,464520000,0.0,0.0
2013-06-06 00:00:00-04:00,0.33030884191085835,0.3349742165563617,0.33007556205545263,0.33240824937820435,341044000,0.0,0.0
2013-06-07 00:00:00-04:00,0.3347410571755442,0.3391731813686067,0.333341460962869,0.33707377314567566,274584000,0.0,0.0
2013-06-10 00:00:00-04:00,0.3361405793608128,0.338939798745964,0.33427442383476935,0.3368403911590576,224148000,0.0,0.0
2013-06-11 00:00:00-04:00,0.3324082449443025,0.33707364733540174,0.33054211735725403,0.33054211735725403,296336000,0.0,0.0
2013-06-12 00:00:00-04:00,0.33217505762946514,0.3349742773633366,0.3258767784684649,0.32774293422698975,312588000,0.0,0.0
2013-06-13 00:00:00-04:00,0.32657661398825855,0.3368404574990243,0.32634336188145713,0.33520758152008057,236256000,0.0,0.0
2013-06-14 00:00:00-04:00,0.336373810180889,0.3368403420424152,0.33240821983835694,0.33474090695381165,236012000,0.0,0.0
2013-06-17 00:00:00-04:00,0.3373068635686192,0.34103917396211564,0.335440708371871,0.3380066752433777,255336000,0.0,0.0
2013-06-18 00:00:00-04:00,0.3396395933022087,0.3433719041648227,0.3331080631965475,0.33590731024742126,486772000,0.0,0.0
2013-06-19 00:00:00-04:00,0.33893982762155,0.3611003881454958,0.33777348379438604,0.34617117047309875,1159588000,0.0,0.0
2013-06-20 00:00:00-04:00,0.3433719215962957,0.3438384535258496,0.3345077037034603,0.3368403911590576,628696000,0.0,0.0
2013-06-21 00:00:00-04:00,0.3387064930862152,0.3398728366294449,0.3307753403075593,0.33637380599975586,714228000,0.0,0.0
2013-06-24 00:00:00-04:00,0.33147523908471116,0.3356740825050795,0.3244771759867075,0.3293758034706116,580772000,0.0,0.0
2013-06-25 00:00:00-04:00,0.3328748046921889,0.3335745886335101,0.3282094023004828,0.33170846104621887,457360000,0.0,0.0
2013-06-26 00:00:00-04:00,0.33544073749136627,0.3359072971869225,0.3284426757519284,0.32984229922294617,579752000,0.0,0.0
2013-06-27 00:00:00-04:00,0.3307754167168163,0.3312419486803126,0.3233108218773867,0.3268098533153534,808036000,0.0,0.0
2013-06-28 00:00:00-04:00,0.326809859587072,0.330775423064637,0.3226110162193671,0.32750967144966125,431536000,0.0,0.0
2013-07-01 00:00:00-04:00,0.3298423995854798,0.3305422115339234,0.3268098996807801,0.328909307718277,199524000,0.0,0.0
2013-07-02 00:00:00-04:00,0.32704314117829414,0.3335746728054125,0.3256435451346614,0.3286760449409485,256392000,0.0,0.0
2013-07-03 00:00:00-04:00,0.32587669606996694,0.3335745692475664,0.32587669606996694,0.3296090066432953,140388000,0.0,0.0
2013-07-05 00:00:00-04:00,0.33054214074508215,0.3328748282017703,0.328442705349366,0.33217501640319824,184684000,0.0,0.0
2013-07-08 00:00:00-04:00,0.3331080566933587,0.3347409322359391,0.3286759619623795,0.33054211735725403,262084000,0.0,0.0
2013-07-09 00:00:00-04:00,0.3312419247358262,0.3342744239910864,0.33030886087628214,0.33217501640319824,157364000,0.0,0.0
2013-07-10 00:00:00-04:00,0.3321750625241001,0.3375402499809788,0.3312419707271728,0.3366071581840515,208468000,0.0,0.0
2013-07-11 00:00:00-04:00,0.33847322647591166,0.341739005209217,0.33777341476107303,0.3412724733352661,239832000,0.0,0.0
2013-07-12 00:00:00-04:00,0.3405727614980263,0.3447716052106015,0.3394064175671906,0.34150582551956177,216360000,0.0,0.0
2013-07-15 00:00:00-04:00,0.34220563119986924,0.34220563119986924,0.33544081983967156,0.3408060073852539,201332000,0.0,0.0
2013-07-16 00:00:00-04:00,0.34220560743634026,0.34453829509349054,0.34057273163790114,0.3426721394062042,162560000,0.0,0.0
2013-07-17 00:00:00-04:00,0.34267216320213023,0.3438385071116989,0.3398729433807319,0.3408060073852539,166100000,0.0,0.0
2013-07-18 00:00:00-04:00,0.3403394648947283,0.3415058087683537,0.3349742775144853,0.33940640091896057,344488000,0.0,0.0
2013-07-19 00:00:00-04:00,0.3373069232463466,0.33893979890446274,0.328675985218166,0.33217501640319824,480532000,0.0,0.0
2013-07-22 00:00:00-04:00,0.3347410332637426,0.3377735332196707,0.33054221711781767,0.3319418132305145,292384000,0.0,0.0
2013-07-23 00:00:00-04:00,0.3361406335366491,0.3361406335366491,0.32984238195301174,0.33147525787353516,246792000,0.0,0.0
2013-07-24 00:00:00-04:00,0.3345077576161257,0.3354408216256155,0.33100872586879027,0.33147525787353516,284252000,0.0,0.0
2013-07-25 00:00:00-04:00,0.3312419183875351,0.33707366472531736,0.3289092309755532,0.3326415419578552,243320000,0.0,0.0
2013-07-26 00:00:00-04:00,0.3286760254620443,0.3333414009466603,0.3286760254620443,0.3312419652938843,227360000,0.0,0.0
2013-07-29 00:00:00-04:00,0.33054211735725403,0.3347409322359391,0.3296090257559038,0.33054211735725403,179540000,0.0,0.0
2013-07-30 00:00:00-04:00,0.3317084780657885,0.34057269579153837,0.33147519820149485,0.33614057302474976,266076000,0.0,0.0
2013-07-31 00:00:00-04:00,0.3345077037034603,0.3401061424737627,0.33427442383476935,0.3368403911590576,270160000,0.0,0.0
2013-08-01 00:00:00-04:00,0.3380067937270546,0.3422056374396298,0.33404122992377966,0.34150582551956177,277648000,0.0,0.0
2013-08-02 00:00:00-04:00,0.3408059772307146,0.3450048204952143,0.3384732896179736,0.34430500864982605,209628000,0.0,0.0
2013-08-05 00:00:00-04:00,0.34337191065095257,0.34710422158406806,0.3415057551843948,0.3459378778934479,185188000,0.0,0.0
2013-08-06 00:00:00-04:00,0.34617119493083626,0.3468710068381439,0.34010619547794624,0.3408060073852539,206608000,0.0,0.0
2013-08-07 00:00:00-04:00,0.33893981128003736,0.344071746118394,0.3387065592105487,0.340572714805603,244380000,0.0,0.0
2013-08-08 00:00:00-04:00,0.3424389297605005,0.3445383377889639,0.33847333800566143,0.3429054617881775,345696000,0.0,0.0
2013-08-09 00:00:00-04:00,0.32937571093439505,0.343138581178568,0.32914245891469096,0.3380066752433777,906224000,0.0,0.0
2013-08-12 00:00:00-04:00,0.32424392607324365,0.3401062094569119,0.30581567485992556,0.33520758152008057,257568000,0.0,0.0
2013-08-13 00:00:00-04:00,0.33567399431225337,0.33777340156693736,0.33357455924974583,0.33637380599975586,197468000,0.0,0.0
2013-08-14 00:00:00-04:00,0.3356740652582486,0.3527026901500315,0.3354407853771687,0.35060328245162964,828508000,0.0,0.0
2013-08-15 00:00:00-04:00,0.3468710002934254,0.35573521940046476,0.345471376505218,0.3529359996318817,723616000,0.0,0.0
2013-08-16 00:00:00-04:00,0.35223620014424,0.35923426371609923,0.35153638822548755,0.35433563590049744,660456000,0.0,0.0
2013-08-19 00:00:00-04:00,0.35223618203673324,0.3534025259054178,0.3485038705338099,0.3487371504306793,393432000,0.0,0.0
2013-08-20 00:00:00-04:00,0.3486199521625825,0.352839966630982,0.3481510678767695,0.35049551725387573,234192000,0.001875,0.0
2013-08-21 00:00:00-04:00,0.348385688889795,0.35284016194083423,0.3474479197990797,0.34885460138320923,261540000,0.0,0.0
2013-08-22 00:00:00-04:00,0.34861989167732155,0.35401212989872527,0.34861989167732155,0.35072991251945496,129016000,0.0,0.0
2013-08-23 00:00:00-04:00,0.35119879672391696,0.35401212989872527,0.35002657223874384,0.35072991251945496,245120000,0.0,0.0
2013-08-26 00:00:00-04:00,0.35096445238103524,0.3523711333902898,0.3500266836735623,0.35143333673477173,300152000,0.0,0.0
2013-08-27 00:00:00-04:00,0.34815091838573253,0.3504953667561661,0.34580647001529896,0.34697869420051575,277464000,0.0,0.0
2013-08-28 00:00:00-04:00,0.34768203430125166,0.35026091073991106,0.34557201399904397,0.34697869420051575,318824000,0.0,0.0
2013-08-29 00:00:00-04:00,0.3458066538723251,0.3495577844386158,0.3448688572567305,0.34627553820610046,276216000,0.0,0.0
2013-08-30 00:00:00-04:00,0.3465099390257248,0.34744770754355814,0.3441654897831021,0.3458065986633301,378120000,0.0,0.0
2013-09-03 00:00:00-04:00,0.34674439395024753,0.3509644085023666,0.3439310602315154,0.3460410535335541,284680000,0.0,0.0
2013-09-04 00:00:00-04:00,0.3460410860395106,0.3514333258099674,0.3455722017003501,0.3493233323097229,222080000,0.0,0.0
2013-09-05 00:00:00-04:00,0.3479166722038858,0.35166780303816136,0.3476822439942723,0.3502611219882965,174904000,0.0,0.0
2013-09-06 00:00:00-04:00,0.35049571126598933,0.3523712773954766,0.34627569446165724,0.34885460138320923,226756000,0.0,0.0
2013-09-09 00:00:00-04:00,0.3516677659186553,0.3547155559062958,0.35072999728309345,0.3547155559062958,246408000,0.0,0.0
2013-09-10 00:00:00-04:00,0.35729425095514195,0.36245203130636355,0.3556531148882758,0.36221757531166077,292132000,0.0,0.0
2013-09-11 00:00:00-04:00,0.3617489077828395,0.3692511687272332,0.35917000208969885,0.36831337213516235,396164000,0.0,0.0
2013-09-12 00:00:00-04:00,0.36643775066535245,0.3727677858592798,0.36643775066535245,0.36807888746261597,303808000,0.0,0.0
2013-09-13 00:00:00-04:00,0.36925115183478185,0.37206448558620386,0.3666722462596206,0.3704233765602112,159696000,0.0,0.0
2013-09-16 00:00:00-04:00,0.37347113327545617,0.3760500106735971,0.36925111904899705,0.3706577718257904,231412000,0.0,0.0
2013-09-17 00:00:00-04:00,0.37206441284841024,0.3748777460498316,0.3704233041432508,0.37182995676994324,168608000,0.0,0.0
2013-09-18 00:00:00-04:00,0.37206456423541695,0.3760501235547594,0.37018899868865346,0.3751123547554016,268168000,0.0,0.0
2013-09-19 00:00:00-04:00,0.3767534488814503,0.37745678942652905,0.37183009301394565,0.3734712302684784,227572000,0.0,0.0
2013-09-20 00:00:00-04:00,0.37440881573720647,0.37675326444104107,0.3694854622799406,0.37018880248069763,356036000,0.0,0.0
2013-09-23 00:00:00-04:00,0.36995455591993626,0.3730023465503563,0.36456231525812366,0.3666723370552063,271244000,0.0,0.0
2013-09-24 00:00:00-04:00,0.36690666286345,0.3694855402127917,0.36479664181612786,0.36807888746261597,229732000,0.0,0.0
2013-09-25 00:00:00-04:00,0.36737548340022763,0.37136104075657594,0.36573434688758355,0.3685477077960968,233156000,0.0,0.0
2013-09-26 00:00:00-04:00,0.36948551581188266,0.3701888561145413,0.3652655019439682,0.36737552285194397,148816000,0.0,0.0
2013-09-27 00:00:00-04:00,0.3645621780924977,0.3676099675761944,0.3631555253717412,0.36526551842689514,151920000,0.0,0.0
2013-09-30 00:00:00-04:00,0.361514420820258,0.3673755437626277,0.3594043997921817,0.36479663848876953,226640000,0.0,0.0
2013-10-01 00:00:00-04:00,0.3652655538234235,0.3669066907454002,0.36245222016124234,0.3645622134208679,226976000,0.0,0.0
2013-10-02 00:00:00-04:00,0.3608109666850206,0.36573429163506993,0.3608109666850206,0.36432763934135437,162036000,0.0,0.0
2013-10-03 00:00:00-04:00,0.3645621274445217,0.36784437256636715,0.35893546144712163,0.3605765700340271,436768000,0.0,0.0
2013-10-04 00:00:00-04:00,0.36010776404482703,0.36854779282144456,0.35916996754295805,0.36550000309944153,246228000,0.0,0.0
2013-10-07 00:00:00-04:00,0.3640933223206584,0.3680789085445304,0.3622177572649611,0.36550000309944153,169952000,0.0,0.0
2013-10-08 00:00:00-04:00,0.3645622021904459,0.3697200130182718,0.3596388754203033,0.3624522089958191,290712000,0.0,0.0
2013-10-09 00:00:00-04:00,0.3647966753039132,0.3650311314244847,0.3549499933566164,0.3568255305290222,275860000,0.0,0.0
2013-10-10 00:00:00-04:00,0.35940437412166165,0.36174882313115686,0.35682546903200224,0.3608110547065735,223484000,0.0,0.0
2013-10-11 00:00:00-04:00,0.35518441472289397,0.35963888529210253,0.3540121900385824,0.3577633202075958,213704000,0.0,0.0
2013-10-14 00:00:00-04:00,0.35682553770418957,0.3631555736064911,0.35682553770418957,0.3631555736064911,166628000,0.0,0.0
2013-10-15 00:00:00-04:00,0.3631554994197135,0.36526549232408195,0.3610454785673086,0.3612799346446991,208820000,0.0,0.0
2013-10-16 00:00:00-04:00,0.36338991963201717,0.3671410491003214,0.3629210354354881,0.36573436856269836,210072000,0.0,0.0
2013-10-17 00:00:00-04:00,0.36292105954374165,0.3673755295767606,0.36292105954374165,0.36643773317337036,213324000,0.0,0.0
2013-10-18 00:00:00-04:00,0.36573441723691485,0.371829996447138,0.36432776446012144,0.3706577718257904,255068000,0.0,0.0
2013-10-21 00:00:00-04:00,0.3751122653885364,0.3753466935585017,0.3704233666127364,0.3715955913066864,195008000,0.0,0.0
2013-10-22 00:00:00-04:00,0.3715955470236339,0.37182997516566235,0.36643773662647733,0.3697199821472168,179452000,0.0,0.0
2013-10-23 00:00:00-04:00,0.3690166335731762,0.3690166335731762,0.362217714541705,0.3633899390697479,252216000,0.0,0.0
2013-10-24 00:00:00-04:00,0.36432772822081627,0.3666721772303115,0.36010771441411754,0.3608110547065735,236436000,0.0,0.0
2013-10-25 00:00:00-04:00,0.3626866794725007,0.3629211076433899,0.3561222155709002,0.3572944402694702,330492000,0.0,0.0
2013-10-28 00:00:00-04:00,0.3568254739918618,0.3584666106797496,0.3516676916888868,0.35659104585647583,394024000,0.0,0.0
2013-10-29 00:00:00-04:00,0.3561222465403779,0.35776335567148354,0.3528400003301228,0.3570600152015686,387952000,0.0,0.0
2013-10-30 00:00:00-04:00,0.3582322113563681,0.35987332035624403,0.35377774070180046,0.3568255305290222,204032000,0.0,0.0
2013-10-31 00:00:00-04:00,0.35729448015474446,0.35987335801065745,0.3554189148380522,0.3561222553253174,293368000,0.0,0.0
2013-11-01 00:00:00-04:00,0.35799774837563353,0.3594044291760238,0.35518441472289397,0.3577633202075958,206136000,0.0,0.0
2013-11-04 00:00:00-05:00,0.35893560329931923,0.35893560329931923,0.3467444422402526,0.34744778275489807,410264000,0.0,0.0
2013-11-05 00:00:00-05:00,0.3453375859308181,0.3486198024702134,0.34158645735891274,0.34697869420051575,422368000,0.0,0.0
2013-11-06 00:00:00-05:00,0.34697888266587595,0.3495577884533253,0.3434622082001056,0.3493233323097229,198044000,0.0,0.0
2013-11-07 00:00:00-05:00,0.34815108821971613,0.34908885684613733,0.34041439923359196,0.3411177396774292,553076000,0.0,0.0
2013-11-08 00:00:00-05:00,0.35166771191864593,0.36596886307724347,0.35026103123326174,0.36479663848876953,734532000,0.0,0.0
2013-11-11 00:00:00-05:00,0.3633899623318573,0.36878220109564186,0.3626866499284394,0.36784443259239197,297624000,0.0,0.0
2013-11-12 00:00:00-05:00,0.36948547613357846,0.3715954968149634,0.36432769438136103,0.3685477077960968,316032000,0.0,0.0
2013-11-13 00:00:00-05:00,0.3676100049109536,0.3786289393901825,0.36690669245316554,0.3786289393901825,332792000,0.0,0.0
2013-11-14 00:00:00-05:00,0.3774566709234428,0.38261445338798233,0.3772222148326755,0.38027000427246094,307980000,0.0,0.0
2013-11-15 00:00:00-05:00,0.3816765747787783,0.3821454588769669,0.3753465416351276,0.37909767031669617,450332000,0.0,0.0
2013-11-18 00:00:00-05:00,0.37089220361955333,0.37417442116498134,0.36901663875872115,0.3699544072151184,316948000,0.0,0.0
2013-11-19 00:00:00-05:00,0.3681866548861725,0.37148664885319294,0.363472361733627,0.36394378542900085,206716000,0.002125,0.0
2013-11-20 00:00:00-05:00,0.3641794357577524,0.36512231112500393,0.3578151464512546,0.35852229595184326,204776000,0.0,0.0
2013-11-21 00:00:00-05:00,0.3589937475218476,0.36205804352992166,0.35734375062500845,0.3613508939743042,213568000,0.0,0.0
2013-11-22 00:00:00-05:00,0.36182225934756457,0.36182225934756457,0.3571079672022252,0.35781511664390564,158668000,0.0,0.0
2013-11-25 00:00:00-05:00,0.35781514316707097,0.3660651550329497,0.35781514316707097,0.36559373140335083,248208000,0.0,0.0
2013-11-26 00:00:00-05:00,0.369600972911031,0.3726652694692271,0.36724382603540434,0.3686581254005432,753176000,0.0,0.0
2013-11-27 00:00:00-05:00,0.36842233978199895,0.3712509380539916,0.3660651932882735,0.3700723648071289,181272000,0.0,0.0
2013-11-29 00:00:00-05:00,0.37007229446060796,0.3710151416391126,0.36535797426989286,0.36771512031555176,116964000,0.0,0.0
2013-12-02 00:00:00-05:00,0.36630096752301317,0.37384383167858604,0.36559381786168305,0.3712509870529175,373872000,0.0,0.0
2013-12-03 00:00:00-05:00,0.3712508274901499,0.3762008167931537,0.3686579558794854,0.37101510167121887,290560000,0.0,0.0
2013-12-04 00:00:00-05:00,0.37007237991108416,0.37690809378211637,0.3691295044154703,0.37620094418525696,493176000,0.0,0.0
2013-12-05 00:00:00-05:00,0.3769080783991716,0.3769080783991716,0.36960091302886167,0.3700723648071289,271812000,0.0,0.0
2013-12-06 00:00:00-05:00,0.37455079187554524,0.37455079187554524,0.36370791081837656,0.36465078592300415,281000000,0.0,0.0
2013-12-09 00:00:00-05:00,0.36465088749107816,0.3658294606255926,0.3578151464512546,0.35852229595184326,385220000,0.0,0.0
2013-12-10 00:00:00-05:00,0.3585223115463681,0.3684223206870265,0.358050887891937,0.366772323846817,524268000,0.0,0.0
2013-12-11 00:00:00-05:00,0.3674794450807047,0.3679508686988342,0.362529426841847,0.36323657631874084,414156000,0.0,0.0
2013-12-12 00:00:00-05:00,0.36205794580312617,0.3639436680759771,0.3554579318978451,0.3561650812625885,258724000,0.0,0.0
2013-12-13 00:00:00-05:00,0.3568722302013401,0.3594650737364449,0.35357220920294147,0.3540436327457428,184588000,0.0,0.0
2013-12-16 00:00:00-05:00,0.35427937794899567,0.357579371028538,0.35404365211500144,0.35451507568359375,237620000,0.0,0.0
2013-12-17 00:00:00-05:00,0.35427935898973756,0.3571079283493167,0.35121506380877904,0.3561650812625885,274104000,0.0,0.0
2013-12-18 00:00:00-05:00,0.3568723165925095,0.3618223071393027,0.3523937216032379,0.36111515760421753,426232000,0.0,0.0
2013-12-19 00:00:00-05:00,0.36064367459405433,0.3630008205901412,0.35828652859796745,0.3625293970108032,258544000,0.0,0.0
2013-12-20 00:00:00-05:00,0.36323658355129373,0.3700723244981778,0.36229370819686163,0.36983659863471985,382080000,0.0,0.0
2013-12-23 00:00:00-05:00,0.37195804715156555,0.37502234311137317,0.3688937792911597,0.37195804715156555,168568000,0.0,0.0
2013-12-24 00:00:00-05:00,0.3740794165784167,0.3740794165784167,0.3691293989145695,0.3729008436203003,79600000,0.0,0.0
2013-12-26 00:00:00-05:00,0.3743151435737866,0.37549371653556796,0.3684222506654839,0.3693651258945465,168920000,0.0,0.0
2013-12-27 00:00:00-05:00,0.371250906444052,0.37219375372150293,0.369129457920687,0.3714866042137146,210976000,0.0,0.0
2013-12-30 00:00:00-05:00,0.37172229895706677,0.37667231699770115,0.37125087535781537,0.37643659114837646,248180000,0.0,0.0
2013-12-31 00:00:00-05:00,0.3771438492637267,0.37950099603854826,0.37478670248890517,0.3776152729988098,235776000,0.0,0.0
2014-01-02 00:00:00-05:00,0.37525796860195576,0.37667226731255404,0.37054367703248703,0.3738436698913574,260092000,0.0,0.0
2014-01-03 00:00:00-05:00,0.37455084130650534,0.37525799070345334,0.36818655293276514,0.3693651258945465,259332000,0.0,0.0
2014-01-06 00:00:00-05:00,0.37313651186483615,0.3771436820852784,0.36960079326990025,0.3743151128292084,409492000,0.0,0.0
2014-01-07 00:00:00-05:00,0.37808660560529256,0.3818580507757541,0.3754937616375746,0.3804437518119812,333288000,0.0,0.0
2014-01-08 00:00:00-05:00,0.38185817770426267,0.3875153473403812,0.3804438782703809,0.3856296241283417,308192000,0.0,0.0
2014-01-09 00:00:00-05:00,0.37973669869065957,0.3804438483519897,0.3700724136505028,0.3712509870529175,292172000,0.0,0.0
2014-01-10 00:00:00-05:00,0.3724295095276959,0.37502235379880755,0.36747949067467867,0.37077948451042175,218492000,0.0,0.0
2014-01-13 00:00:00-05:00,0.37077941869249254,0.3731365647565729,0.36135083443617105,0.36205798387527466,243332000,0.0,0.0
2014-01-14 00:00:00-05:00,0.36394384765266174,0.37407958528342744,0.36229382228764223,0.3733724355697632,241828000,0.0,0.0
2014-01-15 00:00:00-05:00,0.3750223603030166,0.37879380598019247,0.3733723633565283,0.37737950682640076,175044000,0.0,0.0
2014-01-16 00:00:00-05:00,0.3773794368198414,0.3792651593086144,0.3757294401794391,0.3785580098628998,220652000,0.0,0.0
2014-01-17 00:00:00-05:00,0.3785580308179652,0.3830366254891383,0.3745508878696308,0.3769080340862274,340400000,0.0,0.0
2014-01-21 00:00:00-05:00,0.37737942802302876,0.3806794493263067,0.37431516066202397,0.3783223032951355,246076000,0.0,0.0
2014-01-22 00:00:00-05:00,0.3790294931030705,0.3795009167396469,0.3733723251659529,0.3778509199619293,337940000,0.0,0.0
2014-01-23 00:00:00-05:00,0.37667231699770115,0.3806794597404348,0.3736080214534702,0.37643659114837646,185028000,0.0,0.0
2014-01-24 00:00:00-05:00,0.3733723393070563,0.37478663836975096,0.366772323846817,0.366772323846817,246696000,0.0,0.0
2014-01-27 00:00:00-05:00,0.3667723750675907,0.3719580921893351,0.36229377947654373,0.3644152283668518,233812000,0.0,0.0
2014-01-28 00:00:00-05:00,0.36370798806219967,0.36818658253670655,0.3622936891545874,0.3679508566856384,167996000,0.0,0.0
2014-01-29 00:00:00-05:00,0.36653664915775475,0.3686580980480628,0.36417950245701586,0.3644152283668518,162944000,0.0,0.0
2014-01-30 00:00:00-05:00,0.36653654757775855,0.3712508677721397,0.36535797455401264,0.3705437183380127,202896000,0.0,0.0
2014-01-31 00:00:00-05:00,0.36535804372027536,0.3721937854117207,0.36512234593054443,0.3700723648071289,335348000,0.0,0.0
2014-02-03 00:00:00-05:00,0.37266521127438634,0.3731366349560134,0.36370804892586056,0.36512234807014465,431728000,0.0,0.0
2014-02-04 00:00:00-05:00,0.3648865610672673,0.36795085663372956,0.36300083855718296,0.3672437071800232,280692000,0.0,0.0
2014-02-05 00:00:00-05:00,0.36465093502176343,0.3658295083098998,0.3611151870579506,0.36394378542900085,214676000,0.0,0.0
2014-02-06 00:00:00-05:00,0.36441525540453373,0.369600972911031,0.3639438316492899,0.3686581254005432,168380000,0.0,0.0
2014-02-07 00:00:00-05:00,0.3696009595120812,0.37455097901120965,0.36630096524559974,0.37407955527305603,157248000,0.0,0.0
2014-02-10 00:00:00-05:00,0.3736080021431134,0.3802080164896974,0.37337227630597253,0.3752579987049103,324372000,0.0,0.0
2014-02-11 00:00:00-05:00,0.3773794752246453,0.3839794905573163,0.37549378064336847,0.38303664326667786,235384000,0.0,0.0
2014-02-12 00:00:00-05:00,0.3842151331862221,0.3995366090850744,0.3842151331862221,0.39670801162719727,744528000,0.0,0.0
2014-02-13 00:00:00-05:00,0.4066080927241052,0.41155811073834736,0.3995366544748437,0.4092009365558624,902836000,0.0,0.0
2014-02-14 00:00:00-05:00,0.40542964041590895,0.4231082413035931,0.405193914497644,0.4221653938293457,817536000,0.0,0.0
2014-02-18 00:00:00-05:00,0.4224010197772424,0.42381529065389556,0.41839384871155977,0.42192956805229187,428988000,0.0,0.0
2014-02-19 00:00:00-05:00,0.421929537102725,0.43135814941913164,0.4200438146394437,0.42758670449256897,450340000,0.0,0.0
2014-02-20 00:00:00-05:00,0.4285295855313099,0.4436153383300418,0.4278224641386847,0.4426724910736084,398088000,0.0,0.0
2014-02-21 00:00:00-05:00,0.44196541203790013,0.44762258077654216,0.43654396920064475,0.43937253952026367,451052000,0.0,0.0
2014-02-24 00:00:00-05:00,0.43842957230584856,0.4490367291804026,0.4344224297731185,0.44573673605918884,403112000,0.0,0.0
2014-02-25 00:00:00-05:00,0.4451449300810165,0.44703916766962104,0.4389886649746226,0.44372424483299255,242184000,0.002125,0.0
2014-02-26 00:00:00-05:00,0.44277696727628957,0.44940678213475355,0.4415930727739307,0.4430137574672699,360884000,0.0,0.0
2014-02-27 00:00:00-05:00,0.44301381746698987,0.44751260589473985,0.4368575539304396,0.43804144859313965,388848000,0.0,0.0
2014-02-28 00:00:00-05:00,0.43567373688785754,0.4399357640781602,0.42880712968506984,0.43520018458366394,321692000,0.0,0.0
2014-03-03 00:00:00-05:00,0.4254921599114273,0.4330690801143646,0.421703685696821,0.4330690801143646,375948000,0.0,0.0
2014-03-04 00:00:00-05:00,0.43520018932432575,0.4404093211797589,0.4344898467471574,0.43756797909736633,260344000,0.0,0.0
2014-03-05 00:00:00-05:00,0.4370943638167086,0.441593180963639,0.43520015472987295,0.4413563907146454,241472000,0.0,0.0
2014-03-06 00:00:00-05:00,0.4420667635601714,0.4444345533074195,0.43448984201423346,0.43520018458366394,290144000,0.0,0.0
2014-03-07 00:00:00-05:00,0.43709438558132535,0.43780472813739857,0.431411701585299,0.4347265958786011,268452000,0.0,0.0
2014-03-10 00:00:00-04:00,0.4333058296966513,0.43520006662628863,0.42643922435500015,0.42833346128463745,300888000,0.0,0.0
2014-03-11 00:00:00-04:00,0.43046446425846185,0.4363839653043908,0.42904380771750816,0.43259549140930176,297220000,0.0,0.0
2014-03-12 00:00:00-04:00,0.4304645260799515,0.4363840279760142,0.4288070790976669,0.43377944827079773,239428000,0.0,0.0
2014-03-13 00:00:00-04:00,0.4347263741021741,0.43638384862954127,0.41791506449863924,0.4200460910797119,385172000,0.0,0.0
2014-03-14 00:00:00-04:00,0.41578418124274724,0.4257288900285549,0.41578418124274724,0.421940416097641,460048000,0.0,0.0
2014-03-17 00:00:00-04:00,0.42312431067276746,0.42620244221335085,0.42146686391284505,0.421940416097641,299656000,0.0,0.0
2014-03-18 00:00:00-04:00,0.4235979202608104,0.4347265243882709,0.4217036831648804,0.4318851828575134,293904000,0.0,0.0
2014-03-19 00:00:00-04:00,0.43520009738893106,0.44774938618028315,0.4340161745262322,0.4394620954990387,366168000,0.0,0.0
2014-03-20 00:00:00-04:00,0.43709432514932794,0.4434873790438133,0.43520011623006283,0.4396989047527313,191800000,0.0,0.0
2014-03-21 00:00:00-04:00,0.44348726275865763,0.44703894589041987,0.4366206584348229,0.43898844718933105,566116000,0.0,0.0
2014-03-24 00:00:00-04:00,0.4392253406476281,0.4427770246146376,0.4304644976146514,0.43685755133628845,306096000,0.0,0.0
2014-03-25 00:00:00-04:00,0.44159312995896777,0.44206668217598066,0.43354262936464794,0.43685755133628845,304424000,0.0,0.0
2014-03-26 00:00:00-04:00,0.44088275749778,0.44917001952313595,0.4231243106457441,0.426912784576416,557756000,0.0,0.0
2014-03-27 00:00:00-04:00,0.42596568590945305,0.4295173696821534,0.4164945009559787,0.42123010754585266,540728000,0.0,0.0
2014-03-28 00:00:00-04:00,0.42051978776858445,0.4264392610415324,0.4193358931139949,0.4238346815109253,398820000,0.0,0.0
2014-03-31 00:00:00-04:00,0.42454513250925785,0.42833360766320455,0.421703790256939,0.4240715801715851,273404000,0.0,0.0
2014-04-01 00:00:00-04:00,0.43756796314616203,0.4468023316338763,0.43235880325434417,0.441593199968338,656272000,0.0,0.0
2014-04-02 00:00:00-04:00,0.4415931884566391,0.44254029301612746,0.4368576092066396,0.43875184655189514,239948000,0.0,0.0
2014-04-03 00:00:00-04:00,0.4396988721620541,0.4541423975716834,0.43946208195155906,0.44348734617233276,599548000,0.0,0.0
2014-04-04 00:00:00-04:00,0.4458550783350527,0.44845965741220617,0.4278598714277222,0.4297541081905365,368032000,0.0,0.0
2014-04-07 00:00:00-04:00,0.42999089039452826,0.43946204642836567,0.4276231013860689,0.43117478489875793,428576000,0.0,0.0
2014-04-08 00:00:00-04:00,0.4311748209712902,0.44774937364342143,0.4304644785640701,0.4465654790401459,470692000,0.0,0.0
2014-04-09 00:00:00-04:00,0.4486964697044386,0.452484943655088,0.4425402065912017,0.446091890335083,421968000,0.0,0.0
2014-04-10 00:00:00-04:00,0.44419779126846287,0.4503540276755398,0.433779499444803,0.43520018458366394,372748000,0.0,0.0
2014-04-11 00:00:00-04:00,0.4318852608921796,0.43851507781269755,0.4233612065334737,0.4290439188480377,353112000,0.0,0.0
2014-04-14 00:00:00-04:00,0.43188521105121086,0.4354368952530823,0.42904386933496913,0.43377944827079773,290184000,0.0,0.0
2014-04-15 00:00:00-04:00,0.43425297180330485,0.4392253406476281,0.4299909453976385,0.43685755133628845,304636000,0.0,0.0
2014-04-16 00:00:00-04:00,0.4389885339506851,0.43946208614992555,0.43235871848249696,0.437804639339447,235136000,0.0,0.0
2014-04-17 00:00:00-04:00,0.4361472018075606,0.44348735984390086,0.43520009738893106,0.4394620954990387,153532000,0.0,0.0
2014-04-21 00:00:00-04:00,0.4396988359249022,0.4441976519696288,0.4368574947644952,0.4430137574672699,117004000,0.0,0.0
2014-04-22 00:00:00-04:00,0.4437240971604073,0.4496435982396262,0.4413563080192289,0.4468022286891937,255120000,0.0,0.0
2014-04-23 00:00:00-04:00,0.4475126194338507,0.4531953309225015,0.4468022769694848,0.45201143622398376,261580000,0.0,0.0
2014-04-24 00:00:00-04:00,0.45508955265875667,0.4607722357284998,0.45508955265875667,0.45603665709495544,391492000,0.0,0.0
2014-04-25 00:00:00-04:00,0.4550895301873899,0.4593515563923849,0.4425402135566262,0.44348734617233276,313600000,0.0,0.0
2014-04-28 00:00:00-04:00,0.44703912189306055,0.4494069115797852,0.4361472780436154,0.441593199968338,226788000,0.0,0.0
2014-04-29 00:00:00-04:00,0.44325066034631444,0.44419779318506847,0.43756797621891164,0.44254031777381897,171300000,0.0,0.0
2014-04-30 00:00:00-04:00,0.4418298667173186,0.4423034188770297,0.43638394631496197,0.43733105063438416,305740000,0.0,0.0
2014-05-01 00:00:00-04:00,0.4439609312736296,0.4449080357332622,0.4361472206896954,0.4396989047527313,198104000,0.0,0.0
2014-05-02 00:00:00-04:00,0.4418299435856936,0.4418299435856936,0.4337794425649142,0.43638402223587036,156376000,0.0,0.0
2014-05-05 00:00:00-04:00,0.43591045180145627,0.44443450526054423,0.43543689954845743,0.44111961126327515,239260000,0.0,0.0
2014-05-06 00:00:00-04:00,0.44538165485723635,0.44917010125095413,0.43093812712306445,0.43212202191352844,416188000,0.0,0.0
2014-05-07 00:00:00-04:00,0.43212193922898384,0.4361471751010954,0.4278599131535769,0.43259549140930176,293900000,0.0,0.0
2014-05-08 00:00:00-04:00,0.43093808061693945,0.4449080263462897,0.42880705328831425,0.43804144859313965,432728000,0.0,0.0
2014-05-09 00:00:00-04:00,0.4247817626881653,0.4288069983806692,0.4193358422918264,0.4273863136768341,539532000,0.0,0.0
2014-05-12 00:00:00-04:00,0.4283335286296547,0.4408828185070154,0.4280967383913683,0.43993571400642395,299856000,0.0,0.0
2014-05-13 00:00:00-04:00,0.43401622524007655,0.44111962211491307,0.43141167367137184,0.4328323304653168,221104000,0.0,0.0
2014-05-14 00:00:00-04:00,0.4330689668101408,0.43472641326053857,0.4283333893939939,0.4285701513290405,214320000,0.0,0.0
2014-05-15 00:00:00-04:00,0.42762322072132203,0.4299910103905518,0.42194050857940296,0.42620253562927246,325896000,0.0,0.0
2014-05-16 00:00:00-04:00,0.4228875985918305,0.42833351992525454,0.4228875985918305,0.4252553880214691,283960000,0.0,0.0
2014-05-19 00:00:00-04:00,0.42975408233725665,0.4413562359438392,0.4278598456883964,0.43898844718933105,360076000,0.0,0.0
2014-05-20 00:00:00-04:00,0.4391074918355186,0.44029683929896685,0.43173355457590784,0.43387436866760254,256200000,0.002125,0.0
2014-05-21 00:00:00-04:00,0.435539449445174,0.4393453726707204,0.4312577929055043,0.43387436866760254,216712000,0.0,0.0
2014-05-22 00:00:00-04:00,0.43292293768529927,0.4381560612840995,0.43292293768529927,0.43577736616134644,130364000,0.0,0.0
2014-05-23 00:00:00-04:00,0.4381559541622898,0.4419618767707233,0.4355393788244573,0.4398210346698761,182656000,0.0,0.0
2014-05-27 00:00:00-04:00,0.4424376056997805,0.44767072796821594,0.4410103776464457,0.44767072796821594,209680000,0.0,0.0
2014-05-28 00:00:00-04:00,0.4493359385495995,0.4543311811546889,0.44505428177646444,0.4514767527580261,224676000,0.0,0.0
2014-05-29 00:00:00-04:00,0.4512387799846339,0.45504470264237257,0.4498115802551889,0.4507630467414856,171884000,0.0,0.0
2014-05-30 00:00:00-04:00,0.4507630802512312,0.45314177500008107,0.44838438550238124,0.45195242762565613,239128000,0.0,0.0
2014-06-02 00:00:00-04:00,0.4533797421869358,0.45623417075807254,0.4467193899500942,0.45052531361579895,181500000,0.0,0.0
2014-06-03 00:00:00-04:00,0.45147668448240547,0.4519524177505251,0.44267549141894375,0.4486222565174103,243212000,0.0,0.0
2014-06-04 00:00:00-04:00,0.44743296975231706,0.4524282122783554,0.44719508890790893,0.44909805059432983,161236000,0.0,0.0
2014-06-05 00:00:00-04:00,0.4498117004841673,0.4524282481989912,0.4471951244130598,0.45100104808807373,188696000,0.0,0.0
2014-06-06 00:00:00-04:00,0.453141807350029,0.45670984972802764,0.45147672657821897,0.4526660740375519,161052000,0.0,0.0
2014-06-09 00:00:00-04:00,0.4521903716221833,0.457423495129559,0.44909806234537153,0.45314183831214905,247456000,0.0,0.0
2014-06-10 00:00:00-04:00,0.4514767939839539,0.457661413038364,0.44957383209365204,0.4555205702781677,217608000,0.0,0.0
2014-06-11 00:00:00-04:00,0.45385547830981454,0.46265667329562205,0.45385547830981454,0.46146732568740845,266228000,0.0,0.0
2014-06-12 00:00:00-04:00,0.4614672448281156,0.46646248689356523,0.4574234409837265,0.46432167291641235,337148000,0.0,0.0
2014-06-13 00:00:00-04:00,0.46907903363331716,0.4693169144411445,0.460277840731585,0.46479737758636475,227852000,0.0,0.0
2014-06-16 00:00:00-04:00,0.46265658842054763,0.46646248305486354,0.4593263987147079,0.4633701741695404,198620000,0.0,0.0
2014-06-17 00:00:00-04:00,0.4638459752782062,0.46836548440234843,0.4614672802957564,0.46646252274513245,157608000,0.0,0.0
2014-06-18 00:00:00-04:00,0.4652731443519401,0.4681276008263207,0.46099148799664835,0.4659867584705353,215536000,0.0,0.0
2014-06-19 00:00:00-04:00,0.4574234724630277,0.4598021674263536,0.45195246837612213,0.45528265833854675,474592000,0.0,0.0
2014-06-20 00:00:00-04:00,0.4564719294820853,0.4581370100066974,0.44671927042092385,0.4502873122692108,353148000,0.0,0.0
2014-06-23 00:00:00-04:00,0.4443405297004337,0.4452919960853015,0.43910737951484147,0.44505414366722107,414200000,0.0,0.0
2014-06-24 00:00:00-04:00,0.44434062664012686,0.4479086688962137,0.43625304717922914,0.43815600872039795,275780000,0.0,0.0
2014-06-25 00:00:00-04:00,0.4393454285365406,0.4429134713805867,0.4353016523178785,0.4426755905151367,215420000,0.0,0.0
2014-06-26 00:00:00-04:00,0.442675572943252,0.44291345379925934,0.43530163503870023,0.436728835105896,256908000,0.0,0.0
2014-06-27 00:00:00-04:00,0.43625313404463273,0.4398211770111775,0.43363655785998595,0.43720462918281555,302820000,0.0,0.0
2014-06-30 00:00:00-04:00,0.43553935315581727,0.4421997031499083,0.43553935315581727,0.44101035594940186,180512000,0.0,0.0
2014-07-01 00:00:00-04:00,0.4405346982869408,0.44862227765107343,0.4391074700590707,0.4460057020187378,321180000,0.0,0.0
2014-07-02 00:00:00-04:00,0.4443405568599701,0.446243518102294,0.4417239816072404,0.4443405568599701,179284000,0.0,0.0
2014-07-03 00:00:00-04:00,0.4402967368913227,0.4495736619622875,0.4402967368913227,0.4483843147754669,136892000,0.0,0.0
2014-07-07 00:00:00-04:00,0.44909800722882387,0.4493358880502619,0.4441027368288542,0.44481635093688965,127496000,0.0,0.0
2014-07-08 00:00:00-04:00,0.4436270523469429,0.44553001405896153,0.4369667005330184,0.44124835729599,221940000,0.0,0.0
2014-07-09 00:00:00-04:00,0.44505417439138617,0.4564719135793852,0.4417239851019042,0.4545689523220062,387668000,0.0,0.0
2014-07-10 00:00:00-04:00,0.4460056332659507,0.4540932113833646,0.442437591602576,0.45219025015830994,266308000,0.0,0.0
2014-07-11 00:00:00-04:00,0.4526661049671662,0.4545690667033797,0.4510010240815851,0.45314183831214905,191188000,0.0,0.0
2014-07-14 00:00:00-04:00,0.4550448473209285,0.46004011885289015,0.45337976626236964,0.45885077118873596,272636000,0.0,0.0
2014-07-15 00:00:00-04:00,0.4595641831233876,0.4619428774044139,0.4564718748867989,0.46075353026390076,395440000,0.0,0.0
2014-07-16 00:00:00-04:00,0.4626566683505239,0.4662247111370276,0.45766139710690523,0.4602779448032379,319728000,0.0,0.0
2014-07-17 00:00:00-04:00,0.45504469943938886,0.4638458919789249,0.45504469943938886,0.4590884745121002,324832000,0.0,0.0
2014-07-18 00:00:00-04:00,0.4495737202707573,0.4531417622939843,0.4379180993144495,0.43863171339035034,567816000,0.0,0.0
2014-07-21 00:00:00-04:00,0.4369667005330184,0.4443406665334851,0.4369667005330184,0.44124835729599,243364000,0.0,0.0
2014-07-22 00:00:00-04:00,0.4445784526595801,0.4469571473554492,0.4383938634640871,0.4393453299999237,298816000,0.0,0.0
2014-07-23 00:00:00-04:00,0.43958321061799116,0.43982106307370655,0.42959267021472886,0.43006840348243713,297352000,0.0,0.0
2014-07-24 00:00:00-04:00,0.4324470707993911,0.4336364180715041,0.42768968171093924,0.4307819902896881,254576000,0.0,0.0
2014-07-25 00:00:00-04:00,0.4293547377754284,0.430306232552711,0.422456535332431,0.42317014932632446,266132000,0.0,0.0
2014-07-28 00:00:00-04:00,0.42507310558192724,0.42507310558192724,0.4143689801527501,0.42150506377220154,330352000,0.0,0.0
2014-07-29 00:00:00-04:00,0.4217429497069494,0.42864118097022835,0.42150506890755923,0.42293229699134827,217972000,0.0,0.0
2014-07-30 00:00:00-04:00,0.4255488949047918,0.43125775082984674,0.42435954755738226,0.43006840348243713,246184000,0.0,0.0
2014-07-31 00:00:00-04:00,0.42483529715009843,0.42816545850830123,0.4155583704700559,0.41627198457717896,401880000,0.0,0.0
2014-08-01 00:00:00-04:00,0.4162719403376729,0.42317017149837804,0.41484471227510616,0.42079147696495056,219884000,0.0,0.0
2014-08-04 00:00:00-04:00,0.42031574128515975,0.4238837833052661,0.4176991941508481,0.419840008020401,241724000,0.0,0.0
2014-08-05 00:00:00-04:00,0.4186507214047744,0.4262625681701056,0.4150826788671309,0.42007794976234436,298136000,0.0,0.0
2014-08-06 00:00:00-04:00,0.4172233437482811,0.42483518778979507,0.41413106400722116,0.41960206627845764,223456000,0.0,0.0
2014-08-07 00:00:00-04:00,0.4231702444191798,0.4269761393147312,0.41246608881793767,0.4153205454349518,407696000,0.0,0.0
2014-08-08 00:00:00-04:00,0.4333986029133712,0.454331122374506,0.4333986029133712,0.45195242762565613,894348000,0.0,0.0
2014-08-11 00:00:00-04:00,0.45242812345070293,0.4543310847635052,0.44838434838367053,0.44957369565963745,344624000,0.0,0.0
2014-08-12 00:00:00-04:00,0.4493358432182095,0.4519523902115713,0.444578425758066,0.44957369565963745,296152000,0.0,0.0
2014-08-13 00:00:00-04:00,0.4502872889332552,0.45599617260841935,0.4474328612738104,0.45219025015830994,256596000,0.0,0.0
2014-08-14 00:00:00-04:00,0.453855283306871,0.453855283306871,0.445291972864522,0.4471949338912964,255992000,0.0,0.0
2014-08-15 00:00:00-04:00,0.4486221520347903,0.45552035370665006,0.4443404969063421,0.4529038071632385,369796000,0.0,0.0
2014-08-18 00:00:00-04:00,0.4548068186413511,0.45956423610817576,0.45028731032884006,0.4590884745121002,284076000,0.0,0.0
2014-08-19 00:00:00-04:00,0.4592080340058339,0.46518107750212273,0.45753555904149856,0.4627918601036072,248260000,0.002125,0.0
2014-08-20 00:00:00-04:00,0.46111933625090307,0.46326964877061944,0.4587301191056949,0.45992472767829895,221468000,0.0,0.0
2014-08-21 00:00:00-04:00,0.4587302113652202,0.46111942899094627,0.4549074802530909,0.45562422275543213,272796000,0.0,0.0
2014-08-22 00:00:00-04:00,0.45514634724696834,0.45968587744907163,0.4522792920297927,0.4558631181716919,251224000,0.0,0.0
2014-08-25 00:00:00-04:00,0.4577743531522929,0.46088034052344773,0.4556240410576276,0.4565797448158264,153380000,0.0,0.0
2014-08-26 00:00:00-04:00,0.45777442590362194,0.46565884787366646,0.4561019796631189,0.46470317244529724,269636000,0.0,0.0
2014-08-27 00:00:00-04:00,0.4618360643629765,0.4654198897492228,0.4587300766652205,0.45944684743881226,182972000,0.0,0.0
2014-08-28 00:00:00-04:00,0.45849127561322167,0.46422538613359393,0.45705773374226916,0.4632697105407715,179704000,0.0,0.0
2014-08-29 00:00:00-04:00,0.46494207706153257,0.46565884787366646,0.4599247098583096,0.46470317244529724,207932000,0.0,0.0
2014-09-02 00:00:00-04:00,0.4658977687358856,0.4658977687358856,0.4615971724577417,0.4658977687358856,192636000,0.0,0.0
2014-09-03 00:00:00-04:00,0.46828701346655977,0.4718708391636959,0.46518102549936546,0.470198392868042,259456000,0.0,0.0
2014-09-04 00:00:00-04:00,0.46948159621040486,0.4814277096921943,0.46924266311771806,0.4785606265068054,491832000,0.0,0.0
2014-09-05 00:00:00-04:00,0.47808284016921415,0.48023315291739377,0.4740211762871655,0.47712716460227966,253792000,0.0,0.0
2014-09-08 00:00:00-04:00,0.4766492694387833,0.47760494489067157,0.4709151312823097,0.4728265106678009,319288000,0.0,0.0
2014-09-09 00:00:00-04:00,0.47067625844164296,0.4737822465925773,0.4663756616543275,0.4668534994125366,198588000,0.0,0.0
2014-09-10 00:00:00-04:00,0.4694817098653307,0.4701984808351981,0.46422540840744986,0.4685260057449341,172376000,0.0,0.0
2014-09-11 00:00:00-04:00,0.4651811028879635,0.4668535494618494,0.45873019277455834,0.4637475609779358,250720000,0.0,0.0
2014-09-12 00:00:00-04:00,0.4666146224356641,0.4666146224356641,0.45634098123031785,0.4568188190460205,262536000,0.0,0.0
2014-09-15 00:00:00-04:00,0.45825231265780886,0.4589690835466481,0.4486954434245302,0.4506068229675293,294152000,0.0,0.0
2014-09-16 00:00:00-04:00,0.44941227540001366,0.45968591691858274,0.44797873342748,0.4572966992855072,219936000,0.0,0.0
2014-09-17 00:00:00-04:00,0.45610193269521976,0.46183604163838277,0.4539516204802504,0.45753544569015503,173584000,0.0,0.0
2014-09-18 00:00:00-04:00,0.46040258386467137,0.4649420849490059,0.4589690422160845,0.4644642472267151,219604000,0.0,0.0
2014-09-19 00:00:00-04:00,0.46589785415438423,0.4663756919436271,0.45514634724696834,0.4558631181716919,601316000,0.0,0.0
2014-09-22 00:00:00-04:00,0.4651810034194873,0.4651810034194873,0.45084567282965626,0.451323539018631,221464000,0.0,0.0
2014-09-23 00:00:00-04:00,0.44893441995802336,0.4544296263434962,0.44726197327071987,0.4494122862815857,196144000,0.0,0.0
2014-09-24 00:00:00-04:00,0.44917331896426943,0.4534739161772583,0.44869548115876384,0.4520403742790222,159592000,0.0,0.0
2014-09-25 00:00:00-04:00,0.45156246379722365,0.4527570723595821,0.44128882446459783,0.4422444999217987,298440000,0.0,0.0
2014-09-26 00:00:00-04:00,0.4436780385214237,0.44654509335491627,0.44176665913852375,0.4432002007961273,241188000,0.0,0.0
2014-09-29 00:00:00-04:00,0.43961642955660296,0.44558947306653274,0.4353158325331099,0.44248348474502563,208540000,0.0,0.0
2014-09-30 00:00:00-04:00,0.4405721048843193,0.4439170263370797,0.43555473694603775,0.44081103801727295,277204000,0.0,0.0
2014-10-01 00:00:00-04:00,0.4415278116566551,0.4446337715138936,0.43531583497874166,0.43651044368743896,350976000,0.0,0.0
2014-10-02 00:00:00-04:00,0.4357936207024391,0.43794390472851663,0.4245642773968578,0.43459901213645935,288996000,0.0,0.0
2014-10-03 00:00:00-04:00,0.4372271878861189,0.44320023106453926,0.43555471301078796,0.43555471301078796,239140000,0.0,0.0
2014-10-06 00:00:00-04:00,0.43722719203666005,0.44081101797773303,0.4300595116727972,0.43292659521102905,199032000,0.0,0.0
2014-10-07 00:00:00-04:00,0.43101522614255283,0.4353158230725829,0.4279092378885468,0.4283870756626129,301896000,0.0,0.0
2014-10-08 00:00:00-04:00,0.42790931581841707,0.4384218911709855,0.4245643938273497,0.4362715780735016,260172000,0.0,0.0
2014-10-09 00:00:00-04:00,0.43436007593713155,0.43483794214549204,0.4243253697507105,0.4279091954231262,306956000,0.0,0.0
2014-10-10 00:00:00-04:00,0.4245643015301289,0.4259978432834765,0.40234457524353967,0.4025834798812866,691376000,0.0,0.0
2014-10-13 00:00:00-04:00,0.40521174236386315,0.4133351004105026,0.40067223969200905,0.40115007758140564,397628000,0.0,0.0
2014-10-14 00:00:00-04:00,0.4066451932689985,0.4216972685387506,0.40425597587639395,0.4104679524898529,376620000,0.0,0.0
2014-10-15 00:00:00-04:00,0.4044948981404518,0.4188302316020325,0.4018667759831754,0.41667991876602173,404428000,0.0,0.0
2014-10-16 00:00:00-04:00,0.409273353836995,0.42169727888707426,0.4083176497674697,0.4169188439846039,351116000,0.0,0.0
2014-10-17 00:00:00-04:00,0.4219362676616043,0.4267147031941615,0.4145296811934516,0.4162021279335022,290716000,0.0,0.0
2014-10-20 00:00:00-04:00,0.41620194273890815,0.423608525911403,0.4133348883914523,0.4197857677936554,200336000,0.0,0.0
2014-10-21 00:00:00-04:00,0.42289184083134157,0.43818284791674866,0.42169723223787453,0.43770501017570496,351092000,0.0,0.0
2014-10-22 00:00:00-04:00,0.4369882436302124,0.4384217853491879,0.4274313747882843,0.4274313747882843,239512000,0.0,0.0
2014-10-23 00:00:00-04:00,0.4348379801237141,0.44009425253932405,0.431731991906671,0.4369882643222809,214476000,0.0,0.0
2014-10-24 00:00:00-04:00,0.43961628566749245,0.4441557858565455,0.4369881359906456,0.44152766466140747,210156000,0.0,0.0
2014-10-27 00:00:00-04:00,0.44128887130995353,0.4434391555577779,0.43651043655326127,0.4417667090892792,145092000,0.0,0.0
2014-10-28 00:00:00-04:00,0.4405720587566122,0.45275707762711936,0.44009422102245244,0.4522792398929596,192580000,0.0,0.0
2014-10-29 00:00:00-04:00,0.45036796196526724,0.45299611281797386,0.44535059342163524,0.4494122862815857,168340000,0.0,0.0
2014-10-30 00:00:00-04:00,0.44821756901610027,0.45012891992112386,0.44081098457313267,0.4465450942516327,170260000,0.0,0.0
2014-10-31 00:00:00-04:00,0.45681876408156163,0.4670924325324995,0.4544295468087993,0.4668534994125366,256316000,0.0,0.0
2014-11-03 00:00:00-05:00,0.47760499737119977,0.47927747231835227,0.4723487248448115,0.4747379422187805,308732000,0.0,0.0
2014-11-04 00:00:00-05:00,0.47784400910846614,0.4826224446424752,0.4699595847810067,0.4809499979019165,360196000,0.0,0.0
2014-11-05 00:00:00-05:00,0.4838170820076999,0.4840559866953669,0.47736617125140973,0.4809499979019165,335652000,0.0,0.0
2014-11-06 00:00:00-05:00,0.48190559828371177,0.4838170063765877,0.47449901297111896,0.4831002354621887,394088000,0.0,0.0
2014-11-07 00:00:00-05:00,0.48859538347767456,0.4943294931524335,0.46804807644493024,0.4728265106678009,450800000,0.0,0.0
2014-11-10 00:00:00-05:00,0.4723486894241389,0.4814277489424582,0.4711540808267362,0.47832176089286804,293388000,0.0,0.0
2014-11-11 00:00:00-05:00,0.4754547600941438,0.47808288237609275,0.4685260119361608,0.4725877046585083,212992000,0.0,0.0
2014-11-12 00:00:00-05:00,0.47091507060076243,0.4721096790025443,0.46303064945265987,0.46948155760765076,204584000,0.0,0.0
2014-11-13 00:00:00-05:00,0.47115408822976396,0.47187085909581095,0.4632696656666786,0.4670924246311188,225328000,0.0,0.0
2014-11-14 00:00:00-05:00,0.46757023871898606,0.4728265106678009,0.4630307091182302,0.4728265106678009,160248000,0.0,0.0
2014-11-17 00:00:00-05:00,0.47067609429359436,0.47569346020927805,0.46757010722587145,0.47067609429359436,158732000,0.0,0.0
2014-11-18 00:00:00-05:00,0.47091528508152763,0.48310033620384163,0.46972067613565505,0.4819056987762451,207772000,0.0,0.0
2014-11-19 00:00:00-05:00,0.48226552834151876,0.48370513700840695,0.4750675422115867,0.4801061153411865,240300000,0.002125,0.0
2014-11-20 00:00:00-05:00,0.4767470094760084,0.488503735907848,0.47530740098157875,0.4880238473415375,220968000,0.0,0.0
2014-11-21 00:00:00-05:00,0.4923427847787226,0.4930625891896139,0.4865844066961075,0.4906632602214813,198976000,0.0,0.0
2014-11-24 00:00:00-05:00,0.49186266606682433,0.4959415176845831,0.489943226671816,0.4937821626663208,136004000,0.0,0.0
2014-11-25 00:00:00-05:00,0.49282253907988793,0.4971413648689622,0.4918628190838179,0.493542343378067,190240000,0.0,0.0
2014-11-26 00:00:00-05:00,0.4906630570094795,0.5024197812455427,0.49042308416889246,0.5019398927688599,219264000,0.0,0.0
2014-11-28 00:00:00-05:00,0.5036194439569759,0.5060187720615955,0.49906070339685016,0.5031395554542542,124832000,0.0,0.0
2014-12-01 00:00:00-05:00,0.5009801462043343,0.5038593052968467,0.49306235859207065,0.4937821626663208,190060000,0.0,0.0
2014-12-02 00:00:00-05:00,0.4933024045260832,0.49666145295691805,0.48874366325309115,0.49450209736824036,245952000,0.0,0.0
2014-12-03 00:00:00-05:00,0.4969015384034868,0.5074585746650773,0.49546192954860707,0.5072186589241028,284424000,0.0,0.0
2014-12-04 00:00:00-05:00,0.5064986745783199,0.5084181142333256,0.4993006900653041,0.5026597380638123,185332000,0.0,0.0
2014-12-05 00:00:00-05:00,0.5028996987666647,0.5081782440974988,0.5026597830894226,0.5055390000343323,165680000,0.0,0.0
2014-12-08 00:00:00-05:00,0.5048192440525281,0.5098578169832437,0.4949819566867653,0.49906080961227417,226944000,0.0,0.0
2014-12-09 00:00:00-05:00,0.49594175051440675,0.4985810524272267,0.4885038478612664,0.4973813593387604,239448000,0.0,0.0
2014-12-10 00:00:00-05:00,0.49594165143570845,0.4978611485528765,0.48586450608746456,0.4863443374633789,204364000,0.0,0.0
2014-12-11 00:00:00-05:00,0.48922347159382995,0.4925825194737509,0.48514461956756966,0.4861043393611908,135652000,0.0,0.0
2014-12-12 00:00:00-05:00,0.4796262267305019,0.483945023871481,0.47050877245560235,0.4709886610507965,323964000,0.0,0.0
2014-12-15 00:00:00-05:00,0.4765071618686723,0.48514478598543753,0.46810951068600004,0.46954911947250366,254696000,0.0,0.0
2014-12-16 00:00:00-05:00,0.4690692181298047,0.4765071199328029,0.46403061642272986,0.46427053213119507,185308000,0.0,0.0
2014-12-17 00:00:00-05:00,0.47362788278854345,0.48394500085626685,0.4582721635289257,0.4832251965999603,345596000,0.0,0.0
2014-12-18 00:00:00-05:00,0.489223497215541,0.4949818734833406,0.48058590421159314,0.48514464497566223,226156000,0.0,0.0
2014-12-19 00:00:00-05:00,0.4885037170806155,0.49186276530182366,0.48394497609211895,0.48994332551956177,325528000,0.0,0.0
2014-12-22 00:00:00-05:00,0.48946333336091585,0.49858081340789795,0.4877838096058376,0.49858081340789795,148976000,0.0,0.0
2014-12-23 00:00:00-05:00,0.5024198309266859,0.5048191591383722,0.49498187342731054,0.49546176195144653,109280000,0.0,0.0
2014-12-24 00:00:00-05:00,0.4966614762686742,0.4973812805668532,0.49306251198228496,0.493542343378067,45644000,0.0,0.0
2014-12-26 00:00:00-05:00,0.4935425401977477,0.49666167433223346,0.49234290402538405,0.4940224289894104,52636000,0.0,0.0
2014-12-29 00:00:00-05:00,0.49258263037444905,0.4966614833190276,0.49018330174796126,0.49330243468284607,82944000,0.0,0.0
2014-12-30 00:00:00-05:00,0.48994329592434327,0.4923426241094881,0.48802379905352966,0.4887436032295227,112120000,0.0,0.0
2014-12-31 00:00:00-05:00,0.4894633998403577,0.49210270084637125,0.47962614299240947,0.4810657799243927,166300000,0.0,0.0
2015-01-02 00:00:00-05:00,0.48298540711402893,0.48658442933594076,0.4753075311769621,0.48298540711402893,113680000,0.0,0.0
2015-01-05 00:00:00-05:00,0.4829852615742459,0.4844248700292079,0.47266814391968504,0.47482752799987793,197952000,0.0,0.0
2015-01-06 00:00:00-05:00,0.4755472891699782,0.47602714907743426,0.4599516562630456,0.4604315161705017,197764000,0.0,0.0
2015-01-07 00:00:00-05:00,0.46379062571938356,0.46786950698008156,0.4577923045739469,0.4592319130897522,321808000,0.0,0.0
2015-01-08 00:00:00-05:00,0.46451045455700185,0.4793863146666466,0.4642705102575871,0.4765070974826813,283780000,0.0,0.0
2015-01-09 00:00:00-05:00,0.47818660038398,0.4820255371597723,0.47170839099954914,0.4784265160560608,209540000,0.0,0.0
2015-01-12 00:00:00-05:00,0.4796261877448941,0.4798661320229877,0.46810940583915644,0.47242820262908936,190732000,0.0,0.0
2015-01-13 00:00:00-05:00,0.47602712367293015,0.4856244357188554,0.46834927975663915,0.4717083275318146,236720000,0.0,0.0
2015-01-14 00:00:00-05:00,0.4666697657698211,0.4750674139881685,0.4654701017386286,0.47362780570983887,155260000,0.0,0.0
2015-01-15 00:00:00-05:00,0.47698691064993637,0.47986609877632885,0.4700288416920522,0.47026878595352173,188932000,0.0,0.0
2015-01-16 00:00:00-05:00,0.4695490540517677,0.4793863126503506,0.46810944546584005,0.47890645265579224,181512000,0.0,0.0
2015-01-20 00:00:00-05:00,0.4822653441803259,0.4849045875921085,0.474347556740491,0.4803459048271179,140308000,0.0,0.0
2015-01-21 00:00:00-05:00,0.4777066076796502,0.48826366657807563,0.4743475317837795,0.4870639741420746,144780000,0.0,0.0
2015-01-22 00:00:00-05:00,0.48802380445207116,0.4969013703193577,0.48298523236887897,0.49546176195144653,159712000,0.0,0.0
2015-01-23 00:00:00-05:00,0.49594158609999006,0.49786108296428216,0.49186273391955143,0.49690136313438416,120416000,0.0,0.0
2015-01-26 00:00:00-05:00,0.49474212527275085,0.49714145429678,0.4916229918210613,0.49474212527275085,133240000,0.0,0.0
2015-01-27 00:00:00-05:00,0.4870641567289799,0.48754404532417406,0.4700289124626608,0.4709886610507965,357948000,0.0,0.0
2015-01-28 00:00:00-05:00,0.4767469066406783,0.4786663746851341,0.4630707147003334,0.4633106589317322,272728000,0.0,0.0
2015-01-29 00:00:00-05:00,0.4635507263695554,0.4772268933426226,0.4613913135197538,0.47458764910697937,235340000,0.0,0.0
2015-01-30 00:00:00-05:00,0.4712285161668474,0.47674697688187484,0.4599516790722906,0.46067145466804504,298200000,0.0,0.0
2015-02-02 00:00:00-05:00,0.46355076611031637,0.4726682210747623,0.4544333111458705,0.47074875235557556,259604000,0.0,0.0
2015-02-03 00:00:00-05:00,0.47410776100153545,0.4829852995004899,0.4717084324563591,0.4825054109096527,183468000,0.0,0.0
2015-02-04 00:00:00-05:00,0.48106582952142735,0.4892235346249798,0.4796261924410201,0.483705073595047,181516000,0.0,0.0
2015-02-05 00:00:00-05:00,0.48418481904379723,0.4918626914287003,0.4837049877725477,0.49162277579307556,140448000,0.0,0.0
2015-02-06 00:00:00-05:00,0.4911429427701359,0.49690137631121833,0.4873040061442468,0.4894634187221527,210524000,0.0,0.0
2015-02-09 00:00:00-05:00,0.4865843619909847,0.4904232422236863,0.48346522889853244,0.488983690738678,273944000,0.0,0.0
2015-02-10 00:00:00-05:00,0.48946340452103554,0.502899653719564,0.487303992005782,0.5026597380638123,226204000,0.0,0.0
2015-02-11 00:00:00-05:00,0.503859582493643,0.503859582493643,0.4959417905254305,0.49930089712142944,320832000,0.0,0.0
2015-02-12 00:00:00-05:00,0.5278527645553632,0.5398494065943371,0.5247336319047798,0.5350507497787476,676904000,0.0,0.0
2015-02-13 00:00:00-05:00,0.533850931118486,0.5360103433377754,0.5256932278960437,0.535290539264679,310084000,0.0,0.0
2015-02-17 00:00:00-05:00,0.534330954025294,0.5396094994881074,0.5309719056419138,0.5369701981544495,203340000,0.0,0.0
2015-02-18 00:00:00-05:00,0.5362503774039057,0.5372101545163486,0.5297721965196701,0.5307319164276123,170948000,0.0,0.0
2015-02-19 00:00:00-05:00,0.5374500929366894,0.5384098128852463,0.5297722189392288,0.5321715474128723,169432000,0.0,0.0
2015-02-20 00:00:00-05:00,0.5316916761178015,0.536250359832275,0.5278527394073248,0.5360104441642761,157752000,0.0,0.0
2015-02-23 00:00:00-05:00,0.5357706428763329,0.5357706428763329,0.5290524878976353,0.5316917896270752,125008000,0.0,0.0
2015-02-24 00:00:00-05:00,0.5337390245751982,0.5373518466949463,0.5289218901323526,0.5373518466949463,149356000,0.002125,0.0
2015-02-25 00:00:00-05:00,0.535183957032376,0.53759258094977,0.5308485603155273,0.5332571268081665,123820000,0.0,0.0
2015-02-26 00:00:00-05:00,0.5337390643638905,0.5378336232030695,0.530367024062705,0.534702479839325,152864000,0.0,0.0
2015-02-27 00:00:00-05:00,0.5332573569308084,0.5344616694092162,0.5294036373945951,0.5313305258750916,157492000,0.0,0.0
2015-03-02 00:00:00-05:00,0.5298853321479232,0.5472270399830134,0.5291627562027299,0.54433673620224,301512000,0.0,0.0
2015-03-03 00:00:00-05:00,0.5402420216176469,0.542891427702558,0.5325345853754853,0.5342205762863159,160344000,0.0,0.0
2015-03-04 00:00:00-05:00,0.5322937994416915,0.5414463306525618,0.5301260720135521,0.540242075920105,226840000,0.0,0.0
2015-03-05 00:00:00-05:00,0.5402421345050681,0.5515623943716699,0.5387969827295933,0.5505989789962769,323056000,0.0,0.0
2015-03-06 00:00:00-05:00,0.5474677620664175,0.5501171683473528,0.5426506284148462,0.5431323647499084,257392000,0.0,0.0
2015-03-09 00:00:00-04:00,0.5433731056710634,0.5486719746968126,0.5421687937641763,0.5445773601531982,222388000,0.0,0.0
2015-03-10 00:00:00-04:00,0.5469861890619064,0.5575839321996688,0.5460227735288681,0.5539710521697998,527212000,0.0,0.0
2015-03-11 00:00:00-04:00,0.5539710696348773,0.5611967724976406,0.5496356708871322,0.5510808229446411,262120000,0.0,0.0
2015-03-12 00:00:00-04:00,0.5457818141055545,0.5498763722900684,0.5356658096689647,0.5460226535797119,406972000,0.0,0.0
2015-03-13 00:00:00-04:00,0.5433734359927186,0.5481905716991431,0.5359068354504096,0.5467454195022583,359288000,0.0,0.0
2015-03-16 00:00:00-04:00,0.5510806163982198,0.5566203255925193,0.5474677376085636,0.5532482862472534,236956000,0.0,0.0
2015-03-17 00:00:00-04:00,0.5520441549064691,0.5602332720924842,0.5481904358116464,0.5599924325942993,299900000,0.0,0.0
2015-03-18 00:00:00-04:00,0.5599923101841373,0.5628825558048883,0.54578174925164,0.5508397221565247,413844000,0.0,0.0
2015-03-19 00:00:00-04:00,0.5527666608550511,0.5611966164721637,0.5486721027803442,0.5592697858810425,310756000,0.0,0.0
2015-03-20 00:00:00-04:00,0.563846131547925,0.5686632658881868,0.5585472608037286,0.5652912259101868,462084000,0.0,0.0
2015-03-23 00:00:00-04:00,0.5484312548425839,0.5556569563414262,0.5467452635686646,0.5469861030578613,426012000,0.0,0.0
2015-03-24 00:00:00-04:00,0.5453000979839683,0.549153816837445,0.5371109813108108,0.5395195484161377,330480000,0.0,0.0
2015-03-25 00:00:00-04:00,0.5392787267265954,0.5392787267265954,0.505076992307787,0.5067630410194397,542552000,0.0,0.0
2015-03-26 00:00:00-04:00,0.4964062668804674,0.5072447920389267,0.4927933868777946,0.505077064037323,311920000,0.0,0.0
2015-03-27 00:00:00-04:00,0.5079671439814617,0.5168788341575127,0.49977802948722616,0.5149520039558411,318288000,0.0,0.0
2015-03-30 00:00:00-04:00,0.5173607836138769,0.5197693510708637,0.5106167602794468,0.5171199440956116,253252000,0.0,0.0
2015-03-31 00:00:00-04:00,0.5156747113926998,0.5161563903538098,0.5036318759934189,0.5041135549545288,357276000,0.0,0.0
2015-04-01 00:00:00-04:00,0.5060404539108276,0.5077264451603579,0.4973696007526933,0.5060404539108276,330768000,0.0,0.0
2015-04-02 00:00:00-04:00,0.5089306973947237,0.5103758491511043,0.5029093083094975,0.5072447061538696,192204000,0.0,0.0
2015-04-06 00:00:00-04:00,0.5050771582293576,0.5236231833271007,0.4997783431369655,0.5219371914863586,515864000,0.0,0.0
2015-04-07 00:00:00-04:00,0.5219368066626144,0.5322936470659297,0.5190465042524807,0.5265130996704102,413964000,0.0,0.0
2015-04-08 00:00:00-04:00,0.5269953300905555,0.5322942042475073,0.5219373530031071,0.5303673148155212,366432000,0.0,0.0
2015-04-09 00:00:00-04:00,0.5262724085963,0.5443366908722693,0.52603156910955,0.5426506996154785,379432000,0.0,0.0
2015-04-10 00:00:00-04:00,0.5431325001426142,0.5484313140253794,0.5412056117467909,0.5481904745101929,258728000,0.0,0.0
2015-04-13 00:00:00-04:00,0.5469860257313552,0.5501171683473528,0.54072374049936,0.5431323647499084,236724000,0.0,0.0
2015-04-14 00:00:00-04:00,0.5409646060195044,0.5431323332644769,0.5332571696538859,0.5385560393333435,220276000,0.0,0.0
2015-04-15 00:00:00-04:00,0.5400012309126149,0.5491537620294863,0.5373517671638449,0.5450592041015625,243560000,0.0,0.0
2015-04-16 00:00:00-04:00,0.5419280896089151,0.5465043841176492,0.5378335314681196,0.5416872501373291,155284000,0.0,0.0
2015-04-17 00:00:00-04:00,0.530367024062705,0.5400013510913795,0.5301261845500405,0.534702479839325,293636000,0.0,0.0
2015-04-20 00:00:00-04:00,0.5371112681929624,0.5404832524565122,0.5310898185010807,0.5320532917976379,231624000,0.0,0.0
2015-04-21 00:00:00-04:00,0.5385562284711992,0.5385562284711992,0.5286810613925064,0.5313305258750916,230456000,0.0,0.0
2015-04-22 00:00:00-04:00,0.5344616004841023,0.5380744226038503,0.526272425991447,0.5373518466949463,207420000,0.0,0.0
2015-04-23 00:00:00-04:00,0.5274767051992937,0.5402421164138929,0.5214552588113799,0.5351840853691101,259380000,0.0,0.0
2015-04-24 00:00:00-04:00,0.534943337263485,0.5351841767842136,0.5245864913500391,0.5306079387664795,240960000,0.0,0.0
2015-04-27 00:00:00-04:00,0.5322939124383504,0.5440959099305585,0.527717617149066,0.534702479839325,248456000,0.0,0.0
2015-04-28 00:00:00-04:00,0.5337390245751982,0.5392787349269479,0.5286809932128698,0.5373518466949463,234484000,0.0,0.0
2015-04-29 00:00:00-04:00,0.533497966230004,0.5387968354837123,0.5310893997373648,0.5332571268081665,195156000,0.0,0.0
2015-04-30 00:00:00-04:00,0.530607921000146,0.537351886752964,0.5294036085872704,0.534702479839325,218844000,0.0,0.0
2015-05-01 00:00:00-04:00,0.5390378027178834,0.5496355437381515,0.536629235654144,0.5479495525360107,256968000,0.0,0.0
2015-05-04 00:00:00-04:00,0.5474676627899254,0.5510805410858345,0.5428913694233581,0.5445773601531982,200720000,0.0,0.0
2015-05-05 00:00:00-04:00,0.542650776174582,0.543373352161546,0.528199371284859,0.5306079387664795,292928000,0.0,0.0
2015-05-06 00:00:00-04:00,0.5334981110046907,0.5385561422091527,0.5253089941923983,0.5322938561439514,316484000,0.0,0.0
2015-05-07 00:00:00-04:00,0.5301260941297008,0.5433732412879645,0.5284401029790654,0.5416872501373291,534564000,0.0,0.0
2015-05-08 00:00:00-04:00,0.506040385968518,0.5260314962178795,0.49351581559670893,0.5017049312591553,1146552000,0.0,0.0
2015-05-11 00:00:00-04:00,0.4947201647162266,0.5019459239443543,0.4908665030275896,0.4968878924846649,544144000,0.0,0.0
2015-05-12 00:00:00-04:00,0.4932749761433318,0.5057994890903784,0.49303407926519227,0.5017049312591553,388800000,0.0,0.0
2015-05-13 00:00:00-04:00,0.5053179152333572,0.5091716344123468,0.49977820468070494,0.5045953392982483,308524000,0.0,0.0
2015-05-14 00:00:00-04:00,0.5060403975917339,0.5154338255863478,0.5048360854476617,0.5127843618392944,293052000,0.0,0.0
2015-05-15 00:00:00-04:00,0.514952054600002,0.5173606213013447,0.5098940817546104,0.5130252242088318,215824000,0.0,0.0
2015-05-18 00:00:00-04:00,0.5118211985437076,0.515434079329748,0.5094126304946112,0.5123029351234436,324972000,0.0,0.0
2015-05-19 00:00:00-04:00,0.5129802814730398,0.514674134686847,0.5081408492093759,0.5091087818145752,253808000,0.00245,0.0
2015-05-20 00:00:00-04:00,0.5093507361205835,0.5154000552954549,0.5086248155119755,0.5091087818145752,196824000,0.0,0.0
2015-05-21 00:00:00-04:00,0.5093505940307158,0.5115283552490252,0.5049950715940971,0.5054790377616882,239692000,0.0,0.0
2015-05-22 00:00:00-04:00,0.5066890992549815,0.5086248492124728,0.5035434623061178,0.5047532916069031,212592000,0.0,0.0
2015-05-26 00:00:00-04:00,0.5023337562109347,0.5057213487017492,0.49773627629305334,0.5016078352928162,259732000,0.0,0.0
2015-05-27 00:00:00-04:00,0.5049950528960737,0.5308860592469283,0.5033012579080702,0.5284663438796997,432332000,0.0,0.0
2015-05-28 00:00:00-04:00,0.5284663872646178,0.5374193290893069,0.5274985125763809,0.5357255339622498,327656000,0.0,0.0
2015-05-29 00:00:00-04:00,0.5357254933355299,0.5391130833327464,0.5347576187206916,0.5354835391044617,335168000,0.0,0.0
2015-06-01 00:00:00-04:00,0.5388714413700925,0.5468565125282336,0.5354838494098141,0.5415331125259399,372660000,0.0,0.0
2015-06-02 00:00:00-04:00,0.538145200069476,0.5410488815578915,0.5304020878940774,0.5308860540390015,224304000,0.0,0.0
2015-06-03 00:00:00-04:00,0.5323381011571311,0.536451613066714,0.5241110196473785,0.5250789523124695,250788000,0.0,0.0
2015-06-04 00:00:00-04:00,0.5219330772776473,0.5362094141332938,0.5219330772776473,0.5345156192779541,323712000,0.0,0.0
2015-06-05 00:00:00-04:00,0.5328218701312054,0.5410489494844047,0.527256518373411,0.5386292338371277,313320000,0.0,0.0
2015-06-08 00:00:00-04:00,0.5369355448945953,0.5405650902383901,0.5202394863176232,0.5262887477874756,342812000,0.0,0.0
2015-06-09 00:00:00-04:00,0.5267726910790651,0.5328219522846809,0.5258048162090362,0.5289504528045654,256888000,0.0,0.0
2015-06-10 00:00:00-04:00,0.5226593639393345,0.5260469560244251,0.5166100429097294,0.519513726234436,529460000,0.0,0.0
2015-06-11 00:00:00-04:00,0.5195135990958369,0.5287084978895069,0.5195135990958369,0.5250789523124695,283052000,0.0,0.0
2015-06-12 00:00:00-04:00,0.5216911387823963,0.5248367747250879,0.5095925611914933,0.5108024477958679,323728000,0.0,0.0
2015-06-15 00:00:00-04:00,0.5081406159285342,0.5122541833856874,0.5042691180474247,0.5098344683647156,306548000,0.0,0.0
2015-06-16 00:00:00-04:00,0.5088667102838257,0.5168517783537274,0.5037853243086433,0.5161258578300476,256892000,0.0,0.0
2015-06-17 00:00:00-04:00,0.5158838610023637,0.5250788150835264,0.514674032023068,0.522175133228302,233544000,0.0,0.0
2015-06-18 00:00:00-04:00,0.5265305894969425,0.5342736439817767,0.5250787487527347,0.5308860540390015,299404000,0.0,0.0
2015-06-19 00:00:00-04:00,0.5308861236465348,0.5352415887596638,0.5243528971315553,0.529192328453064,355656000,0.0,0.0
2015-06-22 00:00:00-04:00,0.530160249554751,0.5330639316778832,0.519029545003514,0.5270146131515503,514236000,0.0,0.0
2015-06-23 00:00:00-04:00,0.5279826307887935,0.5320961431156064,0.5093508193000793,0.5134643316268921,414064000,0.0,0.0
2015-06-24 00:00:00-04:00,0.5127383227695657,0.5154000508751608,0.5059631407347763,0.5083828568458557,253368000,0.0,0.0
2015-06-25 00:00:00-04:00,0.5083828004515751,0.5153999937024716,0.5083828004515751,0.5122543573379517,350460000,0.0,0.0
2015-06-26 00:00:00-04:00,0.5081408050616689,0.5086247713222213,0.49967182818134065,0.5018495321273804,421296000,0.0,0.0
2015-06-29 00:00:00-04:00,0.49604211727190334,0.5011235599824675,0.48612130146412547,0.4868472218513489,391724000,0.0,0.0
2015-06-30 00:00:00-04:00,0.4897509528699239,0.49192871450810066,0.48321772564597176,0.48660531640052795,315916000,0.0,0.0
2015-07-01 00:00:00-04:00,0.49870389524738706,0.5057210302190783,0.48926698694543774,0.49362245202064514,302892000,0.0,0.0
2015-07-02 00:00:00-04:00,0.49338055099925426,0.49725210797860536,0.49096083509848204,0.4941064715385437,145764000,0.0,0.0
2015-07-06 00:00:00-04:00,0.48999300364659615,0.49676818569221287,0.4844276508131612,0.4880571961402893,214776000,0.0,0.0
2015-07-07 00:00:00-04:00,0.4851535277250595,0.48708927736645496,0.4636180100890022,0.4788622260093689,594252000,0.0,0.0
2015-07-08 00:00:00-04:00,0.4762005165017756,0.47910416956935326,0.4716030393699317,0.47547459602355957,332492000,0.0,0.0
2015-07-09 00:00:00-04:00,0.48297575155876543,0.4851535131076538,0.4667636324608743,0.4696672856807709,357588000,0.0,0.0
2015-07-10 00:00:00-04:00,0.4757165447734494,0.4822498001563991,0.47450668693887144,0.47789430618286133,216708000,0.0,0.0
2015-07-13 00:00:00-04:00,0.4827337065994151,0.48370158126696533,0.47789427557109565,0.4810399115085602,212472000,0.0,0.0
2015-07-14 00:00:00-04:00,0.48176593225082953,0.48224986968537575,0.47499072163131145,0.48128196597099304,249216000,0.0,0.0
2015-07-15 00:00:00-04:00,0.4800720387469872,0.483217674885947,0.47353881220932353,0.47789430618286133,265732000,0.0,0.0
2015-07-16 00:00:00-04:00,0.4807980708406673,0.4885411858558655,0.47910427524807747,0.4885411858558655,282848000,0.0,0.0
2015-07-17 00:00:00-04:00,0.48684734302201965,0.48733125160689744,0.4793461830506138,0.48563745617866516,220372000,0.0,0.0
2015-07-20 00:00:00-04:00,0.4856374237238327,0.4875732310057151,0.4754746229883224,0.47668448090553284,188412000,0.0,0.0
2015-07-21 00:00:00-04:00,0.475716589574168,0.4856374362901195,0.475716589574168,0.4788622260093689,149720000,0.0,0.0
2015-07-22 00:00:00-04:00,0.47547462096585197,0.47547462096585197,0.4638599792409777,0.4696672856807709,356472000,0.0,0.0
2015-07-23 00:00:00-04:00,0.47063516462916793,0.4824917600073128,0.46966726104311773,0.47547459602355957,169916000,0.0,0.0
2015-07-24 00:00:00-04:00,0.4788621020618771,0.4793460393469649,0.46797338334363714,0.4699091613292694,188844000,0.0,0.0
2015-07-27 00:00:00-04:00,0.46579567505183495,0.472570884346311,0.4619241474873376,0.46724751591682434,192420000,0.0,0.0
2015-07-28 00:00:00-04:00,0.46845737564035805,0.4805559534147117,0.4636179445306166,0.47741034626960754,198308000,0.0,0.0
2015-07-29 00:00:00-04:00,0.4764425647637691,0.48708933323915027,0.4745067860550369,0.4832177758216858,232680000,0.0,0.0
2015-07-30 00:00:00-04:00,0.48200770811981153,0.48926688233202476,0.48200770811981153,0.48442745208740234,190180000,0.0,0.0
2015-07-31 00:00:00-04:00,0.4863632999223438,0.4866052541765645,0.4798300735338188,0.48273372650146484,218340000,0.0,0.0
2015-08-03 00:00:00-04:00,0.48660543131487916,0.49144486430441,0.4803141857356667,0.490960955619812,397132000,0.0,0.0
2015-08-04 00:00:00-04:00,0.4892670712194759,0.4943484576308922,0.4873312637599496,0.4928966164588928,260100000,0.0,0.0
2015-08-05 00:00:00-04:00,0.504995258074871,0.5054792244211775,0.4970101883496386,0.4979781210422516,234628000,0.0,0.0
2015-08-06 00:00:00-04:00,0.49676820600679145,0.5003978091729295,0.48660537483219,0.49483245611190796,655676000,0.0,0.0
2015-08-07 00:00:00-04:00,0.5434686505630442,0.565488045055825,0.5294342655707109,0.5560511946678162,1405248000,0.0,0.0
2015-08-10 00:00:00-04:00,0.5521795393660048,0.5795223263223729,0.5487918920045095,0.5754088163375854,662304000,0.0,0.0
2015-08-11 00:00:00-04:00,0.5669400611573426,0.5780707678145203,0.5669400611573426,0.5725054144859314,435008000,0.0,0.0
2015-08-12 00:00:00-04:00,0.5633104069509327,0.5780706564136932,0.5633104069509327,0.5739571452140808,384048000,0.0,0.0
2015-08-13 00:00:00-04:00,0.5746829568881023,0.5758928434361805,0.5676657649047203,0.5691176056861877,276884000,0.0,0.0
2015-08-14 00:00:00-04:00,0.5686336035436844,0.5729891256124539,0.5652460137283498,0.5696015357971191,214652000,0.0,0.0
2015-08-17 00:00:00-04:00,0.5686336402002892,0.5686336402002892,0.5589547785664986,0.5659719705581665,273880000,0.0,0.0
2015-08-18 00:00:00-04:00,0.5642225424357079,0.5681103886329643,0.5564468500411952,0.5608206987380981,287084000,0.00245,0.0
2015-08-19 00:00:00-04:00,0.5600915746844288,0.5664093158295564,0.5525588565806427,0.5586336255073547,249248000,0.0,0.0
2015-08-20 00:00:00-04:00,0.5523160850398723,0.5549889542134707,0.5357927515849545,0.538465678691864,426932000,0.0,0.0
2015-08-21 00:00:00-04:00,0.5345780723475347,0.5435686890019544,0.5212136046071787,0.5216996073722839,382664000,0.0,0.0
2015-08-24 00:00:00-04:00,0.49254052940983617,0.5304469882691872,0.4859798139713511,0.5032321214675903,682284000,0.0,0.0
2015-08-25 00:00:00-04:00,0.5253439916158157,0.5272879431379583,0.49278339743614197,0.49278339743614197,622684000,0.0,0.0
2015-08-26 00:00:00-04:00,0.5088208938306498,0.5304469924797734,0.5049330474090881,0.5299609899520874,614976000,0.0,0.0
2015-08-27 00:00:00-04:00,0.5355497587054199,0.5501291393467712,0.532390887106463,0.549886167049408,463764000,0.0,0.0
2015-08-28 00:00:00-04:00,0.5498859354343146,0.555717673647832,0.5459980906475416,0.5523158311843872,320944000,0.0,0.0
2015-08-31 00:00:00-04:00,0.5496432451630302,0.5535310919439627,0.544054476277936,0.5462413430213928,219352000,0.0,0.0
2015-09-01 00:00:00-04:00,0.5304471580515306,0.5394377731202022,0.5199985928780307,0.5238863825798035,353408000,0.0,0.0
2015-09-02 00:00:00-04:00,0.5382225910104713,0.5399235128424418,0.5292319793557824,0.539680540561676,344044000,0.0,0.0
2015-09-03 00:00:00-04:00,0.5476991849782474,0.5503721117013983,0.5401665231523285,0.5411384701728821,262556000,0.0,0.0
2015-09-04 00:00:00-04:00,0.5319047243988246,0.5404093895118101,0.5282599093027533,0.528502881526947,287972000,0.0,0.0
2015-09-08 00:00:00-04:00,0.5413816770536513,0.5532881925317307,0.5391948097930476,0.5511012673377991,238448000,0.0,0.0
2015-09-09 00:00:00-04:00,0.5528021646879967,0.5574189288257096,0.5389516984749002,0.5401666760444641,289392000,0.0,0.0
2015-09-10 00:00:00-04:00,0.537007704709748,0.5554749316500558,0.5345778079526894,0.5486711859703064,357076000,0.0,0.0
2015-09-11 00:00:00-04:00,0.5425966665676386,0.5540171796057406,0.5404097413263013,0.5503723621368408,301584000,0.0,0.0
2015-09-14 00:00:00-04:00,0.5530449587584232,0.5547458804608771,0.5484281381755908,0.5513440370559692,192460000,0.0,0.0
2015-09-15 00:00:00-04:00,0.5515870826395302,0.5603347225101702,0.5498861607109762,0.5574188232421875,327976000,0.0,0.0
2015-09-16 00:00:00-04:00,0.5564469802160997,0.5644656467696655,0.5523161607693111,0.5613067746162415,173508000,0.0,0.0
2015-09-17 00:00:00-04:00,0.571026111531845,0.5761289339544169,0.5651943724107705,0.5664093494415283,268712000,0.0,0.0
2015-09-18 00:00:00-04:00,0.558633644962082,0.5707831253053284,0.5552318020526315,0.5659233331680298,326412000,0.0,0.0
2015-09-21 00:00:00-04:00,0.5666525237226879,0.5729702674954091,0.563736624155797,0.5717552900314331,281840000,0.0,0.0
2015-09-22 00:00:00-04:00,0.5593627733185291,0.5632506196836126,0.5532880025105912,0.5562039017677307,228356000,0.0,0.0
2015-09-23 00:00:00-04:00,0.5566898878521647,0.5622786565560781,0.5545030211796032,0.5588768124580383,161632000,0.0,0.0
2015-09-24 00:00:00-04:00,0.5554749008407435,0.575400076316802,0.5467272614138566,0.5695683360099792,382440000,0.0,0.0
2015-09-25 00:00:00-04:00,0.5766149577016516,0.5848766520201818,0.5681103490501813,0.5736991167068481,369692000,0.0,0.0
2015-09-28 00:00:00-04:00,0.5736993621370265,0.5773441794231192,0.5625218220419103,0.5661666393280029,395584000,0.0,0.0
2015-09-29 00:00:00-04:00,0.5722409956856703,0.5771007871533516,0.5642223339706678,0.5761288404464722,380736000,0.0,0.0
2015-09-30 00:00:00-04:00,0.5814750085367416,0.5996992690540779,0.5780731635672814,0.5989702939987183,556380000,0.0,0.0
2015-10-01 00:00:00-04:00,0.5989699175655384,0.6006708389812945,0.570297109852414,0.5873064398765564,489296000,0.0,0.0
2015-10-02 00:00:00-04:00,0.5841476555937073,0.6026148796081543,0.5780728856968644,0.6026148796081543,386144000,0.0,0.0
2015-10-05 00:00:00-04:00,0.6065027753834368,0.625212973197361,0.6033439040460244,0.6176803112030029,482024000,0.0,0.0
2015-10-06 00:00:00-04:00,0.6111196040490189,0.6283718525530042,0.6086897074456419,0.625698983669281,453216000,0.0,0.0
2015-10-07 00:00:00-04:00,0.627157019936327,0.6385775297580071,0.6169514296176726,0.6322597861289978,310152000,0.0,0.0
2015-10-08 00:00:00-04:00,0.6295869260406801,0.6376055918506419,0.6188953330051886,0.6359046697616577,460068000,0.0,0.0
2015-10-09 00:00:00-04:00,0.632502762080114,0.6385775334301134,0.6215682547567536,0.6334747672080994,423248000,0.0,0.0
2015-10-12 00:00:00-04:00,0.6342036281768149,0.6439232730655825,0.6295868649262872,0.6402783989906311,227588000,0.0,0.0
2015-10-13 00:00:00-04:00,0.635175754960417,0.6453812884597154,0.6329888300962877,0.6414934992790222,298444000,0.0,0.0
2015-10-14 00:00:00-04:00,0.6422221553034574,0.6752688133758508,0.6414932385782961,0.6648202538490295,612148000,0.0,0.0
2015-10-15 00:00:00-04:00,0.6660350104848939,0.6801284398653404,0.6592313259103897,0.6665210127830505,526048000,0.0,0.0
2015-10-16 00:00:00-04:00,0.6687081895559631,0.6832875688244872,0.6670072098346622,0.6769698262214661,448396000,0.0,0.0
2015-10-19 00:00:00-04:00,0.679156806537039,0.6823156780992257,0.6679792699221184,0.6757549047470093,294712000,0.0,0.0
2015-10-20 00:00:00-04:00,0.6728390970891117,0.6779418631295938,0.6677362731153185,0.6747829914093018,264824000,0.0,0.0
2015-10-21 00:00:00-04:00,0.6789138133839815,0.683044690216507,0.6648204346650924,0.6660353541374207,386280000,0.0,0.0
2015-10-22 00:00:00-04:00,0.6738109513565413,0.6922781765856695,0.6728390043304405,0.6900912523269653,306884000,0.0,0.0
2015-10-23 00:00:00-04:00,0.6961660584828794,0.6993249299303977,0.6857174970641582,0.6947081089019775,381776000,0.0,0.0
2015-10-26 00:00:00-04:00,0.6951943551918048,0.6968952776548871,0.685231734850903,0.6915494799613953,247436000,0.0,0.0
2015-10-27 00:00:00-04:00,0.6881472670396594,0.6954369556688976,0.687661264624392,0.6910631656646729,208268000,0.0,0.0
2015-10-28 00:00:00-04:00,0.6954371370030028,0.6966521143913269,0.6852315470876601,0.6966521143913269,217036000,0.0,0.0
2015-10-29 00:00:00-04:00,0.685474371707145,0.6925210298857578,0.6713809394833329,0.6725958585739136,327168000,0.0,0.0
2015-10-30 00:00:00-04:00,0.6798857314635064,0.6942221385885989,0.6747829081195643,0.6893622875213623,301160000,0.0,0.0
2015-11-02 00:00:00-05:00,0.6915490424280364,0.698109755758576,0.6874182250692998,0.697380781173706,190088000,0.0,0.0
2015-11-03 00:00:00-05:00,0.6932502489745376,0.6971380957152964,0.6847456385416092,0.6925212740898132,376768000,0.0,0.0
2015-11-04 00:00:00-05:00,0.6905773411671422,0.6956801071422777,0.6779418544477853,0.6811007261276245,442264000,0.0,0.0
2015-11-05 00:00:00-05:00,0.6845024781178389,0.6864464300851896,0.6713810485547581,0.6733249425888062,478800000,0.0,0.0
2015-11-06 00:00:00-05:00,0.7399042885663297,0.7761097677182749,0.7245959331647236,0.766633152961731,1172272000,0.0,0.0
2015-11-09 00:00:00-05:00,0.7591005774968801,0.7654183213929898,0.7525398033432401,0.7632313966751099,492568000,0.0,0.0
2015-11-10 00:00:00-05:00,0.7532688649209175,0.7573997425077647,0.7326147666532915,0.7486521005630493,552260000,0.0,0.0
2015-11-11 00:00:00-05:00,0.7491378487177492,0.7544836445962112,0.7386892871825556,0.7413622140884399,619896000,0.0,0.0
2015-11-12 00:00:00-05:00,0.7396611908233978,0.7464649358993757,0.7355303724963019,0.7386892437934875,291080000,0.0,0.0
2015-11-13 00:00:00-05:00,0.739418303443331,0.7425771751031929,0.7204650734841593,0.724109947681427,292940000,0.0,0.0
2015-11-16 00:00:00-05:00,0.7335864784364816,0.7391752462750943,0.7277546803904138,0.7386892437934875,344280000,0.0,0.0
2015-11-17 00:00:00-05:00,0.7406331957866112,0.7450069863878588,0.7355303724963019,0.7386892437934875,257048000,0.0,0.0
2015-11-18 00:00:00-05:00,0.7417380855107999,0.7578363692828225,0.7336889727014323,0.7568606734275818,350216000,0.002875,0.0
2015-11-19 00:00:00-05:00,0.7595438797150128,0.7666172978790058,0.7534460412665529,0.759056031703949,254072000,0.0,0.0
2015-11-20 00:00:00-05:00,0.7646661109230748,0.7700322070546194,0.7600317578164365,0.7656417489051819,239744000,0.0,0.0
2015-11-23 00:00:00-05:00,0.7719834795342125,0.7719834795342125,0.751494849389232,0.7541778683662415,242552000,0.0,0.0
2015-11-24 00:00:00-05:00,0.7541778231817522,0.766861290591909,0.7507630613877254,0.760275661945343,195428000,0.0,0.0
2015-11-25 00:00:00-05:00,0.7588120844815747,0.7678368359145853,0.7566168558130174,0.7592998743057251,138300000,0.0,0.0
2015-11-27 00:00:00-05:00,0.7607635008413428,0.7680808729371014,0.7568608907596107,0.7656417489051819,86996000,0.0,0.0
2015-11-30 00:00:00-05:00,0.76637332998154,0.7771055199767233,0.7656415871112643,0.7736907005310059,327244000,0.0,0.0
2015-12-01 00:00:00-05:00,0.7805203625303822,0.7995455628317126,0.7797886195839234,0.7988138198852539,409496000,0.0,0.0
2015-12-02 00:00:00-05:00,0.8000333378772797,0.8083263469124955,0.791008585909157,0.7927159667015076,294240000,0.0,0.0
2015-12-03 00:00:00-05:00,0.7990577660301998,0.807350775750524,0.7871060413430847,0.7910086512565613,246656000,0.0,0.0
2015-12-04 00:00:00-05:00,0.791008539649839,0.8246684799818872,0.791008539649839,0.8232049942016602,458756000,0.0,0.0
2015-12-07 00:00:00-05:00,0.8229610813912294,0.8229610813912294,0.8051554738100635,0.8075945973396301,333588000,0.0,0.0
2015-12-08 00:00:00-05:00,0.7975940820624795,0.8219853152756217,0.7924719405337058,0.8185705542564392,314488000,0.0,0.0
2015-12-09 00:00:00-05:00,0.8183265938167319,0.8232048400685794,0.7895449060388622,0.7978379130363464,372676000,0.0,0.0
2015-12-10 00:00:00-05:00,0.800277424202827,0.8088143883596264,0.7975944049093464,0.804423987865448,236596000,0.0,0.0
2015-12-11 00:00:00-05:00,0.7963747339484812,0.8019847247023152,0.7907647431946473,0.7924721240997314,227320000,0.0,0.0
2015-12-14 00:00:00-05:00,0.7932036304345002,0.7988136195146353,0.7849105651725939,0.7944231629371643,275892000,0.0,0.0
2015-12-15 00:00:00-05:00,0.8034478661014958,0.8097895975758759,0.7990574679325372,0.8041796088218689,307296000,0.0,0.0
2015-12-16 00:00:00-05:00,0.8058870848596142,0.8117410273180612,0.7988136679778022,0.8090579509735107,236356000,0.0,0.0
2015-12-17 00:00:00-05:00,0.8102774503565421,0.8185704570333778,0.7963744548916631,0.7968622446060181,254160000,0.0,0.0
2015-12-18 00:00:00-05:00,0.7912525010047791,0.7993016153186306,0.7829594917581739,0.7839351296424866,395896000,0.0,0.0
2015-12-21 00:00:00-05:00,0.7924720822313392,0.8032042151334189,0.785398605888772,0.8024724721908569,284216000,0.0,0.0
2015-12-22 00:00:00-05:00,0.8049114400850913,0.8112531722570824,0.7983258130305733,0.8032040596008301,130012000,0.0,0.0
2015-12-23 00:00:00-05:00,0.8044238700124784,0.8095460128641466,0.8029603840110583,0.8063751459121704,122524000,0.0,0.0
2015-12-24 00:00:00-05:00,0.8039358094756565,0.8110092845107554,0.8027162187457177,0.8090579509735107,52448000,0.0,0.0
2015-12-28 00:00:00-05:00,0.8005210252865949,0.8083261847496033,0.789301046770655,0.8083261847496033,142024000,0.0,0.0
2015-12-29 00:00:00-05:00,0.8088140944896537,0.8239366829698195,0.8066188659635112,0.8214975595474243,203660000,0.0,0.0
2015-12-30 00:00:00-05:00,0.820765890239695,0.827839366244357,0.8141802622245353,0.8144241571426392,180344000,0.0,0.0
2015-12-31 00:00:00-05:00,0.8132046500539175,0.8168633065540768,0.8039359450340271,0.8039359450340271,148528000,0.0,0.0
2016-01-04 00:00:00-05:00,0.7875936646714675,0.794667081333555,0.7814958275177672,0.789544939994812,358076000,0.0,0.0
2016-01-05 00:00:00-05:00,0.8044236194889668,0.8156435978011876,0.7927157932771035,0.8022283911705017,490272000,0.0,0.0
2016-01-06 00:00:00-05:00,0.7890572181970888,0.7927159327047139,0.7600316296653422,0.7690564393997192,449344000,0.0,0.0
2016-01-07 00:00:00-05:00,0.7497873952535441,0.7549095963024096,0.7288109174622351,0.7385674715042114,645304000,0.0,0.0
2016-01-08 00:00:00-05:00,0.7480798662829561,0.7488116091451638,0.7212495078974109,0.7227129936218262,398472000,0.0,0.0
2016-01-11 00:00:00-05:00,0.7234448935560133,0.7290548846154338,0.7110053203509357,0.723932683467865,409372000,0.0,0.0
2016-01-12 00:00:00-05:00,0.7368598346227249,0.7468602809319457,0.7310059502912829,0.7361280918121338,469356000,0.0,0.0
2016-01-13 00:00:00-05:00,0.7417381458750614,0.7466164510884096,0.7129565114820466,0.7136882543563843,481672000,0.0,0.0
2016-01-14 00:00:00-05:00,0.699053415479951,0.7073464815355709,0.6785647906173422,0.6992973685264587,600236000,0.0,0.0
2016-01-15 00:00:00-05:00,0.671247522742886,0.6792966369787262,0.6497831987295463,0.6612470746040344,841452000,0.0,0.0
2016-01-19 00:00:00-05:00,0.6749062309694981,0.6939314326752428,0.6639301441156759,0.6666132211685181,457140000,0.0,0.0
2016-01-20 00:00:00-05:00,0.6539297489319945,0.6788088363195927,0.6451488911391186,0.6702718734741211,481180000,0.0,0.0
2016-01-21 00:00:00-05:00,0.6775893713683859,0.6885654010950262,0.6636863112129033,0.6780771613121033,481456000,0.0,0.0
2016-01-22 00:00:00-05:00,0.6910042508488544,0.6985655735066546,0.6895407652922941,0.6939312219619751,257996000,0.0,0.0
2016-01-25 00:00:00-05:00,0.6936871843316644,0.7017362950830186,0.6917358512733914,0.6931993365287781,270728000,0.0,0.0
2016-01-26 00:00:00-05:00,0.6946628609637503,0.7029558670076441,0.6875893872659463,0.7000288963317871,227944000,0.0,0.0
2016-01-27 00:00:00-05:00,0.6990535331163623,0.7012487619846111,0.6785649048059365,0.6917361617088318,231700000,0.0,0.0
2016-01-28 00:00:00-05:00,0.6973462129400178,0.699785336954735,0.6707597437336077,0.6841749548912048,276776000,0.0,0.0
2016-01-29 00:00:00-05:00,0.6900286097884043,0.7158833273156915,0.6873455917168148,0.7144198417663574,310504000,0.0,0.0
2016-02-01 00:00:00-05:00,0.7136882849635188,0.7183225791620134,0.7075904468002914,0.7146639227867126,289884000,0.0,0.0
2016-02-02 00:00:00-05:00,0.7073467312028971,0.7110053885057072,0.6795406681963175,0.6844189167022705,341908000,0.0,0.0
2016-02-03 00:00:00-05:00,0.6897849412874011,0.6939314462691197,0.6719793302847429,0.6878336071968079,326772000,0.0,0.0
2016-02-04 00:00:00-05:00,0.6888091345425815,0.7036878292497837,0.6812478688082945,0.688077449798584,348140000,0.0,0.0
2016-02-05 00:00:00-05:00,0.6834432798094218,0.6910045475606854,0.6427098523765458,0.6446611285209656,600428000,0.0,0.0
2016-02-08 00:00:00-05:00,0.6349043517604157,0.6380752177130316,0.6061226633146055,0.6151474714279175,608852000,0.0,0.0
2016-02-09 00:00:00-05:00,0.6078303068256076,0.6475880339214732,0.6049033347583572,0.6217333078384399,425372000,0.0,0.0
2016-02-10 00:00:00-05:00,0.62563575082068,0.6436852520070304,0.6168548951168834,0.6202696561813354,335800000,0.0,0.0
2016-02-11 00:00:00-05:00,0.6044154015920851,0.6234406010437858,0.6044154015920851,0.617098867893219,340144000,0.0,0.0
2016-02-12 00:00:00-05:00,0.6268552180474297,0.6288065514188217,0.6036835195276417,0.6275869607925415,340816000,0.0,0.0
2016-02-16 00:00:00-05:00,0.6366119667527632,0.6592958846775037,0.6346606907490441,0.6583201885223389,485352000,0.0,0.0
2016-02-17 00:00:00-05:00,0.666613236570382,0.6810040856567148,0.6639301594555481,0.6746623516082764,771468000,0.0,0.0
2016-02-18 00:00:00-05:00,0.7300303828560623,0.7556412092317825,0.7292986399750451,0.7327134013175964,1068660000,0.0,0.0
2016-02-19 00:00:00-05:00,0.7288106275516061,0.7490554124361458,0.7232006388318631,0.7424697279930115,525628000,0.0,0.0
2016-02-22 00:00:00-05:00,0.7532021566190361,0.777349499507014,0.751738670719165,0.7688125371932983,449668000,0.0,0.0
2016-02-23 00:00:00-05:00,0.7627145237984624,0.7780810047459082,0.7590558101665561,0.770763635635376,369380000,0.0,0.0
2016-02-24 00:00:00-05:00,0.767592997327159,0.7773494923656036,0.7463725682805745,0.7761299014091492,336852000,0.0,0.0
2016-02-25 00:00:00-05:00,0.7790568077080522,0.7817398261721473,0.7639342184080857,0.7778372168540955,349616000,0.0,0.0
2016-02-26 00:00:00-05:00,0.781496068888261,0.7834473448142706,0.7649099909039675,0.7727152109146118,361964000,0.0,0.0
2016-02-29 00:00:00-05:00,0.7738166729850388,0.7838534960960689,0.7672070520714179,0.7676966190338135,323344000,0.002875,0.0
2016-03-01 00:00:00-05:00,0.7696551038817887,0.8017240762710571,0.7684310696788387,0.8017240762710571,348700000,0.0,0.0
2016-03-02 00:00:00-05:00,0.7973176926229973,0.8093129603769151,0.7958488747975923,0.8063753247261047,233812000,0.0,0.0
2016-03-03 00:00:00-05:00,0.8053960497303775,0.8088232520615292,0.7885047632002071,0.7992760539054871,302004000,0.0,0.0
2016-03-04 00:00:00-05:00,0.8053958564982093,0.8061302651594214,0.790707800004265,0.7968278527259827,175304000,0.0,0.0
2016-03-07 00:00:00-05:00,0.792421659037912,0.7978073048537965,0.7814055838943377,0.7916872501373291,239968000,0.0,0.0
2016-03-08 00:00:00-05:00,0.7836087499557243,0.7882599865110853,0.7747959021958896,0.7772439122200012,274940000,0.0,0.0
2016-03-09 00:00:00-05:00,0.7840982893302337,0.7853222650254992,0.7667173792092434,0.7767542600631714,222788000,0.0,0.0
2016-03-10 00:00:00-05:00,0.7814056109348043,0.7858120644907859,0.7598631436561258,0.7755303978919983,286084000,0.0,0.0
2016-03-11 00:00:00-05:00,0.7870359743865145,0.7889944174798202,0.7777335593800968,0.7887495756149292,277400000,0.0,0.0
2016-03-14 00:00:00-04:00,0.7850776356532307,0.7938904841765083,0.7814055911163785,0.790708065032959,190312000,0.0,0.0
2016-03-15 00:00:00-04:00,0.786546481488046,0.7916872856576082,0.7728376120040434,0.7867912650108337,226216000,0.0,0.0
2016-03-16 00:00:00-04:00,0.7809158303867199,0.8129847973817642,0.7772437867606962,0.8102919459342957,363644000,0.0,0.0
2016-03-17 00:00:00-04:00,0.8073544179138024,0.8112711868633878,0.7924215174241696,0.8034375905990601,353680000,0.0,0.0
2016-03-18 00:00:00-04:00,0.8129849573153867,0.8384442507920415,0.8078440952276228,0.8276730179786682,545512000,0.0,0.0
2016-03-21 00:00:00-04:00,0.8203288230528318,0.8303656449826948,0.8115159767500761,0.830120861530304,337780000,0.0,0.0
2016-03-22 00:00:00-04:00,0.8274282272210809,0.8345274156237956,0.8183705373628398,0.8286522030830383,242012000,0.0,0.0
2016-03-23 00:00:00-04:00,0.8323241771834499,0.8489706210388105,0.8286521331770266,0.8428506255149841,429008000,0.0,0.0
2016-03-24 00:00:00-04:00,0.8352619365334611,0.8455436036328965,0.8325691425837978,0.8440747857093811,244956000,0.0,0.0
2016-03-28 00:00:00-04:00,0.8426057152093545,0.8563145811108896,0.8416265230089208,0.8526425957679749,265388000,0.0,0.0
2016-03-29 00:00:00-04:00,0.8489706919873413,0.8683099891853184,0.8470123072636929,0.8663516044616699,261812000,0.0,0.0
2016-03-30 00:00:00-04:00,0.869534092095483,0.8874045729797209,0.8690444666933136,0.8754093050956726,376700000,0.0,0.0
2016-03-31 00:00:00-04:00,0.879326021110467,0.8812844057391288,0.8653723701270577,0.8722267746925354,379884000,0.0,0.0
2016-04-01 00:00:00-04:00,0.8668412164010458,0.8854461640660942,0.8602315946596036,0.8849565386772156,348292000,0.0,0.0
2016-04-04 00:00:00-04:00,0.8923005253859134,0.8969517620731664,0.8729612281374913,0.876388430595398,393940000,0.0,0.0
2016-04-05 00:00:00-04:00,0.8685547686861023,0.883242828154334,0.8651275081180535,0.8751643896102905,339568000,0.0,0.0
2016-04-06 00:00:00-04:00,0.864148380127757,0.8768780559601693,0.8477467183376345,0.876388430595398,453376000,0.0,0.0
2016-04-07 00:00:00-04:00,0.8707578723059922,0.8785915267886782,0.8636586849440361,0.8673306703567505,378104000,0.0,0.0
2016-04-08 00:00:00-04:00,0.8744298020264396,0.8800602295079911,0.8643929225862053,0.8729609847068787,255936000,0.0,0.0
2016-04-11 00:00:00-04:00,0.8781019589594873,0.8927900766670015,0.8754091655896035,0.8783468008041382,387524000,0.0,0.0
2016-04-12 00:00:00-04:00,0.8812844447350493,0.8825084789559963,0.8602315464021396,0.8773676753044128,292764000,0.0,0.0
2016-04-13 00:00:00-04:00,0.8812842026822799,0.8996443023975665,0.8812842026822799,0.8993995189666748,350716000,0.0,0.0
2016-04-14 00:00:00-04:00,0.8969514631720982,0.9057643082450306,0.8932794200728992,0.9018474817276001,416564000,0.0,0.0
2016-04-15 00:00:00-04:00,0.901602960993841,0.9170254297735647,0.8986653256585938,0.9089469909667969,436972000,0.0,0.0
2016-04-18 00:00:00-04:00,0.9072334772631336,0.9072334772631336,0.8962174020592152,0.9050302505493164,307320000,0.0,0.0
2016-04-19 00:00:00-04:00,0.9084572370413998,0.9101708379560338,0.883242731866543,0.8888731598854065,309152000,0.0,0.0
2016-04-20 00:00:00-04:00,0.8874044073129944,0.8976860719177513,0.8864252150566266,0.8923004269599915,200172000,0.0,0.0
2016-04-21 00:00:00-04:00,0.8925453369676023,0.8967070067861856,0.8874045331189989,0.8913213610649109,178280000,0.0,0.0
2016-04-22 00:00:00-04:00,0.8942589916762762,0.9003789878862629,0.8849565180604708,0.8878941535949707,223540000,0.0,0.0
2016-04-25 00:00:00-04:00,0.8881388160965598,0.8971964466069884,0.8856908062730613,0.8923004269599915,191972000,0.0,0.0
2016-04-26 00:00:00-04:00,0.897686111773616,0.9079677768348627,0.8891180478283836,0.8930348753929138,214536000,0.0,0.0
2016-04-27 00:00:00-04:00,0.8908316683288572,0.9138430088842628,0.889118067175555,0.9133533835411072,352396000,0.0,0.0
2016-04-28 00:00:00-04:00,0.9077229840395309,0.9131086295274462,0.8839772922506186,0.8861804604530334,381224000,0.0,0.0
2016-04-29 00:00:00-04:00,0.8825084273273123,0.8844668119280608,0.8602314960767051,0.8697787523269653,321904000,0.0,0.0
2016-05-02 00:00:00-04:00,0.8781019375009924,0.8866700010905648,0.87394032662554,0.8812843561172485,256076000,0.0,0.0
2016-05-03 00:00:00-04:00,0.8712476223982168,0.8749196083369176,0.8631691832948782,0.8707579970359802,224024000,0.0,0.0
2016-05-04 00:00:00-04:00,0.8602314355824474,0.8609658443473723,0.8421161750213857,0.8509290218353271,525764000,0.0,0.0
2016-05-05 00:00:00-04:00,0.8580284849807285,0.866106925075913,0.8497052029917824,0.8560700416564941,246884000,0.0,0.0
2016-05-06 00:00:00-04:00,0.8546010428245769,0.8670859339821982,0.8528874417568955,0.8648827075958252,183240000,0.0,0.0
2016-05-09 00:00:00-04:00,0.867086107851889,0.8707580942003317,0.8565596574930914,0.8636589050292969,333336000,0.0,0.0
2016-05-10 00:00:00-04:00,0.8690443728698851,0.8817740483002869,0.8607211504877743,0.8803052306175232,269676000,0.0,0.0
2016-05-11 00:00:00-04:00,0.8829980948437542,0.8925452931849542,0.8781020163776603,0.8827532529830933,328176000,0.0,0.0
2016-05-12 00:00:00-04:00,0.8891181018249763,0.8930349296273775,0.8550907441915396,0.8707579970359802,670540000,0.0,0.0
2016-05-13 00:00:00-04:00,0.9593761808380138,1.0036852104920546,0.954725001875016,1.0031956434249878,2110256000,0.0,0.0
2016-05-16 00:00:00-04:00,0.9956065183734103,1.047749249926781,0.9924240997818475,1.0328162908554077,973032000,0.0,0.0
2016-05-17 00:00:00-04:00,1.028164996476412,1.0423634875985446,1.014945755915578,1.0350195169448853,628392000,0.0,0.0
2016-05-18 00:00:00-04:00,1.0281649902127197,1.0734533147990566,1.0281649902127197,1.0614579916000366,541072000,0.0,0.0
2016-05-19 00:00:00-04:00,1.057296630703533,1.0736984110848629,1.0558279295380792,1.066109538078308,398880000,0.0,0.0
2016-05-20 00:00:00-04:00,1.0727188763775175,1.0896102193441513,1.0710052754076054,1.085203766822815,391084000,0.0,0.0
2016-05-23 00:00:00-04:00,1.0898550354623522,1.0940165879152701,1.080307779745214,1.0869174003601074,413636000,0.0,0.0
2016-05-24 00:00:00-04:00,1.0902310686811016,1.116738331477829,1.0872858042555238,1.1133021116256714,415788000,0.002875,0.0
2016-05-25 00:00:00-04:00,1.1167381809898858,1.1214013791629331,1.0998029713416826,1.1086387634277344,458076000,0.0,0.0
2016-05-26 00:00:00-04:00,1.110601917108246,1.1285187983018137,1.107411234825826,1.1204193830490112,309964000,0.0,0.0
2016-05-27 00:00:00-04:00,1.1216467093416822,1.1282734936723184,1.1179650714653218,1.1265554428100586,277416000,0.0,0.0
2016-05-31 00:00:00-04:00,1.1314643864866063,1.1491358536625278,1.1307280119611525,1.1466814279556274,412524000,0.0,0.0
2016-06-01 00:00:00-04:00,1.1412817972265696,1.1599349401101917,1.1378456950383617,1.1488903760910034,387132000,0.0,0.0
2016-06-02 00:00:00-04:00,1.1550261065316487,1.1668071610579593,1.143736007299563,1.1569896936416626,329208000,0.0,0.0
2016-06-03 00:00:00-04:00,1.1456997909145894,1.1471723059494938,1.1206651627858013,1.1407909393310547,461076000,0.0,0.0
2016-06-06 00:00:00-04:00,1.14373600534337,1.1525717962229909,1.129009804244112,1.1349003314971924,322512000,0.0,0.0
2016-06-07 00:00:00-04:00,1.1417727141422023,1.1481540806549408,1.13661856050502,1.137109398841858,193400000,0.0,0.0
2016-06-08 00:00:00-04:00,1.137354559804201,1.141527035820458,1.124100991450756,1.133427619934082,234616000,0.0,0.0
2016-06-09 00:00:00-04:00,1.1295008376139555,1.1645982333282365,1.127046412077696,1.1628801822662354,472168000,0.0,0.0
2016-06-10 00:00:00-04:00,1.1491359216092805,1.1594442293074756,1.1324461301025082,1.1339187622070312,400024000,0.0,0.0
2016-06-13 00:00:00-04:00,1.1351457833591878,1.170734132966949,1.1351457833591878,1.1483993530273438,475588000,0.0,0.0
2016-06-14 00:00:00-04:00,1.145699448868849,1.156007753236441,1.1329367194422522,1.1506081819534302,298344000,0.0,0.0
2016-06-15 00:00:00-04:00,1.1601805081633334,1.1724522853106674,1.1474177756660173,1.1623893976211548,301036000,0.0,0.0
2016-06-16 00:00:00-04:00,1.1537992924849547,1.169016335584172,1.1425091904973186,1.1670528650283813,246456000,0.0,0.0
2016-06-17 00:00:00-04:00,1.1685253720198963,1.1687707911838945,1.142018112739284,1.1466814279556274,471000000,0.0,0.0
2016-06-20 00:00:00-04:00,1.165089546131246,1.1822700620226265,1.1643531714310515,1.167298436164856,293768000,0.0,0.0
2016-06-21 00:00:00-04:00,1.1722069273116078,1.1753976106024087,1.1584624004306716,1.1601805686950684,212508000,0.0,0.0
2016-06-22 00:00:00-04:00,1.1626346242814238,1.1702432020950961,1.157235052593283,1.159198522567749,202620000,0.0,0.0
2016-06-23 00:00:00-04:00,1.1702430878468562,1.191350651336914,1.169506713532424,1.190123438835144,297880000,0.0,0.0
2016-06-24 00:00:00-04:00,1.1412816755197244,1.162389241734547,1.1118292738758007,1.1223829984664917,1017684000,0.0,0.0
2016-06-27 00:00:00-04:00,1.113056774521987,1.121647149235747,1.0939126713772425,1.1103570461273193,449088000,0.0,0.0
2016-06-28 00:00:00-04:00,1.1314641762784352,1.1326912718704512,1.1110928680162822,1.1265554428100586,381920000,0.0,0.0
2016-06-29 00:00:00-04:00,1.1363733643454257,1.1537994160910416,1.1334280996794788,1.1449636220932007,318932000,0.0,0.0
2016-06-30 00:00:00-04:00,1.1469270914116747,1.1609170400405222,1.1376005760259271,1.1537994146347046,430940000,0.0,0.0
2016-07-01 00:00:00-04:00,1.1474178422212165,1.1623894650447728,1.1412818947749097,1.1452088356018066,218488000,0.0,0.0
2016-07-05 00:00:00-04:00,1.1388272539970714,1.164107296527468,1.1297461611616373,1.1621438264846802,371084000,0.0,0.0
2016-07-06 00:00:00-04:00,1.1540443310638961,1.176379108482723,1.1481538043057866,1.1695067882537842,273104000,0.0,0.0
2016-07-07 00:00:00-04:00,1.1773611923707261,1.2041138741164636,1.171961618996112,1.1999413967132568,395400000,0.0,0.0
2016-07-08 00:00:00-04:00,1.2127037101365084,1.253937163333384,1.208040395963443,1.248046636581421,481932000,0.0,0.0
2016-07-11 00:00:00-04:00,1.2659637007559814,1.2860894749936664,1.264491068856462,1.2767629623413086,448776000,0.0,0.0
2016-07-12 00:00:00-04:00,1.2909981679732256,1.3076878380800687,1.2747992190615494,1.295906901359558,436760000,0.0,0.0
2016-07-13 00:00:00-04:00,1.2983612610605553,1.3057244199489735,1.2934525274794233,1.295415997505188,324604000,0.0,0.0
2016-07-14 00:00:00-04:00,1.3022885560356894,1.3204508619002582,1.2914892933711124,1.3086698055267334,316892000,0.0,0.0
2016-07-15 00:00:00-04:00,1.2919799886226893,1.2993431480406759,1.2723450528859899,1.2934526205062866,428616000,0.0,0.0
2016-07-18 00:00:00-04:00,1.309405854794877,1.3113693246915614,1.2951704932354082,1.3000792264938354,252992000,0.0,0.0
2016-07-19 00:00:00-04:00,1.2993427694433974,1.3187322803887676,1.2968883446747461,1.3135781288146973,382652000,0.0,0.0
2016-07-20 00:00:00-04:00,1.3179958443067685,1.3378763094931614,1.3125962739158543,1.3307585716247559,296460000,0.0,0.0
2016-07-21 00:00:00-04:00,1.3278140546103974,1.3319865320514133,1.3017977472452302,1.3062156438827515,361308000,0.0,0.0
2016-07-22 00:00:00-04:00,1.3108789845752362,1.341804027557373,1.3013069335291607,1.341804027557373,315768000,0.0,0.0
2016-07-25 00:00:00-04:00,1.3499029754536762,1.3697833282141074,1.344012448546836,1.3665926456451416,312528000,0.0,0.0
2016-07-26 00:00:00-04:00,1.37861928670875,1.3970270099874498,1.3766558165114866,1.3899093866348267,514508000,0.0,0.0
2016-07-27 00:00:00-04:00,1.401935885032571,1.404390310801154,1.3675747435066445,1.3759195804595947,446676000,0.0,0.0
2016-07-28 00:00:00-04:00,1.3791099458622555,1.3891728317203953,1.3746920507171814,1.3788645267486572,221916000,0.0,0.0
2016-07-29 00:00:00-04:00,1.3840187474552734,1.4051263136998104,1.3592296602584235,1.4014447927474976,409588000,0.0,0.0
2016-08-01 00:00:00-04:00,1.4073352849084064,1.4124894375201889,1.3832824556866505,1.3923635482788086,301120000,0.0,0.0
2016-08-02 00:00:00-04:00,1.398989826778849,1.3997262009048017,1.362174397416297,1.3754279613494873,282748000,0.0,0.0
2016-08-03 00:00:00-04:00,1.3737105256904558,1.3818099424991939,1.3661019471630207,1.3791100978851318,299828000,0.0,0.0
2016-08-04 00:00:00-04:00,1.3857369881330581,1.4110170340766195,1.3830372603472638,1.4046356678009033,272712000,0.0,0.0
2016-08-05 00:00:00-04:00,1.4208341394378217,1.4291789738882095,1.4139619366002585,1.4284427165985107,371588000,0.0,0.0
2016-08-08 00:00:00-04:00,1.4480780100661288,1.4515141123423263,1.4264794857108063,1.4416966438293457,305064000,0.0,0.0
2016-08-09 00:00:00-04:00,1.4488141671473538,1.4593680094359052,1.4416965439303517,1.445378065109253,372344000,0.0,0.0
2016-08-10 00:00:00-04:00,1.4581406077825074,1.4603494967969761,1.4313879353327152,1.4360512495040894,375740000,0.0,0.0
2016-08-11 00:00:00-04:00,1.4436597200641088,1.4713940668945888,1.440714456907462,1.4652581214904785,681064000,0.0,0.0
2016-08-12 00:00:00-04:00,1.5192547608203344,1.5555793719999926,1.4880843032093958,1.5472345352172852,1425744000,0.0,0.0
2016-08-15 00:00:00-04:00,1.5489525067039827,1.558524555853406,1.5248996742541585,1.5457618236541748,573304000,0.0,0.0
2016-08-16 00:00:00-04:00,1.5435526302042142,1.5460069382795347,1.5317716939691286,1.5364350080490112,287652000,0.0,0.0
2016-08-17 00:00:00-04:00,1.5364347219970025,1.5398708228827795,1.4888199136463018,1.500846266746521,595212000,0.0,0.0
2016-08-18 00:00:00-04:00,1.4986380190398305,1.5266177932412648,1.4927474909833354,1.5241634845733643,331684000,0.0,0.0
2016-08-19 00:00:00-04:00,1.5234265673985747,1.539625396750386,1.5167997842122354,1.5280898809432983,291560000,0.0,0.0
2016-08-22 00:00:00-04:00,1.5327536991281614,1.5366807567377454,1.5145913941550206,1.5344717502593994,244748000,0.0,0.0
2016-08-23 00:00:00-04:00,1.5500853904813663,1.5569702576128583,1.5424627920148717,1.546888828277588,339764000,0.002875,0.0
2016-08-24 00:00:00-04:00,1.5522987157435348,1.5530363299475218,1.5159070516171222,1.5230377912521362,298448000,0.0,0.0
2016-08-25 00:00:00-04:00,1.5235294319038766,1.5242670460016414,1.4940227575094571,1.512956142425537,406032000,0.0,0.0
2016-08-26 00:00:00-04:00,1.5168902233607415,1.5338565177216859,1.50484159012698,1.5252504348754883,300024000,0.0,0.0
2016-08-29 00:00:00-04:00,1.5313980532172982,1.537545189720206,1.521808365503933,1.5242671966552734,274652000,0.0,0.0
2016-08-30 00:00:00-04:00,1.522300298853541,1.5304146419922509,1.51123526416455,1.5154154300689697,285544000,0.0,0.0
2016-08-31 00:00:00-04:00,1.5183662377721174,1.5225462867471773,1.5038587675810398,1.5082846879959106,388544000,0.0,0.0
2016-09-01 00:00:00-04:00,1.5095131772224306,1.5584450792822808,1.508283703576686,1.5527896881103516,428492000,0.0,0.0
2016-09-02 00:00:00-04:00,1.5559870862310063,1.557708303361296,1.5200872806573953,1.5375453233718872,323148000,0.0,0.0
2016-09-06 00:00:00-04:00,1.5429550266442267,1.5520528554916382,1.5350865549051627,1.5520528554916382,306812000,0.0,0.0
2016-09-07 00:00:00-04:00,1.5471348382489951,1.5547574373984063,1.520332981407723,1.5291849374771118,397988000,0.0,0.0
2016-09-08 00:00:00-04:00,1.5277095653744985,1.5427088920286576,1.5102515249231137,1.5402499437332153,315808000,0.0,0.0
2016-09-09 00:00:00-04:00,1.523283650696419,1.53188973525855,1.4507463172467168,1.463532567024231,697760000,0.0,0.0
2016-09-12 00:00:00-04:00,1.4441074943739665,1.4967277280850693,1.40943704608381,1.4937770366668701,598260000,0.0,0.0
2016-09-13 00:00:00-04:00,1.4900886643409152,1.5073009520107883,1.4637785486626762,1.47213876247406,471768000,0.0,0.0
2016-09-14 00:00:00-04:00,1.47558103500222,1.4900885011965546,1.4632866456547649,1.4851707220077515,319048000,0.0,0.0
2016-09-15 00:00:00-04:00,1.487630225382339,1.5432011626787523,1.484187673141287,1.5414799451828003,515212000,0.0,0.0
2016-09-16 00:00:00-04:00,1.5468887820772304,1.5552489943799364,1.5274635380727588,1.5451675653457642,902444000,0.0,0.0
2016-09-19 00:00:00-04:00,1.5613965070824707,1.6046730384238237,1.5542657676153167,1.5655766725540161,417128000,0.0,0.0
2016-09-20 00:00:00-04:00,1.5835262017942324,1.5835262017942324,1.5427086285049896,1.5513147115707397,331112000,0.0,0.0
2016-09-21 00:00:00-04:00,1.5559865850149726,1.597787759998323,1.5557407136825776,1.5948370695114136,336212000,0.0,0.0
2016-09-22 00:00:00-04:00,1.6041813311404325,1.6090991109074535,1.5896738632403529,1.5987716913223267,308732000,0.0,0.0
2016-09-23 00:00:00-04:00,1.60073873156205,1.6054105221960524,1.58991957029332,1.5970503091812134,276132000,0.0,0.0
2016-09-26 00:00:00-04:00,1.578854357516878,1.5884440435645715,1.56213393339484,1.5820509195327759,230040000,0.0,0.0
2016-09-27 00:00:00-04:00,1.5759037248355259,1.6386054934739847,1.5751661107658357,1.6361465454101562,402752000,0.0,0.0
2016-09-28 00:00:00-04:00,1.638605924521596,1.643277833272573,1.6211477638730247,1.6420483589172363,319788000,0.0,0.0
2016-09-29 00:00:00-04:00,1.6393435354568284,1.662457207743542,1.6240984521286421,1.657293438911438,336684000,0.0,0.0
2016-09-30 00:00:00-04:00,1.6663912873097828,1.7013076064896555,1.656555727561758,1.68483304977417,429932000,0.0,0.0
2016-10-03 00:00:00-04:00,1.6848328825955357,1.7091759081438127,1.6801609745914288,1.683111548423767,242596000,0.0,0.0
2016-10-04 00:00:00-04:00,1.6855705860850212,1.713847789741322,1.6668829530780558,1.6794233322143555,281624000,0.0,0.0
2016-10-05 00:00:00-04:00,1.6936848820091743,1.710897168926123,1.6725384183821808,1.6777020692825317,305440000,0.0,0.0
2016-10-06 00:00:00-04:00,1.6575393218284673,1.6678666243355267,1.6292619997629019,1.6558181047439575,360212000,0.0,0.0
2016-10-07 00:00:00-04:00,1.666883056691127,1.6713090938230215,1.6390975940976245,1.6437695026397705,286260000,0.0,0.0
2016-10-10 00:00:00-04:00,1.652375360668448,1.661227433713073,1.6344254604519162,1.6499165296554565,287876000,0.0,0.0
2016-10-11 00:00:00-04:00,1.6445071350682705,1.6469659662718086,1.613524994260236,1.6260653734207153,388540000,0.0,0.0
2016-10-12 00:00:00-04:00,1.6194263199672863,1.6420481290424291,1.6059024556992094,1.6334420442581177,419920000,0.0,0.0
2016-10-13 00:00:00-04:00,1.6142627574976405,1.6179510630001672,1.566314316968322,1.6068860292434692,390116000,0.0,0.0
2016-10-14 00:00:00-04:00,1.626556904661406,1.6376219367609965,1.6130330416780732,1.6226227283477783,330636000,0.0,0.0
2016-10-17 00:00:00-04:00,1.6223771691353308,1.6376222518452201,1.6110662634960184,1.6132792234420776,195328000,0.0,0.0
2016-10-18 00:00:00-04:00,1.6356549678696313,1.6472117435388243,1.6290159715756078,1.6378679275512695,269372000,0.0,0.0
2016-10-19 00:00:00-04:00,1.6268031576038768,1.642048239857645,1.6184428263930704,1.6344256401062012,199060000,0.0,0.0
2016-10-20 00:00:00-04:00,1.6536050095655008,1.6708172974719975,1.6302455848522943,1.665407657623291,312084000,0.0,0.0
2016-10-21 00:00:00-04:00,1.6595063713202896,1.6636864196062466,1.644998903520843,1.660735845565796,279508000,0.0,0.0
2016-10-24 00:00:00-04:00,1.6720467889440338,1.7406498353755668,1.6718008002900087,1.738682746887207,339836000,0.0,0.0
2016-10-25 00:00:00-04:00,1.7357318324540394,1.7777788857660306,1.7273716195161235,1.7672055959701538,397460000,0.0,0.0
2016-10-26 00:00:00-04:00,1.7524524989545494,1.7937619438187158,1.7507312818559693,1.7743366956710815,333792000,0.0,0.0
2016-10-27 00:00:00-04:00,1.7878608568371621,1.7913032916038405,1.7308145772409467,1.737945318222046,388664000,0.0,0.0
2016-10-28 00:00:00-04:00,1.7463051966569478,1.7728611820911393,1.7317977297718334,1.7349942922592163,290856000,0.0,0.0
2016-10-31 00:00:00-04:00,1.740649689221726,1.7613044097380297,1.7396660864355744,1.749747633934021,252388000,0.0,0.0
2016-11-01 00:00:00-04:00,1.7561408712834512,1.7657305593778387,1.6791774951283596,1.6978651285171509,473224000,0.0,0.0
2016-11-02 00:00:00-04:00,1.7108967636960328,1.7340103102035485,1.6877830999394325,1.690733790397644,295848000,0.0,0.0
2016-11-03 00:00:00-04:00,1.698602775300522,1.7000781209778915,1.6386058143342714,1.6710631847381592,309664000,0.0,0.0
2016-11-04 00:00:00-04:00,1.659998047854356,1.6899965851019834,1.6371303671467188,1.6614733934402466,328780000,0.0,0.0
2016-11-07 00:00:00-05:00,1.7101593297074198,1.763517286812363,1.708929855594617,1.7524522542953491,487580000,0.0,0.0
2016-11-08 00:00:00-05:00,1.759091332781466,1.7647468436158953,1.7335189500817345,1.749747633934021,429884000,0.0,0.0
2016-11-09 00:00:00-05:00,1.7022908127094383,1.7433543793041373,1.6897505523009313,1.7202407121658325,456532000,0.0,0.0
2016-11-10 00:00:00-05:00,1.7578623494752579,1.7581082209117755,1.6415567180646342,1.6663914918899536,869280000,0.0,0.0
2016-11-11 00:00:00-05:00,1.9550651653277504,2.1827584860927702,1.9302302790883694,2.1630873680114746,2175344000,0.0,0.0
2016-11-14 00:00:00-05:00,2.166038376485371,2.1684973252303106,2.05612599396707,2.0566177368164062,1348796000,0.0,0.0
2016-11-15 00:00:00-05:00,2.07260011945999,2.1503011057965113,2.06374804602339,2.119319200515747,626092000,0.0,0.0
2016-11-16 00:00:00-05:00,2.147596537710146,2.275950555332797,2.1232535101094805,2.2530829906463623,987984000,0.0,0.0
2016-11-17 00:00:00-05:00,2.2698032717026035,2.330783831085794,2.228985573023228,2.271770477294922,832988000,0.0,0.0
2016-11-18 00:00:00-05:00,2.2717701156553547,2.3194724400686275,2.2572626509038196,2.295621395111084,576060000,0.0,0.0
2016-11-21 00:00:00-05:00,2.3135719686216496,2.3199650945225194,2.2720165330168665,2.286278247833252,436436000,0.0,0.0
2016-11-22 00:00:00-05:00,2.2941459345550115,2.304964977354501,2.271524129066489,2.3027520179748535,330368000,0.0,0.0
2016-11-23 00:00:00-05:00,2.307923664099433,2.3456010060383714,2.2845293865244765,2.314080238342285,443236000,0.0035,0.0
2016-11-25 00:00:00-05:00,2.3251616603547856,2.3419071182935056,2.300289478063493,2.318758964538574,195564000,0.0,0.0
2016-11-28 00:00:00-05:00,2.311617553802891,2.333041914991285,2.3049685007482155,2.3175277709960938,278736000,0.0,0.0
2016-11-29 00:00:00-05:00,2.3148190183280453,2.325654495893426,2.2786193453485533,2.2963497638702393,444568000,0.0,0.0
2016-11-30 00:00:00-05:00,2.3049686702090457,2.318759256290163,2.2680301623097487,2.2704927921295166,440500000,0.0,0.0
2016-12-01 00:00:00-05:00,2.2680303587952606,2.269754152848574,2.0875237576861414,2.1581995487213135,1035524000,0.0,0.0
2016-12-02 00:00:00-05:00,2.1239694461680787,2.1867650927584408,2.0961423888734254,2.1781461238861084,478292000,0.0,0.0
2016-12-05 00:00:00-05:00,2.2160689736980466,2.2805883962091853,2.191689510698564,2.2626116275787354,602284000,0.0,0.0
2016-12-06 00:00:00-05:00,2.270738686721305,2.3081699047141733,2.2549781862426905,2.2997970581054688,498796000,0.0,0.0
2016-12-07 00:00:00-05:00,2.286253590490648,2.3468327419027175,2.2680304562516334,2.3411688804626465,480804000,0.0,0.0
2016-12-08 00:00:00-05:00,2.3441240042338714,2.3793387230120433,2.291424987119524,2.302013874053955,381544000,0.0,0.0
2016-12-09 00:00:00-05:00,2.3197450656693213,2.321468860205963,2.2338012261505473,2.2611358165740967,382312000,0.0,0.0
2016-12-12 00:00:00-05:00,2.2126221312605705,2.2150847610421063,2.155736698463188,2.206219434738159,601332000,0.0,0.0
2016-12-13 00:00:00-05:00,2.2185324099588852,2.272709092399748,2.2175474519588376,2.2451281547546387,387796000,0.0,0.0
2016-12-14 00:00:00-05:00,2.2788657663619274,2.3914055715213975,2.2549787699880124,2.375152587890625,983980000,0.0,0.0
2016-12-15 00:00:00-05:00,2.3862336428527167,2.461096088452176,2.3788459880340955,2.4308063983917236,746548000,0.0,0.0
2016-12-16 00:00:00-05:00,2.4583870133121786,2.4798113759109888,2.4066729617411275,2.472670078277588,1089528000,0.0,0.0
2016-12-19 00:00:00-05:00,2.4551855794798056,2.5229062494592043,2.4379474071483362,2.502713203430176,744656000,0.0,0.0
2016-12-20 00:00:00-05:00,2.5753598595938527,2.6135296897289324,2.564031901158339,2.5898890495300293,848056000,0.0,0.0
2016-12-21 00:00:00-05:00,2.6014629024423797,2.6090969147712464,2.553935269234529,2.6061418056488037,576136000,0.0,0.0
2016-12-22 00:00:00-05:00,2.6305208785420247,2.6810036131722526,2.6233793463479653,2.637662410736084,718612000,0.0,0.0
2016-12-23 00:00:00-05:00,2.6196854762151247,2.704890681446031,2.6169767243763196,2.7034130096435547,647692000,0.0,0.0
2016-12-27 00:00:00-05:00,2.7595594289259218,2.890075734265131,2.7388736707264187,2.8890907764434814,1194272000,0.0,0.0
2016-12-28 00:00:00-05:00,2.945238332383251,2.953364824205012,2.6765716231925087,2.690361976623535,2295764000,0.0,0.0
2016-12-29 00:00:00-05:00,2.5832397049668114,2.7455234063549687,2.531525648873178,2.7440457344055176,2175368000,0.0,0.0
2016-12-30 00:00:00-05:00,2.7420752607417582,2.7561119671609218,2.61771528840081,2.6285505294799805,1212932000,0.0,0.0
2017-01-03 00:00:00-05:00,2.5709259919099803,2.6194388018072243,2.447304868621213,2.512070655822754,1501996000,0.0,0.0
2017-01-04 00:00:00-05:00,2.546300909074693,2.5980149593791824,2.500250719293968,2.5706803798675537,1199220000,0.0,0.0
2017-01-05 00:00:00-05:00,2.574127982448267,2.605895107797077,2.4884302988070903,2.5054221153259277,984296000,0.0,0.0
2017-01-06 00:00:00-05:00,2.5327564377892107,2.5672325463068617,2.492123990359143,2.5389130115509033,822856000,0.0,0.0
2017-01-09 00:00:00-05:00,2.5487643842759837,2.6595801760163793,2.5487643842759837,2.6418495178222656,916248000,0.0,0.0
2017-01-10 00:00:00-05:00,2.654900670913393,2.6888840724853043,2.6012164641911886,2.6219022274017334,880920000,0.0,0.0
2017-01-11 00:00:00-05:00,2.6103280487227205,2.6152530736855737,2.564770334857432,2.589642286300659,525664000,0.0,0.0
2017-01-12 00:00:00-05:00,2.566740721303315,2.57831480110489,2.5024673900122973,2.54728627204895,625616000,0.0,0.0
2017-01-13 00:00:00-05:00,2.551225935981624,2.585702047831795,2.5379280641599586,2.547039747238159,457820000,0.0,0.0
2017-01-17 00:00:00-05:00,2.536450649168357,2.541375673847106,2.4766101080284963,2.48990797996521,580612000,0.0,0.0
2017-01-18 00:00:00-05:00,2.4684839439225295,2.5421148457131393,2.440656881489454,2.535219669342041,654424000,0.0,0.0
2017-01-19 00:00:00-05:00,2.53817458944981,2.621655770531802,2.5359583164740607,2.589642286300659,644872000,0.0,0.0
2017-01-20 00:00:00-05:00,2.612298148907688,2.6300288036621366,2.5394060834042795,2.5613229274749756,492024000,0.0,0.0
2017-01-23 00:00:00-05:00,2.5561509213497877,2.6078649661546693,2.5536882918711568,2.5879180431365967,369904000,0.0,0.0
2017-01-24 00:00:00-05:00,2.5980149984562435,2.649236570552918,2.5832394546401636,2.643079996109009,428052000,0.0,0.0
2017-01-25 00:00:00-05:00,2.6854360268946795,2.691592600845635,2.6184541932231205,2.6544077396392822,522760000,0.0,0.0
2017-01-26 00:00:00-05:00,2.657116682028508,2.707599417804198,2.627565829490248,2.700211763381958,458800000,0.0,0.0
2017-01-27 00:00:00-05:00,2.707106925672737,2.7553733883722282,2.680511182002423,2.752418279647827,471996000,0.0,0.0
2017-01-30 00:00:00-05:00,2.73148660592703,2.7337028789279216,2.657363229767831,2.7093234062194824,496004000,0.0,0.0
2017-01-31 00:00:00-05:00,2.6829726832143925,2.710060894469832,2.6645032027433384,2.688636541366577,362756000,0.0,0.0
2017-02-01 00:00:00-05:00,2.723114044513781,2.810289180613092,2.705383623792411,2.806102991104126,590004000,0.0,0.0
2017-02-02 00:00:00-05:00,2.790096469353148,2.8501833851917184,2.7595606497298553,2.841564178466797,483240000,0.0,0.0
2017-02-03 00:00:00-05:00,2.8430417424780265,2.854123344424577,2.804871910689554,2.8166921138763428,372744000,0.0,0.0
2017-02-06 00:00:00-05:00,2.807333007973216,2.889336730514887,2.807333007973216,2.8888442516326904,506768000,0.0,0.0
2017-02-07 00:00:00-05:00,2.9230751996135895,2.9777443704131943,2.9033746271442804,2.933664321899414,746224000,0.0,0.0
2017-02-08 00:00:00-05:00,2.9156867634843726,2.9380960823459947,2.8659426316877186,2.920858144760132,449580000,0.0,0.0
2017-02-09 00:00:00-05:00,2.927014814160365,2.9319400739401464,2.8467350994540177,2.86594295501709,842568000,0.0,0.0
2017-02-10 00:00:00-05:00,2.9533642917420075,2.972326024291052,2.7728577100279783,2.797976016998291,1651092000,0.0,0.0
2017-02-13 00:00:00-05:00,2.792312002129143,2.8068411893935346,2.6645044255872357,2.6689372062683105,1180724000,0.0,0.0
2017-02-14 00:00:00-05:00,2.659332313010997,2.7125240226208978,2.617468556640418,2.6787867546081543,850632000,0.0,0.0
2017-02-15 00:00:00-05:00,2.681742421991077,2.7039053845312697,2.6536690073178244,2.6842048168182373,373020000,0.0,0.0
2017-02-16 00:00:00-05:00,2.6938094360660334,2.695040751113355,2.6019554002099445,2.641110420227051,647176000,0.0,0.0
2017-02-17 00:00:00-05:00,2.6275656182518285,2.645049912363308,2.5805304739777766,2.6406171321868896,563740000,0.0,0.0
2017-02-21 00:00:00-05:00,2.6652431952898037,2.7391204446960287,2.6649968383722453,2.735180377960205,551952000,0.0,0.0
2017-02-22 00:00:00-05:00,2.747261754539042,2.756631368455134,2.7120023684557135,2.7309882640838623,433772000,0.0035,0.0
2017-02-23 00:00:00-05:00,2.6012941636015734,2.6232386680041397,2.4577915474591583,2.4777634143829346,1592888000,0.0,0.0
2017-02-24 00:00:00-05:00,2.393436926616721,2.514995029507312,2.3596570700919877,2.501680374145508,1029904000,0.0,0.0
2017-02-27 00:00:00-05:00,2.5199265760139045,2.5894586932048127,2.5041461823265454,2.574418067932129,715400000,0.0,0.0
2017-02-28 00:00:00-05:00,2.5840334991697627,2.593896448619669,2.4849132556839106,2.5021729469299316,625360000,0.0,0.0
2017-03-01 00:00:00-05:00,2.559130568115802,2.573431658964486,2.49305039533611,2.5344738960266113,504804000,0.0,0.0
2017-03-02 00:00:00-05:00,2.521652231364291,2.535706653763431,2.4383121331146795,2.4410243034362793,754332000,0.0,0.0
2017-03-03 00:00:00-05:00,2.4304219435214156,2.435353183439006,2.372478287256435,2.4269700050354004,864692000,0.0,0.0
2017-03-06 00:00:00-05:00,2.3907244212734886,2.4188332648489874,2.346588753996947,2.408230781555176,883568000,0.0,0.0
2017-03-07 00:00:00-05:00,2.408231298256555,2.454092944619974,2.3954097424865046,2.4346139430999756,603400000,0.0,0.0
2017-03-08 00:00:00-05:00,2.482941062021616,2.49773525369189,2.427956472867305,2.430175542831421,638712000,0.0,0.0
2017-03-09 00:00:00-05:00,2.414148294201255,2.4521196150647397,2.401573174699537,2.4296820163726807,478060000,0.0,0.0
2017-03-10 00:00:00-05:00,2.4560648584914526,2.467899974460651,2.425736947618883,2.4439828395843506,499740000,0.0,0.0
2017-03-13 00:00:00-04:00,2.454339751784692,2.5211597052129413,2.453599983293661,2.5112969875335693,774136000,0.0,0.0
2017-03-14 00:00:00-04:00,2.524118362185828,2.533487743432355,2.4772702802245923,2.509570837020874,522016000,0.0,0.0
2017-03-15 00:00:00-04:00,2.521158892966157,2.5394047854645234,2.4735710544702743,2.5285558700561523,615036000,0.0,0.0
2017-03-16 00:00:00-04:00,2.5391587529260926,2.5601170539383644,2.52510432963847,2.5596237182617188,523100000,0.0,0.0
2017-03-17 00:00:00-04:00,2.5771308130027992,2.6165819235872267,2.559624445876384,2.615349054336548,1119688000,0.0,0.0
2017-03-20 00:00:00-04:00,2.6328545276554887,2.7026333045640483,2.6168274679833314,2.69868803024292,748568000,0.0,0.0
2017-03-21 00:00:00-04:00,2.681428680560783,2.7112634987437345,2.603513147490268,2.611403226852417,913484000,0.0,0.0
2017-03-22 00:00:00-04:00,2.6003067467164827,2.6693459755451063,2.596361708392296,2.664661169052124,616764000,0.0,0.0
2017-03-23 00:00:00-04:00,2.656771415154315,2.676743513886307,2.6308818752662555,2.640497922897339,533940000,0.0,0.0
2017-03-24 00:00:00-04:00,2.6868538608908743,2.6947439420261197,2.6239789391375847,2.6498684883117676,439500000,0.0,0.0
2017-03-27 00:00:00-04:00,2.603266536955835,2.6730453243443573,2.5539529519922666,2.669100284576416,506644000,0.0,0.0
2017-03-28 00:00:00-04:00,2.6703328968998825,2.6848804207016395,2.644936455992742,2.655292272567749,432444000,0.0,0.0
2017-03-29 00:00:00-04:00,2.662689779088332,2.6750182353764913,2.6444438801159427,2.646662950515747,349992000,0.0,0.0
2017-03-30 00:00:00-04:00,2.6538133023050525,2.712250077823837,2.6481422922766575,2.697455883026123,525532000,0.0,0.0
2017-03-31 00:00:00-04:00,2.68783875437425,2.7095368196567944,2.6727981328660695,2.685866117477417,440808000,0.0,0.0
2017-04-03 00:00:00-04:00,2.6863597678145896,2.7036194608879462,2.6486346405824666,2.6723053455352783,445232000,0.0,0.0
2017-04-04 00:00:00-04:00,2.5495147018089255,2.574664711357841,2.4740649083078914,2.4849138259887695,1271280000,0.0,0.0
2017-04-05 00:00:00-04:00,2.4661737442974605,2.524117389922568,2.4533521936621336,2.4664204120635986,747048000,0.0,0.0
2017-04-06 00:00:00-04:00,2.471598983863446,2.49650232368194,2.42647687673287,2.4844205379486084,635120000,0.0,0.0
2017-04-07 00:00:00-04:00,2.490831805138948,2.508338170321131,2.4587779136184533,2.47381854057312,429068000,0.0,0.0
2017-04-10 00:00:00-04:00,2.4745578481846477,2.4812150579841505,2.4065050377418977,2.4106967449188232,756332000,0.0,0.0
2017-04-11 00:00:00-04:00,2.38061591789385,2.4385595956970954,2.3756846761432664,2.4193272590637207,618148000,0.0,0.0
2017-04-12 00:00:00-04:00,2.4193267976618027,2.4336276546714446,2.3941767876076034,2.3993546962738037,414092000,0.0,0.0
2017-04-13 00:00:00-04:00,2.375190942720995,2.396888776876378,2.3544790744781494,2.3544790744781494,506892000,0.0,0.0
2017-04-17 00:00:00-04:00,2.3673011984966346,2.446942714184118,2.3621232889763113,2.4466962814331055,497292000,0.0,0.0
2017-04-18 00:00:00-04:00,2.4323945610632527,2.4543392978362455,2.406505020123017,2.4481749534606934,370116000,0.0,0.0
2017-04-19 00:00:00-04:00,2.4656814073507545,2.4898449797975166,2.4511338832850535,2.457791328430176,380828000,0.0,0.0
2017-04-20 00:00:00-04:00,2.4723386856137792,2.501433731781274,2.4511337178342854,2.496748924255371,404016000,0.0,0.0
2017-04-21 00:00:00-04:00,2.4863930052822307,2.5098170441575296,2.47455788707079,2.5071048736572266,341896000,0.0,0.0
2017-04-24 00:00:00-04:00,2.538665202508204,2.551486755811058,2.5177071384144374,2.538418769836426,371820000,0.0,0.0
2017-04-25 00:00:00-04:00,2.552967138565064,2.5971028214464322,2.5315157317266523,2.5825552940368652,388440000,0.0,0.0
2017-04-26 00:00:00-04:00,2.5961158085017377,2.5985813109942653,2.562829055822941,2.5648016929626465,327004000,0.0,0.0
2017-04-27 00:00:00-04:00,2.5721988778887312,2.61312904430928,2.5541994149423997,2.604745864868164,319700000,0.0,0.0
2017-04-28 00:00:00-04:00,2.5978415465991236,2.6047454232550895,2.566034098246857,2.5717053413391113,348248000,0.0,0.0
2017-05-01 00:00:00-04:00,2.582554792535078,2.6345807811935456,2.5754042465955735,2.6294026374816895,307732000,0.0,0.0
2017-05-02 00:00:00-04:00,2.6025262674224985,2.6037591360910315,2.528802225976416,2.5514864921569824,629972000,0.0,0.0
2017-05-03 00:00:00-04:00,2.544582706198225,2.5800885256191006,2.5297887519411635,2.570472478866577,336904000,0.0,0.0
2017-05-04 00:00:00-04:00,2.5766376004505864,2.587733188079145,2.5527204553466154,2.560610771179199,209788000,0.0,0.0
2017-05-05 00:00:00-04:00,2.5490219372175775,2.568007604447883,2.533487974337949,2.560857057571411,228428000,0.0,0.0
2017-05-08 00:00:00-04:00,2.572692184347799,2.5741714860808584,2.5226388309539325,2.5339810848236084,365240000,0.0,0.0
2017-05-09 00:00:00-04:00,2.539651066049713,2.587238662144371,2.5312676541857635,2.5381715297698975,847672000,0.0,0.0
2017-05-10 00:00:00-04:00,2.818026803994649,3.003692648146999,2.8113695950630464,2.99062442779541,2129096000,0.0,0.0
2017-05-11 00:00:00-04:00,2.9600511000230614,3.215988903330162,2.9565991604697004,3.1190874576568604,1939792000,0.0,0.0
2017-05-12 00:00:00-04:00,3.122292203160472,3.1955229195883312,3.101333903062861,3.1533596515655518,962620000,0.0,0.0
2017-05-15 00:00:00-04:00,3.1945360651081427,3.3141214969998423,3.190097691139821,3.3116557598114014,1087540000,0.0,0.0
2017-05-16 00:00:00-04:00,3.3626966358411203,3.3888330842127967,3.2882332712940188,3.3732991218566895,1120700000,0.0,0.0
2017-05-17 00:00:00-04:00,3.306478606105791,3.325217836774207,3.1449765457987438,3.1491682529449463,1271368000,0.0,0.0
2017-05-18 00:00:00-04:00,3.193057012142317,3.289958429036576,3.132647852753852,3.2810819149017334,1156032000,0.0,0.0
2017-05-19 00:00:00-04:00,3.3822809598222463,3.4116533364900277,3.337605193573396,3.3568577766418457,1018372000,0.0035,0.0
2017-05-22 00:00:00-04:00,3.400547139244241,3.4427545816658585,3.3896865602427098,3.428438663482666,836608000,0.0,0.0
2017-05-23 00:00:00-04:00,3.4481841307939436,3.4504055374875837,3.3496998057649607,3.3822810649871826,681248000,0.0,0.0
2017-05-24 00:00:00-04:00,3.479284298695536,3.481999560562253,3.408197872069629,3.420292615890503,815996000,0.0,0.0
2017-05-25 00:00:00-04:00,3.455589755057592,3.4563303026035297,3.367719057325299,3.412641763687134,608228000,0.0,0.0
2017-05-26 00:00:00-04:00,3.404496258857719,3.5859146262382837,3.3842564317356194,3.5010058879852295,779140000,0.0,0.0
2017-05-30 00:00:00-04:00,3.546915935616526,3.6108443011170004,3.5308722300280797,3.5757949352264404,989652000,0.0,0.0
2017-05-31 00:00:00-04:00,3.6207179229715014,3.628369620793596,3.5061898541022476,3.562960386276245,887316000,0.0,0.0
2017-06-01 00:00:00-04:00,3.578755800987061,3.57974327591834,3.517789404741189,3.5632057189941406,503340000,0.0,0.0
2017-06-02 00:00:00-04:00,3.560244728852984,3.5864084668389804,3.5395112805825852,3.5454351902008057,487456000,0.0,0.0
2017-06-05 00:00:00-04:00,3.5291436985722116,3.666132957075266,3.5175428098037482,3.6532979011535645,817376000,0.0,0.0
2017-06-06 00:00:00-04:00,3.6486085322599893,3.6947653998468466,3.6234322730247395,3.636760950088501,758728000,0.0,0.0
2017-06-07 00:00:00-04:00,3.6611969705518947,3.6994552153968474,3.645646886231819,3.6806962490081787,612612000,0.0,0.0
2017-06-08 00:00:00-04:00,3.7878193292535673,3.949244779283194,3.746599132065319,3.9477639198303223,1161744000,0.0,0.0
2017-06-09 00:00:00-04:00,4.066242026790177,4.159049158150871,3.5234672879499245,3.692544460296631,3692928000,0.0,0.0
2017-06-12 00:00:00-04:00,3.600724402102928,3.744378142342247,3.507670347403907,3.701676845550537,1697532000,0.0,0.0
2017-06-13 00:00:00-04:00,3.8110219297675916,3.8201547222385503,3.5950475593548266,3.736973762512207,1672504000,0.0,0.0
2017-06-14 00:00:00-04:00,3.7399356586448547,3.8026298604821727,3.66539363724414,3.7448720932006836,1184640000,0.0,0.0
2017-06-15 00:00:00-04:00,3.6273820399125714,3.791275620010038,3.6160278403876838,3.760915994644165,963824000,0.0,0.0
2017-06-16 00:00:00-04:00,3.770541238478254,3.818425888891391,3.7083406726167145,3.7424027919769287,924960000,0.0,0.0
2017-06-19 00:00:00-04:00,3.786585404414543,3.8882786259416813,3.7828831378486933,3.8830952644348145,778176000,0.0,0.0
2017-06-20 00:00:00-04:00,3.925302938787358,3.992193257922394,3.8732223929817398,3.877418279647827,1095444000,0.0,0.0
2017-06-21 00:00:00-04:00,3.9050630168780067,3.9398656891180552,3.843109133423435,3.9361631870269775,682652000,0.0,0.0
2017-06-22 00:00:00-04:00,3.944308851296898,3.95763776584337,3.8850702249735,3.90901255607605,469132000,0.0,0.0
2017-06-23 00:00:00-04:00,3.916663403345855,3.9324604140165222,3.781895310538597,3.79695200920105,1088588000,0.0,0.0
2017-06-26 00:00:00-04:00,3.829779894841677,3.865323109375783,3.6611966122469384,3.7554848194122314,1063960000,0.0,0.0
2017-06-27 00:00:00-04:00,3.7379614969191777,3.7466004352157403,3.6123261469918533,3.6180031299591064,999492000,0.0,0.0
2017-06-28 00:00:00-04:00,3.6856332124170392,3.7503021248603043,3.5975155901162217,3.745612382888794,994948000,0.0,0.0
2017-06-29 00:00:00-04:00,3.7172273231723243,3.7201890425330935,3.5562954682354375,3.6204707622528076,1064424000,0.0,0.0
2017-06-30 00:00:00-04:00,3.637748717576798,3.651324324223483,3.541979629676538,3.568143367767334,731060000,0.0,0.0
2017-07-03 00:00:00-04:00,3.580237749869711,3.5950472880457967,3.4205400645331614,3.439052104949951,709072000,0.0,0.0
2017-07-05 00:00:00-04:00,3.502486254817804,3.559750389021595,3.483480597747002,3.530871629714966,820188000,0.0,0.0
2017-07-06 00:00:00-04:00,3.5017473841883953,3.588383933162669,3.4496665895665832,3.5414865016937256,746284000,0.0,0.0
2017-07-07 00:00:00-04:00,3.598256321703289,3.6407106938630642,3.5753012305537397,3.6224453449249268,654972000,0.0,0.0
2017-07-10 00:00:00-04:00,3.6960005119220853,3.8011490958120215,3.6698367709393915,3.7937443256378174,958492000,0.0,0.0
2017-07-11 00:00:00-04:00,3.7974462329046967,3.855203996150054,3.755485482842175,3.8475522994995117,757956000,0.0,0.0
2017-07-12 00:00:00-04:00,3.9072832026148783,4.023292073819004,3.8643352275140623,4.011197566986084,1145208000,0.0,0.0
2017-07-13 00:00:00-04:00,4.023292942130979,4.10474609710608,3.9183913156947616,3.964794874191284,1369132000,0.0,0.0
2017-07-14 00:00:00-04:00,3.9810871020736376,4.072907016259259,3.9741759510482066,4.0714263916015625,941948000,0.0,0.0
2017-07-17 00:00:00-04:00,4.105487481439115,4.134366482976695,3.992440281067268,4.054147243499756,930792000,0.0,0.0
2017-07-18 00:00:00-04:00,3.9931811000287047,4.110918286122506,3.9813332795779934,4.096355438232422,776640000,0.0,0.0
2017-07-19 00:00:00-04:00,4.105488186414262,4.131898857495247,4.063034041312388,4.075128555297852,687044000,0.0,0.0
2017-07-20 00:00:00-04:00,4.095614168938374,4.134612727697865,4.045755031548285,4.134366035461426,699596000,0.0,0.0
2017-07-21 00:00:00-04:00,4.113880296813304,4.178796150816961,4.099564140190557,4.149176597595215,648332000,0.0,0.0
2017-07-24 00:00:00-04:00,4.156335289300513,4.165961468427979,4.090432189327003,4.101045608520508,652524000,0.0,0.0
2017-07-25 00:00:00-04:00,4.078088515879046,4.095613548532505,4.037608868259373,4.081297397613525,496556000,0.0,0.0
2017-07-26 00:00:00-04:00,4.138809011220768,4.194345367723965,4.09363937849327,4.128442287445068,640404000,0.0,0.0
2017-07-27 00:00:00-04:00,4.153372507114982,4.164973635510065,3.8890198324966954,3.9921939373016357,782856000,0.0,0.0
2017-07-28 00:00:00-04:00,3.9564025701723238,4.082038110220566,3.931473239637913,4.0576019287109375,513348000,0.0,0.0
2017-07-31 00:00:00-04:00,4.0711767168314585,4.107213545170606,3.964547326344821,4.011197566986084,559672000,0.0,0.0
2017-08-01 00:00:00-04:00,4.001820546227754,4.061799732942935,3.9739292498764076,4.06007194519043,431384000,0.0,0.0
2017-08-02 00:00:00-04:00,4.091170900608877,4.095119859100405,3.9805920594728965,4.0576019287109375,478444000,0.0,0.0
2017-08-03 00:00:00-04:00,4.057108733815611,4.112891776800878,4.040077554861996,4.109189510345459,442420000,0.0,0.0
2017-08-04 00:00:00-04:00,4.131899171486256,4.197802272650651,4.1091912371964145,4.127209663391113,589096000,0.0,0.0
2017-08-07 00:00:00-04:00,4.156333644870676,4.254570818984175,4.146706998765068,4.254077434539795,717412000,0.0,0.0
2017-08-08 00:00:00-04:00,4.292088373656495,4.308625696034879,4.164231666597999,4.203477382659912,755336000,0.0,0.0
2017-08-09 00:00:00-04:00,4.157320108647277,4.250621066970394,4.138561145954875,4.248152732849121,530784000,0.0,0.0
2017-08-10 00:00:00-04:00,4.249387157852925,4.26172882989211,4.056121234507125,4.066241264343262,1328088000,0.0,0.0
2017-08-11 00:00:00-04:00,3.8786523342931205,3.924562277189722,3.7742443180808567,3.8495266437530518,1497196000,0.0,0.0
2017-08-14 00:00:00-04:00,3.9410997295706225,4.160282714729137,3.929498839197511,4.156580448150635,1279020000,0.0,0.0
2017-08-15 00:00:00-04:00,4.161764934488323,4.1879284414113,4.087222902807149,4.121531963348389,764532000,0.0,0.0
2017-08-16 00:00:00-04:00,4.136586540667119,4.160035007923356,4.044026132485258,4.07636022567749,596632000,0.0,0.0
2017-08-17 00:00:00-04:00,4.067969094240807,4.0849998014971405,3.983307059227297,3.9855282306671143,525444000,0.0,0.0
2017-08-18 00:00:00-04:00,4.03983086869939,4.056862047678545,3.940359057008289,3.986268997192383,601204000,0.0,0.0
2017-08-21 00:00:00-04:00,4.010705495538857,4.022059458823003,3.8843296274308283,3.928264856338501,623672000,0.0,0.0
2017-08-22 00:00:00-04:00,3.9648268460583105,4.021647107244542,3.9455573108628452,4.01571798324585,450456000,0.0035,0.0
2017-08-23 00:00:00-04:00,3.9823677653758303,4.107125350653623,3.9737207521851414,4.09600830078125,579520000,0.0,0.0
2017-08-24 00:00:00-04:00,4.128123955977943,4.132571152882596,4.054504894440306,4.080938339233398,469700000,0.0,0.0
2017-08-25 00:00:00-04:00,4.10514953904964,4.115278481011402,4.040423451236307,4.046846866607666,357200000,0.0,0.0
2017-08-28 00:00:00-04:00,4.0658677473605565,4.078714102120014,4.01028251318972,4.075502395629883,389496000,0.0,0.0
2017-08-29 00:00:00-04:00,4.0167081291021915,4.090574591680294,4.008555403725338,4.06883430480957,324096000,0.0,0.0
2017-08-30 00:00:00-04:00,4.088596131124303,4.104160375447395,4.058209784248239,4.093043327331543,384400000,0.0,0.0
2017-08-31 00:00:00-04:00,4.11330215246646,4.189886026324639,4.105891098635811,4.185933589935303,612684000,0.0,0.0
2017-09-01 00:00:00-04:00,4.19853354489339,4.246707285377912,4.1898865290513045,4.211132526397705,445432000,0.0,0.0
2017-09-05 00:00:00-04:00,4.159745880885417,4.1646868967447945,4.040670508602392,4.09872579574585,695364000,0.0,0.0
2017-09-06 00:00:00-04:00,4.1315845847175,4.145419057043475,4.061423642606023,4.096256732940674,397672000,0.0,0.0
2017-09-07 00:00:00-04:00,4.1130536923126,4.147639853686247,4.075008914801589,4.115277290344238,352868000,0.0,0.0
2017-09-08 00:00:00-04:00,4.103667446012936,4.118490024681361,4.019672048223057,4.043882369995117,498856000,0.0,0.0
2017-09-11 00:00:00-04:00,4.0895844115132585,4.1856849312881215,4.084149106947374,4.1750617027282715,567444000,0.0,0.0
2017-09-12 00:00:00-04:00,4.199765835035995,4.199765835035995,4.1249113095497805,4.190131187438965,411488000,0.0,0.0
2017-09-13 00:00:00-04:00,4.164935116267149,4.237813473912791,4.132572535971281,4.208909511566162,580960000,0.0,0.0
2017-09-14 00:00:00-04:00,4.169873247836148,4.2630094296999115,4.145416029607314,4.184943199157715,513712000,0.0,0.0
2017-09-15 00:00:00-04:00,4.270421838742263,4.449529647827148,4.265233913757522,4.449529647827148,1364792000,0.0,0.0
2017-09-18 00:00:00-04:00,4.573792672133359,4.723502215510915,4.56687543993515,4.633330345153809,1684460000,0.0,0.0
2017-09-19 00:00:00-04:00,4.58293542439633,4.690153039636134,4.560948229287229,4.628391742706299,874280000,0.0,0.0
2017-09-20 00:00:00-04:00,4.632097411028712,4.679529949042057,4.550819424931936,4.591087818145752,724920000,0.0,0.0
2017-09-21 00:00:00-04:00,4.487328382624456,4.513515393191882,4.3877692087374545,4.465588569641113,1075600000,0.0,0.0
2017-09-22 00:00:00-04:00,4.45422526794352,4.503881407504566,4.412227563753654,4.422109127044678,491232000,0.0,0.0
2017-09-25 00:00:00-04:00,4.39122633787462,4.392461827185249,4.203719395336217,4.224471092224121,874580000,0.0,0.0
2017-09-26 00:00:00-04:00,4.359112589484931,4.414203562555073,4.208414869383313,4.2481889724731445,1125620000,0.0,0.0
2017-09-27 00:00:00-04:00,4.338605005783525,4.354663065117912,4.267702918101829,4.341322422027588,713720000,0.0,0.0
2017-09-28 00:00:00-04:00,4.348488960669431,4.3524418681507795,4.292656793002539,4.340089797973633,435244000,0.0,0.0
2017-09-29 00:00:00-04:00,4.424083182092271,4.440140771777948,4.37887379649475,4.416424751281738,619092000,0.0,0.0
2017-10-02 00:00:00-04:00,4.4665773398576345,4.495728681928232,4.372700368186879,4.422109127044678,503480000,0.0,0.0
2017-10-03 00:00:00-04:00,4.428284343413596,4.4611416779382544,4.387027846566556,4.431249141693115,390332000,0.0,0.0
2017-10-04 00:00:00-04:00,4.437425891198012,4.490540647315276,4.400863024136399,4.468306541442871,427848000,0.0,0.0
2017-10-05 00:00:00-04:00,4.49276234287247,4.496220959156092,4.435941612382942,4.465834140777588,437364000,0.0,0.0
2017-10-06 00:00:00-04:00,4.4381663593988145,4.492269215784202,4.42210829198177,4.478928565979004,318800000,0.0,0.0
2017-10-09 00:00:00-04:00,4.51573855818169,4.6130746052840506,4.496963072230968,4.579970359802246,563492000,0.0,0.0
2017-10-10 00:00:00-04:00,4.729184043593736,4.766735002603831,4.626166286899726,4.667422771453857,974876000,0.0,0.0
2017-10-11 00:00:00-04:00,4.683976347018913,4.7185629923433465,4.638026211569766,4.717080593109131,529508000,0.0,0.0
2017-10-12 00:00:00-04:00,4.72053862634883,4.770194753738508,4.692128490948991,4.719303607940674,528292000,0.0,0.0
2017-10-13 00:00:00-04:00,4.781559209630894,4.817380872798987,4.734620966032641,4.807251930236816,628728000,0.0,0.0
2017-10-16 00:00:00-04:00,4.837144799249876,4.892730061215982,4.773901102470605,4.88976526260376,576640000,0.0,0.0
2017-10-17 00:00:00-04:00,4.869012350868152,4.913727458847176,4.85073115835991,4.885317325592041,478596000,0.0,0.0
2017-10-18 00:00:00-04:00,4.894212038315825,4.894952766703675,4.775877379947897,4.881118297576904,567316000,0.0,0.0
2017-10-19 00:00:00-04:00,4.80354553818605,4.891493355125341,4.754383704636298,4.886552810668945,570772000,0.0,0.0
2017-10-20 00:00:00-04:00,4.9035981608168155,4.930772799964562,4.855423973052633,4.864317893981934,451620000,0.0,0.0
2017-10-23 00:00:00-04:00,4.886059372323642,4.91249329237817,4.837144439669931,4.857402324676514,428696000,0.0,0.0
2017-10-24 00:00:00-04:00,4.8665419878409555,4.9100220787988045,4.840602361645024,4.908292770385742,407244000,0.0,0.0
2017-10-25 00:00:00-04:00,4.868764228543667,4.921632046314851,4.722760691870354,4.784274578094482,828160000,0.0,0.0
2017-10-26 00:00:00-04:00,4.811945867944246,4.846037750039556,4.787982456853327,4.8344268798828125,322744000,0.0,0.0
2017-10-27 00:00:00-04:00,4.8865527675137255,4.987100032131524,4.860612671141092,4.986853122711182,572192000,0.0,0.0
2017-10-30 00:00:00-04:00,4.986852164107149,5.0913518441675745,4.971041011422073,5.035767078399658,504056000,0.0,0.0
2017-10-31 00:00:00-04:00,5.067636521257408,5.135820742467771,5.061954306489395,5.109139919281006,411908000,0.0,0.0
2017-11-01 00:00:00-04:00,5.171889631202626,5.187206497016649,5.054543100970461,5.118774890899658,502576000,0.0,0.0
2017-11-02 00:00:00-04:00,5.089131267943194,5.13384638930128,5.031075494546139,5.087648868560791,342308000,0.0,0.0
2017-11-03 00:00:00-04:00,5.118775518887614,5.155585289001465,5.072825387009423,5.155585289001465,353640000,0.0,0.0
2017-11-06 00:00:00-05:00,5.118774337678306,5.187452845795196,5.106422271073551,5.178806304931641,389944000,0.0,0.0
2017-11-07 00:00:00-05:00,5.201535756027736,5.259591517591013,5.189430596341997,5.23809814453125,427700000,0.0,0.0
2017-11-08 00:00:00-05:00,5.233650711538345,5.237356708738341,5.119763273617123,5.167195796966553,522988000,0.0,0.0
2017-11-09 00:00:00-05:00,5.071095456539959,5.097281991357805,4.950043400160365,5.072330474853516,978564000,0.0,0.0
2017-11-10 00:00:00-05:00,5.264037716113875,5.40213594615253,5.228216059538987,5.339633464813232,1253256000,0.0,0.0
2017-11-13 00:00:00-05:00,5.339633909944473,5.365079247319964,5.237604237396695,5.252921104431152,582376000,0.0,0.0
2017-11-14 00:00:00-05:00,5.262060750856264,5.306528946862564,5.218333754276892,5.29121208190918,529292000,0.0,0.0
2017-11-15 00:00:00-05:00,5.236120802059983,5.237356291428596,5.13359733091837,5.187452793121338,501948000,0.0,0.0
2017-11-16 00:00:00-05:00,5.26156712942435,5.291706570443448,5.218828240077163,5.227721691131592,441768000,0.0,0.0
2017-11-17 00:00:00-05:00,5.284789376587814,5.320116742852594,5.206476211237084,5.221545696258545,515664000,0.0,0.0
2017-11-20 00:00:00-05:00,5.2371101999323395,5.300848179169711,5.200300429625877,5.288743019104004,396100000,0.0,0.0
2017-11-21 00:00:00-05:00,5.3285160457363245,5.349020835131776,5.296647298122055,5.337409496307373,399176000,0.0,0.0
2017-11-22 00:00:00-05:00,5.364603882866975,5.364603882866975,5.2807972276692325,5.313429832458496,356640000,0.00375,0.0
2017-11-24 00:00:00-05:00,5.329746552241181,5.364604302984841,5.305271860968274,5.363615036010742,180752000,0.0,0.0
2017-11-27 00:00:00-05:00,5.372267580222662,5.3735034565377005,5.290685597573749,5.2938995361328125,422896000,0.0,0.0
2017-11-28 00:00:00-05:00,5.299091524717661,5.308485788723278,5.1480420576916535,5.209104537963867,512752000,0.0,0.0
2017-11-29 00:00:00-05:00,5.191799523116271,5.194518828512013,4.727526340591868,4.855832099914551,1396788000,0.0,0.0
2017-11-30 00:00:00-05:00,4.924557859108737,5.010589185635246,4.8615177930239115,4.961887359619141,823768000,0.0,0.0
2017-12-01 00:00:00-05:00,4.92727737025233,4.9475493264088515,4.758181096220914,4.886981010437012,811548000,0.0,0.0
2017-12-04 00:00:00-05:00,4.945570644202645,4.95175143988543,4.561149012075899,4.6145477294921875,1240844000,0.0,0.0
2017-12-05 00:00:00-05:00,4.509234357414842,4.763867830148602,4.464241096150372,4.6412482261657715,981488000,0.0,0.0
2017-12-06 00:00:00-05:00,4.590813634316182,4.700577899687096,4.5695528906168335,4.678822994232178,467032000,0.0,0.0
2017-12-07 00:00:00-05:00,4.745573287943774,4.786117203623634,4.700085394827374,4.746315002441406,542600000,0.0,0.0
2017-12-08 00:00:00-05:00,4.796252306999405,4.815288386758836,4.725548484562322,4.733953952789307,466876000,0.0,0.0
2017-12-11 00:00:00-05:00,4.748046185504324,4.815289474988257,4.732224512407325,4.812322616577148,372748000,0.0,0.0
2017-12-12 00:00:00-05:00,4.76881247377296,4.792050819877812,4.6944000671184805,4.717885494232178,455016000,0.0,0.0
2017-12-13 00:00:00-05:00,4.758923607347626,4.760159483928878,4.595265916411167,4.602682590484619,554280000,0.0,0.0
2017-12-14 00:00:00-05:00,4.596253410459988,4.680801773452636,4.563620808223213,4.6098504066467285,438164000,0.0,0.0
2017-12-15 00:00:00-05:00,4.653857205894015,4.7559577873135765,4.588839056202837,4.7356858253479,670036000,0.0,0.0
2017-12-18 00:00:00-05:00,4.776227172749772,4.895385723984601,4.74656142905297,4.892419338226318,477704000,0.0,0.0
2017-12-19 00:00:00-05:00,4.883025644275852,4.888217173603362,4.819738025449358,4.848167896270752,373100000,0.0,0.0
2017-12-20 00:00:00-05:00,4.887475816521041,4.896622527988584,4.809602399386484,4.8652262687683105,288820000,0.0,0.0
2017-12-21 00:00:00-05:00,4.868686737240153,4.8936555875078716,4.834323624062236,4.842729091644287,300904000,0.0,0.0
2017-12-22 00:00:00-05:00,4.805894756366202,4.836796856574138,4.728021331814188,4.827402591705322,466276000,0.0,0.0
2017-12-26 00:00:00-05:00,4.772026067435474,4.8887124345860995,4.74211276107306,4.881048679351807,355080000,0.0,0.0
2017-12-27 00:00:00-05:00,4.8676975196944525,4.9435928592426945,4.853111728930233,4.8743720054626465,329488000,0.0,0.0
2017-12-28 00:00:00-05:00,4.898105098898695,4.9290071907499975,4.873877964509658,4.880058288574219,240248000,0.0,0.0
2017-12-29 00:00:00-05:00,4.90626573509298,4.90626573509298,4.783646106719971,4.783646106719971,279964000,0.0,0.0
2018-01-02 00:00:00-05:00,4.840009108801232,4.9319741433273965,4.808365773535016,4.928265571594238,355616000,0.0,0.0
2018-01-03 00:00:00-05:00,5.045693635907356,5.283021951983341,5.037041087712095,5.2526140213012695,914704000,0.0,0.0
2018-01-04 00:00:00-05:00,5.3339483167702495,5.390560971608226,5.258052503900598,5.280302047729492,583268000,0.0,0.0
2018-01-05 00:00:00-05:00,5.295136099778255,5.362378902130493,5.2182514813558765,5.32504940032959,580124000,0.0,0.0
2018-01-08 00:00:00-05:00,5.448657939230332,5.562377429227488,5.403664210874558,5.488212585449219,881216000,0.0,0.0
2018-01-09 00:00:00-05:00,5.493651661986156,5.53320631155976,5.405148098200573,5.486729621887207,497000000,0.0,0.0
2018-01-10 00:00:00-05:00,5.394268824130911,5.533204690452709,5.339881314783702,5.529743671417236,582664000,0.0,0.0
2018-01-11 00:00:00-05:00,5.5623793756106235,5.593776116903368,5.518127346222,5.53963565826416,406032000,0.0,0.0
2018-01-12 00:00:00-05:00,5.527765801232707,5.56212890892545,5.471894866118193,5.5124382972717285,359916000,0.0,0.0
2018-01-16 00:00:00-05:00,5.538891922709509,5.624428619904985,5.356940364207161,5.441488265991211,702348000,0.0,0.0
2018-01-17 00:00:00-05:00,5.456073025439858,5.565342677919576,5.362130877754434,5.555454254150391,538408000,0.0,0.0
2018-01-18 00:00:00-05:00,5.536169463139117,5.602918072114579,5.505020300895238,5.548530578613281,408632000,0.0,0.0
2018-01-19 00:00:00-05:00,5.638768681320893,5.71293354173676,5.611822231680203,5.688706398010254,609380000,0.0,0.0
2018-01-22 00:00:00-05:00,5.696616081971822,5.778939315000226,5.63901462125564,5.7772088050842285,550944000,0.0,0.0
2018-01-23 00:00:00-05:00,5.83060557109669,5.928997993775194,5.812064601742929,5.906254291534424,475228000,0.0,0.0
2018-01-24 00:00:00-05:00,5.909469055780841,5.945315597878204,5.773747112158568,5.829370975494385,579972000,0.0,0.0
2018-01-25 00:00:00-05:00,5.883760426588548,5.927023655205761,5.828137016482926,5.84296989440918,409884000,0.0,0.0
2018-01-26 00:00:00-05:00,5.88672496776293,6.015771945131823,5.87386968621305,6.015524864196777,516356000,0.0,0.0
2018-01-29 00:00:00-05:00,6.000940289789049,6.133695865743513,5.948283276709119,6.102546215057373,455116000,0.0,0.0
2018-01-30 00:00:00-05:00,5.9606450599311005,6.091917231860147,5.893896402029141,6.000446796417236,570832000,0.0,0.0
2018-01-31 00:00:00-05:00,6.075846439405364,6.162372402728371,6.04321383349187,6.076588153839111,478576000,0.0,0.0
2018-02-01 00:00:00-05:00,5.8966129869325385,6.103780906167273,5.88524113483108,5.94556188583374,519224000,0.0,0.0
2018-02-02 00:00:00-05:00,5.859038250068228,5.883018309442739,5.714910812825561,5.773006439208984,718464000,0.0,0.0
2018-02-05 00:00:00-05:00,5.611820677836954,5.765836520410501,5.067943613617772,5.283022403717041,1165204000,0.0,0.0
2018-02-06 00:00:00-05:00,5.053110396274145,5.57968185528126,5.0432215001474106,5.576715469360352,1114800000,0.0,0.0
2018-02-07 00:00:00-05:00,5.675602779461113,5.808852512114168,5.604404321683094,5.656319618225098,802932000,0.0,0.0
2018-02-08 00:00:00-05:00,5.781905068076385,5.815031831130374,5.377211019926578,5.377458572387695,1144000000,0.0,0.0
2018-02-09 00:00:00-05:00,5.889940107602543,5.905761778186153,5.377459722190224,5.737407207489014,1674604000,0.0,0.0
2018-02-12 00:00:00-05:00,5.818495119333633,5.821461977796046,5.563120372385157,5.637285232543945,1093172000,0.0,0.0
2018-02-13 00:00:00-05:00,5.600943543045118,5.797233825982517,5.568558015791659,5.751004219055176,625524000,0.0,0.0
2018-02-14 00:00:00-05:00,5.710707201814138,5.9972315222991,5.699582428847461,5.968307018280029,744988000,0.0,0.0
2018-02-15 00:00:00-05:00,6.0516191020470895,6.140122653254458,5.9707793043641795,6.093893051147461,698900000,0.0,0.0
2018-02-16 00:00:00-05:00,6.066699718966789,6.180419206023918,6.018986686540401,6.028133869171143,637656000,0.0,0.0
2018-02-20 00:00:00-05:00,6.050630738607877,6.226649058218339,6.046922166296753,6.157675743103027,686240000,0.0,0.0
2018-02-21 00:00:00-05:00,6.222198995329635,6.229121034663457,5.966823839825248,5.970531940460205,892292000,0.0,0.0
2018-02-22 00:00:00-05:00,6.004422736254703,6.076159916939098,5.924522097205232,5.99007511138916,534364000,0.00375,0.0
2018-02-23 00:00:00-05:00,6.049938672192449,6.08358097076416,5.999227753883418,6.08358097076416,415300000,0.0,0.0
2018-02-26 00:00:00-05:00,6.129840004557426,6.134292585903034,6.037323319109484,6.099660873413086,469312000,0.0,0.0
2018-02-27 00:00:00-05:00,6.072944557152353,6.15729825704066,6.063792159718406,6.086797714233398,455436000,0.0,0.0
2018-02-28 00:00:00-05:00,6.0976802850482965,6.1372595114285735,5.9747372600246305,5.986363887786865,523116000,0.0,0.0
2018-03-01 00:00:00-05:00,5.984138920646257,6.038065783980265,5.6430151208086,5.744189739227295,1040120000,0.0,0.0
2018-03-02 00:00:00-05:00,5.636582230098282,5.8577316352340345,5.487912648839647,5.85129976272583,913428000,0.0,0.0
2018-03-05 00:00:00-05:00,5.801083883445083,5.868863421344419,5.6776459056146935,5.829284191131592,620776000,0.0,0.0
2018-03-06 00:00:00-05:00,5.914624940141292,6.009615345589196,5.871582552744716,5.990320205688477,636808000,0.0,0.0
2018-03-07 00:00:00-05:00,5.887415237939275,6.034600925571789,5.886178593560381,5.982405662536621,581208000,0.0,0.0
2018-03-08 00:00:00-05:00,6.009864286952542,6.009864286952542,5.921800195990279,5.9660797119140625,411912000,0.0,0.0
2018-03-09 00:00:00-05:00,6.013575438364642,6.081602216969476,5.9974966990108145,6.068739414215088,505524000,0.0,0.0
2018-03-12 00:00:00-04:00,6.110049738096921,6.258471616899563,6.101886279979087,6.178323745727539,605060000,0.0,0.0
2018-03-13 00:00:00-04:00,6.221119641023295,6.295578295506325,6.086302723596643,6.127613544464111,619772000,0.0,0.0
2018-03-14 00:00:00-04:00,6.1706545175885985,6.197865412417521,6.090753890164477,6.1530914306640625,505496000,0.0,0.0
2018-03-15 00:00:00-04:00,6.166697773153614,6.24907170131703,6.125881424985876,6.167934417724609,401952000,0.0,0.0
2018-03-16 00:00:00-04:00,6.184261655515845,6.215182963793425,6.146661238962244,6.196135520935059,399456000,0.0,0.0
2018-03-19 00:00:00-04:00,6.139238081666054,6.168180086769697,5.862677998532088,5.961626052856445,713772000,0.0,0.0
2018-03-20 00:00:00-04:00,5.964595957830835,6.212708574538938,5.964595957830835,6.1738715171813965,554696000,0.0,0.0
2018-03-21 00:00:00-04:00,6.167438456214533,6.233734106697758,6.118211895102395,6.148638725280762,438688000,0.0,0.0
2018-03-22 00:00:00-04:00,6.085311601035697,6.131817165746001,5.945299966079538,5.98265266418457,551196000,0.0,0.0
2018-03-23 00:00:00-04:00,5.9962575923837615,5.998731352652923,5.751855928377514,5.7629876136779785,735620000,0.0,0.0
2018-03-26 00:00:00-04:00,5.887416572487547,6.048949447546177,5.8354690040100525,6.047712802886963,611424000,0.0,0.0
2018-03-27 00:00:00-04:00,6.128601491444846,6.1842599251353825,5.438438329146964,5.578697204589844,1409000000,0.0,0.0
2018-03-28 00:00:00-04:00,5.544313401106364,5.674430015326414,5.367938449142277,5.475544452667236,945904000,0.0,0.0
2018-03-29 00:00:00-04:00,5.543817983300484,5.8255728600296095,5.459464773174981,5.728851318359375,916628000,0.0,0.0
2018-04-02 00:00:00-04:00,5.658351059091432,5.804546877522229,5.380306574265453,5.468122959136963,922092000,0.0,0.0
2018-04-03 00:00:00-04:00,5.635098415873719,5.69817766625001,5.475544379516176,5.574492454528809,667432000,0.0,0.0
2018-04-04 00:00:00-04:00,5.318711703443834,5.6068984929998456,5.293727330482389,5.596508979797363,789168000,0.0,0.0
2018-04-05 00:00:00-04:00,5.6548873901333,5.667997896529313,5.404795999636376,5.476285934448242,701240000,0.0,0.0
2018-04-06 00:00:00-04:00,5.37362845680309,5.481729416970644,5.270722253706009,5.299911975860596,662988000,0.0,0.0
2018-04-09 00:00:00-04:00,5.36299156064672,5.490882135446125,5.308569758370216,5.328607082366943,499524000,0.0,0.0
2018-04-10 00:00:00-04:00,5.558908536547888,5.664782959900743,5.501765742427308,5.637819766998291,761676000,0.0,0.0
2018-04-11 00:00:00-04:00,5.622977703736785,5.664288521990942,5.563856089211941,5.596508979797363,460244000,0.0,0.0
2018-04-12 00:00:00-04:00,5.689520216432858,5.82112119082991,5.645240695546247,5.803310394287109,593920000,0.0,0.0
2018-04-13 00:00:00-04:00,5.866883850157043,5.875294542336591,5.678387810631916,5.726624965667725,503036000,0.0,0.0
2018-04-16 00:00:00-04:00,5.733303350839929,5.759772068510178,5.632128766535358,5.726377010345459,350792000,0.0,0.0
2018-04-17 00:00:00-04:00,5.778573394126844,5.897311087255618,5.722914953028464,5.876037120819092,447224000,0.0,0.0
2018-04-18 00:00:00-04:00,5.825573810300587,5.918337727482581,5.758041973008824,5.847095012664795,391364000,0.0,0.0
2018-04-19 00:00:00-04:00,5.73280884023235,5.766203900903141,5.610360756261043,5.665771484375,471996000,0.0,0.0
2018-04-20 00:00:00-04:00,5.6571130914142636,5.741466292848368,5.6264395002337615,5.6576080322265625,386200000,0.0,0.0
2018-04-23 00:00:00-04:00,5.6754204830275965,5.726625876008202,5.512156022265951,5.538129806518555,427508000,0.0,0.0
2018-04-24 00:00:00-04:00,5.5638544650311665,5.659833816858288,5.406526990120768,5.471832752227783,414596000,0.0,0.0
2018-04-25 00:00:00-04:00,5.442149701423266,5.481234465120674,5.202200543534497,5.359528064727783,588492000,0.0,0.0
2018-04-26 00:00:00-04:00,5.521306975804389,5.579439167873963,5.455259033244982,5.57127571105957,375824000,0.0,0.0
2018-04-27 00:00:00-04:00,5.677151131405373,5.696940745448157,5.556434155469259,5.598734378814697,400848000,0.0,0.0
2018-04-30 00:00:00-04:00,5.615060537009952,5.664782040029214,5.544065542045836,5.563360214233398,327844000,0.0,0.0
2018-05-01 00:00:00-04:00,5.555197837942924,5.621493025296712,5.4965706959447616,5.618772029876709,253788000,0.0,0.0
2018-05-02 00:00:00-04:00,5.615308039139775,5.6598343129891235,5.5720179378167884,5.598239421844482,268248000,0.0,0.0
2018-05-03 00:00:00-04:00,5.630150973666982,5.789705012277473,5.584882045878607,5.76348352432251,443144000,0.0,0.0
2018-05-04 00:00:00-04:00,5.734787532480522,5.916852143235824,5.71747168175459,5.913636207580566,400660000,0.0,0.0
2018-05-07 00:00:00-04:00,6.018275435151204,6.208750783497423,6.008380391268545,6.151607990264893,687616000,0.0,0.0
2018-05-08 00:00:00-04:00,6.151853101078366,6.19687478028746,6.10287378313979,6.194153785705566,506616000,0.0,0.0
2018-05-09 00:00:00-04:00,6.214191069333768,6.329465562369185,6.186980177944928,6.327239036560059,596760000,0.0,0.0
2018-05-10 00:00:00-04:00,6.380176430607122,6.443997841561665,6.362365639705321,6.434845447540283,994080000,0.0,0.0
2018-05-11 00:00:00-04:00,6.253029373607263,6.426436088848092,6.197618641746434,6.296319007873535,1214456000,0.0,0.0
2018-05-14 00:00:00-04:00,6.334413743752188,6.394277522323948,6.293102933393977,6.316850185394287,523140000,0.0,0.0
2018-05-15 00:00:00-04:00,6.2532767926755914,6.255998259899748,5.9739956552292846,6.074428081512451,963528000,0.0,0.0
2018-05-16 00:00:00-04:00,6.035837863261541,6.147649204681876,5.998979630934426,6.085559368133545,553828000,0.0,0.0
2018-05-17 00:00:00-04:00,6.087292133703992,6.221366875594708,6.071212921949886,6.127613544464111,519784000,0.0,0.0
2018-05-18 00:00:00-04:00,6.179560095660319,6.242886573657646,6.078879974409376,6.083827495574951,483716000,0.0,0.0
2018-05-21 00:00:00-04:00,6.181291926883611,6.185002331994662,5.949010847406737,6.041774749755859,640624000,0.0,0.0
2018-05-22 00:00:00-04:00,6.055133322035146,6.0803649275649825,5.943074268457857,6.003680229187012,518264000,0.0,0.0
2018-05-23 00:00:00-04:00,5.947492913773611,6.128432762966084,5.94675027928018,6.127194881439209,442956000,0.00375,0.0
2018-05-24 00:00:00-04:00,6.123480229863059,6.173232476048299,6.070262671888333,6.130905628204346,437372000,0.0,0.0
2018-05-25 00:00:00-04:00,6.143530337101226,6.18659935319307,6.107887192516503,6.170262813568115,292112000,0.0,0.0
2018-05-29 00:00:00-04:00,6.152194392007054,6.22125373100769,6.1064026922340995,6.153184413909912,352684000,0.0,0.0
2018-05-30 00:00:00-04:00,6.186846230716806,6.270756346495725,6.162093801735284,6.2620930671691895,390996000,0.0,0.0
2018-05-31 00:00:00-04:00,6.230163334903064,6.316796610120592,6.219520011125515,6.2422919273376465,493868000,0.0,0.0
2018-06-01 00:00:00-04:00,6.287095131674975,6.382886957500765,6.2784318492506115,6.3766984939575195,421968000,0.0,0.0
2018-06-04 00:00:00-04:00,6.410857351488822,6.577688106277913,6.378679510262458,6.55565881729126,642024000,0.0,0.0
2018-06-05 00:00:00-04:00,6.558874010516055,6.598725571172678,6.514072341301487,6.561101913452148,391712000,0.0,0.0
2018-06-06 00:00:00-04:00,6.471003115592232,6.566299665875008,6.454666577604137,6.563081741333008,371356000,0.0,0.0
2018-06-07 00:00:00-04:00,6.559369706545463,6.571250912124747,6.417043571237328,6.507390022277832,369448000,0.0,0.0
2018-06-08 00:00:00-04:00,6.434617983035637,6.5346172643111355,6.415806152914098,6.492043495178223,360456000,0.0,0.0
2018-06-11 00:00:00-04:00,6.4794190905362585,6.521002834266948,6.438082734200153,6.450953960418701,265372000,0.0,0.0
2018-06-12 00:00:00-04:00,6.477439045622201,6.5115969184871885,6.4271915498461425,6.4994683265686035,319160000,0.0,0.0
2018-06-13 00:00:00-04:00,6.500954316758097,6.575953779485196,6.4858551859758435,6.49501371383667,338208000,0.0,0.0
2018-06-14 00:00:00-04:00,6.5400634433694975,6.663329895441756,6.525211699562496,6.60664701461792,430016000,0.0,0.0
2018-06-15 00:00:00-04:00,6.549468894664133,6.6207556598374895,6.518528469865954,6.565805435180664,432260000,0.0,0.0
2018-06-18 00:00:00-04:00,6.521746733350019,6.579172251624388,6.494519479151794,6.561598300933838,356268000,0.0,0.0
2018-06-19 00:00:00-04:00,6.458380447015526,6.525707126637198,6.312342072456827,6.439816474914551,594932000,0.0,0.0
2018-06-20 00:00:00-04:00,6.480905677364324,6.545756596437088,6.4425393782994504,6.492786884307861,369780000,0.0,0.0
2018-06-21 00:00:00-04:00,6.524716469044076,6.543033051924125,6.356400494559876,6.364073753356934,359516000,0.0,0.0
2018-06-22 00:00:00-04:00,6.384864932880551,6.398231405498228,6.196252352488131,6.2115983963012695,434160000,0.0,0.0
2018-06-25 00:00:00-04:00,6.105164547183315,6.108877246899996,5.8301660500099235,5.918779373168945,665816000,0.0,0.0
2018-06-26 00:00:00-04:00,6.032146869790943,6.080413868487572,5.938335079002844,5.9898200035095215,478884000,0.0,0.0
2018-06-27 00:00:00-04:00,6.033383078548178,6.099719265117293,5.829176077813481,5.834621906280518,453892000,0.0,0.0
2018-06-28 00:00:00-04:00,5.824721026252735,5.973730419916381,5.817047766228988,5.961849212646484,338012000,0.0,0.0
2018-06-29 00:00:00-04:00,6.026947145172465,6.039570513021553,5.8625912545835215,5.863829135894775,392300000,0.0,0.0
2018-07-02 00:00:00-04:00,5.794274344435092,5.999718711230233,5.773729860544244,5.996006011962891,357572000,0.0,0.0
2018-07-03 00:00:00-04:00,6.030660254118838,6.036600857321169,5.853928371104711,5.862344264984131,222732000,0.0,0.0
2018-07-05 00:00:00-04:00,5.917540540802272,6.013084473203996,5.878679477391362,6.008134365081787,306216000,0.0,0.0
2018-07-06 00:00:00-04:00,5.983630347791446,6.130411819321849,5.962343226824989,6.12199592590332,296352000,0.0,0.0
2018-07-09 00:00:00-04:00,6.196252848651623,6.205906150696636,6.090807744144969,6.169519901275635,303880000,0.0,0.0
2018-07-10 00:00:00-04:00,6.181896613099179,6.290559174779788,6.141550275047445,6.268529891967773,360016000,0.0,0.0
2018-07-11 00:00:00-04:00,6.175709642314842,6.210362770736958,6.1163036048576895,6.126947402954102,367508000,0.0,0.0
2018-07-12 00:00:00-04:00,6.172242759822992,6.266548817062336,6.16234159872692,6.218529224395752,345508000,0.0,0.0
2018-07-13 00:00:00-04:00,6.237094131803665,6.237094131803665,6.12917373393027,6.171252727508545,246988000,0.0,0.0
2018-07-16 00:00:00-04:00,6.143529415130615,6.196499585282624,6.131153436589423,6.143529415130615,197036000,0.0,0.0
2018-07-17 00:00:00-04:00,6.0942726286083975,6.2945190276775085,6.068777564273623,6.279419898986816,362136000,0.0,0.0
2018-07-18 00:00:00-04:00,6.271995660872836,6.285856910962843,6.179174385065754,6.230164051055908,277640000,0.0,0.0
2018-07-19 00:00:00-04:00,6.211353354554351,6.271996806892324,6.196254692424661,6.238333225250244,235752000,0.0,0.0
2018-07-20 00:00:00-04:00,6.235856934177022,6.274718004265432,6.199223295098016,6.210114479064941,222352000,0.0,0.0
2018-07-23 00:00:00-04:00,6.18363049262612,6.1853631491040195,6.021749861447796,6.1734819412231445,301584000,0.0,0.0
2018-07-24 00:00:00-04:00,6.221500795903618,6.308134081443769,6.138580210335063,6.156154632568359,354620000,0.0,0.0
2018-07-25 00:00:00-04:00,6.165559247115585,6.246994546663593,6.107638495947421,6.234370708465576,319112000,0.0,0.0
2018-07-26 00:00:00-04:00,6.214322216849172,6.344766672079411,6.197490430567395,6.307885646820068,325124000,0.0,0.0
2018-07-27 00:00:00-04:00,6.34452090312381,6.351451529334067,6.184125534047058,6.238085746765137,295420000,0.0,0.0
2018-07-30 00:00:00-04:00,6.252193458258903,6.258134061124621,6.007887522732283,6.042788505554199,340340000,0.0,0.0
2018-07-31 00:00:00-04:00,6.0323912156960136,6.135608400155289,5.993530154421171,6.060856342315674,283988000,0.0,0.0
2018-08-01 00:00:00-04:00,6.092292587606934,6.147490190342073,6.036847125370651,6.1007080078125,283556000,0.0,0.0
2018-08-02 00:00:00-04:00,6.029421473661982,6.207390739420515,5.970511169517146,6.203430652618408,269668000,0.0,0.0
2018-08-03 00:00:00-04:00,6.2279350755567755,6.263826075996751,6.2111037628224945,6.240063667297363,214288000,0.0,0.0
2018-08-06 00:00:00-04:00,6.227440029312622,6.291300909766768,6.180905707732599,6.287835597991943,207508000,0.0,0.0
2018-08-07 00:00:00-04:00,6.336599067965504,6.3786780644087235,6.309866590145665,6.360113620758057,258132000,0.0,0.0
2018-08-08 00:00:00-04:00,6.361349362010156,6.441546768489242,6.3264483896493,6.3964972496032715,262100000,0.0,0.0
2018-08-09 00:00:00-04:00,6.4143214537875455,6.417044131947078,6.340312008036788,6.34798526763916,204280000,0.0,0.0
2018-08-10 00:00:00-04:00,6.2660554769301156,6.339074904335208,6.254916904203459,6.306649208068848,256396000,0.0,0.0
2018-08-13 00:00:00-04:00,6.315312379776696,6.460361210142722,6.313579723429743,6.339569568634033,375208000,0.0,0.0
2018-08-14 00:00:00-04:00,6.445013691234827,6.4851126405569905,6.361845727361963,6.471003532409668,466220000,0.0,0.0
2018-08-15 00:00:00-04:00,6.49179417461561,6.525705127531019,6.334122029266829,6.412834644317627,591136000,0.0,0.0
2018-08-16 00:00:00-04:00,6.482639120853932,6.48511441194385,6.312095200032592,6.372243404388428,801260000,0.0,0.0
2018-08-17 00:00:00-04:00,6.260856924129382,6.261599558523721,6.0328875217171865,6.059867858886719,1143188000,0.0,0.0
2018-08-20 00:00:00-04:00,6.019274380723681,6.267292561483654,5.908878681092118,6.134620189666748,854388000,0.0,0.0
2018-08-21 00:00:00-04:00,6.150956824708299,6.274718529543019,6.131154970819281,6.270263195037842,673988000,0.0,0.0
2018-08-22 00:00:00-04:00,6.237588782549081,6.510359344330559,6.234123470660205,6.505408763885498,749856000,0.0,0.0
2018-08-23 00:00:00-04:00,6.466795529194882,6.6702598671362034,6.452934280689882,6.604913711547852,720684000,0.0,0.0
2018-08-24 00:00:00-04:00,6.61333067995877,6.752686294113966,6.6088753453738045,6.738082408905029,531512000,0.0,0.0
2018-08-27 00:00:00-04:00,6.767782265455401,6.903425125586093,6.73634707629059,6.829168319702148,505776000,0.0,0.0
2018-08-28 00:00:00-04:00,6.82322940119538,6.846001789806466,6.671497355930979,6.79154634475708,475384000,0.0,0.0
2018-08-29 00:00:00-04:00,6.7838705929706435,6.9220643573350555,6.763067342337053,6.897050857543945,420108000,0.00375,0.0
2018-08-30 00:00:00-04:00,6.865845095127688,6.9770442259925725,6.843308241633879,6.880209445953369,346608000,0.0,0.0
2018-08-31 00:00:00-04:00,6.86014788410666,6.964164582855906,6.85024130690597,6.951286315917969,306592000,0.0,0.0
2018-09-04 00:00:00-04:00,6.938159488824182,7.063722463149921,6.909678790249156,7.026078701019287,391720000,0.0,0.0
2018-09-05 00:00:00-04:00,7.008495893087813,7.043911012372252,6.814331307691543,6.895315647125244,393156000,0.0,0.0
2018-09-06 00:00:00-04:00,6.878968892562481,6.881445536632969,6.72121049148199,6.754148960113525,322796000,0.0,0.0
2018-09-07 00:00:00-04:00,6.6620207987311355,6.858414493738516,6.617194621957892,6.732851505279541,295420000,0.0,0.0
2018-09-10 00:00:00-04:00,6.755388421289059,6.833648589365164,6.711552807362428,6.803929328918457,220140000,0.0,0.0
2018-09-11 00:00:00-04:00,6.757617257802112,6.8452884880842015,6.736814011098898,6.756131649017334,243112000,0.0,0.0
2018-09-12 00:00:00-04:00,6.716258982589444,6.735824145269348,6.486679259759987,6.642209053039551,419092000,0.0,0.0
2018-09-13 00:00:00-04:00,6.708085859508802,6.810616485371078,6.690749820398229,6.719973564147949,305536000,0.0,0.0
2018-09-14 00:00:00-04:00,6.810369972641583,6.91215757301302,6.773468767188616,6.846032619476318,386936000,0.0,0.0
2018-09-17 00:00:00-04:00,6.82052146043147,6.869557876264897,6.764798153263593,6.784115314483643,205528000,0.0,0.0
2018-09-18 00:00:00-04:00,6.788080057030872,6.890858212028519,6.7053621096281,6.712048530578613,299520000,0.0,0.0
2018-09-19 00:00:00-04:00,6.693474096148274,6.753655188534426,6.643447104654831,6.735823631286621,224860000,0.0,0.0
2018-09-20 00:00:00-04:00,6.6137280186247756,6.656077554890416,6.5406686561212855,6.594658374786377,430584000,0.0,0.0
2018-09-21 00:00:00-04:00,6.6065453568288355,6.652114573328554,6.4913839934133115,6.524569988250732,435128000,0.0,0.0
2018-09-24 00:00:00-04:00,6.493612047515782,6.583759908994545,6.406436347912217,6.580292701721191,293912000,0.0,0.0
2018-09-25 00:00:00-04:00,6.646418398968016,6.6724224565072445,6.560728298080709,6.647408962249756,280388000,0.0,0.0
2018-09-26 00:00:00-04:00,6.652361493811316,6.692729895269795,6.59465705596666,6.610507011413574,268548000,0.0,0.0
2018-09-27 00:00:00-04:00,6.645674927516839,6.666973689993917,6.590942648869463,6.622395038604736,214428000,0.0,0.0
2018-09-28 00:00:00-04:00,6.754398937641678,6.981997067773898,6.726413276565585,6.959707736968994,709396000,0.0,0.0
2018-10-01 00:00:00-04:00,7.037471843994025,7.233122030691367,6.998837041067355,7.16625452041626,622060000,0.0,0.0
2018-10-02 00:00:00-04:00,7.138764835612138,7.250458530825907,7.072639889324717,7.094929218292236,383964000,0.0,0.0
2018-10-03 00:00:00-04:00,7.165263818045466,7.172693751697925,6.997103762678176,7.101120471954346,320552000,0.0,0.0
2018-10-04 00:00:00-04:00,7.064961362814658,7.0892318148323685,6.839839457760228,6.916861534118652,391220000,0.0,0.0
2018-10-05 00:00:00-04:00,6.892096013348278,6.954258228447809,6.625862647195452,6.683319568634033,426636000,0.0,0.0
2018-10-08 00:00:00-04:00,6.600106993388864,6.715515897122206,6.441109993027381,6.582027912139893,408612000,0.0,0.0
2018-10-09 00:00:00-04:00,6.56147174817955,6.656077396879092,6.508473066511357,6.576331615447998,273500000,0.0,0.0
2018-10-10 00:00:00-04:00,6.470332740501705,6.516149952007898,6.082499119360329,6.084728240966797,684940000,0.0,0.0
2018-10-11 00:00:00-04:00,5.997552610324311,6.131041059295213,5.801654891488775,5.8232011795043945,725436000,0.0,0.0
2018-10-12 00:00:00-04:00,6.080270631244149,6.180077085676831,5.935142481918509,6.10577917098999,608236000,0.0,0.0
2018-10-15 00:00:00-04:00,6.092407124194154,6.092407124194154,5.828402823351936,5.82939338684082,449760000,0.0,0.0
2018-10-16 00:00:00-04:00,5.942077083590885,6.099340464715147,5.89279313402045,6.08819580078125,408712000,0.0,0.0
2018-10-17 00:00:00-04:00,6.150357022555312,6.1884967743894,5.970556819933787,6.019593238830566,329668000,0.0,0.0
2018-10-18 00:00:00-04:00,6.088938723706652,6.127325531337077,5.871741778746061,5.932170391082764,524020000,0.0,0.0
2018-10-19 00:00:00-04:00,5.987399841165499,6.00696453292282,5.639191502660094,5.675597190856934,613608000,0.0,0.0
2018-10-22 00:00:00-04:00,5.727852601163914,5.827906586779276,5.623588366961172,5.7263665199279785,368844000,0.0,0.0
2018-10-23 00:00:00-04:00,5.459143316885474,5.552263371734845,5.367014297910738,5.474746227264404,626436000,0.0,0.0
2018-10-24 00:00:00-04:00,5.436358562711674,5.4829183507260275,4.924695467713403,4.938564300537109,884288000,0.0,0.0
2018-10-25 00:00:00-04:00,4.8409847070374425,5.194641197088621,4.796653589223464,5.147338390350342,951720000,0.0,0.0
2018-10-26 00:00:00-04:00,4.911322205465824,5.073043394604899,4.782787492968196,4.910827159881592,664784000,0.0,0.0
2018-10-29 00:00:00-04:00,5.051991210550828,5.055458418159861,4.359041899960511,4.597042083740234,758016000,0.0,0.0
2018-10-30 00:00:00-04:00,4.620074206424561,5.037379072889265,4.597041840367508,5.027472496032715,807192000,0.0,0.0
2018-10-31 00:00:00-04:00,5.192166502945224,5.264978341200831,5.052486678885793,5.221390247344971,745772000,0.0,0.0
2018-11-01 00:00:00-04:00,5.257796113970379,5.411097252238637,5.131242548855407,5.401686191558838,566528000,0.0,0.0
2018-11-02 00:00:00-04:00,5.392275494575783,5.498025818701187,5.206035867552621,5.322683334350586,452960000,0.0,0.0
2018-11-05 00:00:00-05:00,5.3095553327270935,5.332835691814523,5.083938402496332,5.244668960571289,379332000,0.0,0.0
2018-11-06 00:00:00-05:00,5.236745604788894,5.320949637238487,5.189937821803206,5.227087020874023,299012000,0.0,0.0
2018-11-07 00:00:00-05:00,5.293707198071008,5.384350132103305,5.230058889843961,5.2946977615356445,483812000,0.0,0.0
2018-11-08 00:00:00-05:00,5.235508374038087,5.236251414892554,5.048030616526302,5.10152530670166,511352000,0.0,0.0
2018-11-09 00:00:00-05:00,5.01261355260578,5.183993285196276,4.978932038542104,5.093597888946533,413240000,0.0,0.0
2018-11-12 00:00:00-05:00,5.00221209676428,5.0242539023239985,4.672330415819614,4.694124698638916,617116000,0.0,0.0
2018-11-13 00:00:00-05:00,4.791949548212664,5.0574393896302965,4.785757701353562,4.936086654663086,644712000,0.0,0.0
2018-11-14 00:00:00-05:00,5.109200026041026,5.1235643739854275,4.775604117475924,4.883583068847656,526580000,0.0,0.0
2018-11-15 00:00:00-05:00,4.877639759111964,5.084435092938538,4.8417291214457245,5.01236629486084,840708000,0.0,0.0
2018-11-16 00:00:00-05:00,4.044762142251206,4.226543446138136,4.0024121485691655,4.07225227355957,1963520000,0.0,0.0
2018-11-19 00:00:00-05:00,4.0068722372807795,4.007614805607336,3.581889566680612,3.583623170852661,1697820000,0.0,0.0
2018-11-20 00:00:00-05:00,3.3201143688334844,3.8203850916338613,3.3015400034858677,3.6920979022979736,1692032000,0.0,0.0
2018-11-21 00:00:00-05:00,3.829299559982965,3.8461403152770828,3.556627318233478,3.583869695663452,1025496000,0.0,0.0
2018-11-23 00:00:00-05:00,3.5491978057546882,3.7047273366228306,3.5363195387709654,3.5910520553588867,411968000,0.0,0.0
2018-11-26 00:00:00-05:00,3.712157501168981,3.8008192945273653,3.6296870827835495,3.7904176712036133,814832000,0.0,0.0
2018-11-27 00:00:00-05:00,3.764413552246549,3.888490705898638,3.72850315059442,3.8072586059570312,738060000,0.0,0.0
2018-11-28 00:00:00-05:00,3.9248960868553975,3.969474741099672,3.792398682502481,3.9642739295959473,804524000,0.0,0.0
2018-11-29 00:00:00-05:00,3.9665052806018184,4.0036911730386056,3.870813420145138,3.9010579586029053,549172000,0.004,0.0
2018-11-30 00:00:00-05:00,3.9107268337841234,4.062197793651984,3.8604017729293556,4.051537990570068,729564000,0.0,0.0
2018-12-03 00:00:00-05:00,4.2788687400930705,4.330433367533477,4.148469603011627,4.215404510498047,890804000,0.0,0.0
2018-12-04 00:00:00-05:00,4.170780025419611,4.175738270348914,3.879737762458066,3.89486026763916,812112000,0.0,0.0
2018-12-06 00:00:00-05:00,3.754296710353913,3.9290708047170577,3.7386786661932017,3.9241127967834473,692308000,0.0,0.0
2018-12-07 00:00:00-05:00,3.9283286384528537,3.9384929017144166,3.6100166433901975,3.6593499183654785,681676000,0.0,0.0
2018-12-10 00:00:00-05:00,3.6144776333869713,3.789499746439385,3.6107589498672916,3.764708995819092,629472000,0.0,0.0
2018-12-11 00:00:00-05:00,3.856434532954165,3.8646154478527586,3.594645256199173,3.673727512359619,671912000,0.0,0.0
2018-12-12 00:00:00-05:00,3.6794294035097543,3.7875166385107444,3.5901831212465294,3.691329002380371,654136000,0.0,0.0
2018-12-13 00:00:00-05:00,3.738183188098606,3.8023909445402873,3.655134479873292,3.6910808086395264,471384000,0.0,0.0
2018-12-14 00:00:00-05:00,3.649432106097352,3.7332245903979984,3.6070402050141372,3.63059139251709,471820000,0.0,0.0
2018-12-17 00:00:00-05:00,3.6005951019784517,3.6727357689675313,3.5014323310872175,3.5594425201416016,662868000,0.0,0.0
2018-12-18 00:00:00-05:00,3.6033222877793443,3.726779806904519,3.576052647688927,3.6427395343780518,564372000,0.0,0.0
2018-12-19 00:00:00-05:00,3.6090238629289817,3.6625718218009977,3.382189353712895,3.4337539672851562,745364000,0.0,0.0
2018-12-20 00:00:00-05:00,3.4253254939257083,3.515315566431695,3.289472597662405,3.3492181301116943,749588000,0.0,0.0
2018-12-21 00:00:00-05:00,3.375742844413532,3.408714502827423,3.1846069484424184,3.2121245861053467,863740000,0.0,0.0
2018-12-24 00:00:00-05:00,3.1357703320667087,3.2222897217099375,3.086436834380712,3.1503968238830566,463840000,0.0,0.0
2018-12-26 00:00:00-05:00,3.1965071459136443,3.30062791833471,3.085445020187456,3.2996363639831543,695100000,0.0,0.0
2018-12-27 00:00:00-05:00,3.247328292083691,3.2817872916399278,3.103294487493364,3.2517905235290527,637044000,0.0,0.0
2018-12-28 00:00:00-05:00,3.2723669445805466,3.4059887234706374,3.230470812150282,3.3132715225219727,628728000,0.0,0.0
2018-12-31 00:00:00-05:00,3.35665481188456,3.389130463425832,3.2788121199157003,3.3095526695251465,465140000,0.0,0.0
2019-01-02 00:00:00-05:00,3.2386520848215543,3.4330107349699133,3.224025590598856,3.376983880996704,508752000,0.0,0.0
2019-01-03 00:00:00-05:00,3.3167422733245417,3.3507054977541753,3.165519334999033,3.1729564666748047,705552000,0.0,0.0
2019-01-04 00:00:00-05:00,3.2460889111903297,3.41441746410469,3.2153485937451323,3.3762400150299072,585620000,0.0,0.0
2019-01-07 00:00:00-05:00,3.43350611455478,3.591918398829612,3.382189272611675,3.5549802780151367,709160000,0.0,0.0
2019-01-08 00:00:00-05:00,3.6365415129519585,3.6387728650754028,3.3938409502867053,3.466477632522583,786016000,0.0,0.0
2019-01-09 00:00:00-05:00,3.5177948629578344,3.582002870990999,3.4672220312150595,3.5346527099609375,617260000,0.0,0.0
2019-01-10 00:00:00-05:00,3.5153154560127566,3.60902397316226,3.4548261413772305,3.6003472805023193,523156000,0.0,0.0
2019-01-11 00:00:00-05:00,3.5780354085235424,3.71240095974809,3.550269993885523,3.689593553543091,874764000,0.0,0.0
2019-01-14 00:00:00-05:00,3.637285542069819,3.7547932623369165,3.613734349364408,3.729506731033325,730168000,0.0,0.0
2019-01-15 00:00:00-05:00,3.7622302794111397,3.801647525137596,3.697030962334933,3.715376138687134,617012000,0.0,0.0
2019-01-16 00:00:00-05:00,3.7426454425624702,3.775616871967183,3.684387484891723,3.6898412704467773,470104000,0.0,0.0
2019-01-17 00:00:00-05:00,3.6568704867759,3.801152078252454,3.6296006084967884,3.7612390518188477,493436000,0.0,0.0
2019-01-18 00:00:00-05:00,3.8110677598638243,3.916428100042887,3.7595031475952823,3.890397787094116,651336000,0.0,0.0
2019-01-22 00:00:00-05:00,3.860153033114045,3.8718046242992648,3.657861285888043,3.688105821609497,661552000,0.0,0.0
2019-01-23 00:00:00-05:00,3.7433890151460876,3.8321395112396033,3.669760786512093,3.7009968757629395,591020000,0.0,0.0
2019-01-24 00:00:00-05:00,3.7855334670386362,3.9305585846595252,3.780823228932097,3.9129574298858643,708972000,0.0,0.0
2019-01-25 00:00:00-05:00,3.853459043646147,3.9883201154298265,3.7508258493225934,3.9702229499816895,1154572000,0.0,0.0
2019-01-28 00:00:00-05:00,3.385164483654863,3.511348896826582,3.2475764843949433,3.421358823776245,2511528000,0.0,0.0
2019-01-29 00:00:00-05:00,3.375248668190303,3.4235906211984206,3.2478246771064967,3.262451171875,1153932000,0.0,0.0
2019-01-30 00:00:00-05:00,3.338558257428193,3.4203674183114905,3.2589802124922285,3.405988931655884,974228000,0.0,0.0
2019-01-31 00:00:00-05:00,3.40276540758192,3.5993553648950183,3.380949556495698,3.563656806945801,842852000,0.0,0.0
2019-02-01 00:00:00-05:00,3.582250105752859,3.639020736411014,3.534652181397594,3.587951898574829,625048000,0.0,0.0
2019-02-04 00:00:00-05:00,3.603818020039024,3.73545645319018,3.5817543959752496,3.698270559310913,528592000,0.0,0.0
2019-02-05 00:00:00-05:00,3.710170181264165,3.7540496620426036,3.676454962156793,3.7173595428466797,542424000,0.0,0.0
2019-02-06 00:00:00-05:00,3.750578513726454,3.8574264238034544,3.7451247279340616,3.792970657348633,702464000,0.0,0.0
2019-02-07 00:00:00-05:00,3.746611937324655,3.7488430529325694,3.611750845807799,3.6546385288238525,637120000,0.0,0.0
2019-02-08 00:00:00-05:00,3.5874559982311216,3.6838916413500185,3.5730775132556327,3.673231840133667,461604000,0.0,0.0
2019-02-11 00:00:00-05:00,3.6291038246631664,3.683395322889367,3.582249456440282,3.63059139251709,495180000,0.0,0.0
2019-02-12 00:00:00-05:00,3.6690171760124177,3.763221698228791,3.654638455410912,3.747603416442871,591060000,0.0,0.0
2019-02-13 00:00:00-05:00,3.777105230147522,3.8631288564722226,3.763470290563186,3.789996385574341,605372000,0.0,0.0
2019-02-14 00:00:00-05:00,3.7890047712508377,3.8591623408348905,3.7458688371274285,3.8309009075164795,827264000,0.0,0.0
2019-02-15 00:00:00-05:00,4.039638096287828,4.062445269128536,3.8777551155326657,3.9005625247955322,1516748000,0.0,0.0
2019-02-19 00:00:00-05:00,3.8899018579278906,3.963778096574503,3.87081313588739,3.8832082748413086,551892000,0.0,0.0
2019-02-20 00:00:00-05:00,3.9124615126387052,3.9977413414428553,3.901305934134855,3.930558681488037,540988000,0.0,0.0
2019-02-21 00:00:00-05:00,3.943202803747227,3.967745317478937,3.8470149123831807,3.8616414070129395,448548000,0.0,0.0
2019-02-22 00:00:00-05:00,3.9134535280622336,3.9652659150615186,3.8998185898320425,3.946424961090088,401740000,0.0,0.0
2019-02-25 00:00:00-05:00,4.029969445289696,4.097399875374152,3.9253526503709284,3.9340295791625977,656020000,0.0,0.0
2019-02-26 00:00:00-05:00,3.929319077471246,3.9853459185193723,3.8611446314982167,3.8946120738983154,488464000,0.0,0.0
2019-02-27 00:00:00-05:00,3.880233372464804,3.906759223526521,3.7956971020218964,3.8527157306671143,500256000,0.0,0.0
2019-02-28 00:00:00-05:00,3.8465119697999417,3.868846593297564,3.805813501351757,3.8281478881835938,324944000,0.004,0.0
2019-03-01 00:00:00-05:00,3.8780285749412227,3.924682975256033,3.81971057454771,3.882495641708374,357188000,0.0,0.0
2019-03-04 00:00:00-05:00,3.920960789931432,3.9437917024778617,3.8341039699543926,3.8906850814819336,409992000,0.0,0.0
2019-03-05 00:00:00-05:00,3.8750513137810176,3.9224502732848503,3.820703845449293,3.8842334747314453,362924000,0.0,0.0
2019-03-06 00:00:00-05:00,3.8752993861415765,3.8837367593047767,3.770574997278908,3.7733047008514404,403524000,0.0,0.0
2019-03-07 00:00:00-05:00,3.7497288167682017,3.7594072644137047,3.657908878673847,3.7040669918060303,450104000,0.0,0.0
2019-03-08 00:00:00-05:00,3.614729381885403,3.748985177670246,3.5933873300727437,3.738314151763916,422416000,0.0,0.0
2019-03-11 00:00:00-04:00,3.7618896362748684,4.021715119497615,3.714738701434053,3.998884439468384,859728000,0.0,0.0
2019-03-12 00:00:00-04:00,4.0266772366642085,4.079535588584965,3.950491450297468,4.033129692077637,579576000,0.0,0.0
2019-03-13 00:00:00-04:00,4.07060342632098,4.2137928933691935,4.0631583919516565,4.184509754180908,768900000,0.0,0.0
2019-03-14 00:00:00-04:00,4.193689768928577,4.205601628488493,4.100877042633319,4.108570098876953,519384000,0.0,0.0
2019-03-15 00:00:00-04:00,4.151751733403672,4.256724382835705,4.148277479222248,4.214040756225586,661484000,0.0,0.0
2019-03-18 00:00:00-04:00,4.245557804906436,4.299409227376472,4.16564947156302,4.192699432373047,486992000,0.0,0.0
2019-03-19 00:00:00-04:00,4.287248152364877,4.404877217207409,4.270373406211956,4.3604559898376465,854972000,0.0,0.0
2019-03-20 00:00:00-04:00,4.389489205137186,4.44284407078292,4.2932022319720735,4.327945232391357,719148000,0.0,0.0
2019-03-21 00:00:00-04:00,4.351026340687899,4.590998856980265,4.346062985080759,4.564693450927734,824312000,0.0,0.0
2019-03-22 00:00:00-04:00,4.537395842991622,4.58603540155432,4.390980169089334,4.404877185821533,747644000,0.0,0.0
2019-03-25 00:00:00-04:00,4.364178314815477,4.428452011351479,4.2463012357652055,4.312560558319092,525212000,0.0,0.0
2019-03-26 00:00:00-04:00,4.454259928501289,4.5103445031062295,4.332908621768252,4.389241695404053,703508000,0.0,0.0
2019-03-27 00:00:00-04:00,4.414802725026205,4.461208619297587,4.310574653867684,4.380059719085693,474372000,0.0,0.0
2019-03-28 00:00:00-04:00,4.406118572472891,4.464436826641018,4.345567139264722,4.398674011230469,480264000,0.0,0.0
2019-03-29 00:00:00-04:00,4.465427173289132,4.480317235001554,4.415050503823399,4.455996990203857,456896000,0.0,0.0
2019-04-01 00:00:00-04:00,4.5478183128725345,4.553774244421854,4.476099581852805,4.52349853515625,483824000,0.0,0.0
2019-04-02 00:00:00-04:00,4.547570531284838,4.585787326890967,4.504638406005335,4.541366100311279,440920000,0.0,0.0
2019-04-03 00:00:00-04:00,4.590999249680457,4.7398966173094035,4.586035893648766,4.68083381652832,783504000,0.0,0.0
2019-04-04 00:00:00-04:00,4.665445909984478,4.7143339541762,4.609113307928134,4.671898365020752,457376000,0.0,0.0
2019-04-05 00:00:00-04:00,4.715080810354002,4.75602779195894,4.678601133650199,4.738656044006348,481744000,0.0,0.0
2019-04-08 00:00:00-04:00,4.708132188891862,4.784566268743381,4.684060430821694,4.759501934051514,424192000,0.0,0.0
2019-04-09 00:00:00-04:00,4.72599896575498,4.737166278663912,4.654528257804142,4.696715831756592,439972000,0.0,0.0
2019-04-10 00:00:00-04:00,4.695972050567299,4.793003155224634,4.691505219338147,4.7671942710876465,444772000,0.0,0.0
2019-04-11 00:00:00-04:00,4.769674590499929,4.801191372599079,4.703911796511383,4.7532958984375,374600000,0.0,0.0
2019-04-12 00:00:00-04:00,4.7920098293763855,4.795980608365704,4.706642104424839,4.715327739715576,471708000,0.0,0.0
2019-04-15 00:00:00-04:00,4.707634350608777,4.712597705664351,4.543847420427578,4.583553314208984,440092000,0.0,0.0
2019-04-16 00:00:00-04:00,4.622764052340222,4.689519439447485,4.590006659955849,4.670659065246582,394964000,0.0,0.0
2019-04-17 00:00:00-04:00,4.705649823535029,4.72649534954194,4.625493474723939,4.647828102111816,351004000,0.0,0.0
2019-04-18 00:00:00-04:00,4.654527824770293,4.688525811871769,4.595465037399118,4.6232590675354,380988000,0.0,0.0
2019-04-22 00:00:00-04:00,4.599683567259181,4.692744336178638,4.568167259490763,4.677110195159912,279936000,0.0,0.0
2019-04-23 00:00:00-04:00,4.690262648692707,4.7629744208895,4.680584438559012,4.731705665588379,346856000,0.0,0.0
2019-04-24 00:00:00-04:00,4.7421292496106355,4.784813349232688,4.681329801891096,4.744114875793457,318204000,0.0,0.0
2019-04-25 00:00:00-04:00,4.703911987709547,4.726246611732647,4.5587374048909775,4.638397216796875,499296000,0.0,0.0
2019-04-26 00:00:00-04:00,4.484537203505553,4.489004507650223,4.30064927615956,4.419518947601318,868988000,0.0,0.0
2019-04-29 00:00:00-04:00,4.427458581440183,4.478083751833411,4.355243341418172,4.450289726257324,391920000,0.0,0.0
2019-04-30 00:00:00-04:00,4.418031072835303,4.517295848085138,4.398922668682831,4.491735458374023,362920000,0.0,0.0
2019-05-01 00:00:00-04:00,4.544095720899642,4.586283290364905,4.478332452616644,4.478580951690674,354280000,0.0,0.0
2019-05-02 00:00:00-04:00,4.488259352472984,4.58777211254692,4.445079204876653,4.546081066131592,394684000,0.0,0.0
2019-05-03 00:00:00-04:00,4.554519928825685,4.564446168324501,4.480071002591822,4.5416154861450195,336824000,0.0,0.0
2019-05-06 00:00:00-04:00,4.3552440090825275,4.475354735160598,4.318019794360678,4.463194847106934,422176000,0.0,0.0
2019-05-07 00:00:00-04:00,4.414803865661272,4.414803865661272,4.247790693614883,4.295934200286865,555220000,0.0,0.0
2019-05-08 00:00:00-04:00,4.268389702556341,4.396193074305873,4.256477834561879,4.316036701202393,419168000,0.0,0.0
2019-05-09 00:00:00-04:00,4.247045432034035,4.2567236422367785,4.104600562047052,4.2234697341918945,660248000,0.0,0.0
2019-05-10 00:00:00-04:00,4.1926974722685495,4.2582122308827355,4.069857063201204,4.189471244812012,569500000,0.0,0.0
2019-05-13 00:00:00-04:00,4.057450314763761,4.080529491649819,3.9162460232760625,3.932128429412842,656912000,0.0,0.0
2019-05-14 00:00:00-04:00,3.971833722281142,4.056457363033956,3.9331206419451403,4.021218299865723,524880000,0.0,0.0
2019-05-15 00:00:00-04:00,3.965630391631447,3.996650655283129,3.9063198046755416,3.9601709842681885,502320000,0.0,0.0
2019-05-16 00:00:00-04:00,3.9547104438481218,4.017991795753841,3.912274850177499,3.9753077030181885,781088000,0.0,0.0
2019-05-17 00:00:00-04:00,3.93336900724729,4.062661426385714,3.8450233212653178,3.8844809532165527,1022068000,0.0,0.0
2019-05-20 00:00:00-04:00,3.7857127909847694,3.840804806416889,3.7410435381120637,3.765859842300415,572064000,0.0,0.0
2019-05-21 00:00:00-04:00,3.8266594288963143,3.863883647556479,3.787946108956889,3.84800124168396,361848000,0.0,0.0
2019-05-22 00:00:00-04:00,3.8092879902335954,3.8353448948121587,3.766107605028576,3.777026891708374,325868000,0.0,0.0
2019-05-23 00:00:00-04:00,3.71473789281593,3.71473789281593,3.59611650414154,3.65592360496521,591844000,0.0,0.0
2019-05-24 00:00:00-04:00,3.674784997159604,3.7100240714609383,3.5953731854000988,3.6020736694335938,357584000,0.0,0.0
2019-05-28 00:00:00-04:00,3.6196920056439863,3.6524493907931337,3.554921549251234,3.5569069385528564,428356000,0.0,0.0
2019-05-29 00:00:00-04:00,3.509259498143715,3.544250296076037,3.447963536163076,3.482706308364868,559800000,0.0,0.0
2019-05-30 00:00:00-04:00,3.4859362848892492,3.521712423887185,3.417862226175406,3.456122875213623,394300000,0.004,0.0
2019-05-31 00:00:00-04:00,3.4071789982563945,3.4745076560908896,3.3637010206051516,3.3654401302337646,389720000,0.0,0.0
2019-06-03 00:00:00-04:00,3.3766203112800697,3.415377816073251,3.2943850641893366,3.3237016201019287,478644000,0.0,0.0
2019-06-04 00:00:00-04:00,3.3878004059898132,3.557985559569591,3.3656888343946365,3.5527682304382324,641836000,0.0,0.0
2019-06-05 00:00:00-04:00,3.6265565811110236,3.6320224561896626,3.4737627571280982,3.510035753250122,511616000,0.0,0.0
2019-06-06 00:00:00-04:00,3.5142589474375687,3.5967427335989557,3.511774437526851,3.5721466541290283,408140000,0.0,0.0
2019-06-07 00:00:00-04:00,3.5781107019538716,3.649165910876901,3.5589802529133694,3.6148805618286133,348856000,0.0,0.0
2019-06-10 00:00:00-04:00,3.671028349531437,3.7562452035078784,3.671028349531437,3.6876742839813232,402780000,0.0,0.0
2019-06-11 00:00:00-04:00,3.747549847548087,3.7853136497081814,3.7058112076060468,3.745313882827759,383872000,0.0,0.0
2019-06-12 00:00:00-04:00,3.70183568426828,3.7080469602873056,3.617115917017962,3.6322710514068604,358892000,0.0,0.0
2019-06-13 00:00:00-04:00,3.6543822132026853,3.7018352667303276,3.6367425703957896,3.68345046043396,308080000,0.0,0.0
2019-06-14 00:00:00-04:00,3.5902842912448576,3.6146318326887616,3.5487939576780514,3.5935139656066895,394428000,0.0,0.0
2019-06-17 00:00:00-04:00,3.591773977139895,3.6402209762075755,3.5689170055443293,3.6032025814056396,276040000,0.0,0.0
2019-06-18 00:00:00-04:00,3.6645682398321213,3.853635036866555,3.6536367279446753,3.798231840133667,581920000,0.0,0.0
2019-06-19 00:00:00-04:00,3.8335122042434153,3.8449405739498417,3.778108754942864,3.8041956424713135,331644000,0.0,0.0
2019-06-20 00:00:00-04:00,3.8948774228662537,3.9087903005945064,3.814132738561449,3.828542470932007,350168000,0.0,0.0
2019-06-21 00:00:00-04:00,3.8136361587022307,3.862828325873782,3.7639468999166295,3.770406484603882,434428000,0.0,0.0
2019-06-24 00:00:00-04:00,3.7917726233411475,3.8223314347522352,3.7445678782554253,3.7927663326263428,282948000,0.0,0.0
2019-06-25 00:00:00-04:00,3.7977354851308696,3.8727659883014587,3.7607170882054692,3.7634499073028564,311868000,0.0,0.0
2019-06-26 00:00:00-04:00,3.8909020472428284,4.017857757481719,3.8779828798004345,3.956739902496338,584072000,0.0,0.0
2019-06-27 00:00:00-04:00,4.042454498358668,4.074503878313571,4.006429806818568,4.055373668670654,445440000,0.0,0.0
2019-06-28 00:00:00-04:00,4.099347087620503,4.108539725919781,4.033509240579501,4.080216884613037,397668000,0.0,0.0
2019-07-01 00:00:00-04:00,4.287420915906709,4.321706491667773,4.090900575141804,4.128416061401367,709756000,0.0,0.0
2019-07-02 00:00:00-04:00,4.111770086156782,4.13288818594991,4.017361067786199,4.030528545379639,400228000,0.0,0.0
2019-07-03 00:00:00-04:00,4.053881674403648,4.059596094274445,3.9835718958573536,4.043447017669678,246636000,0.0,0.0
2019-07-05 00:00:00-04:00,3.9850638265751157,3.989535755890419,3.9174863735850263,3.9808402061462402,396552000,0.0,0.0
2019-07-08 00:00:00-04:00,3.9212126041796265,3.9400945021535914,3.8757472058921416,3.905808925628662,329788000,0.0,0.0
2019-07-09 00:00:00-04:00,3.8635732502768936,3.936367787172201,3.8509026274936953,3.9082934856414795,342860000,0.0,0.0
2019-07-10 00:00:00-04:00,3.9517715160104028,4.034006766119606,3.93785863796451,3.976616144180298,452076000,0.0,0.0
2019-07-11 00:00:00-04:00,4.049657561934155,4.1718927743181276,4.0123908675844255,4.131147861480713,682560000,0.0,0.0
2019-07-12 00:00:00-04:00,4.158975822873051,4.235248835282118,4.158975822873051,4.164193153381348,506392000,0.0,0.0
2019-07-15 00:00:00-04:00,4.185310850156466,4.20145945794279,4.127423128501158,4.155745506286621,289840000,0.0,0.0
2019-07-16 00:00:00-04:00,4.14083751708391,4.178104215036881,4.095371889690528,4.151023864746094,341444000,0.0,0.0
2019-07-17 00:00:00-04:00,4.152764620848793,4.223323208289703,4.123448058029821,4.216366767883301,348204000,0.0,0.0
2019-07-18 00:00:00-04:00,4.226799630979774,4.290898368571763,4.170153948441138,4.228041648864746,442192000,0.0,0.0
2019-07-19 00:00:00-04:00,4.266304315501294,4.272763664177601,4.178851245424811,4.184813976287842,344896000,0.0,0.0
2019-07-22 00:00:00-04:00,4.206178955774313,4.269283989209978,4.198725426267375,4.256364822387695,315940000,0.0,0.0
2019-07-23 00:00:00-04:00,4.295620838648353,4.366178951113766,4.27996837410679,4.36419153213501,428176000,0.0,0.0
2019-07-24 00:00:00-04:00,4.407419592627762,4.444437984259392,4.331395391009133,4.438723564147949,366236000,0.0,0.0
2019-07-25 00:00:00-04:00,4.397233968892098,4.409904829207143,4.284191357013776,4.307545185089111,392700000,0.0,0.0
2019-07-26 00:00:00-04:00,4.3346264915523784,4.396240742334675,4.3346264915523784,4.3495330810546875,274160000,0.0,0.0
2019-07-29 00:00:00-04:00,4.342327614108528,4.359470402443908,4.255123345438182,4.343321323394775,248160000,0.0,0.0
2019-07-30 00:00:00-04:00,4.296862168200312,4.371147271681989,4.28245219823454,4.358973503112793,197772000,0.0,0.0
2019-07-31 00:00:00-04:00,4.327420634406014,4.328414817582776,4.149533874289371,4.191769599914551,359416000,0.0,0.0
2019-08-01 00:00:00-04:00,4.202203799351424,4.292637970423486,4.045186373406644,4.097360134124756,421212000,0.0,0.0
2019-08-02 00:00:00-04:00,4.004691123962402,4.074007695039552,3.957238295063743,4.004691123962402,428348000,0.0,0.0
2019-08-05 00:00:00-04:00,3.8210895739510824,3.8223318291537214,3.6993514073238907,3.746307611465454,589156000,0.0,0.0
2019-08-06 00:00:00-04:00,3.82108866349491,3.866554055785822,3.737362625661373,3.7850639820098877,361272000,0.0,0.0
2019-08-07 00:00:00-04:00,3.724195661318012,3.835250855534776,3.706804563003239,3.8233253955841064,372560000,0.0,0.0
2019-08-08 00:00:00-04:00,3.880964695975573,3.933138226420226,3.8235738361800475,3.9318959712982178,309300000,0.0,0.0
2019-08-09 00:00:00-04:00,3.890901663085374,3.8943798819044595,3.780095041557617,3.8305294513702393,341816000,0.0,0.0
2019-08-12 00:00:00-04:00,3.7783565982699034,3.830530126690227,3.7408413480102225,3.762704610824585,279200000,0.0,0.0
2019-08-13 00:00:00-04:00,3.7612139363125627,3.922951856155256,3.7222081208155413,3.8769893646240234,351956000,0.0,0.0
2019-08-14 00:00:00-04:00,3.7887915306196374,3.799971590156669,3.684693012038414,3.728419303894043,419880000,0.0,0.0
2019-08-15 00:00:00-04:00,3.747300794658426,3.767176401237818,3.661835638979853,3.6961209774017334,477200000,0.0,0.0
2019-08-16 00:00:00-04:00,3.9589769679077773,4.013386231408459,3.8976107906915054,3.9641942977905273,1007960000,0.0,0.0
2019-08-19 00:00:00-04:00,4.07748526485149,4.258850257406835,4.061336184347496,4.242949485778809,815112000,0.0,0.0
2019-08-20 00:00:00-04:00,4.237484451667277,4.237981543362013,4.14953476209671,4.170652866363525,463188000,0.0,0.0
2019-08-21 00:00:00-04:00,4.236737836701404,4.309283823277182,4.2151231208071644,4.254128932952881,427244000,0.0,0.0
2019-08-22 00:00:00-04:00,4.263819387290122,4.306303425891061,4.221086565934948,4.260341167449951,303488000,0.0,0.0
2019-08-23 00:00:00-04:00,4.183819691538798,4.238229188545008,4.015870488711359,4.035746097564697,568056000,0.0,0.0
2019-08-26 00:00:00-04:00,4.114502348678509,4.138601570357348,4.072266633541392,4.110527038574219,318208000,0.0,0.0
2019-08-27 00:00:00-04:00,4.148788387342444,4.1515212063418945,3.9905289293806834,4.019845485687256,290968000,0.0,0.0
2019-08-28 00:00:00-04:00,3.993485282144662,4.062123853700246,3.9541918190476877,4.009401321411133,255612000,0.004,0.0
2019-08-29 00:00:00-04:00,4.100918475882633,4.185473535124823,4.097436813714103,4.153143882751465,357976000,0.0,0.0
2019-08-30 00:00:00-04:00,4.199400171587495,4.249138608999759,4.147672348467827,4.165826797485352,290616000,0.0,0.0
2019-09-03 00:00:00-04:00,4.092961058921285,4.126036854372874,4.059885263469695,4.082764625549316,296140000,0.0,0.0
2019-09-04 00:00:00-04:00,4.143444587630888,4.204374150325406,4.143444587630888,4.196913242340088,227728000,0.0,0.0
2019-09-05 00:00:00-04:00,4.2991259394861,4.4761940885888105,4.297385108269852,4.469976902008057,695676000,0.0,0.0
2019-09-06 00:00:00-04:00,4.446598448939372,4.503548756528855,4.40481850947075,4.442868232727051,376976000,0.0,0.0
2019-09-09 00:00:00-04:00,4.4739550023506185,4.5754212556438505,4.4724627260060785,4.4888763427734375,417524000,0.0,0.0
2019-09-10 00:00:00-04:00,4.456048916303457,4.582135352118084,4.446350069165602,4.555525779724121,352812000,0.0,0.0
2019-09-11 00:00:00-04:00,4.570199346218008,4.6323721593145075,4.541102325489207,4.584125995635986,361512000,0.0,0.0
2019-09-12 00:00:00-04:00,4.630631102023406,4.68534300411401,4.574675478100688,4.5826334953308105,327840000,0.0,0.0
2019-09-13 00:00:00-04:00,4.515984564789809,4.553039603252605,4.480918912152651,4.524688720703125,324592000,0.0,0.0
2019-09-16 00:00:00-04:00,4.449583560846985,4.516232723573079,4.439138574666537,4.481664657592773,231832000,0.0,0.0
2019-09-17 00:00:00-04:00,4.488380398702678,4.50728098950377,4.441875060065912,4.503053188323975,223048000,0.0,0.0
2019-09-18 00:00:00-04:00,4.496089306245021,4.511756786968211,4.38940054559531,4.475944995880127,258152000,0.0,0.0
2019-09-19 00:00:00-04:00,4.481912963716712,4.5003164401635996,4.38964844989743,4.4003424644470215,245476000,0.0,0.0
2019-09-20 00:00:00-04:00,4.399349477724203,4.422974981792765,4.284454117212806,4.294650077819824,350244000,0.0,0.0
2019-09-23 00:00:00-04:00,4.2948967852106446,4.393627024125913,4.2911660949651935,4.348116397857666,249712000,0.0,0.0
2019-09-24 00:00:00-04:00,4.379454235851104,4.409048373497199,4.255108577586994,4.290671348571777,317268000,0.0,0.0
2019-09-25 00:00:00-04:00,4.290172550436639,4.45207079453201,4.245408050238086,4.432424068450928,308432000,0.0,0.0
2019-09-26 00:00:00-04:00,4.42272508778121,4.431429243188591,4.3593085562806975,4.410290241241455,234564000,0.0,0.0
2019-09-27 00:00:00-04:00,4.368511015596242,4.419244154293702,4.210840550728801,4.27152156829834,362056000,0.0,0.0
2019-09-30 00:00:00-04:00,4.297384062404864,4.3391640014267345,4.266048633797646,4.328967571258545,186184000,0.0,0.0
2019-10-01 00:00:00-04:00,4.3520963323986965,4.501311158663394,4.322502206359098,4.3272271156311035,366008000,0.0,0.0
2019-10-02 00:00:00-04:00,4.305343649411506,4.317280914728532,4.230985007369558,4.303354263305664,293372000,0.0,0.0
2019-10-03 00:00:00-04:00,4.307831419397454,4.515239901198863,4.277491141113191,4.5090227127075195,450588000,0.0,0.0
2019-10-04 00:00:00-04:00,4.511260242747029,4.554781506902025,4.446103335376834,4.525435924530029,265524000,0.0,0.0
2019-10-07 00:00:00-04:00,4.590343182077452,4.6838509563644015,4.581639026191215,4.584125995635986,480984000,0.0,0.0
2019-10-08 00:00:00-04:00,4.492359210475812,4.492359210475812,4.389401127543962,4.40755558013916,444436000,0.0,0.0
2019-10-09 00:00:00-04:00,4.484399816144153,4.543588540685991,4.455551829187317,4.494098663330078,292412000,0.0,0.0
2019-10-10 00:00:00-04:00,4.491862501080784,4.60277861262749,4.4866400063489715,4.551796913146973,309124000,0.0,0.0
2019-10-11 00:00:00-04:00,4.635854114003878,4.708720473400981,4.616953524504496,4.625409126281738,446404000,0.0,0.0
2019-10-14 00:00:00-04:00,4.6167036441599185,4.659727309085949,4.585617241383879,4.6388373374938965,200040000,0.0,0.0
2019-10-15 00:00:00-04:00,4.729113293362089,4.956168445454992,4.715186168860915,4.88355016708374,664124000,0.0,0.0
2019-10-16 00:00:00-04:00,4.849480716195139,4.954428672814224,4.818394301347735,4.829833984375,428944000,0.0,0.0
2019-10-17 00:00:00-04:00,4.874347999405912,4.91936104944137,4.777358101202612,4.831821918487549,263436000,0.0,0.0
2019-10-18 00:00:00-04:00,4.832319517383728,4.8648981994758875,4.662960840376876,4.737319469451904,307440000,0.0,0.0
2019-10-21 00:00:00-04:00,4.798745227818755,4.888025656092476,4.77984464368851,4.874596118927002,261868000,0.0,0.0
2019-10-22 00:00:00-04:00,4.9315484621583225,5.036744965587818,4.856941261862474,4.864650726318359,328720000,0.0,0.0
2019-10-23 00:00:00-04:00,4.7825822795460935,4.865893631533016,4.750749730863077,4.851718425750732,279916000,0.0,0.0
2019-10-24 00:00:00-04:00,4.893000695631441,4.929309599382195,4.858930206909556,4.8957366943359375,232020000,0.0,0.0
2019-10-25 00:00:00-04:00,4.976311981057411,5.107620931006642,4.968602518136838,5.08673095703125,423092000,0.0,0.0
2019-10-28 00:00:00-04:00,5.130500075054106,5.195159854407328,5.101154501129985,5.142686367034912,330792000,0.0,0.0
2019-10-29 00:00:00-04:00,5.128760121351249,5.13522633756321,5.0270457624179,5.046443462371826,211236000,0.0,0.0
2019-10-30 00:00:00-04:00,5.073301570839169,5.079021648128186,4.980290903691012,5.048432350158691,205960000,0.0,0.0
2019-10-31 00:00:00-04:00,5.027542645655289,5.048432621386472,4.919362075375267,4.999191761016846,209732000,0.0,0.0
2019-11-01 00:00:00-04:00,4.963876567710956,5.0705653145455365,4.938758796009322,5.038235664367676,283640000,0.0,0.0
2019-11-04 00:00:00-05:00,5.119309541330526,5.247385867333541,5.09618162521197,5.234951019287109,376716000,0.0,0.0
2019-11-05 00:00:00-05:00,5.234701858026008,5.260814324386149,5.164819585428227,5.212817192077637,300868000,0.0,0.0
2019-11-06 00:00:00-05:00,5.1886948568814235,5.214309743320998,5.0760374547211295,5.163577079772949,269012000,0.0,0.0
2019-11-07 00:00:00-05:00,5.250120988498,5.264793776027549,5.136468905218654,5.1812334060668945,280340000,0.0,0.0
2019-11-08 00:00:00-05:00,5.1643232978060345,5.198891370489453,5.126770671726105,5.167307376861572,189100000,0.0,0.0
2019-11-11 00:00:00-05:00,5.166561612502861,5.200383549285411,5.080265701882329,5.177255630493164,243436000,0.0,0.0
2019-11-12 00:00:00-05:00,5.215552716028571,5.268772815950008,5.1804870652443125,5.212817192077637,283504000,0.0,0.0
2019-11-13 00:00:00-05:00,5.181483927431809,5.2090886818100435,5.120554813749008,5.186955451965332,300188000,0.0,0.0
2019-11-14 00:00:00-05:00,5.195906656724694,5.219532631134301,5.135972253725636,5.217294216156006,518080000,0.0,0.0
2019-11-15 00:00:00-05:00,5.215054833764426,5.2667826542626015,4.989740549058636,5.078026294708252,1053628000,0.0,0.0
2019-11-18 00:00:00-05:00,5.070564682375882,5.30582633675466,5.067580604380784,5.279216766357422,574588000,0.0,0.0
2019-11-19 00:00:00-05:00,5.24813302399361,5.271758528354676,5.11433706883444,5.172530651092529,414564000,0.0,0.0
2019-11-20 00:00:00-05:00,5.1496491804366125,5.335670008471485,5.1369657804544,5.251861095428467,472588000,0.0,0.0
2019-11-21 00:00:00-05:00,5.247384514375974,5.303091101369856,5.205355545195176,5.226991653442383,288388000,0.0,0.0
2019-11-22 00:00:00-05:00,5.249623351530179,5.296128683064567,5.2210239150213065,5.244649887084961,224100000,0.0,0.0
2019-11-25 00:00:00-05:00,5.372725486057657,5.506272842981448,5.359793530399682,5.501298904418945,506476000,0.0,0.0
2019-11-26 00:00:00-05:00,5.483642287883037,5.488367672442759,5.390134507414551,5.396600723266602,385244000,0.0,0.0
2019-11-27 00:00:00-05:00,5.442145122688888,5.476489490194554,5.405062737577762,5.431443214416504,215784000,0.004,0.0
2019-11-29 00:00:00-05:00,5.40058262026836,5.428953948692531,5.370219488637328,5.394111633300781,141556000,0.0,0.0
2019-12-02 00:00:00-05:00,5.387143919511813,5.400583371427015,5.192523927668455,5.207705020904541,372036000,0.0,0.0
2019-12-03 00:00:00-05:00,5.024035123991091,5.172115443423006,4.986704002882057,5.168133735656738,465232000,0.0,0.0
2019-12-04 00:00:00-05:00,5.251754486173234,5.274153250327025,5.183314028899267,5.211934566497803,273424000,0.0,0.0
2019-12-05 00:00:00-05:00,5.233837071340404,5.2495161149548695,5.1644006964450595,5.19501256942749,184884000,0.0,0.0
2019-12-06 00:00:00-05:00,5.264199913986755,5.3132283752596186,5.254244694063102,5.280376434326172,232236000,0.0,0.0
2019-12-09 00:00:00-05:00,5.257480188007391,5.335129194524237,5.2487696079197015,5.280376434326172,211880000,0.0,0.0
2019-12-10 00:00:00-05:00,5.310490410626743,5.377189245524088,5.257728978700155,5.325423240661621,256388000,0.0,0.0
2019-12-11 00:00:00-05:00,5.335874929258308,5.414519348765117,5.333386124722475,5.409043788909912,233796000,0.0,0.0
2019-12-12 00:00:00-05:00,5.380174119493013,5.594704023157455,5.371214803568274,5.576536178588867,404348000,0.0,0.0
2019-12-13 00:00:00-05:00,5.579522514952342,5.698733528864786,5.5205388530199935,5.574544906616211,454704000,0.0,0.0
2019-12-16 00:00:00-05:00,5.622079852194508,5.675836691921466,5.59395679292863,5.603414058685303,320976000,0.0,0.0
2019-12-17 00:00:00-05:00,5.622080800181148,5.704209451026532,5.612623532829805,5.6815619468688965,321196000,0.0,0.0
2019-12-18 00:00:00-05:00,5.716404688373708,5.772401607839485,5.70794284726493,5.711925029754639,343548000,0.0,0.0
2019-12-19 00:00:00-05:00,5.746517700958766,5.873443873474794,5.741540092305379,5.860004425048828,445360000,0.0,0.0
2019-12-20 00:00:00-05:00,5.9264538879845015,5.982699535294677,5.907290617285012,5.957314491271973,603044000,0.0,0.0
2019-12-23 00:00:00-05:00,5.985936088138887,6.018040861898894,5.932925924459894,5.94362735748291,355060000,0.0,0.0
2019-12-24 00:00:00-05:00,5.928195055602336,5.955820161455849,5.893850226770227,5.938647747039795,138864000,0.0,0.0
2019-12-26 00:00:00-05:00,5.942133176740019,5.980957670496352,5.923218643267122,5.9528350830078125,182852000,0.0,0.0
2019-12-27 00:00:00-05:00,5.968016904612984,5.981456354930958,5.868715829045477,5.895096778869629,254644000,0.0,0.0
2019-12-30 00:00:00-05:00,5.873195140004551,5.878421486687394,5.750499887279652,5.781857967376709,258056000,0.0,0.0
2019-12-31 00:00:00-05:00,5.746518283592325,5.865480579138932,5.7273550104938185,5.85602331161499,231004000,0.0,0.0
2020-01-02 00:00:00-05:00,5.941884393688347,5.9707536697387695,5.891363041927383,5.9707536697387695,237536000,0.0,0.0
2020-01-03 00:00:00-05:00,5.851045561653233,5.918988548422026,5.826157991152776,5.875186443328857,205384000,0.0,0.0
2020-01-06 00:00:00-05:00,5.781857764502028,5.905050488955514,5.755726032004728,5.899824142456055,262636000,0.0,0.0
2020-01-07 00:00:00-05:00,5.928196075296092,6.017044442487873,5.883149809298522,5.971251487731934,314856000,0.0,0.0
2020-01-08 00:00:00-05:00,5.967021611212417,6.023765219861093,5.926952946804154,5.982451915740967,277108000,0.0,0.0
2020-01-09 00:00:00-05:00,6.0688100475588,6.120576034406297,5.994396560138234,6.048153400421143,255112000,0.0,0.0
2020-01-10 00:00:00-05:00,6.155419686593314,6.185782344219764,6.06632256758394,6.080508232116699,316296000,0.0,0.0
2020-01-13 00:00:00-05:00,6.163632128120506,6.296282128119939,6.140984150343223,6.271145820617676,319840000,0.0,0.0
2020-01-14 00:00:00-05:00,6.228339569543208,6.2537250915044345,6.140984569750498,6.154175281524658,359088000,0.0,0.0
2020-01-15 00:00:00-05:00,6.166868275946175,6.189267045100007,6.085735040956248,6.1116180419921875,263104000,0.0,0.0
2020-01-16 00:00:00-05:00,6.165126573719657,6.20121353474369,6.141732375985483,6.195240497589111,284192000,0.0,0.0
2020-01-17 00:00:00-05:00,6.214402145054004,6.221868558212583,6.156414379459316,6.203949451446533,253792000,0.0,0.0
2020-01-21 00:00:00-05:00,6.16736492115884,6.204198560894106,6.13650431691283,6.170600414276123,217916000,0.0,0.0
2020-01-22 00:00:00-05:00,6.215894030712866,6.311212889840643,6.196979501670299,6.224604606628418,239240000,0.0,0.0
2020-01-23 00:00:00-05:00,6.264675623846474,6.301508791795194,6.175827247965222,6.293046951293945,244516000,0.0,0.0
2020-01-24 00:00:00-05:00,6.4085242141438945,6.458299349372817,6.17955944653442,6.233814239501953,373512000,0.0,0.0
2020-01-27 00:00:00-05:00,5.9291913682766975,6.028990377187651,5.779617698609579,5.977971076965332,470536000,0.0,0.0
2020-01-28 00:00:00-05:00,6.043923483285389,6.203701127903374,5.990664110182417,6.171347618103027,310976000,0.0,0.0
2020-01-29 00:00:00-05:00,6.1569130145371735,6.19299997011159,6.071050915088323,6.110871315002441,258848000,0.0,0.0
2020-01-30 00:00:00-05:00,6.013062069994138,6.131028921567064,5.958061063241171,6.117589473724365,290504000,0.0,0.0
2020-01-31 00:00:00-05:00,6.0717982136305295,6.083744287335184,5.842335907093359,5.884146690368652,370420000,0.0,0.0
2020-02-03 00:00:00-05:00,5.8659766419845765,6.000617946718888,5.859754869381444,5.981205940246582,255564000,0.0,0.0
2020-02-04 00:00:00-05:00,6.123065746362249,6.169605393823703,6.073041867526822,6.150441646575928,271544000,0.0,0.0
2020-02-05 00:00:00-05:00,6.2713950863848416,6.281599042941354,6.15741039787647,6.24078369140625,208220000,0.0,0.0
2020-02-06 00:00:00-05:00,6.275127851182207,6.327640056610107,6.193994633007796,6.327640056610107,218284000,0.0,0.0
2020-02-07 00:00:00-05:00,6.287572013355755,6.309722042005786,6.236054755001405,6.261440277099609,189752000,0.0,0.0
2020-02-10 00:00:00-05:00,6.284088443035795,6.5454067824737585,6.279110833313493,6.544660568237305,529608000,0.0,0.0
2020-02-11 00:00:00-05:00,6.652920487059736,6.781837531508206,6.590950532170923,6.6671061515808105,638556000,0.0,0.0
2020-02-12 00:00:00-05:00,6.71986582659144,6.789302177439918,6.681041338124038,6.782831192016602,374644000,0.0,0.0
2020-02-13 00:00:00-05:00,6.724842794350833,6.806224732240563,6.697466427288056,6.739028453826904,528016000,0.0,0.0
2020-02-14 00:00:00-05:00,7.149176609223402,7.341059034322316,7.117818524879411,7.212141990661621,1041924000,0.0,0.0
2020-02-18 00:00:00-05:00,7.108859618666607,7.399296940879864,7.089447604423475,7.380879878997803,620164000,0.0,0.0
2020-02-19 00:00:00-05:00,7.503325127505003,7.849758840322369,7.503325127505003,7.832088470458984,694332000,0.0,0.0
2020-02-20 00:00:00-05:00,7.784055011926887,7.872405426871705,7.375402657191231,7.68276309967041,810052000,0.0,0.0
2020-02-21 00:00:00-05:00,7.5705212914852815,7.595657599846096,7.233793590100202,7.318659782409668,768180000,0.0,0.0
2020-02-24 00:00:00-05:00,6.724347196251177,7.015033220439057,6.669843655720504,6.8012495040893555,856916000,0.0,0.0
2020-02-25 00:00:00-05:00,6.876410687420948,6.938380650884585,6.419974383925841,6.521764278411865,1055496000,0.0,0.0
2020-02-26 00:00:00-05:00,6.522011817590938,6.855255296567621,6.520518914603024,6.6611328125,747732000,0.0,0.0
2020-02-27 00:00:00-05:00,6.347612889037351,6.648931757628924,6.197949714649713,6.290337562561035,906416000,0.004,0.0
2020-02-28 00:00:00-05:00,6.037826334431292,6.784897141438854,6.021141893667339,6.7253804206848145,1133252000,0.0,0.0
2020-03-02 00:00:00-05:00,6.895463828543595,6.912646518267532,6.4995162543980625,6.883759498596191,890744000,0.0,0.0
2020-03-03 00:00:00-05:00,6.939540911663828,6.999306519580371,6.535873577697565,6.621288776397705,652792000,0.0,0.0
2020-03-04 00:00:00-05:00,6.728618217428023,7.094433875085668,6.653910847652948,7.084970951080322,597408000,0.0,0.0
2020-03-05 00:00:00-05:00,6.8855041236938455,7.052349995369933,6.760992293337809,6.805567741394043,540328000,0.0,0.0
2020-03-06 00:00:00-05:00,6.626021294782965,6.683545982685263,6.424810043017142,6.625025272369385,515412000,0.0,0.0
2020-03-09 00:00:00-04:00,5.974077388240757,6.459673702374688,5.931245574441285,6.11203670501709,614160000,0.0,0.0
2020-03-10 00:00:00-04:00,6.38845186990878,6.501508712768555,6.125732346102121,6.501508712768555,580648000,0.0,0.0
2020-03-11 00:00:00-04:00,6.361557585907616,6.389946359754205,6.040566234422032,6.137685298919678,499964000,0.0,0.0
2020-03-12 00:00:00-04:00,5.614486920815418,5.879946119674955,5.3739301811778155,5.386630535125732,816540000,0.0,0.0
2020-03-13 00:00:00-04:00,5.739994622297284,6.001967498882198,5.468808182759905,5.997485160827637,634836000,0.0,0.0
2020-03-16 00:00:00-04:00,5.289510622766234,5.630424311039589,4.8310582281153325,4.890823841094971,726972000,0.0,0.0
2020-03-17 00:00:00-04:00,5.003134146835945,5.499936546857381,4.756351898864725,5.410536766052246,833632000,0.0,0.0
2020-03-18 00:00:00-04:00,4.982962115786236,5.228001143281701,4.499358442377343,5.05069637298584,874268000,0.0,0.0
2020-03-19 00:00:00-04:00,5.029279960655798,5.3970880811724395,4.815867142222051,5.303455352783203,765512000,0.0,0.0
2020-03-20 00:00:00-04:00,5.453617044388222,5.735511767463592,5.108221508815818,5.123661041259766,804636000,0.0,0.0
2020-03-23 00:00:00-04:00,5.12266549047354,5.390864363327464,4.943617513362338,5.296483993530273,643876000,0.0,0.0
2020-03-24 00:00:00-04:00,5.702640595125703,6.291830739752973,5.678983523079029,6.205170154571533,1101644000,0.0,0.0
2020-03-25 00:00:00-04:00,6.320219057670394,6.519936005707331,6.067709130537337,6.116518020629883,793432000,0.0,0.0
2020-03-26 00:00:00-04:00,6.323706480486076,6.529898321725795,6.225591384455228,6.405884742736816,696108000,0.0,0.0
2020-03-27 00:00:00-04:00,6.225589760738807,6.552308779778752,6.192718654401704,6.293573379516602,638828000,0.0,0.0
2020-03-30 00:00:00-04:00,6.359068666785225,6.623034115756195,6.314991462992382,6.6138200759887695,602252000,0.0,0.0
2020-03-31 00:00:00-04:00,6.653911531793764,6.858111316861136,6.418584266504884,6.564263343811035,949960000,0.0,0.0
2020-04-01 00:00:00-04:00,6.366288693106729,6.512714411716045,6.008441698800573,6.053016662597656,656912000,0.0,0.0
2020-04-02 00:00:00-04:00,6.08215214884335,6.375004040795711,6.034090873043499,6.3618059158325195,675764000,0.0,0.0
2020-04-03 00:00:00-04:00,6.324203053403894,6.365789947234799,5.936473522309856,6.073934555053711,663212000,0.0,0.0
2020-04-06 00:00:00-04:00,6.356078940367916,6.720649696082763,6.2985542597634785,6.683794021606445,727884000,0.0,0.0
2020-04-07 00:00:00-04:00,6.9054250880511185,6.929082636686835,6.407377832223849,6.450459003448486,784520000,0.0,0.0
2020-04-08 00:00:00-04:00,6.559531142622338,6.672587985050832,6.489555470489437,6.647685527801514,542444000,0.0,0.0
2020-04-09 00:00:00-04:00,6.7734427014723,6.796352639085369,6.485073111903276,6.548076152801514,525564000,0.0,0.0
2020-04-13 00:00:00-04:00,6.488311394390533,6.7286192589957325,6.399908111031606,6.719903469085693,398408000,0.0,0.0
2020-04-14 00:00:00-04:00,6.848148669477411,7.1051409096792435,6.820507036012327,7.0710248947143555,530948000,0.0,0.0
2020-04-15 00:00:00-04:00,6.902933296471685,7.07650285284704,6.857611203618255,6.99357795715332,366148000,0.0,0.0
2020-04-16 00:00:00-04:00,7.148970258403204,7.4458062782420305,7.135772131696852,7.338726043701172,745620000,0.0,0.0
2020-04-17 00:00:00-04:00,7.420904147198899,7.442320290044021,7.145484257149034,7.279458999633789,539120000,0.0,0.0
2020-04-20 00:00:00-04:00,7.152955099952114,7.308843758155547,7.1038973186254335,7.148223400115967,449388000,0.0,0.0
2020-04-21 00:00:00-04:00,7.030185208005617,7.091444608493572,6.6516692364294805,6.711434841156006,735160000,0.0,0.0
2020-04-22 00:00:00-04:00,6.9036824351032005,7.16864386436496,6.858111442244834,7.125811576843262,483356000,0.0,0.0
2020-04-23 00:00:00-04:00,7.167896641934298,7.299878868796105,7.047368909886649,7.0725202560424805,424160000,0.0,0.0
2020-04-24 00:00:00-04:00,7.062309523825545,7.213466463069181,6.987602158038459,7.211474418640137,352328000,0.0,0.0
2020-04-27 00:00:00-04:00,7.345948667480106,7.557867748351384,7.321295094747298,7.397994518280029,479388000,0.0,0.0
2020-04-28 00:00:00-04:00,7.545414690746777,7.575297730946533,7.250072978732017,7.255551338195801,442904000,0.0,0.0
2020-04-29 00:00:00-04:00,7.390273596385241,7.485151719845998,7.315068455671368,7.432358741760254,379160000,0.0,0.0
2020-04-30 00:00:00-04:00,7.378320164848729,7.432358525382171,7.264516672346665,7.278461933135986,375916000,0.0,0.0
2020-05-01 00:00:00-04:00,7.080985313018937,7.1942910220992635,6.993578078869815,7.04188871383667,342096000,0.0,0.0
2020-05-04 00:00:00-04:00,6.994575294874223,7.26750535035429,6.994575294874223,7.253808975219727,317556000,0.0,0.0
2020-05-05 00:00:00-04:00,7.357900981818073,7.477432203170718,7.253808818035892,7.314819812774658,368896000,0.0,0.0
2020-05-06 00:00:00-04:00,7.39425806760454,7.520513027172209,7.356406373420387,7.415673732757568,323464000,0.0,0.0
2020-05-07 00:00:00-04:00,7.55487923001082,7.655235729230102,7.503580514583629,7.591983795166016,373732000,0.0,0.0
2020-05-08 00:00:00-04:00,7.663701829138328,7.788213639441063,7.629834696531762,7.781988143920898,339216000,0.0,0.0
2020-05-11 00:00:00-04:00,7.777007644992657,8.080816769532566,7.748369985297888,8.034000396728516,469060000,0.0,0.0
2020-05-12 00:00:00-04:00,8.091772452263047,8.140580863403843,7.762314252138268,7.772026062011719,493060000,0.0,0.0
2020-05-13 00:00:00-04:00,7.886577506904461,8.046948482659857,7.565087945015073,7.749614715576172,625852000,0.0,0.0
2020-05-14 00:00:00-04:00,7.811124761788539,8.0046162389776,7.65747702951931,7.999137878417969,602312000,0.0,0.0
2020-05-15 00:00:00-04:00,7.858936971441873,8.467301439832687,7.843248550692167,8.457590103149414,987660000,0.0,0.0
2020-05-18 00:00:00-04:00,8.72628882156993,8.88167975378288,8.646601310170992,8.716078758239746,774460000,0.0,0.0
2020-05-19 00:00:00-04:00,8.755920839710528,9.052009769820181,8.728528084789303,8.771111488342285,717320000,0.0,0.0
2020-05-20 00:00:00-04:00,8.955886844050895,9.007683809546332,8.854036071033905,8.934968948364258,587536000,0.0,0.0
2020-05-21 00:00:00-04:00,9.016148234630046,9.017143781798746,8.70337448278316,8.74097728729248,761068000,0.0,0.0
2020-05-22 00:00:00-04:00,8.79078491677303,9.0574900247976,8.679222790498686,8.991000175476074,1038764000,0.0,0.0
2020-05-26 00:00:00-04:00,9.120988085794831,9.14589101839165,8.638131479647026,8.68370246887207,770780000,0.0,0.0
2020-05-27 00:00:00-04:00,8.591312863888776,8.599032153511645,7.965516532818356,8.491952896118164,1175892000,0.0,0.0
2020-05-28 00:00:00-04:00,8.379395599557078,8.726285899870943,8.346524488362034,8.45385456085205,734896000,0.0,0.0
2020-05-29 00:00:00-04:00,8.521091927726768,8.840838432312012,8.451863374940007,8.840838432312012,745256000,0.0,0.0
2020-06-01 00:00:00-04:00,8.798754153314691,8.806224560089234,8.655565340452666,8.771859169006348,389876000,0.0,0.0
2020-06-02 00:00:00-04:00,8.761894954765905,8.802734236486176,8.624184566222704,8.790781021118164,391320000,0.0,0.0
2020-06-03 00:00:00-04:00,8.787794083509207,8.831621909819457,8.666020989747482,8.735249519348145,365440000,0.0,0.0
2020-06-04 00:00:00-04:00,8.69787819453533,8.912385353241994,8.647552560413976,8.736246109008789,424280000,0.004,0.0
2020-06-05 00:00:00-04:00,8.764150747814513,8.965951317079053,8.677949089907083,8.889217376708984,481748000,0.0,0.0
2020-06-08 00:00:00-04:00,8.846615376117425,8.859072050015294,8.655776508944166,8.774615287780762,387736000,0.0,0.0
2020-06-09 00:00:00-04:00,8.769629699287476,9.078310297164291,8.721048020934704,9.014780044555664,468488000,0.0,0.0
2020-06-10 00:00:00-04:00,9.136111384081739,9.467214393281685,9.12190980978842,9.334424018859863,632180000,0.0,0.0
2020-06-11 00:00:00-04:00,9.118423392635822,9.229289397995633,8.755680170871136,8.765894889831543,583652000,0.0,0.0
2020-06-12 00:00:00-04:00,9.130882024444821,9.155546372764283,8.673216375848513,8.9016752243042,570908000,0.0,0.0
2020-06-15 00:00:00-04:00,8.784831221668995,9.150564425960592,8.713577174373565,9.142093658447266,400004000,0.0,0.0
2020-06-16 00:00:00-04:00,9.193163544019576,9.234769412991046,8.808246055560947,9.037202835083008,535716000,0.0,0.0
2020-06-17 00:00:00-04:00,9.082299582724236,9.26690962968148,9.038948800827344,9.204127311706543,408304000,0.0,0.0
2020-06-18 00:00:00-04:00,9.195159372769865,9.250467881789225,9.083047401732872,9.186190605163574,254408000,0.0,0.0
2020-06-19 00:00:00-04:00,9.210604521255469,9.412405087364501,9.195406943583055,9.229289054870605,524160000,0.0,0.0
2020-06-22 00:00:00-04:00,9.267905738300618,9.498357500699983,9.24124749036034,9.49387264251709,398468000,0.0,0.0
2020-06-23 00:00:00-04:00,9.518040209035501,9.60922473407461,9.375036034949984,9.417388916015625,375108000,0.0,0.0
2020-06-24 00:00:00-04:00,9.443548049476501,9.523521851780817,9.112942971120358,9.203629493713379,449372000,0.0,0.0
2020-06-25 00:00:00-04:00,9.323464192064792,9.47219917351608,9.150562864873292,9.457250595092773,376072000,0.0,0.0
2020-06-26 00:00:00-04:00,9.46721610323142,9.46721610323142,9.093510204419653,9.123406410217285,592084000,0.0,0.0
2020-06-29 00:00:00-04:00,9.138105831903935,9.172735896063203,8.869286133575109,9.168251037597656,342248000,0.0,0.0
2020-06-30 00:00:00-04:00,9.281858355983763,9.49337565709447,9.234522616334136,9.464974403381348,367892000,0.0,0.0
2020-07-01 00:00:00-04:00,9.487893554343412,9.542704051253338,9.380515464752774,9.497111320495605,326648000,0.0,0.0
2020-07-02 00:00:00-04:00,9.605736929256501,9.703897268706609,9.545196562472253,9.579079627990723,364056000,0.0,0.0
2020-07-06 00:00:00-04:00,9.708131608857562,9.874555120077645,9.678982404276315,9.80529499053955,315892000,0.0,0.0
2020-07-07 00:00:00-04:00,9.911928592670913,10.035251304374011,9.816758140630343,9.837685585021973,357800000,0.0,0.0
2020-07-08 00:00:00-04:00,9.95926117147938,10.189713887639842,9.931108920781993,10.180744171142578,365480000,0.0,0.0
2020-07-09 00:00:00-04:00,10.344429847075826,10.533524777131117,10.198185802877653,10.472735404968262,494548000,0.0,0.0
2020-07-10 00:00:00-04:00,10.552209640724762,10.618479869923425,10.34293428234566,10.443087577819824,497676000,0.0,0.0
2020-07-13 00:00:00-04:00,10.558438359648575,10.755007091244167,9.990404705995894,10.017560958862305,457076000,0.0,0.0
2020-07-14 00:00:00-04:00,10.04023152466325,10.366850682254316,9.751730337959055,10.34118938446045,542676000,0.0,0.0
2020-07-15 00:00:00-04:00,10.378311468876817,10.396996003532037,10.02104815021368,10.191956520080566,403984000,0.0,0.0
2020-07-16 00:00:00-04:00,9.980441376324745,10.171529274896972,9.861353577760145,10.099778175354004,344964000,0.0,0.0
2020-07-17 00:00:00-04:00,10.190212395992338,10.213132788399555,10.052938091572605,10.166295051574707,266284000,0.0,0.0
2020-07-20 00:00:00-04:00,10.238795062200655,10.494908161522394,10.12170023378326,10.474478721618652,284852000,0.0,0.0
2020-07-21 00:00:00-04:00,10.47672022047995,10.523558910117604,10.251251290814393,10.29285717010498,277036000,0.0,0.0
2020-07-22 00:00:00-04:00,10.331723989267228,10.565912705823115,10.255986038250564,10.402728080749512,367292000,0.0,0.0
2020-07-23 00:00:00-04:00,10.413936738581402,10.510602112104115,9.996632039770423,10.094792366027832,411660000,0.0,0.0
2020-07-24 00:00:00-04:00,9.840921543413533,10.328981333279204,9.743260165513863,10.159318923950195,473292000,0.0,0.0
2020-07-27 00:00:00-04:00,10.196938356220194,10.405714725652683,10.182487780384779,10.38553524017334,292132000,0.0,0.0
2020-07-28 00:00:00-04:00,10.338450978671904,10.346173794016433,10.174020398209997,10.180248260498047,271636000,0.0,0.0
2020-07-29 00:00:00-04:00,10.354892241369713,10.47995887667741,10.31129340937831,10.429384231567383,284508000,0.0,0.0
2020-07-30 00:00:00-04:00,10.339197927038796,10.586342272548213,10.259723067690757,10.577373504638672,308880000,0.0,0.0
2020-07-31 00:00:00-04:00,10.52679668089732,10.72934616378924,10.396996185763363,10.578119277954102,386080000,0.0,0.0
2020-08-03 00:00:00-04:00,10.695463227056676,11.06044937073828,10.678272694361175,10.972254753112793,412720000,0.0,0.0
2020-08-04 00:00:00-04:00,11.011869584577683,11.189005851745605,10.868366436984433,11.189005851745605,310336000,0.0,0.0
2020-08-05 00:00:00-04:00,11.205197994341091,11.332506580940676,11.127716100125092,11.24779987335205,249924000,0.0,0.0
2020-08-06 00:00:00-04:00,11.310582577201503,11.31880434287186,11.140173154557944,11.296381950378418,244316000,0.0,0.0
2020-08-07 00:00:00-04:00,11.27345951412212,11.465046292456627,10.99940894476079,11.160849571228027,342516000,0.0,0.0
2020-08-10 00:00:00-04:00,11.295135049824099,11.36887907689594,10.819033027581968,11.126468658447266,427796000,0.0,0.0
2020-08-11 00:00:00-04:00,11.035535200137302,11.098318470452666,10.75849467047517,10.8125581741333,354512000,0.0,0.0
2020-08-12 00:00:00-04:00,10.952821324520649,11.427427485593178,10.920433215644131,11.40077018737793,464412000,0.0,0.0
2020-08-13 00:00:00-04:00,11.506153367122069,11.681297569830996,11.31656048998082,11.403509140014648,374460000,0.0,0.0
2020-08-14 00:00:00-04:00,11.490211514904173,11.664358807033938,11.401020889958053,11.524094581604004,366436000,0.0,0.0
2020-08-17 00:00:00-04:00,11.810353880526344,12.366926920176072,11.776471761378499,12.294427871704102,621300000,0.0,0.0
2020-08-18 00:00:00-04:00,12.407034073517147,12.452875803604645,12.0445398919427,12.218437194824219,503448000,0.0,0.0
2020-08-19 00:00:00-04:00,12.25406576741519,12.27250130164275,12.056250147210688,12.096611022949219,622624000,0.0,0.0
2020-08-20 00:00:00-04:00,11.933677341805534,12.33229665139421,11.837758946746654,12.099103927612305,921388000,0.0,0.0
2020-08-21 00:00:00-04:00,12.159643368535798,12.76454905109329,12.153165555775876,12.639731407165527,999868000,0.0,0.0
2020-08-24 00:00:00-04:00,12.83928809456214,12.867939296377706,12.464336268553247,12.676352500915527,490564000,0.0,0.0
2020-08-25 00:00:00-04:00,12.587163447397067,12.71721295767159,12.530359983621405,12.706002235412598,289076000,0.0,0.0
2020-08-26 00:00:00-04:00,12.755080235422875,12.82409136442748,12.633999509151844,12.728920936584473,321244000,0.0,0.0
2020-08-27 00:00:00-04:00,12.73738997776775,12.805654096298026,12.523131806331266,12.58466911315918,317604000,0.0,0.0
2020-08-28 00:00:00-04:00,12.631261447988905,13.10262879933687,12.598873332502295,13.10237979888916,537160000,0.0,0.0
2020-08-31 00:00:00-04:00,13.13725649731869,13.5281529158447,12.992757381915121,13.32834529876709,500840000,0.0,0.0
2020-09-01 00:00:00-04:00,13.437499372727544,13.949629681508943,13.394136574142701,13.777424812316895,511316000,0.004,0.0
2020-09-02 00:00:00-04:00,14.657394430023798,14.680322634835806,13.856178304386285,14.301271438598633,874012000,0.0,0.0
2020-09-03 00:00:00-04:00,13.785149967250463,13.840724090532843,12.838145345378821,12.974464416503906,945128000,0.0,0.0
2020-09-04 00:00:00-04:00,12.74344435701428,13.133461413536873,11.667846759486407,12.582703590393066,1463684000,0.0,0.0
2020-09-08 00:00:00-04:00,11.69750413983094,12.510433341431117,11.667349913206706,11.875441551208496,795728000,0.0,0.0
2020-09-09 00:00:00-04:00,12.360903188447526,12.768863107149748,12.193183586608452,12.674910545349121,736200000,0.0,0.0
2020-09-10 00:00:00-04:00,12.948297711708706,13.024058312072276,12.128639734136724,12.272933959960938,698684000,0.0,0.0
2020-09-11 00:00:00-04:00,12.446135301009607,12.612608590860168,11.858244411196186,12.126147270202637,636928000,0.0,0.0
2020-09-14 00:00:00-04:00,13.039757599396154,13.27301908186381,12.591425657125022,12.8316650390625,1201744000,0.0,0.0
2020-09-15 00:00:00-04:00,13.238128212410073,13.25681928424338,12.787304617341295,12.950039863586426,727556000,0.0,0.0
2020-09-16 00:00:00-04:00,12.916396361282892,13.051469093855214,12.474295118524273,12.475042343139648,556384000,0.0,0.0
2020-09-17 00:00:00-04:00,12.093999936822648,12.55005801210448,11.99680748160983,12.424205780029297,792512000,0.0,0.0
2020-09-18 00:00:00-04:00,12.554043494899407,12.592671016823958,11.950951439901562,12.150818824768066,698460000,0.0,0.0
2020-09-21 00:00:00-04:00,11.887405237931358,12.483021397443737,11.866969684042157,12.477787971496582,721044000,0.0,0.0
2020-09-22 00:00:00-04:00,12.535352186225024,12.608121979437849,12.117175425465769,12.597904205322266,646452000,0.0,0.0
2020-09-23 00:00:00-04:00,12.53585102033723,12.68687406505385,12.04116641481339,12.085525512695312,647012000,0.0,0.0
2020-09-24 00:00:00-04:00,12.034189790419692,12.529871698718129,11.976123011187333,12.309069633483887,731240000,0.0,0.0
2020-09-25 00:00:00-04:00,12.408255730099048,12.842880979305574,12.207142005563057,12.833161354064941,588016000,0.0,0.0
2020-09-28 00:00:00-04:00,12.99913658510344,13.010600685407562,12.709801858885758,12.993903160095215,573808000,0.0,0.0
2020-09-29 00:00:00-04:00,12.896709412588681,13.400366389247864,12.892473238294206,13.184050559997559,621460000,0.0,0.0
2020-09-30 00:00:00-04:00,13.116017451742245,13.579551557205184,13.10879047677623,13.487841606140137,689184000,0.0,0.0
2020-10-01 00:00:00-04:00,13.714624017312177,13.719358341774951,13.418310444661264,13.571576118469238,525004000,0.0,0.0
2020-10-02 00:00:00-04:00,13.18330571184835,13.476876636179565,13.009853546705289,13.021068572998047,552496000,0.0,0.0
2020-10-05 00:00:00-04:00,13.194271846804734,13.601234641002163,13.181063269309869,13.59949016571045,479820000,0.0,0.0
2020-10-06 00:00:00-04:00,13.786395919465548,14.09741250205041,13.621916178803843,13.693190574645996,784420000,0.0,0.0
2020-10-07 00:00:00-04:00,13.95561104695372,14.074734441277332,13.819790128206504,13.919973373413086,418084000,0.0,0.0
2020-10-08 00:00:00-04:00,14.030625334081545,14.040095885233358,13.714625307805663,13.795120239257812,378900000,0.0,0.0
2020-10-09 00:00:00-04:00,13.723598431479486,13.780667968269627,13.617683584761515,13.719361305236816,346892000,0.0,0.0
2020-10-12 00:00:00-04:00,13.945392496427578,14.301765409334289,13.868635604663355,14.181146621704102,434744000,0.0,0.0
2020-10-13 00:00:00-04:00,14.251426207794067,14.303262307853934,13.974551882634765,14.203328132629395,344604000,0.0,0.0
2020-10-14 00:00:00-04:00,14.245444791209522,14.297529966845348,13.915987137027978,14.050810813903809,276100000,0.0,0.0
2020-10-15 00:00:00-04:00,13.767209481431077,13.961594409547011,13.72434482502913,13.925957679748535,267224000,0.0,0.0
2020-10-16 00:00:00-04:00,13.99249587281889,14.076978854570742,13.74901562850576,13.767955780029297,242392000,0.0,0.0
2020-10-19 00:00:00-04:00,13.859164430309328,13.939410268080456,13.364478929074481,13.455192565917969,298068000,0.0,0.0
2020-10-20 00:00:00-04:00,13.540677027345843,13.756245703224199,13.464418259493941,13.602481842041016,229212000,0.0,0.0
2020-10-21 00:00:00-04:00,13.582042285326583,13.748017425435206,13.435007294119284,13.482108116149902,219596000,0.0,0.0
2020-10-22 00:00:00-04:00,13.479864180122386,13.568832390858473,13.190030400350476,13.318873405456543,290480000,0.0,0.0
2020-10-23 00:00:00-04:00,13.407595303610165,13.550394135898697,13.249346221187796,13.547403335571289,233484000,0.0,0.0
2020-10-26 00:00:00-04:00,13.384666737166388,13.64957879899875,12.997391406196375,13.099817276000977,336896000,0.0,0.0
2020-10-27 00:00:00-04:00,13.264047645682204,13.399619486373137,13.149908603860732,13.354512214660645,250520000,0.0,0.0
2020-10-28 00:00:00-04:00,13.156389534597933,13.218194335892415,12.569246774303116,12.587189674377441,376520000,0.0,0.0
2020-10-29 00:00:00-04:00,12.798023456887062,13.15115654997992,12.70980245234301,12.982938766479492,320080000,0.0,0.0
2020-10-30 00:00:00-04:00,12.809487666588163,12.895714171196541,12.261221483654902,12.494483947753906,416820000,0.0,0.0
2020-11-02 00:00:00-05:00,12.6178430986326,12.796278653138547,12.355921817146161,12.541086196899414,299652000,0.0,0.0
2020-11-03 00:00:00-05:00,12.668433313890562,13.063682887469264,12.563016632474788,12.978452682495117,272900000,0.0,0.0
2020-11-04 00:00:00-05:00,13.347038123353176,13.78390701250947,13.294952940813513,13.750761032104492,410228000,0.0,0.0
2020-11-05 00:00:00-05:00,14.117851003415133,14.293793929805354,13.94689147719748,14.115358352661133,319028000,0.0,0.0
2020-11-06 00:00:00-05:00,14.06526480662683,14.542754714559118,13.851192528563923,14.51608943939209,383348000,0.0,0.0
2020-11-09 00:00:00-05:00,14.506618224863628,14.645179920761693,13.567837827664581,13.587774276733398,582976000,0.0,0.0
2020-11-10 00:00:00-05:00,13.56360007172124,13.56360007172124,12.588434820948699,12.729738235473633,644068000,0.0,0.0
2020-11-11 00:00:00-05:00,13.01259532860774,13.392643737566482,12.907427719129638,13.375697135925293,404744000,0.0,0.0
2020-11-12 00:00:00-05:00,13.436503832434182,13.722598689302842,13.274017628340097,13.414323806762695,365812000,0.0,0.0
2020-11-13 00:00:00-05:00,13.58428594217903,13.625655192905109,13.018076883230666,13.255077362060547,346312000,0.0,0.0
2020-11-16 00:00:00-05:00,13.130968235107892,13.606464543099285,13.11452073690316,13.472638130187988,413776000,0.0,0.0
2020-11-17 00:00:00-05:00,13.50977173125303,13.553383607027966,13.261806251274743,13.379932403564453,312028000,0.0,0.0
2020-11-18 00:00:00-05:00,13.422796566288316,13.562853664158515,13.143430545915464,13.386411666870117,510924000,0.0,0.0
2020-11-19 00:00:00-05:00,13.171094964124507,13.444978524071423,13.058700374675698,13.39787769317627,565936000,0.0,0.0
2020-11-20 00:00:00-05:00,13.411583145369244,13.451955146489949,13.023808681876831,13.046487808227539,341088000,0.0,0.0
2020-11-23 00:00:00-05:00,13.12972325050562,13.340306562625956,12.974464034474613,13.09857177734375,361356000,0.0,0.0
2020-11-24 00:00:00-05:00,13.101065874983098,13.120504177239319,12.844377993357543,12.916898727416992,346500000,0.0,0.0
2020-11-25 00:00:00-05:00,12.991411800755374,13.227664107698024,12.978951400504695,13.193023681640625,259916000,0.0,0.0
2020-11-27 00:00:00-05:00,13.332832293979013,13.365230096581229,13.128976828642482,13.219440460205078,167276000,0.0,0.0
2020-11-30 00:00:00-05:00,13.22318099291649,13.370216021216454,12.931353561550191,13.35925006866455,286952000,0.0,0.0
2020-12-01 00:00:00-05:00,13.449712726033608,13.48609762777796,13.186544162676142,13.347784996032715,296948000,0.0,0.0
2020-12-02 00:00:00-05:00,13.308409069816136,13.630390679939252,13.192525541134518,13.501797676086426,283360000,0.0,0.0
2020-12-03 00:00:00-05:00,13.548661260406087,13.620954255438248,13.290901005987134,13.357708930969238,199520000,0.004,0.0
2020-12-04 00:00:00-05:00,13.410058924346519,13.521240954299476,13.350480107402767,13.519495964050293,202244000,0.0,0.0
2020-12-07 00:00:00-05:00,13.562373622565351,13.692002161308737,13.46141332691698,13.56785774230957,223244000,0.0,0.0
2020-12-08 00:00:00-05:00,13.54616991993234,13.559880694269241,13.243537241523532,13.31184196472168,271920000,0.0,0.0
2020-12-09 00:00:00-05:00,13.262484401385127,13.37565963790805,12.831469836351852,12.893791198730469,401300000,0.0,0.0
2020-12-10 00:00:00-05:00,12.832218590000648,13.031397616453376,12.812773594068839,12.935173034667969,207764000,0.0,0.0
2020-12-11 00:00:00-05:00,12.930185195475408,12.982785004370417,12.786347593211344,12.976054191589355,209264000,0.0,0.0
2020-12-14 00:00:00-05:00,13.050589226041103,13.350479334004573,13.040119285152535,13.270708084106445,270156000,0.0,0.0
2020-12-15 00:00:00-05:00,13.401332342560147,13.42551305463509,13.149056232537756,13.322309494018555,193016000,0.0,0.0
2020-12-16 00:00:00-05:00,13.38413479354012,13.398843113626814,13.174734988056837,13.204649925231934,223116000,0.0,0.0
2020-12-17 00:00:00-05:00,13.328544212374,13.341258393471877,13.140832689289908,13.303117752075195,231384000,0.0,0.0
2020-12-18 00:00:00-05:00,13.340759578929227,13.36668528801916,13.033142001811628,13.234066009521484,342064000,0.0,0.0
2020-12-21 00:00:00-05:00,13.037377156557108,13.331783154794788,12.930433506327743,13.294140815734863,302332000,0.0,0.0
2020-12-22 00:00:00-05:00,13.2811795382145,13.299127738654636,13.016687499991681,13.240296363830566,185580000,0.0,0.0
2020-12-23 00:00:00-05:00,13.218110529291765,13.237056275687273,12.96782849920963,12.972065925598145,179144000,0.0,0.0
2020-12-24 00:00:00-05:00,12.999983423390296,13.09496128670315,12.901765679220919,12.956607818603516,97884000,0.0,0.0
2020-12-28 00:00:00-05:00,13.025166514128056,13.025166514128056,12.726772140298955,12.863130569458008,212564000,0.0,0.0
2020-12-29 00:00:00-05:00,12.888058370495152,13.035136828772556,12.805544564367517,12.906255722045898,170372000,0.0,0.0
2020-12-30 00:00:00-05:00,12.953120278145812,13.175981710757751,12.859888338350087,13.108176231384277,225396000,0.0,0.0
2020-12-31 00:00:00-05:00,13.098953955951297,13.113412177695672,12.878086645878383,13.01768684387207,192424000,0.0,0.0
2021-01-04 00:00:00-05:00,13.066794130908479,13.613477268003745,12.925448959611947,13.076017379760742,560640000,0.0,0.0
2021-01-05 00:00:00-05:00,13.062307460654432,13.405074943901147,13.049594230220292,13.366436004638672,322760000,0.0,0.0
2021-01-06 00:00:00-05:00,13.184707458538943,13.207143187349473,12.550027288519626,12.578445434570312,580424000,0.0,0.0
2021-01-07 00:00:00-05:00,12.930434635384632,13.339512676724356,12.849666782088335,13.305858612060547,461480000,0.0,0.0
2021-01-08 00:00:00-05:00,13.324303604051812,13.382635720467674,13.004719377649206,13.238798141479492,292528000,0.0,0.0
2021-01-11 00:00:00-05:00,13.380394628106359,13.92109533146687,13.324305789405765,13.582565307617188,518344000,0.0,0.0
2021-01-12 00:00:00-05:00,13.713191537825285,13.71518662773532,13.30685695821669,13.446207046508789,291476000,0.0,0.0
2021-01-13 00:00:00-05:00,13.45144283836418,13.586057211439117,13.3467434043827,13.493073463439941,210028000,0.0,0.0
2021-01-14 00:00:00-05:00,13.536201387822427,13.560880406925122,13.142829120595307,13.162522315979004,283120000,0.0,0.0
2021-01-15 00:00:00-05:00,13.190189882912284,13.287161896457812,12.811775176828125,12.82274341583252,277780000,0.0,0.0
2021-01-19 00:00:00-05:00,12.979046798283063,13.05657477975122,12.807289326171569,12.988021850585938,226188000,0.0,0.0
2021-01-20 00:00:00-05:00,13.074273353645776,13.392112675663085,13.019431202517943,13.327548027038574,258572000,0.0,0.0
2021-01-21 00:00:00-05:00,13.380146684400248,13.959237226928826,13.215120034647857,13.827863693237305,337780000,0.0,0.0
2021-01-22 00:00:00-05:00,13.700728972213161,13.802188529566145,13.588301173883643,13.673307418823242,246820000,0.0,0.0
2021-01-25 00:00:00-05:00,13.742358087685238,13.788974533130535,13.198666607439788,13.614225387573242,251112000,0.0,0.0
2021-01-26 00:00:00-05:00,13.541681919123254,13.605748262959864,13.34923373913582,13.39684772491455,163980000,0.0,0.0
2021-01-27 00:00:00-05:00,13.192186547498755,13.194929083249145,12.757183670871319,12.880829811096191,371272000,0.0,0.0
2021-01-28 00:00:00-05:00,12.959104618896841,13.301622973344402,12.923456410601196,13.013697624206543,228316000,0.0,0.0
2021-01-29 00:00:00-05:00,13.03762769199586,13.29663561680807,12.874595189478477,12.952621459960938,271552000,0.0,0.0
2021-02-01 00:00:00-05:00,13.01593946153721,13.232817502593113,12.865869347591303,13.199164390563965,217204000,0.0,0.0
2021-02-02 00:00:00-05:00,13.360451284245265,13.533205312866734,13.247524267996363,13.517999649047852,220440000,0.0,0.0
2021-02-03 00:00:00-05:00,13.597023775479286,13.891929046731677,13.477866134624353,13.491826057434082,245408000,0.0,0.0
2021-02-04 00:00:00-05:00,13.492325175349118,13.634417798850047,13.299627828583862,13.625194549560547,201340000,0.0,0.0
2021-02-05 00:00:00-05:00,13.685770399260598,13.697985331998837,13.507032031988212,13.552152633666992,169152000,0.0,0.0
2021-02-08 00:00:00-05:00,13.68801261621437,14.432378862406338,13.68801261621437,14.397479057312012,434624000,0.0,0.0
2021-02-09 00:00:00-05:00,14.299759600879625,14.54156676786031,14.18184770115254,14.222481727600098,287560000,0.0,0.0
2021-02-10 00:00:00-05:00,14.421909473206185,14.862396381578142,14.300507596143618,14.72204875946045,485352000,0.0,0.0
2021-02-11 00:00:00-05:00,14.937432032198304,15.228597220621056,14.882339786927213,15.207158088684082,450828000,0.0,0.0
2021-02-12 00:00:00-05:00,15.006983766434686,15.247544255487185,14.732769210253142,14.918487548828125,374756000,0.0,0.0
2021-02-16 00:00:00-05:00,15.021190889000872,15.328560224455654,14.907267274456522,15.286430358886719,321960000,0.0,0.0
2021-02-17 00:00:00-05:00,15.127637657234107,15.179988324043537,14.737755421903262,14.863395690917969,274756000,0.0,0.0
2021-02-18 00:00:00-05:00,14.68690271155763,14.830740342788504,14.53334258191872,14.786617279052734,233868000,0.0,0.0
2021-02-19 00:00:00-05:00,14.981555252381096,15.133619512638292,14.804313681704349,14.883835792541504,271724000,0.0,0.0
2021-02-22 00:00:00-05:00,14.732518363727369,15.089994124865994,14.284053959471905,14.314716339111328,325884000,0.0,0.0
2021-02-23 00:00:00-05:00,14.035018976264617,14.198052434655088,13.35122901911437,14.101578712463379,391780000,0.0,0.0
2021-02-24 00:00:00-05:00,14.082383783407925,14.46528603641238,13.716681335322574,14.457557678222656,448320000,0.0,0.0
2021-02-25 00:00:00-05:00,14.005353050124018,14.333662277875408,13.17847394109998,13.269462585449219,824436000,0.0,0.0
2021-02-26 00:00:00-05:00,13.713190182892967,13.814898867470841,13.32280970449686,13.675299644470215,500932000,0.0,0.0
2021-03-01 00:00:00-05:00,13.83534082862855,13.885198102885361,13.514510804567648,13.802186012268066,353184000,0.0,0.0
2021-03-02 00:00:00-05:00,13.860269716548428,13.880711304669166,13.357710571906427,13.367931365966797,264116000,0.0,0.0
2021-03-03 00:00:00-05:00,13.38787589697503,13.41305321076399,12.76216886866683,12.768152236938477,377592000,0.0,0.0
2021-03-04 00:00:00-05:00,12.764162806346638,12.93791536777413,12.049212120822903,12.334893226623535,573344000,0.0,0.0
2021-03-05 00:00:00-05:00,12.514130369429822,12.514130369429822,11.645868680171928,12.425883293151855,542840000,0.0,0.0
2021-03-08 00:00:00-05:00,12.414412591748151,12.435601622284906,11.53343789904695,11.560111999511719,543112000,0.0,0.0
2021-03-09 00:00:00-05:00,12.099752572699794,12.585029220167039,12.02893097921558,12.48877239227295,521824000,0.004,0.0
2021-03-10 00:00:00-05:00,12.808216705140989,12.947365643867661,12.426180209828113,12.43690299987793,384376000,0.0,0.0
2021-03-11 00:00:00-05:00,12.917441062642364,13.013449604669338,12.70248299212782,12.960831642150879,299916000,0.0,0.0
2021-03-12 00:00:00-05:00,12.61644907371849,12.856344851474955,12.558346052461756,12.823677062988281,243964000,0.0,0.0
2021-03-15 00:00:00-04:00,12.832407665262366,13.173547877909758,12.735152934451662,13.158086776733398,221988000,0.0,0.0
2021-03-16 00:00:00-04:00,13.322919832651639,13.478527766958353,13.083772684178307,13.257834434509277,272128000,0.0,0.0
2021-03-17 00:00:00-04:00,13.006967363859617,13.419427631953024,12.956843642184772,13.307709693908691,243864000,0.0,0.0
2021-03-18 00:00:00-04:00,13.103474248516884,13.150854487628825,12.685028551725626,12.69051456451416,293896000,0.0,0.0
2021-03-19 00:00:00-04:00,12.717944549061619,12.889013577295337,12.580790435356477,12.813453674316406,299208000,0.0,0.0
2021-03-22 00:00:00-04:00,12.880286224197679,13.360824589518188,12.87430079133781,13.153098106384277,297804000,0.0,0.0
2021-03-23 00:00:00-04:00,13.22092748700998,13.3109506075864,12.988513462737627,13.03788948059082,222048000,0.0,0.0
2021-03-24 00:00:00-04:00,13.118186120651787,13.126166380625975,12.604979968071678,12.611213684082031,245840000,0.0,0.0
2021-03-25 00:00:00-04:00,12.468074080612768,12.682782915136395,12.241146098262075,12.50373363494873,295144000,0.0,0.0
2021-03-26 00:00:00-04:00,12.522934633293266,12.823926144794068,12.34238995379477,12.806968688964844,363968000,0.0,0.0
2021-03-29 00:00:00-04:00,12.788018639128039,13.029660048696257,12.668071206371831,12.91569709777832,273520000,0.0,0.0
2021-03-30 00:00:00-04:00,12.80971472304937,12.942629963313632,12.673059062634387,12.83938980102539,200204000,0.0,0.0
2021-03-31 00:00:00-04:00,12.982778720855652,13.436634761447108,12.949861691430945,13.314692497253418,314776000,0.0,0.0
2021-04-01 00:00:00-04:00,13.538129196852404,13.835130162239196,13.477281731340076,13.777027130126953,308276000,0.0,0.0
2021-04-05 00:00:00-04:00,13.832634317551104,13.97876561859769,13.698471978264806,13.952332496643066,255672000,0.0,0.0
2021-04-06 00:00:00-04:00,13.964554358734274,14.01891697125034,13.738873462216315,13.826651573181152,191744000,0.0,0.0
2021-04-07 00:00:00-04:00,13.845850657061428,14.207688682597572,13.67702665042074,14.107940673828125,251284000,0.0,0.0
2021-04-08 00:00:00-04:00,14.21691739862396,14.43511743681889,14.213176027468212,14.281005859375,244416000,0.0,0.0
2021-04-09 00:00:00-04:00,14.178264931921397,14.371777448243606,14.139363421566275,14.363797187805176,195172000,0.0,0.0
2021-04-12 00:00:00-04:00,14.253824546574181,15.313902572730411,14.10370261858076,15.17076301574707,869324000,0.0,0.0
2021-04-13 00:00:00-04:00,15.193205869262812,15.660528141496703,15.087721653634365,15.640079498291016,676212000,0.0,0.0
2021-04-14 00:00:00-04:00,15.585718757163326,15.680978662596893,15.189218033930018,15.238594055175781,385500000,0.0,0.0
2021-04-15 00:00:00-04:00,15.623122755169474,16.17348576432492,15.592200556342737,16.0966796875,598480000,0.0,0.0
2021-04-16 00:00:00-04:00,16.012641545241966,16.12510909130004,15.825363694035376,15.872495651245117,335208000,0.0,0.0
2021-04-19 00:00:00-04:00,15.497440653339318,15.76775925819942,15.194703488299082,15.323129653930664,404420000,0.0,0.0
2021-04-20 00:00:00-04:00,15.284724505863194,15.458037592088138,14.92538071636659,15.13310718536377,334132000,0.0,0.0
2021-04-21 00:00:00-04:00,15.080739320235335,15.323877075097695,15.064281282601483,15.321882247924805,216776000,0.0,0.0
2021-04-22 00:00:00-04:00,15.33634630471237,15.399687065149584,14.746333090501135,14.812915802001953,277788000,0.0,0.0
2021-04-23 00:00:00-04:00,14.896702404932322,15.296445004947893,14.862788442781444,15.2268705368042,227500000,0.0,0.0
2021-04-26 00:00:00-04:00,15.146823331502622,15.440083849597968,15.08697376083181,15.439085960388184,197796000,0.0,0.0
2021-04-27 00:00:00-04:00,15.53933364907408,15.631102358075223,15.315896833735502,15.34307861328125,164572000,0.0,0.0
2021-04-28 00:00:00-04:00,15.325873065531082,15.493201692864114,15.177247490188085,15.238343238830566,209416000,0.0,0.0
2021-04-29 00:00:00-04:00,15.361280071833985,15.397688278646893,15.03360621051782,15.286219596862793,173196000,0.0,0.0
2021-04-30 00:00:00-04:00,15.136349691451016,15.32637005581225,14.959295227808386,14.971763610839844,201912000,0.0,0.0
2021-05-03 00:00:00-04:00,15.086974247402853,15.20841803404415,14.750323136442555,14.79944896697998,203912000,0.0,0.0
2021-05-04 00:00:00-04:00,14.600449582589548,14.600698817066128,13.975026104461781,14.315168380737305,405324000,0.0,0.0
2021-05-05 00:00:00-04:00,14.672020570032824,14.776258621126953,14.35132901002754,14.422150611877441,292024000,0.0,0.0
2021-05-06 00:00:00-04:00,14.4588080917108,14.534617237657999,14.182255771749805,14.486488342285156,193380000,0.0,0.0
2021-05-07 00:00:00-04:00,14.771020454684466,14.933111336631207,14.634863276725753,14.775010108947754,229328000,0.0,0.0
2021-05-10 00:00:00-04:00,14.750071681096927,14.76877473037972,14.214172860878566,14.229883193969727,268904000,0.0,0.0
2021-05-11 00:00:00-04:00,13.790243752058554,14.318661830890395,13.715432492355607,14.270283699035645,285584000,0.0,0.0
2021-05-12 00:00:00-04:00,13.974278753404459,14.22439889185973,13.674784499511132,13.723910331726074,303408000,0.0,0.0
2021-05-13 00:00:00-04:00,13.998466030075901,14.04534874580516,13.425161115583645,13.630892753601074,285404000,0.0,0.0
2021-05-14 00:00:00-04:00,13.85507647235904,14.29197492732561,13.713931776452418,14.207188606262207,258616000,0.0,0.0
2021-05-17 00:00:00-04:00,14.121405991656692,14.13362513937637,13.818669829056002,14.129884719848633,216980000,0.0,0.0
2021-05-18 00:00:00-04:00,14.231133153637117,14.368038055729718,13.968793845011385,13.980514526367188,186256000,0.0,0.0
2021-05-19 00:00:00-04:00,13.532393535433826,14.044104340700125,13.50920235882469,14.030388832092285,344000000,0.0,0.0
2021-05-20 00:00:00-04:00,14.266542637893258,14.646834538609415,14.234623498296415,14.575763702392578,321592000,0.0,0.0
2021-05-21 00:00:00-04:00,15.125627113969413,15.183731096129877,14.832117340430838,14.954059600830078,672992000,0.0,0.0
2021-05-24 00:00:00-04:00,15.174253635999285,15.705415135802376,15.137845424049145,15.572750091552734,554816000,0.0,0.0
2021-05-25 00:00:00-04:00,15.726362482639168,15.778730264045185,15.44357551176999,15.608409881591797,435408000,0.0,0.0
2021-05-26 00:00:00-04:00,15.69469328900032,15.754043443944218,15.547065605147322,15.660529136657715,370440000,0.0,0.0
2021-05-27 00:00:00-04:00,15.66027906156566,15.710402780852254,15.42113191055747,15.449061393737793,581476000,0.0,0.0
2021-05-28 00:00:00-04:00,15.46202947906416,16.236577036281336,15.46202947906416,16.203659057617188,644536000,0.0,0.0
2021-06-01 00:00:00-04:00,16.229096888512235,16.34704949574134,15.86326820041709,16.223609924316406,472804000,0.0,0.0
2021-06-02 00:00:00-04:00,16.21139203355558,16.876216524208118,16.194683808700496,16.736068725585938,594168000,0.0,0.0
2021-06-03 00:00:00-04:00,16.658764943328784,17.215611938318762,16.541310797438655,16.927087783813477,580008000,0.0,0.0
2021-06-04 00:00:00-04:00,17.06947505300827,17.616596077162153,17.052519499034798,17.534055709838867,617120000,0.0,0.0
2021-06-07 00:00:00-04:00,17.52707659864361,17.76771918028066,17.149528167001655,17.574705123901367,575756000,0.0,0.0
2021-06-08 00:00:00-04:00,17.483181755642672,17.577194510142903,17.207625490251473,17.413108825683594,323848000,0.0,0.0
2021-06-09 00:00:00-04:00,17.475721908527852,17.534836381930162,17.216315861597764,17.318580627441406,381656000,0.004,0.0
2021-06-10 00:00:00-04:00,17.31035015277787,17.45202583585592,17.13674801084878,17.385177612304688,287772000,0.0,0.0
2021-06-11 00:00:00-04:00,17.439547219530038,17.898247503293362,17.403879495985695,17.784507751464844,416308000,0.0,0.0
2021-06-14 00:00:00-04:00,17.865076259269316,17.998270294606797,17.622382309836595,17.977567672729492,321376000,0.0,0.0
2021-06-15 00:00:00-04:00,17.874054743695652,17.975073024219547,17.687481873167364,17.74784278869629,243032000,0.0,0.0
2021-06-16 00:00:00-04:00,17.75009224553801,17.913717005111053,17.5443124591101,17.769546508789062,307124000,0.0,0.0
2021-06-17 00:00:00-04:00,17.733876709616816,18.791952156008932,17.715668906709517,18.614608764648438,809656000,0.0,0.0
2021-06-18 00:00:00-04:00,18.74107162605108,19.330720564613056,18.541527942897947,18.596153259277344,968856000,0.0,0.0
2021-06-21 00:00:00-04:00,18.393118696833035,18.494138905663043,17.78201922276795,18.3851375579834,672384000,0.0,0.0
2021-06-22 00:00:00-04:00,18.429287961858407,18.92041347735153,18.343982637239353,18.84358787536621,580144000,0.0,0.0
2021-06-23 00:00:00-04:00,18.964308379906097,19.108977447011597,18.86453654386818,19.013694763183594,332356000,0.0,0.0
2021-06-24 00:00:00-04:00,19.183806109567367,19.375616025449478,19.044623366172903,19.161605834960938,320924000,0.0,0.0
2021-06-25 00:00:00-04:00,19.236436935503985,19.30128891794506,18.851319416019447,18.987506866455078,278364000,0.0,0.0
2021-06-28 00:00:00-04:00,19.31699836660214,20.03285915279017,19.274845251778927,19.93932342529297,495436000,0.0,0.0
2021-06-29 00:00:00-04:00,19.8370606251026,20.052815878812567,19.612075871754318,19.980981826782227,367632000,0.0,0.0
2021-06-30 00:00:00-04:00,19.953542508047825,20.116419372850345,19.81835223637548,19.956785202026367,326568000,0.0,0.0
2021-07-01 00:00:00-04:00,20.079002860645495,20.409245712086076,19.973244233081605,20.165803909301758,480136000,0.0,0.0
2021-07-02 00:00:00-04:00,20.39353754729571,20.458389533263087,20.24138590886631,20.4401798248291,342764000,0.0,0.0
2021-07-06 00:00:00-04:00,20.690102132517197,20.794363107269312,20.303738226115755,20.65119171142578,446708000,0.0,0.0
2021-07-07 00:00:00-04:00,20.805837070095645,20.827287563769445,20.285529389265694,20.32518768310547,418428000,0.0,0.0
2021-07-08 00:00:00-04:00,19.811121778325514,20.086988679235407,19.65572744593839,19.85726547241211,503300000,0.0,0.0
2021-07-09 00:00:00-04:00,19.91687611559388,20.03435717009147,19.709102017056413,20.004425048828125,296624000,0.0,0.0
2021-07-12 00:00:00-04:00,20.193745606159336,20.485825995284976,20.141615103636564,20.46562385559082,321984000,0.0,0.0
2021-07-13 00:00:00-04:00,20.353873559779505,20.41448567344241,20.068029336079224,20.203718185424805,290708000,0.0,0.0
2021-07-14 00:00:00-04:00,20.311222848316984,20.371085187091623,19.7076060162833,19.796152114868164,380100000,0.0,0.0
2021-07-15 00:00:00-04:00,19.766471657258307,19.801640805909646,18.815399378990502,18.922903060913086,550564000,0.0,0.0
2021-07-16 00:00:00-04:00,18.987003411331106,19.113213454930996,18.03169146133854,18.119489669799805,688224000,0.0,0.0
2021-07-19 00:00:00-04:00,17.8743037047261,18.998477447310524,17.824666134451522,18.736827850341797,749060000,0.0,0.0
2021-07-20 00:00:00-04:00,18.687192164183777,18.794945132479892,18.122485771322793,18.569461822509766,434687000,0.0,4.0
2021-07-21 00:00:00-04:00,18.83884558672833,19.482371910572084,18.69916616251025,19.365638732910156,371017000,0.0,0.0
2021-07-22 00:00:00-04:00,19.597105941674148,19.84154489775066,19.23194135404066,19.54921531677246,323826000,0.0,0.0
2021-07-23 00:00:00-04:00,19.611075532676935,19.654975593030052,19.20600332552339,19.5132999420166,195672000,0.0,0.0
2021-07-26 00:00:00-04:00,19.266865977371694,19.397565194519427,18.87077204812226,19.24990463256836,203943000,0.0,0.0
2021-07-27 00:00:00-04:00,19.220969582862597,19.577154015985894,18.698167007898192,19.164100646972656,248863000,0.0,0.0
2021-07-28 00:00:00-04:00,19.27484415522082,19.601096419244247,18.951585293113546,19.458423614501953,202191000,0.0,0.0
2021-07-29 00:00:00-04:00,19.4743906867944,19.807628906073607,19.283827210408294,19.6170654296875,190781000,0.0,0.0
2021-07-30 00:00:00-04:00,19.373615397327764,19.5851307207301,19.218970899932668,19.454431533813477,183497000,0.0,0.0
2021-08-02 00:00:00-04:00,19.654977627712686,19.915380808627756,19.316751690978577,19.704862594604492,217444000,0.0,0.0
2021-08-03 00:00:00-04:00,19.694885002968523,20.175783766568422,19.17607297987363,19.76971435546875,301811000,0.0,0.0
2021-08-04 00:00:00-04:00,19.944315500211438,20.271566923364023,19.782685073295433,20.2276668548584,231309000,0.0,0.0
2021-08-05 00:00:00-04:00,20.45314629356312,20.68561356328151,20.29550646605199,20.589832305908203,211435000,0.0,0.0
2021-08-06 00:00:00-04:00,20.47709211719844,20.522986511252395,20.163808690158564,20.3194522857666,178497000,0.0,0.0
2021-08-09 00:00:00-04:00,20.399269221353503,20.461127792585444,20.096962239032255,20.248615264892578,146443000,0.0,0.0
2021-08-10 00:00:00-04:00,20.27555946477487,20.383312458869515,19.789670970184467,19.89044189453125,179238000,0.0,0.0
2021-08-11 00:00:00-04:00,19.99719395698716,20.003180762487712,19.385595913054647,19.653980255126953,185925000,0.0,0.0
2021-08-12 00:00:00-04:00,19.824594369885173,19.983229519570564,19.575165664140712,19.859514236450195,151652000,0.0,0.0
2021-08-13 00:00:00-04:00,19.859512465987095,20.16780633402696,19.80563501780991,20.141864776611328,183063000,0.0,0.0
2021-08-16 00:00:00-04:00,20.088984173742237,20.24063722279305,19.408541689128278,19.904407501220703,210876000,0.0,0.0
2021-08-17 00:00:00-04:00,19.640008912743852,19.72481563269579,19.222964992831216,19.413528442382812,204585000,0.0,0.0
2021-08-18 00:00:00-04:00,19.455432507309833,19.589127025061778,18.95657526353266,18.996484756469727,285913000,0.0,0.0
2021-08-19 00:00:00-04:00,19.449448117020804,20.44816179796092,18.71912067132583,19.75275421142578,766555000,0.0,0.0
2021-08-20 00:00:00-04:00,19.945311597000565,20.817314696928367,19.887445490471492,20.7684268951416,675741000,0.0,0.0
2021-08-23 00:00:00-04:00,20.923073996366316,21.94672826931929,20.902122080659282,21.907817840576172,575807000,0.0,0.0
2021-08-24 00:00:00-04:00,21.703283176040937,21.908811733166473,21.485781010020887,21.74319076538086,297299000,0.0,0.0
2021-08-25 00:00:00-04:00,21.687321379149566,22.418645969756334,21.672356269378028,22.162233352661133,347701000,0.0,0.0
2021-08-26 00:00:00-04:00,22.149263059479914,22.288942483035,21.74020025936337,22.01756477355957,237940000,0.0,0.0
2021-08-27 00:00:00-04:00,22.13329627384273,22.670066727828846,22.116334931124943,22.58426284790039,304722000,0.0,0.0
2021-08-30 00:00:00-04:00,22.777820284558313,22.990332802808872,22.499458629372022,22.636144638061523,262580000,0.0,0.0
2021-08-31 00:00:00-04:00,22.647121666172822,22.647121666172822,22.07333584482094,22.33777618408203,259850000,0.004,0.0
2021-09-01 00:00:00-04:00,22.43756739580158,22.649120064789688,22.309837159244136,22.393659591674805,201767000,0.0,0.0
2021-09-02 00:00:00-04:00,22.470495343605453,22.545337883825013,22.247966214051775,22.348752975463867,187834000,0.0,0.0
2021-09-03 00:00:00-04:00,22.27790436202972,22.93750922846225,22.153168059674176,22.794811248779297,280532000,0.0,0.0
2021-09-07 00:00:00-04:00,22.784829827757243,22.85069057355953,22.474485116430305,22.61419105529785,198107000,0.0,0.0
2021-09-08 00:00:00-04:00,22.465506645086627,22.562302133901152,21.930636197722126,22.291873931884766,254434000,0.0,0.0
2021-09-09 00:00:00-04:00,22.264930118963175,22.490453174173346,22.08431220635336,22.13021469116211,196856000,0.0,0.0
2021-09-10 00:00:00-04:00,22.30085522288771,22.578268644590512,22.22302065137504,22.43058204650879,248376000,0.0,0.0
2021-09-13 00:00:00-04:00,22.63614575794394,22.91555575401909,21.811888077680894,22.105268478393555,297500000,0.0,0.0
2021-09-14 00:00:00-04:00,22.228007318619177,22.362722745195637,22.039406863407024,22.195077896118164,199755000,0.0,0.0
2021-09-15 00:00:00-04:00,22.261936936889985,22.31981514344312,21.919660118755335,22.293869018554688,166538000,0.0,0.0
2021-09-16 00:00:00-04:00,22.136202349836225,22.23000390634264,21.8807419007731,22.195077896118164,156033000,0.0,0.0
2021-09-17 00:00:00-04:00,22.25296143388705,22.27391704683683,21.783953498826264,21.853805541992188,294503000,0.0,0.0
2021-09-20 00:00:00-04:00,21.101393708407006,21.387788954115265,20.61841542305834,21.068464279174805,349440000,0.0,0.0
2021-09-21 00:00:00-04:00,21.37181828897263,21.379800833477784,20.905804421130274,21.20117950439453,204688000,0.0,0.0
2021-09-22 00:00:00-04:00,21.32092658519888,21.91367337565563,21.151285132509745,21.89471435546875,268726000,0.0,0.0
2021-09-23 00:00:00-04:00,22.09329838034315,22.487465643862823,21.843825717861137,22.43457794189453,248555000,0.0,0.0
2021-09-24 00:00:00-04:00,22.02343781823822,22.10227162110545,21.814879118535682,22.034414291381836,217655000,0.0,0.0
2021-09-27 00:00:00-04:00,21.664199253926697,21.753012198242896,21.280013132238278,21.61430549621582,245215000,0.0,0.0
2021-09-28 00:00:00-04:00,21.169247409834707,21.37381486341932,20.607433491656852,20.655332565307617,343069000,0.0,0.0
2021-09-29 00:00:00-04:00,20.895826640226495,20.972663870201263,20.423822978492204,20.473718643188477,218394000,0.0,0.0
2021-09-30 00:00:00-04:00,20.72418878114169,21.02156047404019,20.64435762025099,20.672298431396484,221009000,0.0,0.0
2021-10-01 00:00:00-04:00,20.706228547845832,20.814997869776846,20.16038154346578,20.698246002197266,240978000,0.0,0.0
2021-10-04 00:00:00-04:00,20.460743167184962,20.498663106552392,19.51374583182753,19.690372467041016,345635000,0.0,0.0
2021-10-05 00:00:00-04:00,19.907913464807024,20.604440891158657,19.81211532017334,20.407855987548828,279282000,0.0,0.0
2021-10-06 00:00:00-04:00,20.077553806928158,20.676286468248467,20.037637281066957,20.656330108642578,297202000,0.0,0.0
2021-10-07 00:00:00-04:00,21.04750098845933,21.277017200986315,20.927755219886244,21.03053855895996,256919000,0.0,0.0
2021-10-08 00:00:00-04:00,21.056484923625863,21.161262957637216,20.73117244375026,20.78705406188965,151258000,0.0,0.0
2021-10-11 00:00:00-04:00,20.53159470850479,21.01856416379945,20.467728645028984,20.65134048461914,163388000,0.0,0.0
2021-10-12 00:00:00-04:00,20.78406211740241,21.01257912959574,20.484695733535407,20.62739372253418,162134000,0.0,0.0
2021-10-13 00:00:00-04:00,20.873867470498713,20.945716070810764,20.669300045853326,20.89482307434082,180652000,0.0,0.0
2021-10-14 00:00:00-04:00,21.243087024267496,21.709100811078972,21.077436882977292,21.70012092590332,243589000,0.0,0.0
2021-10-15 00:00:00-04:00,21.763987571571747,21.88473259084707,21.616300990357516,21.81587791442871,226994000,0.0,0.0
2021-10-18 00:00:00-04:00,21.703117692511093,22.243974077553172,21.59833775960984,22.175119400024414,189494000,0.0,0.0
2021-10-19 00:00:00-04:00,22.229008647111023,22.331792011817765,21.990514392616486,22.24298095703125,161473000,0.0,0.0
2021-10-20 00:00:00-04:00,22.257943285656594,22.385673501988418,21.935624766758792,22.05636978149414,146276000,0.0,0.0
2021-10-21 00:00:00-04:00,22.050379113979204,22.66308399549678,22.036408712565347,22.644123077392578,187590000,0.0,0.0
2021-10-22 00:00:00-04:00,22.774852206054973,23.08120376239796,22.51340579315989,22.678056716918945,249384000,0.0,0.0
2021-10-25 00:00:00-04:00,22.9245366329956,23.30573075031013,22.72196575698433,23.117130279541016,230235000,0.0,0.0
2021-10-26 00:00:00-04:00,23.93839301304731,25.205714271899417,23.873529604420657,24.66485595703125,485898000,0.0,0.0
2021-10-27 00:00:00-04:00,24.422371980713933,25.0370717258524,24.230775672972076,24.3994197845459,245990000,0.0,0.0
2021-10-28 00:00:00-04:00,24.825520850776506,24.897369471375516,24.471270169615977,24.88838768005371,234204000,0.0,0.0
2021-10-29 00:00:00-04:00,24.94825747657164,25.654764066294884,24.94726013432384,25.513063430786133,292503000,0.0,0.0
2021-11-01 00:00:00-04:00,25.59489414765004,25.83937625950011,25.173783464529546,25.772518157958984,265740000,0.0,0.0
2021-11-02 00:00:00-04:00,25.767527357616604,26.62172056643218,25.74557250420256,26.345304489135742,294112000,0.0,0.0
2021-11-03 00:00:00-04:00,26.613737804003005,26.727497632609634,26.17965600054016,26.541889190673828,239910000,0.0,0.0
2021-11-04 00:00:00-04:00,27.171559601999014,31.298834251427845,27.060793699318,29.738134384155273,1153631000,0.0,0.0
2021-11-05 00:00:00-04:00,30.123315538694854,31.333755849134143,29.34795432921145,29.689233779907227,851260000,0.0,0.0
2021-11-08 00:00:00-05:00,30.08540230696262,31.034396431529643,29.843912215673015,30.73902130126953,503101000,0.0,0.0
2021-11-09 00:00:00-05:00,32.21390301112386,32.24184382365619,29.900792011768303,30.592329025268555,646746000,0.0,0.0
2021-11-10 00:00:00-05:00,29.294074848774112,30.784922760075833,28.717293111078096,29.3968563079834,636206000,0.0,0.0
2021-11-11 00:00:00-05:00,30.40372606119835,30.52546843492164,29.714183788640867,30.325889587402344,332172000,0.0,0.0
2021-11-12 00:00:00-05:00,29.946692061105622,30.615278725972825,29.567492631483955,30.325889587402344,413054000,0.0,0.0
2021-11-15 00:00:00-05:00,30.48754713787992,30.579352109400386,29.1852998788009,29.961658477783203,384909000,0.0,0.0
2021-11-16 00:00:00-05:00,29.696216799472662,30.32588416315374,29.643327215245446,30.139278411865234,264484000,0.0,0.0
2021-11-17 00:00:00-05:00,30.353830996008032,30.444640534447622,28.739244216455628,29.19927215576172,428508000,0.0,0.0
2021-11-18 00:00:00-05:00,32.2987206204707,32.690889311922675,31.25492578342417,31.608179092407227,781711000,0.0,0.0
2021-11-19 00:00:00-05:00,32.17498143367427,33.018200072194944,31.837695120260975,32.9154167175293,533867000,0.0,0.0
2021-11-22 00:00:00-05:00,33.446291928728265,34.573909183585116,31.832704423703742,31.888586044311523,754335000,0.0,0.0
2021-11-23 00:00:00-05:00,31.468474145181016,32.29173450046671,30.814855236904044,31.67902946472168,532163000,0.0,0.0
2021-11-24 00:00:00-05:00,31.394627899499515,32.7856861116592,30.862751413189365,32.60506820678711,435162000,0.0,0.0
2021-11-26 00:00:00-05:00,32.53122653243234,32.640995088921485,31.283865396835044,31.436542510986328,283069000,0.0,0.0
2021-11-29 00:00:00-05:00,32.29772758864819,33.34151875834948,31.968421870569852,33.30559539794922,454964000,0.0,0.0
2021-11-30 00:00:00-05:00,33.099027131565556,33.2826408933307,31.796781690175454,32.6070671081543,622066000,0.0,0.0
2021-12-01 00:00:00-05:00,33.152982981954075,33.222843560767245,31.317635170167748,31.372526168823242,484368000,0.004,0.0
2021-12-02 00:00:00-05:00,31.151959189582207,32.41344677940804,30.963333768179716,32.0621452331543,472890000,0.0,0.0
2021-12-03 00:00:00-05:00,31.936405556758363,32.06515080587632,30.070121019469727,30.632003784179688,544325000,0.0,0.0
2021-12-06 00:00:00-05:00,29.820618786249153,30.180901433648863,27.98228032790173,29.97730827331543,658938000,0.0,0.0
2021-12-07 00:00:00-05:00,30.89547671326527,32.38451208748878,30.590083198512986,32.362552642822266,593053000,0.0,0.0
2021-12-08 00:00:00-05:00,31.935407148072855,32.22582919300085,31.358554819452596,31.76275062561035,475551000,0.0,0.0
2021-12-09 00:00:00-05:00,31.6709304355526,32.14099693386837,30.367526251043838,30.42940330505371,488507000,0.0,0.0
2021-12-10 00:00:00-05:00,31.088092914267587,31.24278555655399,29.801655081182673,30.137985229492188,488825000,0.0,0.0
2021-12-13 00:00:00-05:00,30.188885561534377,30.233796207467403,28.060123228578693,28.10503387451172,598344000,0.0,0.0
2021-12-14 00:00:00-05:00,27.643949113929793,28.62100349476861,27.195842071505684,28.280681610107422,667035000,0.0,0.0
2021-12-15 00:00:00-05:00,28.343559883214983,30.439386903160617,27.78267647993618,30.398468017578125,698297000,0.0,0.0
2021-12-16 00:00:00-05:00,31.090091873375695,31.098075396246916,28.03717102685846,28.330585479736328,707366000,0.0,0.0
2021-12-17 00:00:00-05:00,27.929380931127152,28.86451893479829,27.70482773381929,27.745746612548828,713758000,0.0,0.0
2021-12-20 00:00:00-05:00,27.250738791994166,28.088070296909056,27.09105690223569,27.663915634155273,461847000,0.0,0.0
2021-12-21 00:00:00-05:00,28.31761243890149,29.062130190371207,27.346544620384616,29.01721954345703,524385000,0.0,0.0
2021-12-22 00:00:00-05:00,28.833578868114035,29.496258703147625,28.392456018546657,29.34156608581543,395184000,0.0,0.0
2021-12-23 00:00:00-05:00,29.695862140217667,29.999258803639915,29.37250667280015,29.581090927124023,343022000,0.0,0.0
2021-12-27 00:00:00-05:00,29.601054953911746,31.025219046682178,29.58109424412039,30.883501052856445,403686000,0.0,0.0
2021-12-28 00:00:00-05:00,31.24977595388918,31.267739833394167,29.95235821799751,30.261743545532227,420591000,0.0,0.0
2021-12-29 00:00:00-05:00,30.212836426014583,30.48728951276,29.30763749732145,29.941375732421875,343139000,0.0,0.0
2021-12-30 00:00:00-05:00,29.7677209545132,30.39646994729714,29.481292592153306,29.52720069885254,308864000,0.0,0.0
2021-12-31 00:00:00-05:00,29.61503025561197,29.97032369459482,29.272711469744927,29.35255241394043,266530000,0.0,0.0
2022-01-03 00:00:00-05:00,29.755742761742617,30.64996185658539,29.725801701923427,30.061134338378906,391547000,0.0,0.0
2022-01-04 00:00:00-05:00,30.21682456762122,30.407444937866018,28.292656990618887,29.231786727905273,527154000,0.0,0.0
2022-01-05 00:00:00-05:00,28.891471242571356,29.357544168099558,27.478286690610265,27.549144744873047,498064000,0.0,0.0
2022-01-06 00:00:00-05:00,27.585066961351565,28.381481331155296,27.01121087291353,28.121997833251953,454186000,0.0,0.0
2022-01-07 00:00:00-05:00,28.085074417160133,28.36551610574402,27.003227178529944,27.19285011291504,409939000,0.0,0.0
2022-01-10 00:00:00-05:00,26.528172253329963,27.414407928007527,25.59303417452998,27.345544815063477,594681000,0.0,0.0
2022-01-11 00:00:00-05:00,27.268699119824706,28.009225072030798,26.785661751752833,27.761716842651367,404089000,0.0,0.0
2022-01-12 00:00:00-05:00,28.011225041913104,28.538175685027593,27.553137526509037,27.943361282348633,383413000,0.0,0.0
2022-01-13 00:00:00-05:00,28.322602041435534,28.42340115632872,26.4453396404375,26.522188186645508,540171000,0.0,0.0
2022-01-14 00:00:00-05:00,26.24773202314796,27.142950637215478,26.1579107320568,26.888456344604492,395832000,0.0,0.0
2022-01-18 00:00:00-05:00,26.20780945704016,26.585058455010692,25.718783542206612,25.851518630981445,424270000,0.0,0.0
2022-01-19 00:00:00-05:00,26.02717118789245,26.490247833386153,25.00221181655367,25.017181396484375,488315000,0.0,0.0
2022-01-20 00:00:00-05:00,25.253710832650285,25.528163907695127,24.03014569021503,24.10200309753418,435181000,0.0,0.0
2022-01-21 00:00:00-05:00,23.460282170555125,24.77366673764392,23.216767613789905,23.327547073364258,718958000,0.0,0.0
2022-01-24 00:00:00-05:00,22.28561931721603,23.333531693411643,20.846485838339415,23.32554817199707,913982000,0.0,0.0
2022-01-25 00:00:00-05:00,22.501193412508638,22.897405710454315,21.9562789612793,22.279634475708008,664616000,0.0,0.0
2022-01-26 00:00:00-05:00,23.193810141981658,24.009185786472784,22.25567786422713,22.72673988342285,755959000,0.0,0.0
2022-01-27 00:00:00-05:00,23.52116377527102,23.94731523787376,21.63192420739024,21.900390625,573353000,0.0,0.0
2022-01-28 00:00:00-05:00,21.96825173742082,22.8125710384111,21.253675136018625,22.794607162475586,543774000,0.0,0.0
2022-01-31 00:00:00-05:00,23.135926717655092,24.460290972976274,23.00618592049365,24.437335968017578,564680000,0.0,0.0
2022-02-01 00:00:00-05:00,25.054104625035727,25.095023500950617,23.842516810764977,24.589031219482422,518925000,0.0,0.0
2022-02-02 00:00:00-05:00,25.742736472228845,25.765689573177465,24.5042017643659,25.19183349609375,543419000,0.0,0.0
2022-02-03 00:00:00-05:00,24.409392542148876,25.027161828554508,23.7327404966598,23.900405883789062,410178000,0.0,0.0
2022-02-04 00:00:00-05:00,23.92435754479338,24.586039987928007,23.585033117362396,24.270668029785156,354829000,0.0,0.0
2022-02-07 00:00:00-05:00,24.32356063658267,25.131950236744533,24.153898433728177,24.67885398864746,376868000,0.0,0.0
2022-02-08 00:00:00-05:00,24.310591474393373,25.179860856231137,23.9323449370335,25.058103561401367,410359000,0.0,0.0
2022-02-09 00:00:00-05:00,25.571078226959134,26.671886749229056,25.302613739727306,26.651926040649414,524282000,0.0,0.0
2022-02-10 00:00:00-05:00,25.943341891805627,26.871492136649884,25.54912640450638,25.772680282592773,513200000,0.0,0.0
2022-02-11 00:00:00-05:00,25.864493128365556,26.100024146681793,23.72575262390276,23.90140151977539,605472000,0.0,0.0
2022-02-14 00:00:00-05:00,23.886432615759617,24.825562419077983,23.707787514804277,24.21877098083496,440424000,0.0,0.0
2022-02-15 00:00:00-05:00,24.8994139589256,26.492242623139074,24.734742881710144,26.44234275817871,699869000,0.0,0.0
2022-02-16 00:00:00-05:00,26.20681300824524,26.52917102458829,25.50121738608982,26.458311080932617,732676000,0.0,0.0
2022-02-17 00:00:00-05:00,25.579061218859415,25.73375385180885,24.116974561523147,24.458293914794922,810595000,0.0,0.0
2022-02-18 00:00:00-05:00,24.61897459185381,24.936343397057144,23.054091914566957,23.595014572143555,761255000,0.0,0.0
2022-02-22 00:00:00-05:00,22.989226995574224,24.016181599458967,22.95429669636444,23.343521118164062,633422000,0.0,0.0
2022-02-23 00:00:00-05:00,23.754695100866613,24.106994175655707,22.256678790095112,22.342506408691406,566511000,0.0,0.0
2022-02-24 00:00:00-05:00,20.973233676940158,23.752698549006187,20.8484821049316,23.700801849365234,735801000,0.0,0.0
2022-02-25 00:00:00-05:00,23.673857307735503,24.168869937955396,23.33453287499,24.108989715576172,528866000,0.0,0.0
2022-02-28 00:00:00-05:00,23.944319699810443,24.615982537692595,23.659886251331425,24.336538314819336,477319000,0.0,0.0
2022-03-01 00:00:00-05:00,24.242727053391707,24.328556587897697,23.086029928980732,23.430343627929688,412056000,0.0,0.0
2022-03-02 00:00:00-05:00,23.712827876260754,24.364641033795944,23.372447983953073,24.175983428955078,389642000,0.004,0.0
2022-03-03 00:00:00-05:00,24.217902782334434,24.2817875433055,23.426344796301635,23.670900344848633,365095000,0.0,0.0
2022-03-04 00:00:00-05:00,23.341503399554565,23.63696498590784,22.441142240714978,22.894317626953125,431415000,0.0,0.0
2022-03-07 00:00:00-05:00,22.775533982357196,22.991142952296123,21.291236802671158,21.313196182250977,450821000,0.0,0.0
2022-03-08 00:00:00-05:00,21.270273834836342,22.33233933851528,20.61247108080546,21.47490119934082,557467000,0.0,0.0
2022-03-09 00:00:00-05:00,22.34631240982393,23.177798676510015,22.206567458744647,22.9721736907959,492742000,0.0,0.0
2022-03-10 00:00:00-05:00,22.490051297255544,22.746584183582087,21.842230651130887,22.6168212890625,428066000,0.0,0.0
2022-03-11 00:00:00-05:00,22.980156766784855,23.102934310341155,22.005930818926704,22.059833526611328,367209000,0.0,0.0
2022-03-14 00:00:00-04:00,21.829254954549043,22.221540369503135,21.120546216146405,21.291234970092773,385354000,0.0,0.0
2022-03-15 00:00:00-04:00,21.47889393725402,22.996132023942444,21.28325099056678,22.931249618530273,491996000,0.0,0.0
2022-03-16 00:00:00-04:00,23.457290722488487,24.552297138914387,23.12988771835892,24.451480865478516,671422000,0.0,0.0
2022-03-17 00:00:00-04:00,24.076167120982394,24.79685323515595,23.862555326463934,24.720993041992188,471941000,0.0,0.0
2022-03-18 00:00:00-04:00,24.753930982548006,26.520714705600792,24.57924978276127,26.404924392700195,730719000,0.0,0.0
2022-03-21 00:00:00-04:00,26.45882851334558,27.102656804840144,25.919808947289926,26.685415267944336,591727000,0.0,0.0
2022-03-22 00:00:00-04:00,26.678429776405682,27.18850274822909,26.024621290380676,26.475799560546875,547007000,0.0,0.0
2022-03-23 00:00:00-04:00,26.078520250553925,26.56363709584055,25.52852290161085,25.58741569519043,502120000,0.0,0.0
2022-03-24 00:00:00-04:00,26.118448890609304,28.268533755984528,25.859918794556325,28.09884262084961,877379000,0.0,0.0
2022-03-25 00:00:00-04:00,27.835323644890032,28.306466021323548,27.221441486555513,27.64167594909668,579016000,0.0,0.0
2022-03-28 00:00:00-04:00,27.705559052925192,28.198660780217054,27.15655743522871,28.16771697998047,425494000,0.0,0.0
2022-03-29 00:00:00-04:00,28.642848661602688,28.89339193940493,27.929147968750208,28.603919982910156,488984000,0.0,0.0
2022-03-30 00:00:00-04:00,28.25256539037633,28.444215914701186,27.45302041414032,27.639680862426758,463487000,0.0,0.0
2022-03-31 00:00:00-04:00,27.731507065559907,28.19665973571714,27.220438470476218,27.236408233642578,523440000,0.0,0.0
2022-04-01 00:00:00-04:00,27.325253149263812,27.44603355303061,26.219266845372278,26.6634578704834,517235000,0.0,0.0
2022-04-04 00:00:00-04:00,26.67942280733354,27.507914215731244,26.564632046975778,27.310274124145508,397120000,0.0,0.0
2022-04-05 00:00:00-04:00,27.204470536288614,27.269352943730603,25.773076554519676,25.883874893188477,436615000,0.0,0.0
2022-04-06 00:00:00-04:00,24.88868689300515,25.254020976141952,23.959379064062016,24.36264419555664,703833000,0.0,0.0
2022-04-07 00:00:00-04:00,24.396579708521703,24.67706914237199,23.435330567050546,24.164003372192383,557992000,0.0,0.0
2022-04-08 00:00:00-04:00,23.873536476701478,23.8795260910143,23.020090688541902,23.07698631286621,524781000,0.0,0.0
2022-04-11 00:00:00-04:00,22.173629781756052,22.279436135946174,21.62063574834751,21.877168655395508,575207000,0.0,0.0
2022-04-12 00:00:00-04:00,22.496045694848974,22.683703781053012,21.243325254974113,21.464921951293945,662258000,0.0,0.0
2022-04-13 00:00:00-04:00,21.68851390489682,22.459110293944573,21.416009317470518,22.162649154663086,516943000,0.0,0.0
2022-04-14 00:00:00-04:00,22.464099572114247,22.735606515539892,21.124539407798157,21.2193660736084,569097000,0.0,0.0
2022-04-18 00:00:00-04:00,21.161473248993577,22.047858038582817,21.040692857198728,21.7434139251709,525701000,0.0,0.0
2022-04-19 00:00:00-04:00,21.680527560297847,22.332340741600348,21.27526524698662,22.15765953063965,512781000,0.0,0.0
2022-04-20 00:00:00-04:00,22.47608366186322,22.62880551763033,21.161477398486056,21.442964553833008,468974000,0.0,0.0
2022-04-21 00:00:00-04:00,21.669550192138768,22.35130961288542,19.963656140480197,20.146324157714844,656209000,0.0,0.0
2022-04-22 00:00:00-04:00,20.26610219786414,20.448770189585975,19.46456201839812,19.479534149169922,624713000,0.0,0.0
2022-04-25 00:00:00-04:00,19.167104604165587,19.908754409123173,19.061298239164504,19.865833282470703,641566000,0.0,0.0
2022-04-26 00:00:00-04:00,19.682168875562095,19.75204136699031,18.636072965338734,18.75385856628418,653143000,0.0,0.0
2022-04-27 00:00:00-04:00,18.56420258895358,19.13216882446557,18.25676363846258,18.38153648376465,499460000,0.0,0.0
2022-04-28 00:00:00-04:00,18.932530442416695,20.000587537213033,18.45639800746317,19.746049880981445,570327000,0.0,0.0
2022-04-29 00:00:00-04:00,19.36673991620479,20.091420341877647,18.48334805551463,18.513294219970703,500435000,0.0,0.0
2022-05-02 00:00:00-04:00,18.507307291350344,19.538429143635206,18.357580255112094,19.49750518798828,572049000,0.0,0.0
2022-05-03 00:00:00-04:00,19.364743170731728,19.788971942411177,19.098228203230406,19.566375732421875,475751000,0.0,0.0
2022-05-04 00:00:00-04:00,19.886794272202142,20.36292670436252,18.716923264105464,20.297046661376953,648855000,0.0,0.0
2022-05-05 00:00:00-04:00,19.83089295751336,19.888786204081587,18.46637685642343,18.809751510620117,626331000,0.0,0.0
2022-05-06 00:00:00-04:00,18.701947924887726,19.476536638322926,17.957303468838983,18.64105796813965,633297000,0.0,0.0
2022-05-09 00:00:00-04:00,18.001226735376935,18.221823872571708,16.796419517005482,16.91919708251953,644455000,0.0,0.0
2022-05-10 00:00:00-04:00,17.656851643260232,18.16492737651773,16.99405882150625,17.56302261352539,761474000,0.0,0.0
2022-05-11 00:00:00-04:00,17.315477156303142,17.7207395102495,16.537893425141622,16.59977912902832,670167000,0.0,0.0
2022-05-12 00:00:00-04:00,16.189525752393525,16.75749197618236,15.538711130202692,16.145605087280273,708728000,0.0,0.0
2022-05-13 00:00:00-04:00,16.757493216581477,17.895421017236522,16.562847872141287,17.673824310302734,670437000,0.0,0.0
2022-05-16 00:00:00-04:00,17.47717962452616,17.755671895048422,17.074912165379693,17.232624053955078,521446000,0.0,0.0
2022-05-17 00:00:00-04:00,18.041149425668817,18.33761050359506,17.601950508278644,18.143962860107422,585830000,0.0,0.0
2022-05-18 00:00:00-04:00,17.672825290748634,18.085074867941106,16.833354004544034,16.90721893310547,545161000,0.0,0.0
2022-05-19 00:00:00-04:00,16.906217932771696,17.654854836825514,16.703585856926992,17.092878341674805,621310000,0.0,0.0
2022-05-20 00:00:00-04:00,17.300504976295468,17.378362351094147,15.72637008787695,16.663663864135742,739105000,0.0,0.0
2022-05-23 00:00:00-04:00,16.244427672325003,16.88426361777237,16.1496009881176,16.867294311523438,639889000,0.0,0.0
2022-05-24 00:00:00-04:00,16.479997280187,16.566839072025044,15.751323384344335,16.124643325805664,588550000,0.0,0.0
2022-05-25 00:00:00-04:00,15.990888366746299,17.079905368342203,15.97092425449637,16.94415283203125,781132000,0.0,0.0
2022-05-26 00:00:00-04:00,16.00685575522456,18.059118973315748,15.992881259502376,17.818557739257812,996575000,0.0,0.0
2022-05-27 00:00:00-04:00,18.152951232834447,18.846687898146087,18.06710707974636,18.77681541442871,738379000,0.0,0.0
2022-05-31 00:00:00-04:00,18.945502282430265,19.16510363804112,18.316648182003533,18.638063430786133,664100000,0.0,0.0
2022-06-01 00:00:00-04:00,18.68997592200463,19.018376635802273,18.089068680481994,18.28670883178711,544514000,0.0,0.0
2022-06-02 00:00:00-04:00,18.258757824402238,19.583345936482782,18.164928787379736,19.556394577026367,648656000,0.0,0.0
2022-06-03 00:00:00-04:00,19.047323404464223,19.296869084599603,18.488339710165604,18.68597984313965,598779000,0.0,0.0
2022-06-06 00:00:00-04:00,19.104216857601944,19.301856968127392,18.53026109692932,18.75185775756836,422406000,0.0,0.0
2022-06-07 00:00:00-04:00,18.438431844745782,18.965472213893936,18.154947548277914,18.8916072845459,388914000,0.0,0.0
2022-06-08 00:00:00-04:00,18.768804244012014,19.14919278784211,18.505228350019344,18.6180477142334,363252000,0.004,0.0
2022-06-09 00:00:00-04:00,18.451315596651252,18.902589231705353,18.01202181811601,18.019010543823242,395574000,0.0,0.0
2022-06-10 00:00:00-04:00,17.571729282063977,17.66857359163236,16.841902597628902,16.946735382080078,465248000,0.0,0.0
2022-06-13 00:00:00-04:00,15.974297907810348,16.285796991229645,15.580930768510546,15.621865272521973,604153000,0.0,0.0
2022-06-14 00:00:00-04:00,15.705731253766638,16.040193181616115,15.387243419466994,15.810563087463379,469680000,0.0,0.0
2022-06-15 00:00:00-04:00,16.069146736449664,16.840905821966867,15.90041852007138,16.50045394897461,563936000,0.0,0.0
2022-06-16 00:00:00-04:00,15.834522958828355,15.916391969438846,15.376260638736387,15.575939178466797,545749000,0.0,0.0
2022-06-17 00:00:00-04:00,15.62286261751567,15.969305314173598,15.303376974273872,15.854490280151367,630334000,0.0,0.0
2022-06-21 00:00:00-04:00,16.44853713036233,16.980680030237714,16.380645564342693,16.539390563964844,483089000,0.0,0.0
2022-06-22 00:00:00-04:00,16.199939414708897,16.63523998208321,16.154013767115536,16.333724975585938,437135000,0.0,0.0
2022-06-23 00:00:00-04:00,16.492466783521426,16.558360761085417,15.827537079076826,16.19894027709961,463680000,0.0,0.0
2022-06-24 00:00:00-04:00,16.473492185505755,17.112463394239207,16.283796893806354,17.098485946655273,472153000,0.0,0.0
2022-06-27 00:00:00-04:00,17.28419095345656,17.302161688571072,16.599292094417013,16.841901779174805,427968000,0.0,0.0
2022-06-28 00:00:00-04:00,16.87285105635566,17.17436596206075,15.919385267288108,15.956326484680176,461149000,0.0,0.0
2022-06-29 00:00:00-04:00,15.788597926333088,15.794587854289764,15.145632337338009,15.517034530639648,482352000,0.0,0.0
2022-06-30 00:00:00-04:00,15.336326385518298,15.541995824627715,14.838128310223647,15.134651184082031,686070000,0.0,0.0
2022-07-01 00:00:00-04:00,14.875068383035895,15.03880451331611,14.368882791299097,14.499671936035156,577610000,0.0,0.0
2022-07-05 00:00:00-04:00,14.152230235873315,14.946951112194402,14.032423111650445,14.939962387084961,651397000,0.0,0.0
2022-07-06 00:00:00-04:00,14.985890495457909,15.29439418107764,14.765244805229912,15.105697631835938,529066000,0.0,0.0
2022-07-07 00:00:00-04:00,15.431173417202471,15.919387306256189,15.364280650557577,15.832527160644531,492903000,0.0,0.0
2022-07-08 00:00:00-04:00,15.40521452102006,16.011239824701722,15.36428001522436,15.812559127807617,467972000,0.0,0.0
2022-07-11 00:00:00-04:00,15.501061520744424,15.502060318211557,15.013845450277405,15.127662658691406,437321000,0.0,0.0
2022-07-12 00:00:00-04:00,15.243472758265565,15.406211017689797,14.85310107596107,15.057771682739258,458483000,0.0,0.0
2022-07-13 00:00:00-04:00,14.56656253178919,15.350301342288464,14.441763333884406,15.139639854431152,521918000,0.0,0.0
2022-07-14 00:00:00-04:00,15.083730400494847,15.44814383814876,14.704340715980594,15.347306251525879,456235000,0.0,0.0
2022-07-15 00:00:00-04:00,15.633846749612045,15.75664836262336,15.420189805163654,15.73668098449707,385935000,0.0,0.0
2022-07-18 00:00:00-04:00,16.275813524039364,16.8698570674019,15.976296187145689,16.075136184692383,670517000,0.0,0.0
2022-07-19 00:00:00-04:00,16.459514986904992,17.082513067414855,16.14602025655612,16.964702606201172,702366000,0.0,0.0
2022-07-20 00:00:00-04:00,16.919781096788945,17.9041974948796,16.774015685938632,17.778398513793945,760538000,0.0,0.0
2022-07-21 00:00:00-04:00,17.856275439067566,18.114858336306213,17.516821354849537,18.02100944519043,557049000,0.0,0.0
2022-07-22 00:00:00-04:00,17.86425701094861,17.93813754600972,17.109470902798687,17.291179656982422,536671000,0.0,0.0
2022-07-25 00:00:00-04:00,16.991661475600253,17.096494261320483,16.622256873127547,16.996654510498047,480748000,0.0,0.0
2022-07-26 00:00:00-04:00,16.86187210310339,16.89182460135965,16.451532969702946,16.506444931030273,397865000,0.0,0.0
2022-07-27 00:00:00-04:00,17.00464126060537,17.9071904085924,16.885832927058424,17.761425018310547,569776000,0.0,0.0
2022-07-28 00:00:00-04:00,17.946126134465974,18.11086009552277,17.411985687188125,17.955110549926758,474646000,0.0,0.0
2022-07-29 00:00:00-04:00,17.784388988721815,18.214696484956857,17.663583046050046,18.133827209472656,435460000,0.0,0.0
2022-08-01 00:00:00-04:00,18.15279410603998,18.815729008879483,17.96110307249906,18.411378860473633,476469000,0.0,0.0
2022-08-02 00:00:00-04:00,18.092893965938778,18.907583371714097,18.06294146344721,18.496244430541992,489527000,0.0,0.0
2022-08-03 00:00:00-04:00,18.154791057227346,18.937532114170036,18.10786566973609,18.862651824951172,418146000,0.0,0.0
2022-08-04 00:00:00-04:00,18.818724113299595,19.243040681587424,18.72986637165179,19.18413543701172,409652000,0.0,0.0
2022-08-05 00:00:00-04:00,18.779786567763914,19.19811418839831,18.636018761507295,18.958499908447266,386068000,0.0,0.0
2022-08-08 00:00:00-04:00,17.47388850828178,18.209704226677722,17.214305900483794,17.764419555664062,981859000,0.0,0.0
2022-08-09 00:00:00-04:00,17.224289326765735,17.41897579817991,16.69713756258524,17.058555603027344,668263000,0.0,0.0
2022-08-10 00:00:00-04:00,17.66956911758063,18.088894487490233,17.289180654581262,18.067928314208984,597422000,0.0,0.0
2022-08-11 00:00:00-04:00,18.101878818020555,18.67695387002045,17.84728732822926,17.91318130493164,509327000,0.0,0.0
2022-08-12 00:00:00-04:00,18.13082581557374,18.68792995248519,17.92415762973826,18.678943634033203,478094000,0.0,0.0
2022-08-15 00:00:00-04:00,18.67096091199568,19.13321654286925,18.583102920928454,19.001428604125977,457666000,0.0,0.0
2022-08-16 00:00:00-04:00,18.889613105345994,19.111256678196828,18.471285426870224,18.848678588867188,451240000,0.0,0.0
2022-08-17 00:00:00-04:00,18.49324543441833,18.65797938877472,18.115852393296763,18.305545806884766,446799000,0.0,0.0
2022-08-18 00:00:00-04:00,18.271601730397578,18.83469489391409,18.15379125601455,18.742843627929688,415447000,0.0,0.0
2022-08-19 00:00:00-04:00,18.37643415192169,18.49025135099446,17.74145609340944,17.820329666137695,441588000,0.0,0.0
2022-08-22 00:00:00-04:00,17.461906404566534,17.529797971537494,16.93874791361986,17.00663948059082,409593000,0.0,0.0
2022-08-23 00:00:00-04:00,16.961711297149357,17.436946542201706,16.94274081093071,17.15340232849121,369986000,0.0,0.0
2022-08-24 00:00:00-04:00,16.98467604437704,17.378044243797792,16.86786528424407,17.194339752197266,522661000,0.0,0.0
2022-08-25 00:00:00-04:00,16.816942772656006,17.918171626071466,16.805960762250074,17.884225845336914,770691000,0.0,0.0
2022-08-26 00:00:00-04:00,17.828315779513094,17.895207590473877,16.210917226715885,16.2338809967041,769127000,0.0,0.0
2022-08-29 00:00:00-04:00,15.994267589292031,16.311755674946216,15.741673723289146,15.775618553161621,496132000,0.0,0.0
2022-08-30 00:00:00-04:00,15.934362683647725,16.013235302076197,15.157612546233274,15.443153381347656,530181000,0.0,0.0
2022-08-31 00:00:00-04:00,15.35928679586059,15.515036332831574,14.934969330165726,15.06975269317627,573710000,0.0,0.0
2022-09-01 00:00:00-04:00,14.186177151435565,14.356902971270143,13.248686195036969,13.9146146774292,1178865000,0.0,0.0
2022-09-02 00:00:00-04:00,14.07735157024542,14.148236669923433,13.56916839929729,13.625079154968262,743157000,0.0,0.0
2022-09-06 00:00:00-04:00,13.708944300191542,13.756867534549574,13.329554567237018,13.443371772766113,535751000,0.0,0.0
2022-09-07 00:00:00-04:00,13.545236934215922,13.819877351748058,13.328521120783083,13.696039199829102,512657000,0.004,0.0
2022-09-08 00:00:00-04:00,13.441372149210842,13.989653853498535,13.351490823804518,13.97167682647705,624873000,0.0,0.0
2022-09-09 00:00:00-04:00,14.138460000064642,14.455045254829914,14.107501412023929,14.368159294128418,486612000,0.0,0.0
2022-09-12 00:00:00-04:00,14.35018325067947,14.527949644682035,14.179406706797371,14.486004829406738,484159000,0.0,0.0
2022-09-13 00:00:00-04:00,13.783924633033108,13.903767364016517,13.081845229225642,13.113802909851074,714956000,0.0,0.0
2022-09-14 00:00:00-04:00,13.236640893849893,13.27259399594672,12.896087899117584,13.110806465148926,588507000,0.0,0.0
2022-09-15 00:00:00-04:00,12.99795522520399,13.215669180142505,12.773249515880076,12.912067413330078,523625000,0.0,0.0
2022-09-16 00:00:00-04:00,12.725311500263086,13.194696210561576,12.600475212066435,13.18071460723877,670751000,0.0,0.0
2022-09-19 00:00:00-04:00,12.994957124997153,13.445366624043894,12.99295988934138,13.364472389221191,569685000,0.0,0.0
2022-09-20 00:00:00-04:00,13.197694249472493,13.465342935530723,13.039901168379119,13.158744812011719,524818000,0.0,0.0
2022-09-21 00:00:00-04:00,13.195694847081509,14.01262332870265,13.092829109144954,13.243631362915039,807679000,0.0,0.0
2022-09-22 00:00:00-04:00,13.052882186314475,13.131779194049958,12.411723754768438,12.544548988342285,759162000,0.0,0.0
2022-09-23 00:00:00-04:00,12.403735942235254,12.594485810282588,12.240949285952915,12.49960994720459,663309000,0.0,0.0
2022-09-26 00:00:00-04:00,12.47464261841831,12.642422835414386,12.198004936367159,12.211986541748047,547343000,0.0,0.0
2022-09-27 00:00:00-04:00,12.490619571943231,12.719319742448128,12.241946090666989,12.396742820739746,553854000,0.0,0.0
2022-09-28 00:00:00-04:00,12.393747960630728,12.806207210789621,12.337821540927935,12.719321250915527,542414000,0.0,0.0
2022-09-29 00:00:00-04:00,12.431696780132437,12.483628721329582,11.930354395452484,12.203995704650879,532763000,0.0,0.0
2022-09-30 00:00:00-04:00,12.071171193395665,12.61645665148019,12.059186824350094,12.123103141784668,565638000,0.0,0.0
2022-10-03 00:00:00-04:00,12.330830178093539,12.661397019747188,12.089146528346182,12.495614051818848,547478000,0.0,0.0
2022-10-04 00:00:00-04:00,12.862134419949426,13.202688430311015,12.862134419949426,13.149757385253906,584182000,0.0,0.0
2022-10-05 00:00:00-04:00,12.894090885519283,13.30355376155447,12.604470732780348,13.191699981689453,507131000,0.0,0.0
2022-10-06 00:00:00-04:00,13.202685736539443,13.638114568042825,13.085838394985783,13.11280345916748,644157000,0.0,0.0
2022-10-07 00:00:00-04:00,12.48862450071268,12.653408390945094,12.006257199525558,12.060186386108398,672478000,0.0,0.0
2022-10-10 00:00:00-04:00,12.021234494107956,12.108120441007816,11.393058603226073,11.654715538024902,698699000,0.0,0.0
2022-10-11 00:00:00-04:00,11.54585774929641,11.83048431565809,11.268221984145713,11.570825576782227,667482000,0.0,0.0
2022-10-12 00:00:00-04:00,11.563836589027906,11.719631475815296,11.330142830208745,11.484939575195312,492590000,0.0,0.0
2022-10-13 00:00:00-04:00,10.956631792924158,12.062182385586972,10.798838721715281,11.944336891174316,850103000,0.0,0.0
2022-10-14 00:00:00-04:00,12.041209377307327,12.095138555665246,11.18932684468692,11.212296485900879,713432000,0.0,0.0
2022-10-17 00:00:00-04:00,11.502913626203627,11.932350726428501,11.501915484578577,11.872428894042969,580774000,0.0,0.0
2022-10-18 00:00:00-04:00,12.327835405313065,12.475641363236987,11.602786269324618,11.951329231262207,659362000,0.0,0.0
2022-10-19 00:00:00-04:00,11.86344167010799,12.33382546739314,11.81850053084603,12.035216331481934,523131000,0.0,0.0
2022-10-20 00:00:00-04:00,12.09713671776913,12.752277756580911,12.089146821227374,12.178030967712402,652398000,0.0,0.0
2022-10-21 00:00:00-04:00,12.082154643546934,12.481631329078258,11.871431503871706,12.44967269897461,609494000,0.0,0.0
2022-10-24 00:00:00-04:00,12.49161907984014,12.693354192196825,12.048200327410264,12.582499504089355,517457000,0.0,0.0
2022-10-25 00:00:00-04:00,12.677374543128046,13.282580793981623,12.64741314925367,13.243631362915039,505482000,0.0,0.0
2022-10-26 00:00:00-04:00,12.852147174952409,13.370466592779119,12.691357769324208,12.879111289978027,532953000,0.0,0.0
2022-10-27 00:00:00-04:00,13.612150741855237,13.819878535178242,13.10481562757985,13.158744812011719,583113000,0.0,0.0
2022-10-28 00:00:00-04:00,13.086838241715473,13.83186152118797,13.043894336346346,13.815881729125977,521040000,0.0,0.0
2022-10-31 00:00:00-04:00,13.759955512484012,13.819877352516734,13.27958550774582,13.479323387145996,486341000,0.0,0.0
2022-11-01 00:00:00-04:00,13.79291342524304,13.906764454492945,13.501296001998105,13.525264739990234,432817000,0.0,0.0
2022-11-02 00:00:00-04:00,13.83186095275916,14.191389115723172,13.193697915853496,13.20168685913086,672628000,0.0,0.0
2022-11-03 00:00:00-04:00,13.025919033651268,13.762952460821824,12.93903307601992,13.403423309326172,500065000,0.0,0.0
2022-11-04 00:00:00-04:00,13.967683273201919,14.210365058332465,13.67906125202417,14.137460708618164,612576000,0.0,0.0
2022-11-07 00:00:00-05:00,14.209367978816218,14.393127044208452,13.935727569364591,14.282272338867188,410061000,0.0,0.0
2022-11-08 00:00:00-05:00,14.781615950345596,14.871498236897642,14.197382040182664,14.582877159118652,595292000,0.0,0.0
2022-11-09 00:00:00-05:00,14.143453551229962,14.192390121308478,13.740981430455777,13.757959365844727,454414000,0.0,0.0
2022-11-10 00:00:00-05:00,14.78061823441489,15.75234357507586,14.527949302036653,15.729373931884766,700819000,0.0,0.0
2022-11-11 00:00:00-05:00,15.786299758724766,16.367537366980358,15.461725560041561,16.305618286132812,655487000,0.0,0.0
2022-11-14 00:00:00-05:00,16.196759933471668,16.518338717650273,15.901147120330615,16.273658752441406,527852000,0.0,0.0
2022-11-15 00:00:00-05:00,16.70009908063956,16.975736669946382,16.360544231088024,16.64417266845703,545876000,0.0,0.0
2022-11-16 00:00:00-05:00,16.140835725955686,16.340572673265275,15.852213675087597,15.889164924621582,649547000,0.0,0.0
2022-11-17 00:00:00-05:00,15.694419686718572,16.244698687867267,15.514655111106975,15.656469345092773,710894000,0.0,0.0
2022-11-18 00:00:00-05:00,15.945089416031916,15.981043471785322,15.10019767858643,15.388819694519043,492072000,0.0,0.0
2022-11-21 00:00:00-05:00,15.127163364237928,15.456731110524126,15.060250720781186,15.296940803527832,404739000,0.0,0.0
2022-11-22 00:00:00-05:00,15.30792800033822,16.036972558111696,15.102197430405885,16.016998291015625,472866000,0.0,0.0
2022-11-23 00:00:00-05:00,16.076917762150764,16.505356800578657,16.026984003688426,16.497365951538086,427241000,0.0,0.0
2022-11-25 00:00:00-05:00,16.296629028257563,16.465406408074,16.15082033660223,16.24869155883789,167934000,0.0,0.0
2022-11-28 00:00:00-05:00,16.005011300506297,16.33557910048079,15.704406802903588,15.806272506713867,303741000,0.0,0.0
2022-11-29 00:00:00-05:00,15.806272346937764,15.9111353323506,15.499675191959904,15.618518829345703,298384000,0.0,0.0
2022-11-30 00:00:00-05:00,15.680454279692341,16.91215540251176,15.58056025532418,16.905162811279297,565298000,0.004,0.0
2022-12-01 00:00:00-05:00,16.981086996321626,17.24680552697845,16.61747025955783,17.116943359375,470977000,0.0,0.0
2022-12-02 00:00:00-05:00,16.641439305658572,16.915150636132893,16.42766419266872,16.85820960998535,371389000,0.0,0.0
2022-12-05 00:00:00-05:00,16.661416742045997,16.977083578578082,16.454634243569135,16.59248924255371,352255000,0.0,0.0
2022-12-06 00:00:00-05:00,16.51257690097359,16.55553084429332,15.802325903042705,15.970149040222168,352694000,0.0,0.0
2022-12-07 00:00:00-05:00,15.7553764476407,16.16894059762961,15.650486623430005,16.103010177612305,372388000,0.0,0.0
2022-12-08 00:00:00-05:00,16.255846411030678,17.16089148149892,15.942176334261013,17.150901794433594,515456000,0.0,0.0
2022-12-09 00:00:00-05:00,17.141910790847255,17.564465224613613,16.957106340396344,16.983078002929688,465338000,0.0,0.0
2022-12-12 00:00:00-05:00,17.01904149488724,17.5195128285567,16.779294713991607,17.516515731811523,457328000,0.0,0.0
2022-12-13 00:00:00-05:00,18.511465684750743,18.770193437295646,17.692330392550996,18.052949905395508,656589000,0.0,0.0
2022-12-14 00:00:00-05:00,17.968040523898743,18.23276249935812,17.401638727640112,17.655370712280273,496888000,0.0,0.0
2022-12-15 00:00:00-05:00,17.127923524585228,17.30173986952119,16.68239457922902,16.934127807617188,478542000,0.0,0.0
2022-12-16 00:00:00-05:00,16.846223968965074,17.023037438901543,16.392702058076296,16.553531646728516,478232000,0.0,0.0
2022-12-19 00:00:00-05:00,16.554531578863497,16.591491326415667,16.127981643599433,16.236865997314453,354039000,0.0,0.0
2022-12-20 00:00:00-05:00,16.04706879387778,16.292809815920624,15.835293287085545,16.06804656982422,403260000,0.0,0.0
2022-12-21 00:00:00-05:00,16.097015130166447,16.60947488301715,16.085026742432447,16.483606338500977,325025000,0.0,0.0
2022-12-22 00:00:00-05:00,16.077036435377618,16.12099068336775,14.866314016542502,15.322832107543945,565045000,0.0,0.0
2022-12-23 00:00:00-05:00,15.17998128298212,15.322830189395079,14.867311505326436,15.189970970153809,349326000,0.0,0.0
2022-12-27 00:00:00-05:00,15.058110852321793,15.08408346858157,14.041183324202558,14.106115341186523,464902000,0.0,0.0
2022-12-28 00:00:00-05:00,13.912320585471353,14.246967523902235,13.869365687694097,14.02120590209961,351066000,0.0,0.0
2022-12-29 00:00:00-05:00,14.386819046661842,14.667522024551847,14.212003326446284,14.587606430053711,354923000,0.0,0.0
2022-12-30 00:00:00-05:00,14.318889147477543,14.613578243254633,14.217995786415349,14.598594665527344,310490000,0.0,0.0
2023-01-03 00:00:00-05:00,14.835345814456593,14.980193431350457,14.081141524221861,14.299910545349121,401277000,0.0,0.0
2023-01-04 00:00:00-05:00,14.551643550441703,14.837341342052907,14.225987013110903,14.733450889587402,431324000,0.0,0.0
2023-01-05 00:00:00-05:00,14.475725368544696,14.548648374304229,14.133086509590795,14.249963760375977,389168000,0.0,0.0
2023-01-06 00:00:00-05:00,14.458743594966384,14.994178873357656,14.019207798039817,14.843338012695312,405044000,0.0,0.0
2023-01-09 00:00:00-05:00,15.267888310654865,16.03907384357529,15.125038456294371,15.611525535583496,504231000,0.0,0.0
2023-01-10 00:00:00-05:00,15.490653372601406,15.94517366128145,15.455690420036634,15.892230033874512,384101000,0.0,0.0
2023-01-11 00:00:00-05:00,15.823302234215715,16.011103777484436,15.546593810156406,15.984131813049316,353285000,0.0,0.0
2023-01-12 00:00:00-05:00,16.083029067309738,16.619461755576417,15.47566921706697,16.493595123291016,551409000,0.0,0.0
2023-01-13 00:00:00-05:00,16.260839889557317,16.904162001817628,16.147960048723682,16.88118553161621,447287000,0.0,0.0
2023-01-17 00:00:00-05:00,16.881187014032182,17.709313641691512,16.881187014032182,17.683340072631836,511102000,0.0,0.0
2023-01-18 00:00:00-05:00,17.648373995471697,17.85415619050999,17.263779661511762,17.358680725097656,439624000,0.0,0.0
2023-01-19 00:00:00-05:00,17.01804012030735,17.178871599912767,16.71336324869982,16.747325897216797,452932000,0.0,0.0
2023-01-20 00:00:00-05:00,16.993067946601407,17.837178429750637,16.80726509622476,17.8201961517334,564967000,0.0,0.0
2023-01-23 00:00:00-05:00,18.04495979923427,19.224716691811057,17.799220697894288,19.172771453857422,655163000,0.0,0.0
2023-01-24 00:00:00-05:00,18.807151961874666,19.47444892004992,18.80015937186395,19.24468994140625,496204000,0.0,0.0
2023-01-25 00:00:00-05:00,18.893063715882672,19.349582719059857,18.560414551747876,19.302631378173828,449537000,0.0,0.0
2023-01-26 00:00:00-05:00,19.680232657858443,20.14474263652142,19.25767822252368,19.781126022338867,489535000,0.0,0.0
2023-01-27 00:00:00-05:00,19.441482734234384,20.606253883767415,19.384543617188243,20.343530654907227,542142000,0.0,0.0
2023-01-30 00:00:00-05:00,19.928969317759073,20.11876764644554,19.129811540746857,19.141799926757812,488611000,0.0,0.0
2023-01-31 00:00:00-05:00,19.14979328260832,19.66624851924581,18.930025867048208,19.516407012939453,498017000,0.0,0.0
2023-02-01 00:00:00-05:00,19.670242250628736,21.169659387182808,19.590326660737446,20.920923233032227,660477000,0.0,0.0
2023-02-02 00:00:00-05:00,20.97786486247128,21.9258639706003,20.67818184085696,21.68611717224121,564276000,0.0,0.0
2023-02-03 00:00:00-05:00,20.97786002176547,21.72207541802909,20.767082033794136,21.077754974365234,429366000,0.0,0.0
2023-02-06 00:00:00-05:00,20.7840660402103,21.54726056931194,20.76408666695872,21.066768646240234,452197000,0.0,0.0
2023-02-07 00:00:00-05:00,21.3594611160502,22.235537474634327,21.12770531761483,22.149627685546875,664150000,0.0,0.0
2023-02-08 00:00:00-05:00,22.36340029679166,22.85388384635013,21.984800102114296,22.18159294128418,559651000,0.0,0.0
2023-02-09 00:00:00-05:00,22.58216918763524,22.99573229825379,22.09668147789324,22.313451766967773,523876000,0.0,0.0
2023-02-10 00:00:00-05:00,21.667135439240298,22.05472500108008,20.789062350237074,21.242582321166992,550737000,0.0,0.0
2023-02-13 00:00:00-05:00,21.515295357490146,22.024757958584203,20.93990234696834,21.765031814575195,474919000,0.0,0.0
2023-02-14 00:00:00-05:00,21.555253690620347,23.02470377641566,21.343477267064582,22.946786880493164,675474000,0.0,0.0
2023-02-15 00:00:00-05:00,22.52523007264076,22.830907263123883,22.082698167631655,22.74000358581543,420575000,0.0,0.0
2023-02-16 00:00:00-05:00,22.109669887606003,22.5262301612366,21.90388764913277,21.978809356689453,412026000,0.0,0.0
2023-02-17 00:00:00-05:00,21.60819565620736,21.717079994148627,20.952887118556177,21.36545181274414,465888000,0.0,0.0
2023-02-21 00:00:00-05:00,20.977862013234812,21.47134072519899,20.596264744241374,20.63322639465332,410015000,0.0,0.0
2023-02-22 00:00:00-05:00,20.685172986353002,21.081753858938534,20.399473261638228,20.73212242126465,513184000,0.0,0.0
2023-02-23 00:00:00-05:00,23.415294236092592,23.86282198809331,23.00073074104482,23.639057159423828,1117995000,0.0,0.0
2023-02-24 00:00:00-05:00,23.200520912956318,23.4492590122832,22.922814050705714,23.261455535888672,589716000,0.0,0.0
2023-02-27 00:00:00-05:00,23.6450473658971,23.854825071141974,23.429275467548678,23.476224899291992,452994000,0.0,0.0
2023-02-28 00:00:00-05:00,23.347360182285275,23.799883635514494,23.181534819315353,23.191524505615234,455963000,0.0,0.0
2023-03-01 00:00:00-05:00,23.167550984389926,23.23148459935281,22.484272025585433,22.674072265625,460026000,0.0,0.0
2023-03-02 00:00:00-05:00,22.4642990788848,23.35535722599572,22.408356440030143,23.289426803588867,389415000,0.0,0.0
2023-03-03 00:00:00-05:00,23.29541595223961,23.874804445027564,23.105615715106577,23.86481475830078,412393000,0.0,0.0
2023-03-06 00:00:00-05:00,23.865819498087028,24.222441663316612,23.462244081707404,23.5291748046875,437429000,0.0,0.0
2023-03-07 00:00:00-05:00,23.579126969767078,24.10366224367853,23.220443334628193,23.26740264892578,515154000,0.004,0.0
2023-03-08 00:00:00-05:00,23.466224373577802,24.17859494826269,23.403280373872484,24.159610748291016,513573000,0.0,0.0
2023-03-09 00:00:00-05:00,24.15361259549096,24.432367010372445,23.362313428720174,23.415267944335938,501257000,0.0,0.0
2023-03-10 00:00:00-05:00,23.388296345871805,23.60610394776299,22.705899859992172,22.94468879699707,474866000,0.0,0.0
2023-03-13 00:00:00-04:00,22.73187871576052,23.277395355394315,22.2772811984554,22.945688247680664,421890000,0.0,0.0
2023-03-14 00:00:00-04:00,23.475217706481274,24.197577774691457,23.439248344671885,24.041715621948242,474910000,0.0,0.0
2023-03-15 00:00:00-04:00,23.739983668370748,24.264518937841256,23.33933927282555,24.206571578979492,524486000,0.0,0.0
2023-03-16 00:00:00-04:00,24.00574890060099,25.565367136764166,23.872865210794142,25.518409729003906,583253000,0.0,0.0
2023-03-17 00:00:00-04:00,25.95902028263856,26.375651279421106,25.645296921004547,25.702247619628906,848547000,0.0,0.0
2023-03-20 00:00:00-04:00,25.592342695819287,26.000981321988803,25.107771080019624,25.877090454101562,432747000,0.0,0.0
2023-03-21 00:00:00-04:00,26.156846636843376,26.36865903671038,25.358553488198883,26.17582893371582,547408000,0.0,0.0
2023-03-22 00:00:00-04:00,26.40162837848802,27.56460037448036,26.213794924295495,26.444591522216797,797295000,0.0,0.0
2023-03-23 00:00:00-04:00,27.091019134511235,27.474680300568725,26.666395768826245,27.16695213317871,564889000,0.0,0.0
2023-03-24 00:00:00-04:00,27.00708794205648,27.14296731342472,26.331685351408684,26.75531005859375,454920000,0.0,0.0
2023-03-27 00:00:00-04:00,26.81326506197413,26.97612101034624,26.341682380127203,26.507535934448242,361026000,0.0,0.0
2023-03-28 00:00:00-04:00,26.423606568217767,26.48954817207098,25.82713452804624,26.386638641357422,356104000,0.0,0.0
2023-03-29 00:00:00-04:00,26.801274739572264,27.054049321086534,26.57347575940691,26.960132598876953,393694000,0.0,0.0
2023-03-30 00:00:00-04:00,27.204914890179356,27.474676521126977,27.078026419046342,27.35877799987793,364516000,0.0,0.0
2023-03-31 00:00:00-04:00,27.115996118368173,27.809382571922825,27.081027225666862,27.75243377685547,433933000,0.0,0.0
2023-04-03 00:00:00-04:00,27.48466960367856,27.97523454624746,27.311822283407086,27.940265655517578,398716000,0.0,0.0
2023-04-04 00:00:00-04:00,27.941263393705515,27.97523371673916,27.282845889494656,27.4287166595459,368592000,0.0,0.0
2023-04-05 00:00:00-04:00,26.80527136414144,26.97412061023067,26.371655203421952,26.85722541809082,515015000,0.0,0.0
2023-04-06 00:00:00-04:00,26.560484102488175,27.05604564313856,26.40362339232595,27.013084411621094,397654000,0.0,0.0
2023-04-10 00:00:00-04:00,26.79927739516235,27.596571970496065,26.645414265265643,27.554609298706055,395279000,0.0,0.0
2023-04-11 00:00:00-04:00,27.699481299941798,27.765422913048063,27.102008703659926,27.14497184753418,314378000,0.0,0.0
2023-04-12 00:00:00-04:00,27.345793254176353,27.443706150535657,26.42460783917617,26.471567153930664,446259000,0.0,0.0
2023-04-13 00:00:00-04:00,26.71035256577281,26.863217112653786,26.305712014928602,26.439592361450195,353615000,0.0,0.0
2023-04-14 00:00:00-04:00,26.480554202360153,26.859218648304658,26.196805033128154,26.734329223632812,395660000,0.0,0.0
2023-04-17 00:00:00-04:00,26.541505126599592,26.982115069024893,26.409621904454085,26.978118896484375,321471000,0.0,0.0
2023-04-18 00:00:00-04:00,27.508648184223265,28.08513749604695,27.332803260522113,27.642528533935547,604812000,0.0,0.0
2023-04-19 00:00:00-04:00,27.336802094498506,27.975236904297546,27.20791647127858,27.90629768371582,358660000,0.0,0.0
2023-04-20 00:00:00-04:00,27.646522604245416,28.005206202430383,26.97611662299647,27.08002471923828,427713000,0.0,0.0
2023-04-21 00:00:00-04:00,26.928162455219432,27.158959050915872,26.6983663319222,27.095014572143555,345103000,0.0,0.0
2023-04-24 00:00:00-04:00,26.989107985798988,27.341794498427166,26.647409518060194,27.018081665039062,339282000,0.0,0.0
2023-04-25 00:00:00-04:00,27.05404825153496,27.22289939376249,26.20180400715183,26.217788696289062,378527000,0.0,0.0
2023-04-26 00:00:00-04:00,26.978118263771744,27.305827272348722,26.68138006807285,26.932157516479492,406337000,0.0,0.0
2023-04-27 00:00:00-04:00,27.338799421481617,27.47068264242289,26.601451283130864,27.201919555664062,377161000,0.0,0.0
2023-04-28 00:00:00-04:00,27.200925707084245,27.733453422433442,27.047060652189685,27.724462509155273,292216000,0.0,0.0
2023-05-01 00:00:00-04:00,27.81537661530885,29.03229974718171,27.755430216862095,28.884429931640625,570329000,0.0,0.0
2023-05-02 00:00:00-04:00,28.654634590232256,28.810496754933304,28.058162478439368,28.185049057006836,402730000,0.0,0.0
2023-05-03 00:00:00-04:00,27.815375094782077,28.341909379215185,27.44770056792737,27.777408599853516,383387000,0.0,0.0
2023-05-04 00:00:00-04:00,27.626540615871196,27.834356814204146,27.21590486366876,27.537620544433594,321850000,0.0,0.0
2023-05-05 00:00:00-04:00,27.801389698676097,28.72956699907564,27.70647440681242,28.654634475708008,361494000,0.0,0.0
2023-05-08 00:00:00-04:00,28.496770293145723,29.194152833187378,28.324923456766907,29.125213623046875,344979000,0.0,0.0
2023-05-09 00:00:00-04:00,28.873439595641816,28.94737354959499,28.42483732148799,28.54572868347168,314869000,0.0,0.0
2023-05-10 00:00:00-04:00,28.979347916687313,29.08725411185413,28.435830296315775,28.859455108642578,369350000,0.0,0.0
2023-05-11 00:00:00-04:00,28.87044053584294,28.92439362497088,28.221015861335896,28.55272102355957,322149000,0.0,0.0
2023-05-12 00:00:00-04:00,28.503763865404448,28.754543198981384,28.02119130356018,28.314931869506836,274222000,0.0,0.0
2023-05-15 00:00:00-04:00,28.482784946357548,28.943377647743457,28.127100823911366,28.927391052246094,293926000,0.0,0.0
2023-05-16 00:00:00-04:00,28.815489784527685,29.84358087051638,28.806498873165175,29.18716049194336,449405000,0.0,0.0
2023-05-17 00:00:00-04:00,29.557835439948157,30.172291303095026,29.40397230888541,30.151309967041016,432535000,0.0,0.0
2023-05-18 00:00:00-04:00,30.383107925118658,31.799853239184543,30.29318736072945,31.649986267089844,748725000,0.0,0.0
2023-05-19 00:00:00-04:00,31.508107900453748,31.55206961057156,30.888657314495276,31.23634910583496,473908000,0.0,0.0
2023-05-22 00:00:00-04:00,30.87366776329227,31.49212165768894,30.652864468171376,31.148426055908203,372000000,0.0,0.0
2023-05-23 00:00:00-04:00,30.972580557946717,31.260325929202107,30.603907456096916,30.660856246948242,356253000,0.0,0.0
2023-05-24 00:00:00-04:00,30.183279227752074,30.579929358273947,29.77963722467679,30.510990142822266,721419000,0.0,0.0
2023-05-25 00:00:00-04:00,38.4889301875961,39.445084576342175,36.60259939215732,37.9464111328125,1543911000,0.0,0.0
2023-05-26 00:00:00-04:00,37.8564903887327,39.13535716800428,37.516790924073234,38.911556243896484,714397000,0.0,0.0
2023-05-30 00:00:00-04:00,40.559096455146374,41.90090712766281,39.91366790954096,40.075523376464844,923401000,0.0,0.0
2023-05-31 00:00:00-04:00,39.45307354763965,40.259358998541856,37.78854668617227,37.800537109375,1002580000,0.0,0.0
2023-06-01 00:00:00-04:00,38.45495609590561,40.01457626339759,38.306089619716126,39.734825134277344,635873000,0.0,0.0
2023-06-02 00:00:00-04:00,40.061532803064914,40.46417621230153,39.02345037446548,39.292213439941406,482731000,0.0,0.0
2023-06-05 00:00:00-04:00,38.87458325572637,39.53000121935848,38.67276227118168,39.1363525390625,396094000,0.0,0.0
2023-06-06 00:00:00-04:00,38.79565884971586,39.125365001144544,38.11425902229296,38.61981201171875,388729000,0.0,0.0
2023-06-07 00:00:00-04:00,38.88460205575025,39.46814549212033,37.32681796379226,37.44572448730469,511998000,0.004,0.0
2023-06-08 00:00:00-04:00,37.694530316754765,38.83363917760187,37.47570343519659,38.479915618896484,417772000,0.0,0.0
2023-06-09 00:00:00-04:00,39.0065091445359,39.679982507586125,38.53687882707075,38.73971939086914,427717000,0.0,0.0
2023-06-12 00:00:00-04:00,39.16937922135142,39.49911945587758,38.58783312564601,39.45115661621094,388701000,0.0,0.0
2023-06-13 00:00:00-04:00,40.154614126267326,41.06890039349555,39.70896332197463,40.989959716796875,613208000,0.0,0.0
2023-06-14 00:00:00-04:00,40.7921176516414,42.96641687824926,40.52032691306219,42.96342086791992,740465000,0.0,0.0
2023-06-15 00:00:00-04:00,42.5687310811785,43.255194841743766,42.11408458461737,42.61968994140625,568622000,0.0,0.0
2023-06-16 00:00:00-04:00,43.416060581927226,43.6868488037051,42.62767543128522,42.658653259277344,655709000,0.0,0.0
2023-06-20 00:00:00-04:00,42.96441968644821,43.95564551444472,42.64067141901623,43.77378463745117,451153000,0.0,0.0
2023-06-21 00:00:00-04:00,43.467020523272616,43.58093370313804,42.04713285457767,43.011375427246094,551603000,0.0,0.0
2023-06-22 00:00:00-04:00,42.21999389255843,43.392077979853475,42.201011539171446,42.99139404296875,417737000,0.0,0.0
2023-06-23 00:00:00-04:00,42.430834923932906,42.77556287564385,41.98218429643555,42.17603302001953,358140000,0.0,0.0
2023-06-26 00:00:00-04:00,42.42783159494467,42.73059631968799,40.06867574743641,40.60026168823242,594322000,0.0,0.0
2023-06-27 00:00:00-04:00,40.76713004512084,41.907237605323324,40.416406298926006,41.84328842163086,462175000,0.0,0.0
2023-06-28 00:00:00-04:00,40.628237095961644,41.81231277067348,40.4863497310759,41.08488082885742,582639000,0.0,0.0
2023-06-29 00:00:00-04:00,41.5255405787365,41.567507592478876,40.568288623316235,40.79011535644531,380514000,0.0,0.0
2023-06-30 00:00:00-04:00,41.64744701058792,42.516766447959405,41.46858596097829,42.268959045410156,501148000,0.0,0.0
2023-07-03 00:00:00-04:00,42.48378258219759,42.864485450578925,42.169030043008505,42.37986373901367,198209000,0.0,0.0
2023-07-05 00:00:00-04:00,42.102089932908285,43.143275924330226,42.05212974638505,42.28395080566406,323618000,0.0,0.0
2023-07-06 00:00:00-04:00,41.81131756799603,42.14605498586675,41.31370545626282,42.07011413574219,303582000,0.0,0.0
2023-07-07 00:00:00-04:00,42.288940665727566,43.18024602401447,42.14705329030634,42.46979904174805,355881000,0.0,0.0
2023-07-10 00:00:00-04:00,42.6236813610569,42.7775603980854,41.61646549525351,42.14705276489258,353908000,0.0,0.0
2023-07-11 00:00:00-04:00,42.44781661195004,42.724600671080424,42.03414233997435,42.37187576293945,298244000,0.0,0.0
2023-07-12 00:00:00-04:00,42.999389377359606,43.90068528368808,42.743588811592915,43.86771011352539,481277000,0.0,0.0
2023-07-13 00:00:00-04:00,44.48323328046501,46.11895201895111,44.45725261049975,45.94109344482422,478204000,0.0,0.0
2023-07-14 00:00:00-04:00,46.54662304835885,48.05044884595837,45.02481356367815,45.433494567871094,772075000,0.0,0.0
2023-07-17 00:00:00-04:00,46.252842790646994,46.45967801263674,45.22664460524396,46.424705505371094,510488000,0.0,0.0
2023-07-18 00:00:00-04:00,46.66451794958182,47.85858412490547,45.69827430374762,47.4568977355957,569164000,0.0,0.0
2023-07-19 00:00:00-04:00,47.42692856470666,47.78065216165784,46.70549236660369,47.04022979736328,427502000,0.0,0.0
2023-07-20 00:00:00-04:00,46.470672206647684,47.05022098399054,45.02680123666584,45.48444366455078,537865000,0.0,0.0
2023-07-21 00:00:00-04:00,45.75223611318822,45.83017811976025,44.06555477681696,44.274391174316406,963769000,0.0,0.0
2023-07-24 00:00:00-04:00,44.69605495582579,45.07376182575431,44.005596688922395,44.5771484375,382516000,0.0,0.0
2023-07-25 00:00:00-04:00,44.90589946333249,46.14692613209552,44.88791196755602,45.6433219909668,348081000,0.0,0.0
2023-07-26 00:00:00-04:00,45.985052064508444,46.017028562917005,44.59513975878737,45.41649627685547,364237000,0.0,0.0
2023-07-27 00:00:00-04:00,46.48267087434162,47.35798619218416,45.71427043709448,45.86415481567383,455976000,0.0,0.0
2023-07-28 00:00:00-04:00,46.63154903236518,46.99026979268205,46.344774445154044,46.71348571777344,331194000,0.0,0.0
2023-07-31 00:00:00-04:00,46.71747924909827,47.093184983951005,46.4696718790696,46.69249725341797,251055000,0.0,0.0
2023-08-01 00:00:00-04:00,46.42370843555568,46.86336718401233,45.991048000510794,46.470672607421875,237858000,0.0,0.0
2023-08-02 00:00:00-04:00,45.79520486142881,45.80419670368741,43.353113509905164,44.23442459106445,530142000,0.0,0.0
2023-08-03 00:00:00-04:00,43.76579051634056,45.08276192345427,43.76579051634056,44.48023223876953,324176000,0.0,0.0
2023-08-04 00:00:00-04:00,44.94986554244231,45.60635008188567,44.35832886320504,44.645103454589844,362666000,0.0,0.0
2023-08-07 00:00:00-04:00,45.07576998074253,45.50443580088547,44.52819761374418,45.38153076171875,322154000,0.0,0.0
2023-08-08 00:00:00-04:00,44.81796378324031,45.206659855456344,44.02158547433781,44.629112243652344,353843000,0.0,0.0
2023-08-09 00:00:00-04:00,44.23941340389369,44.277385732589195,42.101085685540646,42.52075958251953,586449000,0.0,0.0
2023-08-10 00:00:00-04:00,42.12707396720268,43.53997113311342,41.80232702153618,42.354896545410156,492705000,0.0,0.0
2023-08-11 00:00:00-04:00,41.71838968414298,41.985183246912044,40.607258703595875,40.823089599609375,533085000,0.0,0.0
2023-08-14 00:00:00-04:00,40.45437254104037,43.76578283263548,40.27951001276461,43.71881866455078,690286000,0.0,0.0
2023-08-15 00:00:00-04:00,44.52520013627042,45.2326473732039,43.67586169687328,43.90568161010742,676512000,0.0,0.0
2023-08-16 00:00:00-04:00,44.4852267558164,44.640104468597144,43.37209465339346,43.45203399658203,527451000,0.0,0.0
2023-08-17 00:00:00-04:00,43.93565682241001,44.027584017095954,42.96741192711898,43.31014633178711,452395000,0.0,0.0
2023-08-18 00:00:00-04:00,42.601695871064955,43.543960081000186,41.62745897404412,43.26517868041992,583768000,0.0,0.0
2023-08-21 00:00:00-04:00,44.4592488124891,47.02823995825299,44.1874618900852,46.93031692504883,692573000,0.0,0.0
2023-08-22 00:00:00-04:00,48.097396095838995,48.14935742594029,45.29758682975093,45.63232421875,755293000,0.0,0.0
2023-08-23 00:00:00-04:00,45.83018078207806,47.16313859123231,45.17269372042857,47.07920455932617,779046000,0.0,0.0
2023-08-24 00:00:00-04:00,50.17677640386691,50.22673658703904,47.12216498787686,47.12615966796875,1156044000,0.0,0.0
2023-08-25 00:00:00-04:00,46.975282602767756,47.76766250313572,44.98883254303396,45.982059478759766,925341000,0.0,0.0
2023-08-28 00:00:00-04:00,46.44569122659898,46.94330333520207,44.852938347469795,46.79841613769531,685192000,0.0,0.0
2023-08-29 00:00:00-04:00,46.62954606851407,49.04266044648469,46.35475936686293,48.74589157104492,701397000,0.0,0.0
2023-08-30 00:00:00-04:00,49.005691704274305,49.88800143615993,48.387175707748206,49.225521087646484,735206000,0.0,0.0
2023-08-31 00:00:00-04:00,49.34143402541549,49.70514814643913,48.9197627338808,49.31645202636719,528570000,0.0,0.0
2023-09-01 00:00:00-04:00,49.72313873006912,49.76110725432437,48.104401146535636,48.47111511230469,463830000,0.0,0.0
2023-09-05 00:00:00-04:00,48.185331532444785,48.81284315295678,47.82261611647607,48.51007843017578,382653000,0.0,0.0
2023-09-06 00:00:00-04:00,48.40714710751364,48.51506952348067,46.547447675154636,47.02811050415039,468670000,0.004,0.0
2023-09-07 00:00:00-04:00,45.4931913383561,46.311619313403384,45.120450870903866,46.20869064331055,433330000,0.0,0.0
2023-09-08 00:00:00-04:00,45.909897697113266,46.57343135473317,45.239365149462806,45.54015350341797,473069000,0.0,0.0
2023-09-11 00:00:00-04:00,46.115746643442655,46.130735550235435,44.28103126100682,45.146427154541016,473966000,0.0,0.0
2023-09-12 00:00:00-04:00,44.70673820080512,45.64108624011381,44.49988211053749,44.838645935058594,349256000,0.0,0.0
2023-09-13 00:00:00-04:00,44.56883283924793,45.89790529019353,44.47190049902718,45.453216552734375,398355000,0.0,0.0
2023-09-14 00:00:00-04:00,45.91789017811765,45.95486307158811,45.099462264257156,45.54914855957031,370097000,0.0,0.0
2023-09-15 00:00:00-04:00,45.309314822834715,45.567133950218214,43.77738515441512,43.86932373046875,506831000,0.0,0.0
2023-09-18 00:00:00-04:00,42.7181249588287,44.211080299105845,41.97064663049677,43.935272216796875,500271000,0.0,0.0
2023-09-19 00:00:00-04:00,43.802366857424914,43.93527332902396,42.97194633294254,43.489585876464844,373064000,0.0,0.0
2023-09-20 00:00:00-04:00,43.56953710623469,43.872326816521394,42.193500252380844,42.20948791503906,367108000,0.0,0.0
2023-09-21 00:00:00-04:00,41.55394101252563,42.07057801307491,40.951361762571175,40.98833465576172,450736000,0.0,0.0
2023-09-22 00:00:00-04:00,41.54294571690647,42.08556931771517,41.20218442357063,41.5809211730957,479236000,0.0,0.0
2023-09-25 00:00:00-04:00,41.56193013453454,42.50626933455587,41.148218030436,42.19248962402344,419091000,0.0,0.0
2023-09-26 00:00:00-04:00,41.97165877768874,42.790086892150065,41.62589981227778,41.88172149658203,402282000,0.0,0.0
2023-09-27 00:00:00-04:00,42.3004199239516,42.84204096958368,41.59990959746065,42.43832015991211,444935000,0.0,0.0
2023-09-28 00:00:00-04:00,42.430325448929366,43.41563643301945,42.085569148140415,43.05888748168945,424663000,0.0,0.0
2023-09-29 00:00:00-04:00,43.79637496273023,44.113154796580034,43.276737862234015,43.468605041503906,397830000,0.0,0.0
2023-10-02 00:00:00-04:00,43.9992285379224,45.14342881532186,43.83034792394179,44.75070571899414,433298000,0.0,0.0
2023-10-03 00:00:00-04:00,44.77668963515232,45.09846705093091,43.215780788420936,43.48659133911133,470850000,0.0,0.0
2023-10-04 00:00:00-04:00,43.71143633979229,44.11215712134903,43.26175000991843,44.01022720336914,361821000,0.0,0.0
2023-10-05 00:00:00-04:00,44.019221707908876,44.86863010408986,43.85733614690028,44.656776428222656,393483000,0.0,0.0
2023-10-06 00:00:00-04:00,44.16211860779347,45.75700398969615,43.99523549081201,45.73002243041992,434436000,0.0,0.0
2023-10-09 00:00:00-04:00,44.810664938003,45.573132266606365,44.33699712951298,45.241363525390625,409675000,0.0,0.0
2023-10-10 00:00:00-04:00,45.27833709467453,46.22667139823051,45.05649211437215,45.765995025634766,368582000,0.0,0.0
2023-10-11 00:00:00-04:00,46.16372195389678,46.82626072787499,46.01782405573412,46.77329635620117,378137000,0.0,0.0
2023-10-12 00:00:00-04:00,46.7443190351458,47.575738478859215,46.29763274064661,46.912200927734375,481325000,0.0,0.0
2023-10-13 00:00:00-04:00,46.92718670300792,47.0830797443062,45.24836026520754,45.42923355102539,474115000,0.0,0.0
2023-10-16 00:00:00-04:00,45.0315095868921,46.192696327999904,44.880614130194836,46.06278991699219,375099000,0.0,0.0
2023-10-17 00:00:00-04:00,43.96925599511655,44.72273077097073,42.45031760329598,43.90729904174805,812333000,0.0,0.0
2023-10-18 00:00:00-04:00,42.56123210689282,43.18879535339014,41.79576863478219,42.166507720947266,627294000,0.0,0.0
2023-10-19 00:00:00-04:00,42.78108575212414,43.26674621056965,41.85273405618411,42.07158279418945,501233000,0.0,0.0
2023-10-20 00:00:00-04:00,41.86072097681651,42.44031742392992,41.049288238076365,41.35807418823242,477266000,0.0,0.0
2023-10-23 00:00:00-04:00,41.20019083203981,43.217781037891605,40.91638888400306,42.944969177246094,478530000,0.0,0.0
2023-10-24 00:00:00-04:00,43.04689918780669,43.66646488934986,42.66117113532344,43.63248825073242,401463000,0.0,0.0
2023-10-25 00:00:00-04:00,43.36767362465919,43.61950024898592,41.525962950621626,41.74980545043945,398379000,0.0,0.0
2023-10-26 00:00:00-04:00,41.8237544285133,42.22647269652664,39.852133556535904,40.297821044921875,541001000,0.0,0.0
2023-10-27 00:00:00-04:00,41.1012557128223,41.1772028106397,39.987033298118384,40.47169494628906,416784000,0.0,0.0
2023-10-30 00:00:00-04:00,41.05829449956598,41.73681712722262,40.45271510334961,41.132240295410156,388028000,0.0,0.0
2023-10-31 00:00:00-04:00,40.42173556666503,40.85043664876845,39.20258684468398,40.751502990722656,517969000,0.0,0.0
2023-11-01 00:00:00-04:00,40.8554341335007,42.35138985981638,40.840445223590976,42.29542922973633,437593000,0.0,0.0
2023-11-02 00:00:00-04:00,43.297724168934685,43.85333542629518,42.864029312260996,43.47560119628906,409172000,0.0,0.0
2023-11-03 00:00:00-04:00,43.989240387189966,45.27733731815709,43.69244703893823,44.97355270385742,424610000,0.0,0.0
2023-11-06 00:00:00-05:00,45.25335451197863,45.90290181424292,44.867622664486824,45.71902847290039,400733000,0.0,0.0
2023-11-07 00:00:00-05:00,45.687054558944546,46.18570260804149,45.12644574728523,45.922889709472656,343165000,0.0,0.0
2023-11-08 00:00:00-05:00,46.067786497149605,46.834252666745705,45.93587876150922,46.54145812988281,346719000,0.0,0.0
2023-11-09 00:00:00-05:00,47.43382754729244,48.19629482563236,46.71732955595706,46.91719055175781,540496000,0.0,0.0
2023-11-10 00:00:00-05:00,47.46681189639429,48.438132884975005,47.249964459009426,48.30122756958008,421245000,0.0,0.0
2023-11-13 00:00:00-05:00,48.28623562834099,49.08168084897678,48.065389383307924,48.58602523803711,384136000,0.0,0.0
2023-11-14 00:00:00-05:00,49.645285046741414,49.799176764113575,49.00573287416369,49.621299743652344,416954000,0.0,0.0
2023-11-15 00:00:00-05:00,49.900113061154364,49.925093307072636,48.16632465148742,48.853843688964844,475497000,0.0,0.0
2023-11-16 00:00:00-05:00,48.644984172997816,49.49039366266599,48.29622902861317,49.4454231262207,339756000,0.0,0.0
2023-11-17 00:00:00-05:00,49.48939362933796,49.68225956451404,48.972756588136555,49.263553619384766,325205000,0.0,0.0
2023-11-20 00:00:00-05:00,49.27754192431734,50.51267829045294,49.14663294635536,50.373775482177734,414120000,0.0,0.0
2023-11-21 00:00:00-05:00,50.09096777649301,50.481693358553215,49.18760022799973,49.909095764160156,565747000,0.0,0.0
2023-11-22 00:00:00-05:00,49.817168906440536,50.29982932340877,47.65667696410155,48.68196105957031,899420000,0.0,0.0
2023-11-24 00:00:00-05:00,48.43613388773008,48.8868189750065,47.711638178100976,47.742618560791016,294645000,0.0,0.0
2023-11-27 00:00:00-05:00,47.76660139816942,48.49609089003982,47.61870599505968,48.20829391479492,395662000,0.0,0.0
2023-11-28 00:00:00-05:00,48.20228946745971,48.28923046522846,47.439822215751256,47.78757858276367,401491000,0.0,0.0
2023-11-29 00:00:00-05:00,48.345196613263326,48.727928411184934,47.826558260033494,48.106361389160156,382005000,0.0,0.0
2023-11-30 00:00:00-05:00,47.9904493527191,48.0763916225083,46.38957111066741,46.737327575683594,526247000,0.0,0.0
2023-12-01 00:00:00-05:00,46.49249632095064,47.16702396235708,46.1547312180282,46.73232650756836,369317000,0.0,0.0
2023-12-04 00:00:00-05:00,46.04480030339198,46.04480030339198,44.97854459860675,45.47819519042969,437543000,0.0,0.0
2023-12-05 00:00:00-05:00,45.438229098759074,46.57153532629203,45.24334850919928,46.537559509277344,371718000,0.004,0.0
2023-12-06 00:00:00-05:00,47.18615263660435,47.35804843216662,45.38425283422849,45.475196838378906,380590000,0.0,0.0
2023-12-07 00:00:00-05:00,45.67207537125721,46.600508551519596,45.57613336193407,46.567527770996094,350823000,0.0,0.0
2023-12-08 00:00:00-05:00,46.566539290284055,47.71183918008555,46.52156479549851,47.47698211669922,359224000,0.0,0.0
2023-12-11 00:00:00-05:00,47.461996738126764,47.50196941134899,45.80201186954374,46.5985221862793,509728000,0.0,0.0
2023-12-12 00:00:00-05:00,46.017871828359986,47.63688109924922,46.017871828359986,47.62788772583008,372387000,0.0,0.0
2023-12-13 00:00:00-05:00,47.59990125860534,48.56431181557389,47.57891418067836,48.05862045288086,447792000,0.0,0.0
2023-12-14 00:00:00-05:00,48.360433934153576,48.64026163902283,47.393026859915174,48.320457458496094,391232000,0.0,0.0
2023-12-15 00:00:00-05:00,48.16456390223083,49.37382393315781,48.0906077891267,48.860137939453125,479948000,0.0,0.0
2023-12-18 00:00:00-05:00,49.36981749362579,50.402183450524724,49.119970246820735,50.04640197753906,412587000,0.0,0.0
2023-12-19 00:00:00-05:00,49.39380199579273,49.66963433728467,48.86512588284418,49.573692321777344,464444000,0.0,0.0
2023-12-20 00:00:00-05:00,49.624663268494515,49.9684548790202,48.0686152726536,48.081607818603516,397894000,0.0,0.0
2023-12-21 00:00:00-05:00,48.781183869365606,49.065010780060334,48.38942122420045,48.96007537841797,300425000,0.0,0.0
2023-12-22 00:00:00-05:00,49.16494577989552,49.352830653569725,48.43738988482299,48.8001708984375,252507000,0.0,0.0
2023-12-26 00:00:00-05:00,48.93807912022649,49.569692938536456,48.93008458769596,49.2488899230957,244200000,0.0,0.0
2023-12-27 00:00:00-05:00,49.48075082384643,49.649646285457685,49.05500860498553,49.38680648803711,233648000,0.0,0.0
2023-12-28 00:00:00-05:00,49.6126770927999,49.85352719386826,49.38181539341571,49.49174880981445,246587000,0.0,0.0
2023-12-29 00:00:00-05:00,49.7825714182401,49.96646094313931,48.72121986722186,49.49174880981445,389293000,0.0,0.0
2024-01-02 00:00:00-05:00,49.21391556134482,49.26488309320295,47.565924699352884,48.138572692871094,411254000,0.0,0.0
2024-01-03 00:00:00-05:00,47.45599156277329,48.15456203597886,47.2910914479061,47.539939880371094,320896000,0.0,0.0
2024-01-04 00:00:00-05:00,47.737819636783634,48.47037358886087,47.4789789763883,47.96868133544922,306535000,0.0,0.0
2024-01-05 00:00:00-05:00,48.43239477719924,49.516731000212985,48.27648803927744,49.0670051574707,415039000,0.0,0.0
2024-01-08 00:00:00-05:00,49.48175412771333,52.24306669740862,49.44877334196531,52.22107696533203,642510000,0.0,0.0
2024-01-09 00:00:00-05:00,52.368989354850214,54.291813775257275,51.658421354299875,53.10753631591797,773100000,0.0,0.0
2024-01-10 00:00:00-05:00,53.58324641272958,54.566642620850935,53.45632128428564,54.316795349121094,533796000,0.0,0.0
2024-01-11 00:00:00-05:00,54.9654031964735,55.31219134586392,53.527283064841185,54.788509368896484,596759000,0.0,0.0
2024-01-12 00:00:00-05:00,54.58663334731275,54.93642183109273,54.29681339629927,54.676578521728516,352994000,0.0,0.0
2024-01-16 00:00:00-05:00,54.98439562296978,56.80028329797536,54.866467668882784,56.34756088256836,449580000,0.0,0.0
2024-01-17 00:00:00-05:00,56.312579806380306,56.43650460830921,54.706563019184806,56.018760681152344,474394000,0.0,0.0
2024-01-18 00:00:00-05:00,57.225023275703855,57.56481575240513,56.07272766296372,57.07211685180664,491650000,0.0,0.0
2024-01-19 00:00:00-05:00,57.953569636409725,59.463648066531206,57.19003646845247,59.454654693603516,543501000,0.0,0.0
2024-01-22 00:00:00-05:00,60.012312843126566,60.294142049642225,59.03391087179113,59.6175537109375,452955000,0.0,0.0
2024-01-23 00:00:00-05:00,59.5336132708294,59.873405745227366,58.54921431651321,59.836429595947266,294654000,0.0,0.0
2024-01-24 00:00:00-05:00,60.26716017281773,62.810603561548206,59.901382639629475,61.32451248168945,560271000,0.0,0.0
2024-01-25 00:00:00-05:00,62.3119072339738,62.680685096135214,60.81282362309359,61.5793571472168,482777000,0.0,0.0
2024-01-26 00:00:00-05:00,60.92276522847538,61.74526440741543,60.536004380231894,60.99372100830078,390309000,0.0,0.0
2024-01-29 00:00:00-05:00,61.194596978340044,62.45082915252115,60.86979854333243,62.42684555053711,348733000,0.0,0.0
2024-01-30 00:00:00-05:00,62.861575397836866,63.45421163481392,62.221963176710254,62.73564910888672,410735000,0.0,0.0
2024-01-31 00:00:00-05:00,61.40246556305648,62.230961514394274,60.66291975637589,61.48941421508789,453795000,0.0,0.0
2024-02-01 00:00:00-05:00,62.06206301871128,63.1523999678792,61.61234096321601,62.98849868774414,369146000,0.0,0.0
2024-02-02 00:00:00-05:00,63.93490665601146,66.55930144641191,63.651079802410266,66.11957550048828,476578000,0.0,0.0
2024-02-05 00:00:00-05:00,68.18331639891433,69.45454244217241,67.16394292298222,69.28964233398438,680078000,0.0,0.0
2024-02-06 00:00:00-05:00,69.58745829595591,69.71138308978904,66.25949848302591,68.18132019042969,683111000,0.0,0.0
2024-02-07 00:00:00-05:00,68.2772638618389,70.17710350841662,67.5587013332111,70.0561752319336,495575000,0.0,0.0
2024-02-08 00:00:00-05:00,70.03119148834118,70.7507528828607,69.41257394689296,69.59845733642578,414422000,0.0,0.0
2024-02-09 00:00:00-05:00,70.48991468195457,72.14090604638328,70.16911160679686,72.08894348144531,436637000,0.0,0.0
2024-02-12 00:00:00-05:00,72.55565505937633,74.5654283449227,71.20648115197012,72.20387268066406,613710000,0.0,0.0
2024-02-13 00:00:00-05:00,70.35700477469595,73.40513741451034,69.57748237910234,72.08394622802734,602580000,0.0,0.0
2024-02-14 00:00:00-05:00,73.15729429339046,74.19065934700839,71.89406636072601,73.85486602783203,504917000,0.0,0.0
2024-02-15 00:00:00-05:00,73.82387565740021,73.92980608164119,72.35577132172895,72.61360931396484,420122000,0.0,0.0
2024-02-16 00:00:00-05:00,74.05472502125532,74.35654245789623,72.45670295069786,72.56863403320312,495327000,0.0,0.0
2024-02-20 00:00:00-05:00,71.90304738257117,71.91204456852859,67.69262359545532,69.40957641601562,704833000,0.0,0.0
2024-02-21 00:00:00-05:00,67.96444884340175,68.84591377259603,66.20752727493073,67.43077850341797,673755000,0.0,0.0
2024-02-22 00:00:00-05:00,74.97918103914212,78.52700835067758,74.17467237681947,78.49003601074219,865100000,0.0,0.0
2024-02-23 00:00:00-05:00,80.74064650613892,82.34366290568272,77.5226123761237,78.76885223388672,829388000,0.0,0.0
2024-02-26 00:00:00-05:00,79.6513162598183,80.59674521460998,78.45704646976243,79.04369354248047,503973000,0.0,0.0
2024-02-27 00:00:00-05:00,79.3325008302499,79.4314469973946,77.1148623296948,78.65291595458984,391705000,0.0,0.0
2024-02-28 00:00:00-05:00,77.57258943700786,78.88478331880187,77.07788905731108,77.61556243896484,393110000,0.0,0.0
2024-02-29 00:00:00-05:00,79.04568817875618,79.9411369643908,78.30213934805526,79.06367492675781,507289000,0.0,0.0
2024-03-01 00:00:00-05:00,79.95112973995113,82.24972776986829,79.38647244624788,82.2287368774414,479135000,0.0,0.0
2024-03-04 00:00:00-05:00,84.07861042508992,87.641435353428,83.66786597883684,85.1849365234375,615616000,0.0,0.0
2024-03-05 00:00:00-05:00,85.22190326590307,86.04844030428545,83.36995155382468,85.91551208496094,520639000,0.004,0.0
2024-03-06 00:00:00-05:00,87.97235204473671,89.67338783876231,86.98090721641023,88.64996337890625,582520000,0.0,0.0
2024-03-07 00:00:00-05:00,90.10714445366249,92.71467403344542,89.55145830366479,92.61672973632812,608119000,0.0,0.0
2024-03-08 00:00:00-05:00,95.08434657912662,97.34507194141518,86.45721088913098,87.4786376953125,1142269000,0.0,0.0
2024-03-11 00:00:00-04:00,86.3802534333582,88.74691405918401,84.11852931570184,85.72562408447266,678364000,0.0,0.0
2024-03-12 00:00:00-04:00,87.99934858682109,91.90813847414768,86.10141744907258,91.86116790771484,668075000,0.0,0.0
2024-03-13 00:00:00-04:00,91.00363657004534,91.45238079004136,88.38511175577527,90.83673095703125,635713000,0.0,0.0
2024-03-14 00:00:00-04:00,89.52648380331242,90.5948811522506,86.55115777095088,87.89440155029297,602318000,0.0,0.0
2024-03-15 00:00:00-04:00,86.88096661769565,89.49548835416286,86.20834970674177,87.7874526977539,642086000,0.0,0.0
2024-03-18 00:00:00-04:00,90.33701387030251,92.35287440054489,87.03587564379455,88.40510559082031,668976000,0.0,0.0
2024-03-19 00:00:00-04:00,86.65110342037197,90.49293740706634,84.96206166270107,89.34758758544922,672171000,0.0,0.0
2024-03-20 00:00:00-04:00,89.74634940187569,90.35901024319512,88.17323967680368,90.32102966308594,479063000,0.0,0.0
2024-03-21 00:00:00-04:00,92.2479404308415,92.59574371140432,90.3540050520513,91.3834228515625,480372000,0.0,0.0
2024-03-22 00:00:00-04:00,91.0895826139038,94.72453187599703,90.78275659770236,94.23580932617188,586719000,0.0,0.0
2024-03-25 00:00:00-04:00,93.88801905784321,96.71142270452334,93.45726238634705,94.94841766357422,552136000,0.0,0.0
2024-03-26 00:00:00-04:00,95.79694219210086,96.32064875325118,92.44983185631351,92.50879669189453,513648000,0.0,0.0
2024-03-27 00:00:00-04:00,93.0594819501001,93.18740810778951,89.07273343467564,90.1990966796875,586067000,0.0,0.0
2024-03-28 00:00:00-04:00,89.9492364441801,91.24850624285476,89.14269241707345,90.30503845214844,435212000,0.0,0.0
2024-04-01 00:00:00-04:00,90.24807533872301,92.1729839586744,89.15369169415271,90.3120346069336,452441000,0.0,0.0
2024-04-02 00:00:00-04:00,88.39811114522563,90.04318648075638,87.57058285516493,89.40155029296875,433064000,0.0,0.0
2024-04-03 00:00:00-04:00,88.43410854117649,90.32304223513688,88.35015627144904,88.91383361816406,370067000,0.0,0.0
2024-04-04 00:00:00-04:00,90.35501320823393,90.5828890792777,85.83156469790966,85.85655212402344,434965000,0.0,0.0
2024-04-05 00:00:00-04:00,86.81699703882079,88.43109152288164,85.87753246886356,87.95835876464844,399678000,0.0,0.0
2024-04-08 00:00:00-04:00,88.64995673788222,88.77988827828314,86.68307229452097,87.08384704589844,283220000,0.0,0.0
2024-04-09 00:00:00-04:00,87.39267436773328,87.58556628736338,82.97516956737525,85.30584716796875,501700000,0.0,0.0
2024-04-10 00:00:00-04:00,83.87866326448999,87.35070274664696,83.66178279831279,86.98990631103516,431929000,0.0,0.0
2024-04-11 00:00:00-04:00,87.37069146521046,90.687819723934,86.87697442257391,90.56488800048828,431637000,0.0,0.0
2024-04-12 00:00:00-04:00,89.64840815742117,90.1241452492344,87.48063273280795,88.13626098632812,426805000,0.0,0.0
2024-04-15 00:00:00-04:00,89.04775296579596,90.56189797510771,85.88054139689574,85.95249938964844,443077000,0.0,0.0
2024-04-16 00:00:00-04:00,86.38425134878223,88.06829858635284,86.01546379198004,87.3656997680664,370453000,0.0,0.0
2024-04-17 00:00:00-04:00,88.29017462274261,88.724934477864,83.90265109123497,83.98760986328125,495400000,0.0,0.0
2024-04-18 00:00:00-04:00,84.92207255324703,86.14138561304675,82.35552028108327,84.62323760986328,447260000,0.0,0.0
2024-04-19 00:00:00-04:00,83.10311370735981,84.27644766930946,75.56336900757456,76.15702819824219,875198000,0.0,0.0
2024-04-22 00:00:00-04:00,78.05994814693265,80.02783946358336,76.35691439393003,79.47315216064453,596341000,0.0,0.0
2024-04-23 00:00:00-04:00,80.7234441336971,82.72231614993429,80.21873169463018,82.37651062011719,438559000,0.0,0.0
2024-04-24 00:00:00-04:00,83.90264988256477,84.03457921776213,79.13834013698539,79.63206481933594,512208000,0.0,0.0
2024-04-25 00:00:00-04:00,78.82351130528671,83.27600032547527,78.17887846781115,82.58539581298828,424641000,0.0,0.0
2024-04-26 00:00:00-04:00,83.77074038243197,88.28119623524096,83.33998364388893,87.68553161621094,551011000,0.0,0.0
2024-04-29 00:00:00-04:00,87.54559308685103,87.94236470516184,85.21790438488335,87.70750427246094,388971000,0.0,0.0
2024-04-30 00:00:00-04:00,87.19078860426956,88.76890032049818,86.25132401291081,86.35326385498047,363709000,0.0,0.0
2024-05-01 00:00:00-04:00,85.02901046138126,85.95148630832341,81.20916027802339,82.99415588378906,559863000,0.0,0.0
2024-05-02 00:00:00-04:00,84.40136817425811,86.18836175340402,83.15307206256357,85.76860046386719,377898000,0.0,0.0
2024-05-03 00:00:00-04:00,87.73948614559522,89.23064138508623,86.99090805240313,88.73892211914062,398341000,0.0,0.0
2024-05-06 00:00:00-04:00,89.33958648937698,92.16799229625614,89.00477633292259,92.0880355834961,376203000,0.0,0.0
2024-05-07 00:00:00-04:00,91.04662159823116,91.72923505394095,88.96080064953647,90.5029296875,437342000,0.0,0.0
2024-05-08 00:00:00-04:00,89.43253836914545,91.14257199813075,89.36957035953105,90.36101531982422,325721000,0.0,0.0
2024-05-09 00:00:00-04:00,90.47794554376881,91.02063858717587,88.18124497678554,88.69695281982422,378013000,0.0,0.0
2024-05-10 00:00:00-04:00,90.25406978590553,91.34945233112951,89.17667483195356,89.82730865478516,335325000,0.0,0.0
2024-05-13 00:00:00-04:00,90.42698029967474,90.9466913648071,88.47908175529776,90.34803009033203,289680000,0.0,0.0
2024-05-14 00:00:00-04:00,89.5484686052902,91.5993133075769,88.88384272491611,91.30448150634766,296507000,0.0,0.0
2024-05-15 00:00:00-04:00,92.41984953324487,94.80850105677926,91.54734077306348,94.57662963867188,417735000,0.0,0.0
2024-05-16 00:00:00-04:00,94.8564855639332,95.76496957862231,94.0499337850962,94.30579376220703,323952000,0.0,0.0
2024-05-17 00:00:00-04:00,94.31577507944353,94.68656039026546,91.75421718471637,92.42683410644531,359691000,0.0,0.0
2024-05-20 00:00:00-04:00,93.6971368800976,95.1463162138061,93.38731412084368,94.72655487060547,318764000,0.0,0.0
2024-05-21 00:00:00-04:00,93.54620449229954,95.3461911389766,93.12744211033531,95.33219909667969,328946000,0.0,0.0
2024-05-22 00:00:00-04:00,95.40515417154504,95.96583473980165,93.19640167904086,94.89643859863281,548648000,0.0,0.0
2024-05-23 00:00:00-04:00,101.9704583406549,106.26003756449907,101.46274160839002,103.74046325683594,835065000,0.0,0.0
2024-05-24 00:00:00-04:00,104.39007837740144,106.41493649766242,102.94189825157174,106.40894317626953,429494000,0.0,0.0
2024-05-28 00:00:00-04:00,110.18181155048528,114.87416266382655,109.821015139746,113.83674621582031,652728000,0.0,0.0
2024-05-29 00:00:00-04:00,112.98623077828327,115.42684694644582,110.83844096973402,114.76022338867188,557442000,0.0,0.0
2024-05-30 00:00:00-04:00,114.58532839037406,115.75366768594493,109.60114200461162,110.43766784667969,484553000,0.0,0.0
2024-05-31 00:00:00-04:00,112.45653205108225,112.65342715935483,106.87968513049076,109.5711669921875,613263000,0.0,0.0
2024-06-03 00:00:00-04:00,113.5569073631165,114.93512725830078,111.93981625134096,114.93512725830078,438392000,0.0,0.0
2024-06-04 00:00:00-04:00,115.65074383289046,116.53424034822847,113.98068096958718,116.37133026123047,403324000,0.0,0.0
2024-06-05 00:00:00-04:00,118.30423600418825,122.37993114467406,117.40174545593459,122.37094116210938,528402000,0.0,0.0
2024-06-06 00:00:00-04:00,123.97803133753258,125.51616477932996,118.25326519915947,120.92975616455078,664696000,0.0,0.0
2024-06-07 00:00:00-04:00,119.70244332667052,121.62336396697008,117.95543577009146,120.81981658935547,412386000,0.0,0.0
2024-06-10 00:00:00-04:00,120.30210862140808,123.0305645078952,116.94400320335374,121.72130584716797,313434100,0.0,10.0
2024-06-11 00:00:00-04:00,121.71130884876212,122.81078479761143,118.68277039590036,120.85173034667969,222551200,0.01,0.0
2024-06-12 00:00:00-04:00,123.00069556163665,126.8188544177255,122.51093382538542,125.13966369628906,299595000,0.0,0.0
2024-06-13 00:00:00-04:00,129.32763594350715,129.7374419918796,127.09871503024357,129.5475311279297,260704500,0.0,0.0
2024-06-14 00:00:00-04:00,129.8973640661816,132.77596549255935,128.2581551805241,131.81643676757812,309320400,0.0,0.0
2024-06-17 00:00:00-04:00,132.92592665460285,133.66556033801308,129.5175660413327,130.91688537597656,288504400,0.0,0.0
2024-06-18 00:00:00-04:00,131.07680096187468,136.26430225949593,130.6270208742377,135.51466369628906,294335100,0.0,0.0
2024-06-20 00:00:00-04:00,139.73262148324963,140.69215023640655,129.45757751387328,130.7169647216797,517768400,0.0,0.0
2024-06-21 00:00:00-04:00,127.05874067811743,130.5670512631637,124.24010000634735,126.50900268554688,649445800,0.0,0.0
2024-06-24 00:00:00-04:00,123.18059459700767,124.40000776140424,117.98310411428992,118.05307006835938,476060900,0.0,0.0
2024-06-25 00:00:00-04:00,121.14158551930763,126.43903427437067,119.26249431645674,126.02922821044922,414192600,0.0,0.0
2024-06-26 00:00:00-04:00,126.06921428451571,128.0582531537486,122.54091663746888,126.3390884399414,362975900,0.0,0.0
2024-06-27 00:00:00-04:00,124.04019968068097,126.34909177016176,122.86076797014964,123.93025207519531,252571700,0.0,0.0
2024-06-28 00:00:00-04:00,124.5199608102888,127.6484495693471,122.69084094404647,123.48046112060547,315516700,0.0,0.0
2024-07-01 00:00:00-04:00,123.41048765323478,124.77982242138177,118.77272478188227,124.2400894165039,284885500,0.0,0.0
2024-07-02 00:00:00-04:00,121.07161927076024,123.35052684202405,120.9716689903923,122.61087799072266,218374000,0.0,0.0
2024-07-03 00:00:00-04:00,121.60136576540062,128.21817016601562,121.30150730962696,128.21817016601562,215749000,0.0,0.0
2024-07-05 00:00:00-04:00,127.31861959456383,128.7879201254304,125.6194417846086,125.76937103271484,214176700,0.0,0.0
2024-07-08 00:00:00-04:00,127.42852684489468,130.70695175433724,126.97874686873942,128.13818359375,237677300,0.0,0.0
2024-07-09 00:00:00-04:00,130.28719371816868,133.7555228326683,128.58800070420872,131.3166961669922,285366600,0.0,0.0
2024-07-10 00:00:00-04:00,133.96540518326054,135.03489683470838,132.35618048673416,134.84498596191406,248978600,0.0,0.0
2024-07-11 00:00:00-04:00,135.68457428967133,136.08437540615716,126.98877036890757,127.3386001586914,374782700,0.0,0.0
2024-07-12 00:00:00-04:00,128.19818043978003,131.85642018701742,127.15868837162228,129.17771911621094,252680500,0.0,0.0
2024-07-15 00:00:00-04:00,130.49708637675548,131.32668826604316,127.11871779694197,128.37811279296875,208326200,0.0,0.0
2024-07-16 00:00:00-04:00,128.3781021800115,128.97780386568002,124.51996185494663,126.29910278320312,214769500,0.0,0.0
2024-07-17 00:00:00-04:00,121.29150949460832,121.79126850169425,116.66374383425097,117.9331283569336,390086200,0.0,0.0
2024-07-18 00:00:00-04:00,121.79127496540796,122.34101295266511,116.50382347473696,121.0316390991211,320979500,0.0,0.0
2024-07-19 00:00:00-04:00,120.29200089882109,121.54139851435873,117.31344125378135,117.8731689453125,217223800,0.0,0.0
2024-07-22 00:00:00-04:00,120.29199609290939,124.01020446831424,119.80223438238662,123.48046112060547,258068900,0.0,0.0
2024-07-23 00:00:00-04:00,122.720840459146,124.62992383611729,122.04116779427122,122.53092956542969,173911000,0.0,0.0
2024-07-24 00:00:00-04:00,119.11257365575831,119.8921965766103,113.38533904444206,114.1949462890625,327776900,0.0,0.0
2024-07-25 00:00:00-04:00,112.98551932388845,116.57378540069556,106.24876991914482,112.22588348388672,460067000,0.0,0.0
2024-07-26 00:00:00-04:00,116.13399696280182,116.14398665212225,111.52621844802754,113.00550079345703,293399100,0.0,0.0
2024-07-29 00:00:00-04:00,113.63521076393421,116.22395888086476,111.24636320886141,111.53621673583984,248152100,0.0,0.0
2024-07-30 00:00:00-04:00,111.46623842477169,111.93601308136988,102.49057150448816,103.68000030517578,486833300,0.0,0.0
2024-07-31 00:00:00-04:00,112.84558326649312,118.28295597890576,110.82655264429766,116.96359252929688,473174200,0.0,0.0
2024-08-01 00:00:00-04:00,117.47335365334001,120.10209097077005,106.75851907796755,109.15736389160156,523462300,0.0,0.0
2024-08-02 00:00:00-04:00,103.70999693537759,108.66760564065457,101.32114936142939,107.21829986572266,482027500,0.0,0.0
2024-08-05 00:00:00-04:00,92.0156323292122,103.36016867781126,90.6462974352404,100.4015884399414,552842400,0.0,0.0
2024-08-06 00:00:00-04:00,103.78996196090817,107.65809998114993,100.50155392872522,104.19976806640625,409012100,0.0,0.0
2024-08-07 00:00:00-04:00,107.7580481751046,108.74757662368853,98.64244762367623,98.86234283447266,411440400,0.0,0.0
2024-08-08 00:00:00-04:00,101.95084088326249,105.44915405082541,97.47299667346623,104.9194107055664,391910000,0.0,0.0
2024-08-09 00:00:00-04:00,105.58909444979487,106.54863093775165,103.3801603016259,104.69952392578125,290844200,0.0,0.0
2024-08-12 00:00:00-04:00,106.26875735419573,111.01646802839923,106.20878871222484,108.96745300292969,325559900,0.0,0.0
2024-08-13 00:00:00-04:00,112.38580888904526,116.1739831093698,111.52622277964618,116.08402252197266,312646700,0.0,0.0
2024-08-14 00:00:00-04:00,118.4728819117515,118.54284787534027,114.0150319977807,118.02310180664062,339246400,0.0,0.0
2024-08-15 00:00:00-04:00,118.70276637796893,123.18060299513529,117.41338717159643,122.80078887939453,318086700,0.0,0.0
2024-08-16 00:00:00-04:00,121.88123896431732,124.93976189528415,121.12160307679298,124.51996612548828,302589900,0.0,0.0
2024-08-19 00:00:00-04:00,124.22011749326396,129.93736267089844,123.36053125322975,129.93736267089844,318333600,0.0,0.0
2024-08-20 00:00:00-04:00,128.33812230971984,129.81742012912812,125.82933728380516,127.18868255615234,300087400,0.0,0.0
2024-08-21 00:00:00-04:00,127.25863301570179,129.28766098618868,126.59895509298427,128.4380645751953,257883600,0.0,0.0
2024-08-22 00:00:00-04:00,129.9573385201996,130.68698241163722,123.04066795762931,123.68035888671875,376189100,0.0,0.0
2024-08-23 00:00:00-04:00,125.79934477343178,129.53754784197983,125.15965381933411,129.30764770507812,323230300,0.0,0.0
2024-08-26 00:00:00-04:00,129.50755712849073,131.196729770517,124.31005885081005,126.3990478515625,331964700,0.0,0.0
2024-08-27 00:00:00-04:00,124.98974063480068,129.1377346219971,123.82029866993177,128.23817443847656,303134600,0.0,0.0
2024-08-28 00:00:00-04:00,128.05825393148814,128.26815944285755,122.580899020736,125.54946899414062,448101100,0.0,0.0
2024-08-29 00:00:00-04:00,121.30151255769351,124.37003270157089,116.65375204642187,117.5333251953125,453023300,0.0,0.0
2024-08-30 00:00:00-04:00,119.47238840117339,121.69131963851615,117.16350420185492,119.31246948242188,333751600,0.0,0.0
2024-09-03 00:00:00-04:00,115.95408600386334,116.15398655476369,107.23828777198462,107.94794464111328,477155100,0.0,0.0
2024-09-04 00:00:00-04:00,105.3592035946603,113.21540862229497,104.06982436712501,106.1588134765625,372470300,0.0,0.0
2024-09-05 00:00:00-04:00,104.93940893047393,109.59716719188593,104.70952402528704,107.15834045410156,306850700,0.0,0.0
2024-09-06 00:00:00-04:00,107.98792932713482,108.09787692095124,100.90134249947533,102.78044128417969,413638100,0.0,0.0
2024-09-09 00:00:00-04:00,104.8294482794324,106.49864918568733,103.64002700878578,106.41868591308594,273912000,0.0,0.0
2024-09-10 00:00:00-04:00,107.75803619556127,109.34727382600163,104.89941402443941,108.04789733886719,268283700,0.0,0.0
2024-09-11 00:00:00-04:00,109.33727332924734,117.13351677378026,107.36822165058582,116.85365295410156,441422400,0.0,0.0
2024-09-12 00:00:00-04:00,116.79368208487448,120.7421209186122,115.33426173002456,119.0927734375,366052700,0.01,0.0
2024-09-13 00:00:00-04:00,119.03279143615939,119.91243980632909,117.55337484057826,119.05278015136719,238358300,0.0,0.0
2024-09-16 00:00:00-04:00,116.74370178435876,118.13315013570288,114.31466480568342,116.73370361328125,248772300,0.0,0.0
2024-09-17 00:00:00-04:00,118.12315326201993,118.75290839853001,114.78448096424103,115.54417419433594,231925900,0.0,0.0
2024-09-18 00:00:00-04:00,115.84405559100924,117.65333558843457,113.17511592459984,113.32505798339844,310318900,0.0,0.0
2024-09-19 00:00:00-04:00,117.30347459042382,119.6125639674696,117.2035157611041,117.82327270507812,293506400,0.0,0.0
2024-09-20 00:00:00-04:00,117.01359501507952,118.57298181753792,115.3442588328446,115.95401763916016,382462400,0.0,0.0
2024-09-23 00:00:00-04:00,116.50379891378353,116.94361929782039,114.81446644323901,116.21391296386719,206228500,0.0,0.0
2024-09-24 00:00:00-04:00,116.4738010232417,121.75171411597229,115.33425359874879,120.82208251953125,354966800,0.0,0.0
2024-09-25 00:00:00-04:00,121.97162190060216,124.89047006468225,121.5617884105282,123.4610366821289,284692900,0.0,0.0
2024-09-26 00:00:00-04:00,126.7497296956914,127.61937987933592,121.75171208350119,123.9908218383789,302582900,0.0,0.0
2024-09-27 00:00:00-04:00,123.92085618310571,123.98082995705606,119.21272426875333,121.35187530517578,271009200,0.0,0.0
2024-09-30 00:00:00-04:00,118.26309688166123,121.45183473616015,118.1031642748816,121.39186096191406,226553700,0.0,0.0
2024-10-01 00:00:00-04:00,121.72171083436712,122.39145095337135,115.74408637181682,116.95360565185547,302094500,0.0,0.0
2024-10-02 00:00:00-04:00,116.39385371455397,119.33268331688961,115.09436589368318,118.80289459228516,221845900,0.0,0.0
2024-10-03 00:00:00-04:00,120.87206480654892,124.31070361178112,120.29229289145833,122.80130004882812,277118000,0.0,0.0
2024-10-04 00:00:00-04:00,124.89047211115172,124.99043094258552,121.78170440742984,124.87047576904297,243678100,0.0,0.0
2024-10-07 00:00:00-04:00,124.94045138468705,130.58821322989388,124.9004663256647,127.66937255859375,346250200,0.0,0.0
2024-10-08 00:00:00-04:00,130.20834865989482,133.42707320550807,129.36868536610157,132.83731079101562,285722500,0.0,0.0
2024-10-09 00:00:00-04:00,134.05685551069462,134.46669669658758,131.32794162563073,132.59742736816406,246191600,0.0,0.0
2024-10-10 00:00:00-04:00,131.8577168886846,134.94648840712318,130.94807393580103,134.75656127929688,242311300,0.0,0.0
2024-10-11 00:00:00-04:00,133.9568713960576,135.72617401836632,133.60701929174726,134.74656677246094,170209500,0.0,0.0
2024-10-14 00:00:00-04:00,136.4159022137037,139.54466630986312,136.24597143489578,138.01527404785156,232347700,0.0,0.0
2024-10-15 00:00:00-04:00,137.8153397242487,138.5150744275185,128.68896947491228,131.54783630371094,377831000,0.0,0.0
2024-10-16 00:00:00-04:00,133.92689807815486,136.56585120891066,131.52785532391937,135.6662139892578,264879700,0.0,0.0
2024-10-17 00:00:00-04:00,139.28476556198524,140.83415423256426,136.81574338597488,136.87571716308594,306435900,0.0,0.0
2024-10-18 00:00:00-04:00,138.61502982502418,138.8449343829922,137.22558142668973,137.94529724121094,176090200,0.0,0.0
2024-10-21 00:00:00-04:00,138.07524085271365,143.6530303955078,137.94528751258602,143.6530303955078,264554500,0.0,0.0
2024-10-22 00:00:00-04:00,142.85335791004843,144.3627538949317,141.72380093133486,143.5330810546875,226311600,0.0,0.0
2024-10-23 00:00:00-04:00,141.97369118156848,142.37352650102258,137.40551088320953,139.50466918945312,285930000,0.0,0.0
2024-10-24 00:00:00-04:00,140.76418072009866,141.293969386979,138.40511570705533,140.35433959960938,172354900,0.0,0.0
2024-10-25 00:00:00-04:00,140.8741279131319,144.0728716327459,140.74418981710016,141.48388671875,205122100,0.0,0.0
2024-10-28 00:00:00-04:00,142.94330695476953,143.08325084097928,139.9944795471596,140.46429443359375,173586700,0.0,0.0
2024-10-29 00:00:00-04:00,140.23437413304583,142.20359433012132,138.8449258203989,141.19400024414062,157593600,0.0,0.0
2024-10-30 00:00:00-04:00,139.48467718743143,140.27437255912164,136.75576367804047,139.28475952148438,179418100,0.0,0.0
2024-10-31 00:00:00-04:00,137.54545990469654,137.55545044959692,132.05763071180766,132.70736694335938,270039600,0.0,0.0
2024-11-01 00:00:00-04:00,134.64660922766117,137.25557537634637,134.5166711244238,135.34632873535156,207127800,0.0,0.0
2024-11-04 00:00:00-05:00,137.15562237613318,138.90492874894582,135.51627301400697,135.99607849121094,187528200,0.0,0.0
2024-11-05 00:00:00-05:00,137.3955214816271,140.31436236962443,137.27557392202525,139.85455322265625,160537400,0.0,0.0
2024-11-06 00:00:00-05:00,142.90334822985668,146.4319479858603,141.90374455387283,145.5522918701172,242043900,0.0,0.0
2024-11-07 00:00:00-05:00,146.33198051831096,148.8709671267726,146.1120664908763,148.8209991455078,207323300,0.0,0.0
2024-11-08 00:00:00-05:00,148.71100419118065,149.71060760531262,146.20198985995728,147.5714569091797,175665800,0.0,0.0
2024-11-11 00:00:00-05:00,148.62105018654825,148.7909962143961,143.51309063046196,145.20240783691406,182325600,0.0,0.0
2024-11-12 00:00:00-05:00,146.72179022487757,149.59064718789998,145.952091313065,148.23118591308594,198634700,0.0,0.0
2024-11-13 00:00:00-05:00,149.01091396688446,149.27080540839845,145.84215717514013,146.21202087402344,191903300,0.0,0.0
2024-11-14 00:00:00-05:00,147.5814841067195,148.94094569769402,145.49231611296014,146.7018280029297,194463300,0.0,0.0
2024-11-15 00:00:00-05:00,144.81254410002094,145.18240774117885,140.0244503789864,141.92369079589844,250132900,0.0,0.0
2024-11-18 00:00:00-05:00,139.44468522690033,141.49387540802257,137.09561095173166,140.09442138671875,221205300,0.0,0.0
2024-11-19 00:00:00-05:00,141.26398946372595,147.07168399645053,140.9341184421503,146.95172119140625,227834900,0.0,0.0
2024-11-20 00:00:00-05:00,147.3515703217148,147.5015047606034,142.67341754276418,145.83216857910156,309871700,0.0,0.0
2024-11-21 00:00:00-05:00,149.290807835149,152.8293979645091,140.64422730754492,146.6118621826172,400946600,0.0,0.0
2024-11-22 00:00:00-05:00,145.87214043901812,147.1016638018941,141.04406865837018,141.8937225341797,236406200,0.0,0.0
2024-11-25 00:00:00-05:00,141.93371415065735,141.99368792347047,135.7661620516237,135.96607971191406,344941900,0.0,0.0
2024-11-26 00:00:00-05:00,137.64541224160723,139.2447840977321,135.61621816013385,136.86572265625,190287700,0.0,0.0
2024-11-27 00:00:00-05:00,134.95646019838466,137.1655905980091,131.74774157257602,135.2863311767578,226370900,0.0,0.0
2024-11-29 00:00:00-05:00,136.7257870913165,139.29477581313424,135.99608069190262,138.19520568847656,141863200,0.0,0.0
2024-12-02 00:00:00-05:00,138.77496038075373,140.39431322408433,137.76536630294407,138.57504272460938,171682800,0.0,0.0
2024-12-03 00:00:00-05:00,138.2051993772479,140.48429454860658,137.8953246767264,140.20440673828125,164414000,0.0,0.0
2024-12-04 00:00:00-05:00,141.94371889092554,145.73221002899123,140.23438993110327,145.0824737548828,231224300,0.0,0.0
2024-12-05 00:00:00-05:00,145.06248362625453,146.49200804389403,143.9028598130552,145.0124969482422,172621200,0.01,0.0
2024-12-06 00:00:00-05:00,144.5526526293818,145.65228325014007,141.26372149336697,142.3933563232422,188505600,0.0,0.0
2024-12-09 00:00:00-05:00,138.92447761551347,139.90415231737651,137.08508402113657,138.7645263671875,189308600,0.0,0.0
2024-12-10 00:00:00-05:00,138.96445323342698,141.77354545828368,133.74616214517607,135.0257568359375,210020900,0.0,0.0
2024-12-11 00:00:00-05:00,137.31500040642362,140.12407738797447,135.16571086465208,139.2643585205078,184905200,0.0,0.0
2024-12-12 00:00:00-05:00,137.0350888468848,138.39464386571996,135.7555094472505,137.2949981689453,159211400,0.0,0.0
2024-12-13 00:00:00-05:00,138.89449032268433,139.55427778956917,132.4965775973186,134.20602416992188,231514900,0.0,0.0
2024-12-16 00:00:00-05:00,134.13603509853905,134.35596424649526,130.37727237183418,131.95675659179688,237951100,0.0,0.0
2024-12-17 00:00:00-05:00,129.04771280436398,131.54689392732612,126.81844751374322,130.3472900390625,259410300,0.0,0.0
2024-12-18 00:00:00-05:00,133.81617414487124,136.65524065308236,128.23799923564917,128.8677978515625,277444500,0.0,0.0
2024-12-19 00:00:00-05:00,131.7168244915274,133.98608501684748,129.50755712091288,130.63717651367188,209719200,0.0,0.0
2024-12-20 00:00:00-05:00,129.76747112979962,135.2356803497186,128.1779956829599,134.65586853027344,306528600,0.0,0.0
2024-12-23 00:00:00-05:00,136.23537813819377,139.74422340664867,135.07575428315474,139.624267578125,176053500,0.0,0.0
2024-12-24 00:00:00-05:00,139.95415834100334,141.8535301026856,138.60459428405517,140.17408752441406,105157000,0.0,0.0
2024-12-26 00:00:00-05:00,139.65425012018665,140.8038826879709,137.68489400548984,139.88417053222656,116205600,0.0,0.0
2024-12-27 00:00:00-05:00,138.50462254046806,138.97446981750295,134.66588395063462,136.96511840820312,170582600,0.0,0.0
2024-12-30 00:00:00-05:00,134.78581438230358,140.22403398735426,133.97608228188028,137.4449462890625,167734700,0.0,0.0
2024-12-31 00:00:00-05:00,137.98479821279548,138.02479365615312,133.7861766339878,134.2460174560547,155659200,0.0,0.0
2025-01-02 00:00:00-05:00,135.9554382894446,138.83449951090427,134.58589206435911,138.26467895507812,198247200,0.0,0.0
2025-01-03 00:00:00-05:00,139.96413776465596,144.85253555834646,139.68423069189672,144.4226837158203,229322500,0.0,0.0
2025-01-06 00:00:00-05:00,148.5413213081193,152.11015917129038,147.77158452702758,149.38104248046875,265377400,0.0,0.0
2025-01-07 00:00:00-05:00,152.97986196669754,153.07983530547875,139.9641234037018,140.09408569335938,351782200,0.0,0.0
2025-01-08 00:00:00-05:00,142.53330977712477,143.90285624874434,137.51494945407615,140.06411743164062,227349900,0.0,0.0
2025-01-10 00:00:00-05:00,137.40498271998055,139.87417502688794,134.17604480086774,135.86549377441406,207602500,0.0,0.0
2025-01-13 00:00:00-05:00,129.94742663109315,133.4462801889749,129.4675728747113,133.1863555908203,204808900,0.0,0.0
2025-01-14 00:00:00-05:00,136.0054462036023,136.33533995791205,130.00741122442506,131.7168426513672,195590500,0.0,0.0
2025-01-15 00:00:00-05:00,133.60622538989423,136.4053114797544,131.24699764678536,136.1953887939453,185217300,0.0,0.0
2025-01-16 00:00:00-05:00,138.59457607585483,138.70454064615834,133.44626949753135,133.5262451171875,209235600,0.0,0.0
2025-01-17 00:00:00-05:00,136.6452315490251,138.45463626831489,135.41563868932835,137.66490173339844,201188800,0.0,0.0
2025-01-21 00:00:00-05:00,139.1144233323199,141.78354697270905,137.0450940162502,140.78387451171875,197749000,0.0,0.0
2025-01-22 00:00:00-05:00,144.61263605764083,147.7416007949869,143.62295473278476,147.0218505859375,237651400,0.0,0.0
2025-01-23 00:00:00-05:00,145.0024960002277,147.18177468068177,143.67292977388993,147.17178344726562,155915500,0.0,0.0
2025-01-24 00:00:00-05:00,148.32138900097752,148.92119854206575,141.83352489203162,142.57327270507812,234657600,0.0,0.0
2025-01-27 00:00:00-05:00,124.75912547322825,128.3579371600633,116.66177248371496,118.38121032714844,818830900,0.0,0.0
2025-01-28 00:00:00-05:00,121.77009783396647,128.95774513931468,116.21192149182427,128.94775390625,579666400,0.0,0.0
2025-01-29 00:00:00-05:00,126.458570906435,126.84844257022412,120.0106863497111,123.65948486328125,467120600,0.0,0.0
2025-01-30 00:00:00-05:00,123.05968876955973,124.95906813052294,118.06132604433881,124.60918426513672,392925500,0.0,0.0
2025-01-31 00:00:00-05:00,123.73945402173636,127.80812056780856,119.15096116009843,120.03067016601562,388161100,0.0,0.0
2025-02-03 00:00:00-05:00,114.71241004430098,118.53115837860842,112.97298217131676,116.62178802490234,371235700,0.0,0.0
2025-02-04 00:00:00-05:00,116.92168099297385,121.16028976109213,116.66176403787988,118.61112976074219,256550000,0.0,0.0
2025-02-05 00:00:00-05:00,121.72011429490169,124.95905075493906,120.72044188886218,124.78910827636719,262230800,0.0,0.0
2025-02-06 00:00:00-05:00,127.37826606210074,128.72783001681898,125.16899078801299,128.63784790039062,251483600,0.0,0.0
2025-02-07 00:00:00-05:00,129.1776476695437,130.32726464043708,124.95902960961989,129.7974395751953,228186300,0.0,0.0
2025-02-10 00:00:00-05:00,130.04737430419848,134.95576927734325,129.91742726932324,133.5262451171875,216989100,0.0,0.0
2025-02-11 00:00:00-05:00,132.5365863252507,134.43595803743202,130.9770996135579,132.7565155029297,178902400,0.0,0.0
2025-02-12 00:00:00-05:00,129.97741762356085,132.19669170682792,129.03772306980744,131.0970458984375,160278600,0.0,0.0
2025-02-13 00:00:00-05:00,131.51690772043457,136.45529216313562,131.127036067263,135.2456817626953,197430000,0.0,0.0
2025-02-14 00:00:00-05:00,136.4353006772254,139.20439781688884,135.4556258828613,138.80453491210938,195479600,0.0,0.0
2025-02-18 00:00:00-05:00,141.2237529999524,143.3930407195906,137.88483491061234,139.35435485839844,219176600,0.0,0.0
2025-02-19 00:00:00-05:00,139.46430955469114,141.31370984182348,137.17506616632772,139.1844024658203,167536000,0.0,0.0
2025-02-20 00:00:00-05:00,139.9841417995603,140.6139403685729,136.74519734237094,140.06411743164062,143903600,0.0,0.0
2025-02-21 00:00:00-05:00,139.99411868487,141.41366694156105,133.98609294492073,134.38595581054688,228217600,0.0,0.0
2025-02-24 00:00:00-05:00,136.51527743543022,138.544611438826,130.03740375103862,130.23733520507812,251381100,0.0,0.0
2025-02-25 00:00:00-05:00,129.93742515974864,130.1573543264651,124.39924631174091,126.5885238647461,271428700,0.0,0.0
2025-02-26 00:00:00-05:00,129.9474287481865,133.68619399137987,128.44792005609298,131.23699951171875,322553800,0.0,0.0
2025-02-27 00:00:00-05:00,134.9557838016939,134.96577503505506,119.97069557287365,120.11064910888672,443175800,0.0,0.0
2025-02-28 00:00:00-05:00,117.98134023479652,125.04902421361967,116.36187573271177,124.87908172607422,389091100,0.0,0.0
2025-03-03 00:00:00-05:00,123.46954557652553,123.65947815441595,112.2432206852501,114.02263641357422,411381400,0.0,0.0
2025-03-04 00:00:00-05:00,110.61376362073891,119.27092350243325,110.07393955565605,115.95201110839844,398163300,0.0,0.0
2025-03-05 00:00:00-05:00,117.54148848655969,118.2412561507128,114.47249437052442,117.26158142089844,284337900,0.0,0.0
2025-03-06 00:00:00-05:00,113.49281250827367,115.31221606989396,110.18389912538346,110.53378295898438,321181900,0.0,0.0
2025-03-07 00:00:00-05:00,111.21356818629886,113.44284126847423,107.52477413573757,112.6530990600586,341755500,0.0,0.0
2025-03-10 00:00:00-04:00,109.86401109514142,111.81336945167178,105.42546268101563,106.9449691772461,366487400,0.0,0.0
2025-03-11 00:00:00-04:00,106.95495594173273,112.20323643435479,104.73568182740638,108.72438049316406,354865700,0.0,0.0
2025-03-12 00:00:00-04:00,114.09312447156262,116.7325020716217,112.85341103244578,115.71273803710938,323857500,0.01,0.0
2025-03-13 00:00:00-04:00,117.0024278677365,117.73225924433854,113.76319330991835,115.55277252197266,299033100,0.0,0.0
2025-03-14 00:00:00-04:00,118.5820578648422,121.85128414551467,118.12216714928688,121.6413345336914,277593500,0.0,0.0
2025-03-17 00:00:00-04:00,122.711081524258,122.86104771124882,118.00219206936818,119.50183868408203,255501500,0.0,0.0
2025-03-18 00:00:00-04:00,117.97220343827061,118.99195980676369,114.51301940530757,115.4028091430664,299686900,0.0,0.0
2025-03-19 00:00:00-04:00,117.24236846895431,120.4216195833343,115.65274672556286,117.4923095703125,273426200,0.0,0.0
2025-03-20 00:00:00-04:00,116.52253841801043,120.17167220516042,116.44255543913019,118.50206756591797,248829700,0.0,0.0
2025-03-21 00:00:00-04:00,116.91244866461768,117.9621966837067,115.39280254041711,117.6722640991211,266498500,0.0,0.0
2025-03-24 00:00:00-04:00,119.8517551027078,122.19120779583362,119.31188140429414,121.38140106201172,228452500,0.0,0.0
2025-03-25 00:00:00-04:00,120.5216012824151,121.26142480153007,118.89198043130345,120.66156768798828,167447200,0.0,0.0
2025-03-26 00:00:00-04:00,118.70203035263671,118.81199741904777,112.68344440410922,113.73320007324219,293463300,0.0,0.0
2025-03-27 00:00:00-04:00,111.32376457585453,114.42303269482778,110.63393232562053,111.40374755859375,236902100,0.0,0.0
2025-03-28 00:00:00-04:00,111.46372827094805,112.84340799305504,109.04430030890691,109.64415740966797,229872500,0.0,0.0
2025-03-31 00:00:00-04:00,105.10522740758995,110.9338556226425,103.6255803841977,108.35446166992188,299212700,0.0,0.0
2025-04-01 00:00:00-04:00,108.49443304563391,110.17403760023085,106.4449205320371,110.12405395507812,222614000,0.0,0.0
2025-04-02 00:00:00-04:00,107.26472214391917,111.95361956622256,106.76483994973236,110.39398193359375,220601200,0.0,0.0
2025-04-03 00:00:00-04:00,103.48562015563714,105.60511590388697,101.57606639857329,101.7760238647461,338769400,0.0,0.0
2025-04-04 00:00:00-04:00,98.88670323249266,100.10640942744341,92.08830207120735,94.28778076171875,532273800,0.0,0.0
2025-04-07 00:00:00-04:00,87.43938789235719,101.72602116602216,86.59958951154498,97.61698913574219,611041300,0.0,0.0
2025-04-08 00:00:00-04:00,103.78553826456235,105.82505852328022,94.43774279946976,96.27731323242188,476243400,0.0,0.0
2025-04-09 00:00:00-04:00,98.86670469924479,115.07288532975399,97.50702445286697,114.30307006835938,612918300,0.0,0.0
2025-04-10 00:00:00-04:00,109.34423379452805,110.83388059600858,99.12664053501021,107.5446548461914,437812400,0.0,0.0
2025-04-11 00:00:00-04:00,108.4744417347206,111.52372632761113,107.45468536211307,110.90386962890625,313417300,0.0,0.0
2025-04-14 00:00:00-04:00,114.08312248391158,114.26308039077927,109.04430871921362,110.68392181396484,264705000,0.0,0.0
2025-04-15 00:00:00-04:00,110.94385517244878,113.5932323217664,110.47396469045397,112.1735610961914,228966900,0.0,0.0
2025-04-16 00:00:00-04:00,104.52537649088836,106.76484672728219,100.4263361362673,104.46538543701172,397016900,0.0,0.0
2025-04-17 00:00:00-04:00,104.42538906519317,104.44538862475022,100.02643178468185,101.4660873413086,292517500,0.0,0.0
2025-04-21 00:00:00-04:00,98.74673137333838,99.41657935183265,95.01761424618036,96.88717651367188,288501100,0.0,0.0
2025-04-22 00:00:00-04:00,98.75672452641882,99.78648062043173,97.2570779520085,98.86669921875,241004800,0.0,0.0
2025-04-23 00:00:00-04:00,104.4953697335839,104.77531016741209,101.99595878138034,102.68579864501953,247526000,0.0,0.0
2025-04-24 00:00:00-04:00,103.4556132191724,106.51488953927,103.08569768188364,106.40491485595703,220815000,0.0,0.0
2025-04-25 00:00:00-04:00,106.82483233532861,111.8936379045766,105.70510100806126,110.98385620117188,251064700,0.0,0.0
2025-04-28 00:00:00-04:00,109.66416443154382,110.34400455936343,105.9950231207954,108.70439147949219,207708500,0.0,0.0
2025-04-29 00:00:00-04:00,107.64463563001284,110.17403844763395,107.41469407982767,108.99431610107422,170444300,0.0,0.0
2025-04-30 00:00:00-04:00,104.44538450923935,108.89433288574219,104.05547701680861,108.89433288574219,235044600,0.0,0.0
2025-05-01 00:00:00-04:00,113.05335693358144,114.91291927434723,111.27377757314032,111.58370208740234,236121500,0.0,0.0
2025-05-02 00:00:00-04:00,114.15310576985596,115.37281962529518,113.34329900218786,114.47303009033203,190194800,0.0,0.0
2025-05-05 00:00:00-04:00,112.88340831442672,114.64298826396649,112.63346720059009,113.7931900024414,133163200,0.0,0.0
2025-05-06 00:00:00-04:00,111.4537475013017,114.7129742117387,110.7938992837595,113.51325988769531,158525600,0.0,0.0
2025-05-07 00:00:00-04:00,113.02337494499027,117.65228163619798,112.25355204144066,117.03242492675781,206758800,0.0,0.0
2025-05-08 00:00:00-04:00,118.22214377270919,118.65204278244111,115.82270761670769,117.34235382080078,198428100,0.0,0.0
2025-05-09 00:00:00-04:00,117.32235248570746,118.20215005190205,115.18285724943865,116.62252044677734,132972200,0.0,0.0
2025-05-12 00:00:00-04:00,121.94127499373305,122.97103118896484,120.25167057965504,122.97103118896484,225023300,0.0,0.0
2025-05-13 00:00:00-04:00,124.95056035306071,131.18908818741485,124.44067836400953,129.89938354492188,330430100,0.0,0.0
2025-05-14 00:00:00-04:00,133.16861033831793,135.40808800730593,131.6489642323906,135.30810546875,281180800,0.0,0.0
2025-05-15 00:00:00-04:00,134.25836692241,136.26790331471523,132.62876117393418,134.79824829101562,226632600,0.0,0.0
2025-05-16 00:00:00-04:00,136.18791721457987,136.31789147723805,133.42857277146337,135.36810302734375,226542500,0.0,0.0
2025-05-19 00:00:00-04:00,132.35879696756518,135.83797251007488,132.35879696756518,135.53805541992188,193154600,0.0,0.0
2025-05-20 00:00:00-04:00,134.2583525069389,134.54829272140586,132.58874781513978,134.3483428955078,161514200,0.0,0.0
2025-05-21 00:00:00-04:00,133.02864907239967,137.36762292180558,130.55922977564506,131.76895141601562,270608700,0.0,0.0
2025-05-22 00:00:00-04:00,132.19884131725317,134.21836966107523,131.51900885300861,132.7987060546875,187344000,0.0,0.0
2025-05-23 00:00:00-04:00,129.96937433382988,132.64873565144939,129.12957588399638,131.25906372070312,198821300,0.0,0.0
2025-05-27 00:00:00-04:00,134.1183754403962,135.6280293045703,133.27857708527512,135.4680633544922,192953600,0.0,0.0
2025-05-28 00:00:00-04:00,135.9979578766118,137.2176717346689,134.75824445795843,134.7782440185547,304021100,0.0,0.0
2025-05-29 00:00:00-04:00,142.21648797143945,143.45620133736625,137.87751407348716,139.15721130371094,369241900,0.0,0.0
2025-05-30 00:00:00-04:00,138.6873257641086,139.58710766728817,132.88868890141003,135.09817504882812,333170900,0.0,0.0
2025-06-02 00:00:00-04:00,135.45808684638126,138.08745689917103,135.36809645457458,137.34764099121094,197663100,0.0,0.0
2025-06-03 00:00:00-04:00,138.74729436292043,141.9665367692297,137.91748812723765,141.1867218017578,225578800,0.0,0.0
2025-06-04 00:00:00-04:00,142.15650682982962,142.3564566649135,139.5071219355859,141.88656616210938,167120800,0.0,0.0
2025-06-05 00:00:00-04:00,142.13651043477643,143.96608121416313,138.79730082341692,139.95703125,231397900,0.0,0.0
2025-06-06 00:00:00-04:00,142.47640682683559,143.23623746842864,141.47664251332282,141.6865997314453,153986200,0.0,0.0
2025-06-09 00:00:00-04:00,143.15627066728982,144.96584183837217,141.9065651342004,142.59640502929688,185114500,0.0,0.0
2025-06-10 00:00:00-04:00,142.65638139553192,144.25599524562207,141.4966510569608,143.92608642578125,155881900,0.0,0.0
2025-06-11 00:00:00-04:00,144.5859620448177,144.96590375929992,141.84641202362192,142.80625915527344,167694000,0.01,0.0
2025-06-12 00:00:00-04:00,141.94641106631286,144.9759063720703,141.82643588786814,144.9759063720703,162365000,0.0,0.0
2025-06-13 00:00:00-04:00,142.4563055840922,143.556128789635,140.8265869783813,141.94639587402344,180820600,0.0,0.0
2025-06-16 00:00:00-04:00,143.32618096280035,146.1556971839991,143.1761967394354,144.66595458984375,183133700,0.0,0.0
2025-06-17 00:00:00-04:00,144.46598768948277,145.1958620737219,143.75609899624828,144.09603881835938,139108000,0.0,0.0
2025-06-18 00:00:00-04:00,143.9860537050978,145.62578045463974,143.0962022725339,145.455810546875,161494100,0.0,0.0
2025-06-20 00:00:00-04:00,145.42582047781178,146.17569581398777,142.6262828381709,143.8260955810547,242956200,0.0,0.0
2025-06-23 00:00:00-04:00,142.47632119978937,144.7559411184857,142.00639807778802,144.1460418701172,154308900,0.0,0.0
2025-06-24 00:00:00-04:00,145.53578955415,147.93539956519925,145.47580197371775,147.87539672851562,187566100,0.0,0.0
2025-06-25 00:00:00-04:00,149.24520677628502,154.4243389252029,149.23519867353343,154.28436279296875,269146500,0.0,0.0
2025-06-26 00:00:00-04:00,155.95406403411533,156.69394650127538,153.97439748110884,154.99423217773438,198145700,0.0,0.0
2025-06-27 00:00:00-04:00,156.01407794562124,158.68364793378802,155.23420870961348,157.7238006591797,263234500,0.0,0.0
2025-06-30 00:00:00-04:00,158.37368067249696,158.6336472456001,155.93409881773164,157.96376037597656,194580300,0.0,0.0
2025-07-01 00:00:00-04:00,156.26402965591922,157.17388214393176,151.46483925954294,153.2745361328125,213143600,0.0,0.0
2025-07-02 00:00:00-04:00,152.9545671877056,157.57380961936815,152.94457434216997,157.22386169433594,171224100,0.0,0.0
2025-07-03 00:00:00-04:00,158.34368228178877,160.95324924613055,157.74379112425564,159.3135223388672,143716100,0.0,0.0
2025-07-07 00:00:00-04:00,158.17371270193448,159.28352889047815,157.31385497697042,158.21371459960938,140139000,0.0,0.0
2025-07-08 00:00:00-04:00,159.3035323273478,160.19338386133896,158.36368604860908,159.97341918945312,138133000,0.0,0.0
2025-07-09 00:00:00-04:00,161.1932080055649,164.39267314506114,161.13322041798892,162.85293579101562,183656400,0.0,0.0
2025-07-10 00:00:00-04:00,164.29270331195812,164.4726660794993,161.5831469026993,164.07273864746094,167704100,0.0,0.0
2025-07-11 00:00:00-04:00,163.6927958392512,167.862101078866,163.44283738179527,164.89259338378906,193633300,0.0,0.0
2025-07-14 00:00:00-04:00,165.3425116109199,165.4625020418882,161.99307751467913,164.04273986816406,136975800,0.0,0.0
2025-07-15 00:00:00-04:00,171.1615549258278,172.37134531045626,169.17188012202328,170.671630859375,230627400,0.0,0.0
2025-07-16 00:00:00-04:00,171.03157616389174,171.72146396229547,168.87193138356372,171.34152221679688,158831500,0.0,0.0
2025-07-17 00:00:00-04:00,171.99141956059896,174.13106334471073,170.80161486292053,172.97125244140625,160841100,0.0,0.0
2025-07-18 00:00:00-04:00,173.61115431570738,174.22105359276725,171.23154479926822,172.38136291503906,146456400,0.0,0.0
2025-07-21 00:00:00-04:00,172.72129949000853,173.35119970444802,170.97159023323564,171.35153198242188,123126100,0.0,0.0
2025-07-22 00:00:00-04:00,171.31154005146294,171.36153479867312,164.55266825003173,167.00225830078125,193114300,0.0,0.0
2025-07-23 00:00:00-04:00,169.5018251648929,171.23153339032083,167.94208685699226,170.75161743164062,154082200,0.0,0.0
2025-07-24 00:00:00-04:00,172.41134882841166,173.80111724784433,171.27153886755505,173.7111358642578,128984600,0.0,0.0
2025-07-25 00:00:00-04:00,173.58115848322245,174.69097468726906,172.9312725713388,173.47117614746094,122316800,0.0,0.0
2025-07-28 00:00:00-04:00,173.99108478739527,176.97058528484683,173.94109004538618,176.7206268310547,140023500,0.0,0.0
2025-07-29 00:00:00-04:00,177.93044011853775,179.35020236643535,174.99092613442062,175.4808349609375,154077500,0.0,0.0
2025-07-30 00:00:00-04:00,176.48066791766442,179.86011122312902,176.01074478620916,179.24021911621094,174312200,0.0,0.0
2025-07-31 00:00:00-04:00,182.86960179799485,183.26954448460754,175.9007587673991,177.84043884277344,221685400,0.0,0.0
2025-08-01 00:00:00-04:00,174.06106522140865,176.51065501732398,170.86160006411595,173.69113159179688,204529000,0.0,0.0
2025-08-04 00:00:00-04:00,175.1309006070304,180.17005649193501,174.49100755408614,179.9700927734375,148174600,0.0,0.0
2025-08-05 00:00:00-04:00,179.59015184800575,180.23004490386853,175.87076869322405,178.23037719726562,156407600,0.0,0.0
2025-08-06 00:00:00-04:00,176.30069964693718,179.87009845787975,176.22071111043454,179.3901824951172,137192300,0.0,0.0
2025-08-07 00:00:00-04:00,181.53984513179375,183.84945895635624,178.7703010091291,180.73997497558594,151878400,0.0,0.0
2025-08-08 00:00:00-04:00,181.51984435483087,183.2695536485861,180.37002623661053,182.66964721679688,123396700,0.0,0.0
2025-08-11 00:00:00-04:00,182.01974653412333,183.80944232526838,180.2200426409657,182.0297393798828,138323200,0.0,0.0
2025-08-12 00:00:00-04:00,182.9295986692803,184.44933506001817,179.4301803710301,183.1295623779297,145485700,0.0,0.0
2025-08-13 00:00:00-04:00,182.58965738273272,183.93943921657484,179.3202115957667,181.55982971191406,179871700,0.0,0.0
2025-08-14 00:00:00-04:00,179.72011917648817,182.98957985829236,179.43017409752198,181.98974609375,129554000,0.0,0.0
2025-08-15 00:00:00-04:00,181.84978375259033,181.86976944489334,178.01041021115256,180.42001342773438,156602200,0.0,0.0
2025-08-18 00:00:00-04:00,180.56998232776263,182.90958965389834,180.55997422620712,181.979736328125,132008000,0.0,0.0
2025-08-19 00:00:00-04:00,182.39967416584764,182.46966985536903,175.46084035755914,175.61080932617188,185229200,0.0,0.0
2025-08-20 00:00:00-04:00,175.1408920976954,175.9707560164781,168.77195541250927,175.370849609375,215142700,0.0,0.0
2025-08-21 00:00:00-04:00,174.8209444570093,176.87059152353538,173.78110877087863,174.95091247558594,140040900,0.0,0.0
2025-08-22 00:00:00-04:00,172.58132291943235,178.56032512128596,171.17155351749952,177.96043395996094,172789400,0.0,0.0
2025-08-25 00:00:00-04:00,178.3203719824875,181.87977802218637,176.54066896263805,179.78012084960938,163012800,0.0,0.0
2025-08-26 00:00:00-04:00,180.03006938032237,182.35968393651802,178.7802771456414,181.7397918701172,168688200,0.0,0.0
2025-08-27 00:00:00-04:00,181.94976597929116,182.45969102424806,179.07025476697962,181.56983947753906,235518900,0.0,0.0
2025-08-28 00:00:00-04:00,180.7899615720414,184.43934897141472,176.3806906932069,180.1400604248047,281787800,0.0,0.0
2025-08-29 00:00:00-04:00,178.08040158317536,178.12038822306508,173.12121914292007,174.1510467529297,243257900,0.0,0.0
2025-09-02 00:00:00-04:00,169.9717482776903,172.351357635579,167.19221149694363,170.75161743164062,231164900,0.0,0.0
2025-09-03 00:00:00-04:00,171.03158891427162,172.38137081666613,168.851958278929,170.59165954589844,164424900,0.0,0.0
2025-09-04 00:00:00-04:00,170.54166973363456,171.83144870716828,169.381858788342,171.63148498535156,141670100,0.0,0.0
2025-09-05 00:00:00-04:00,168.00209055003162,169.0019244592772,164.04275681292185,166.9922637939453,224441400,0.0,0.0
2025-09-08 00:00:00-04:00,167.5221599855096,170.93159698121408,167.32219627229085,168.2820281982422,163769100,0.0,0.0
2025-09-09 00:00:00-04:00,169.0618925540675,170.95157781434446,166.71229229208453,170.7316131591797,157548400,0.0,0.0
2025-09-10 00:00:00-04:00,176.61064931709572,179.26020289704138,175.44084555219968,177.300537109375,226852000,0.0,0.0
2025-09-11 00:00:00-04:00,179.66027757334626,180.26021784214308,176.4606317396978,177.1505584716797,151159300,0.01,0.0
2025-09-12 00:00:00-04:00,177.75047851465564,178.5803891806412,176.43061617633268,177.80047607421875,124911000,0.0,0.0
2025-09-15 00:00:00-04:00,175.650725630949,178.83038469078608,174.49084923140515,177.73049926757812,147061600,0.0,0.0
2025-09-16 00:00:00-04:00,176.98057174387853,177.4805168617991,174.36086420825131,174.86080932617188,140737800,0.0,0.0
2025-09-17 00:00:00-04:00,172.62104942275718,173.18098551277336,168.39151800406466,170.27130126953125,211843800,0.0,0.0
2025-09-18 00:00:00-04:00,173.96089569350613,177.08056354559588,172.94101865721873,176.2206573486328,191763300,0.0,0.0
2025-09-19 00:00:00-04:00,175.7506939671915,178.06043774665943,175.16074718989944,176.6505889892578,237182100,0.0,0.0
2025-09-22 00:00:00-04:00,175.28075846993005,184.52974299714734,174.69082690233378,183.58984375,269637000,0.0,0.0
2025-09-23 00:00:00-04:00,181.95002022927713,182.3999677661597,176.19065819152993,178.410400390625,192559600,0.0,0.0
2025-09-24 00:00:00-04:00,179.75025700209653,179.76025041106172,175.38072666046574,176.9505615234375,143564100,0.0,0.0
2025-09-25 00:00:00-04:00,174.4608472798892,180.2402117285651,173.11100459099512,177.67050170898438,191586700,0.0,0.0
2025-09-26 00:00:00-04:00,178.15043859744398,179.750269051669,174.91078879333958,178.17044067382812,148573700,0.0,0.0
2025-09-29 00:00:00-04:00,180.41019002973698,183.97980553666213,180.30021674934378,181.83004760742188,193063500,0.0,0.0
2025-09-30 00:00:00-04:00,182.06000352373024,187.32942897828707,181.4600633204032,186.55950927734375,236981000,0.0,0.0
2025-10-01 00:00:00-04:00,185.21967144700423,188.11934700723293,183.87980694521147,187.21945190429688,173844900,0.0,0.0
2025-10-02 00:00:00-04:00,189.57919146332628,191.0290292282152,188.03935198339767,188.8692626953125,136805800,0.0,0.0
2025-10-03 00:00:00-04:00,189.16924608680657,190.33911589327732,185.35966652947783,187.5994110107422,137596900,0.0,0.0
2025-10-06 00:00:00-04:00,185.4796339074747,187.20943969833962,183.3098739831843,185.51962280273438,157678100,0.0,0.0
2025-10-07 00:00:00-04:00,186.20955566811082,189.03924688644503,183.97980469837793,185.01968383789062,140088000,0.0,0.0
2025-10-08 00:00:00-04:00,186.5495190429729,189.57918508139647,186.51950830089396,189.0892333984375,130168900,0.0,0.0
2025-10-09 00:00:00-04:00,192.20888438710807,195.27855455286462,191.039014711271,192.54885864257812,182997200,0.0,0.0
2025-10-10 00:00:00-04:00,193.4887469873255,195.59851591827854,182.03001384654092,183.139892578125,268774400,0.0,0.0
2025-10-13 00:00:00-04:00,187.9493639887039,190.08912842775598,185.93959015922437,188.29933166503906,153482800,0.0,0.0
2025-10-14 00:00:00-04:00,184.74970821605342,184.77970370013514,179.6802578066599,180.01022338867188,205641400,0.0,0.0
2025-10-15 00:00:00-04:00,184.77971248532194,184.84969686580231,177.2705272995106,179.8102569580078,214450500,0.0,0.0
2025-10-16 00:00:00-04:00,182.20999112544493,183.2598789113643,179.75026972003684,181.7900390625,179723300,0.0,0.0
2025-10-17 00:00:00-04:00,180.1602152773484,184.07979842608083,179.7302697995737,183.19989013671875,173135200,0.0,0.0
2025-10-20 00:00:00-04:00,183.10990104163824,185.1796658652692,181.7100455780644,182.6199493408203,128544700,0.0,0.0
2025-10-21 00:00:00-04:00,182.76991679751694,182.76991679751694,179.7802549646251,181.14010620117188,124240200,0.0,0.0
2025-10-22 00:00:00-04:00,181.12011433169937,183.4198648953589,176.74059027394597,180.2602081298828,162249600,0.0,0.0
2025-10-23 00:00:00-04:00,180.4001849787377,183.0098989665471,179.7702492811968,182.13999938964844,111363700,0.0,0.0
2025-10-24 00:00:00-04:00,183.81980015643103,187.44940625639555,183.47984116964938,186.23953247070312,131296700,0.0,0.0
2025-10-27 00:00:00-04:00,189.9691435897376,191.97891738858848,188.4093020699799,191.46897888183594,153452700,0.0,0.0
2025-10-28 00:00:00-04:00,193.0288146936141,203.12769700573313,191.8889404255143,201.0079345703125,297986200,0.0,0.0
2025-10-29 00:00:00-04:00,207.95717223581016,212.1667169482571,204.7575264516481,207.01727294921875,308829600,0.0,0.0
2025-10-30 00:00:00-04:00,205.12746791137428,206.13736677538768,201.38788833732997,202.8677215576172,178864400,0.0,0.0
2025-10-31 00:00:00-04:00,206.42733011185774,207.94716749796044,202.04782138155986,202.4677734375,179802200,0.0,0.0
2025-11-03 00:00:00-05:00,208.05714970598171,211.31678618801203,205.53742218982754,206.85728454589844,180267300,0.0,0.0
2025-11-04 00:00:00-05:00,202.9777066091775,203.9476013046771,197.90825607143535,198.66818237304688,188919300,0.0,0.0
2025-11-05 00:00:00-05:00,198.7481902403631,202.89772869539195,194.6286320152979,195.18858337402344,171350300,0.0,0.0
2025-11-06 00:00:00-05:00,196.39843756369172,197.59830279082226,186.35954634625867,188.05935668945312,223029800,0.0,0.0
2025-11-07 00:00:00-05:00,184.87970536775757,188.29934352754728,178.8903723972709,188.1293487548828,264942300,0.0,0.0
2025-11-10 00:00:00-05:00,195.08858253564551,199.91805415635875,193.76872011438098,199.0281524658203,198897100,0.0,0.0
2025-11-11 00:00:00-05:00,195.13857433756354,195.3985402959953,191.2789975702345,193.1387939453125,176483300,0.0,0.0
2025-11-12 00:00:00-05:00,195.69851973704638,195.86849924763862,191.1090271797132,193.7787322998047,154935300,0.0,0.0
2025-11-13 00:00:00-05:00,191.02901978717685,191.4189763426968,183.82981362374773,186.8394775390625,207423100,0.0,0.0
2025-11-14 00:00:00-05:00,182.8399142970662,190.98901295495202,180.56016596493993,190.14910888671875,186591900,0.0,0.0
2025-11-17 00:00:00-05:00,185.9495778546046,188.9792438771453,184.29976516169708,186.5795135498047,173628900,0.0,0.0
2025-11-18 00:00:00-05:00,183.3598703733926,184.7797126313021,179.6302689297591,181.340087890625,213598900,0.0,0.0
2025-11-19 00:00:00-05:00,184.76970592228736,187.8393762025218,182.8099296469334,186.49952697753906,247246400,0.0,0.0
2025-11-20 00:00:00-05:00,195.92847930218133,195.97847686300787,179.83025642841662,180.6201629638672,343504800,0.0,0.0
2025-11-21 00:00:00-05:00,181.22010834266524,184.5397359279593,172.91100782704066,178.86036682128906,346926200,0.0,0.0
2025-11-24 00:00:00-05:00,179.47030653663683,183.4798609481747,176.4606271183833,182.52996826171875,256618300,0.0,0.0
2025-11-25 00:00:00-05:00,174.89079203873564,178.14043506786686,169.53138015579162,177.80047607421875,320600300,0.0,0.0
2025-11-26 00:00:00-05:00,181.6100638206842,182.8899220695924,178.22043661727494,180.24020385742188,183852000,0.0,0.0
2025-11-28 00:00:00-05:00,178.99033405428943,179.2703020816569,176.48061521713345,176.98056030273438,121332800,0.0,0.0
2025-12-01 00:00:00-05:00,174.7408159055669,180.2802164760195,173.66093259662904,179.90025329589844,188131000,0.0,0.0
2025-12-02 00:00:00-05:00,181.7400335835938,185.63961443898967,179.98023235974816,181.44007873535156,182632200,0.0,0.0
2025-12-03 00:00:00-05:00,181.06012391136443,182.4299686383783,179.09033894604931,179.57028198242188,165138000,0.0,0.0
2025-12-04 00:00:00-05:00,181.61017209543593,184.51002440204854,179.95027347354184,183.37008666992188,167364900,0.01,0.0
2025-12-05 00:00:00-05:00,183.88004685245298,184.6500094505641,180.9002124089338,182.40013122558594,143971100,0.0,0.0
2025-12-08 00:00:00-05:00,182.6301165694494,187.98982714518382,182.39012406320575,185.5399627685547,204378100,0.0,0.0
2025-12-09 00:00:00-05:00,185.54995586495326,185.70995086836587,183.31008684903045,184.95999145507812,144719700,0.0,0.0
2025-12-10 00:00:00-05:00,184.9599880707457,185.46995496958337,182.03013874897007,183.77005004882812,162785400,0.0,0.0
2025-12-11 00:00:00-05:00,180.27023782951787,181.31019006496976,176.61043233199788,180.92019653320312,182136600,0.0,0.0
2025-12-12 00:00:00-05:00,181.10019518559332,182.81010931847595,174.61054106596097,175.01052856445312,204274900,0.0,0.0
2025-12-15 00:00:00-05:00,177.93037643785232,178.4103461991077,175.02053019793698,176.28045654296875,164775600,0.0,0.0
2025-12-16 00:00:00-05:00,176.25046044282257,178.48035080582065,174.8905333961456,177.71038818359375,148588100,0.0,0.0
2025-12-17 00:00:00-05:00,176.0904801521757,176.12047730871902,170.30078481189744,170.93075561523438,222775500,0.0,0.0
2025-12-18 00:00:00-05:00,174.52054772862792,176.14045512074784,171.8107030234881,174.1305694580078,176096000,0.0,0.0
2025-12-19 00:00:00-05:00,176.6604358481607,181.4401759084778,176.3304518785618,180.98020935058594,324925900,0.0,0.0
2025-12-22 00:00:00-05:00,183.91003698180788,184.15002947616998,182.34012994783166,183.6800537109375,129064400,0.0,0.0
2025-12-23 00:00:00-05:00,182.96010023623109,189.31975669034466,182.89009670029142,189.19976806640625,174873600,0.0,0.0
2025-12-24 00:00:00-05:00,187.92983057380172,188.899779295176,186.57989753660073,188.59979248046875,65528500,0.0,0.0
2025-12-26 00:00:00-05:00,189.9097162518428,192.67957056140054,187.98982202804387,190.51968383789062,139740300,0.0,0.0
2025-12-29 00:00:00-05:00,187.6998414610299,188.749772392931,185.8999358866866,188.20980834960938,120006100,0.0,0.0
2025-12-30 00:00:00-05:00,188.22982052336855,188.9797799436452,186.91987858592935,187.52984619140625,97687300,0.0,0.0
2025-12-31 00:00:00-05:00,189.55975523635485,190.54969193131708,186.47991997410415,186.4899139404297,120100500,0.0,0.0
2026-01-02 00:00:00-05:00,189.82971935613102,192.91954841717475,188.24980305842183,188.83978271484375,148240500,0.0,0.0
2026-01-05 00:00:00-05:00,191.74961996436147,193.61952916959007,186.13992286460274,188.1098175048828,183529700,0.0,0.0
2026-01-06 00:00:00-05:00,190.50969495089785,192.15959956375178,186.80989821500853,187.22987365722656,176862600,0.0,0.0
2026-01-07 00:00:00-05:00,188.55979791265688,191.35963411085106,186.54989697142676,189.09976196289062,153543200,0.0,0.0
2026-01-08 00:00:00-05:00,189.09977067708235,189.53974931649188,183.70006889406122,185.0299835205078,172457000,0.0,0.0
2026-01-09 00:00:00-05:00,185.06998015284367,186.32990643372668,183.66005283935564,184.84999084472656,131327500,0.0,0.0
2026-01-12 00:00:00-05:00,183.2100845491025,187.10986736077922,183.010098425574,184.92999267578125,137968500,0.0,0.0
2026-01-13 00:00:00-05:00,184.9899882929175,188.0998205983224,183.3900687774691,185.79994201660156,160128900,0.0,0.0
2026-01-14 00:00:00-05:00,184.3100252062831,184.45001701406107,180.79021156477043,183.1300811767578,159586100,0.0,0.0
2026-01-15 00:00:00-05:00,186.48991316970114,189.6897370464893,186.31992419508657,187.03988647460938,206188600,0.0,0.0
2026-01-16 00:00:00-05:00,189.06976141755646,190.4296883714215,186.06992389502736,186.21990966796875,187967200,0.0,0.0
2026-01-20 00:00:00-05:00,181.89014292514364,182.37012791600927,177.60038196777572,178.06036376953125,223345300,0.0,0.0
2026-01-21 00:00:00-05:00,179.04031586008543,185.3699752173061,178.3903418724365,183.31008911132812,200381000,0.0,0.0
2026-01-22 00:00:00-05:00,184.7399951080077,186.15991637882954,183.92003219020145,184.82998657226562,139636600,0.0,0.0
2026-01-23 00:00:00-05:00,187.48984685190618,189.58973923983262,186.80989099781206,187.6598358154297,142748100,0.0,0.0
2026-01-26 00:00:00-05:00,187.1498802806874,189.1097657209082,185.97994539629804,186.4599151611328,124799600,0.0,0.0
2026-01-27 00:00:00-05:00,187.22986667366473,189.9897117301412,185.6899415183402,188.50979614257812,143711600,0.0,0.0
2026-01-28 00:00:00-05:00,191.25965707901594,192.33960048487265,189.82972650403363,191.5096435546875,148552700,0.0,0.0
2026-01-29 00:00:00-05:00,191.32963792417547,193.46952146246272,186.04992498376654,192.49957275390625,171764400,0.0,0.0
2026-01-30 00:00:00-05:00,191.19965692455457,194.47947816452233,189.45974561417185,191.11965942382812,179489500,0.0,0.0
2026-02-02 00:00:00-05:00,187.1898706566695,190.2897090701948,184.87000408758857,185.59996032714844,165794100,0.0,0.0
2026-02-03 00:00:00-05:00,186.22992037566058,186.25991753048794,176.22045266395375,180.33023071289062,204019600,0.0,0.0
2026-02-04 00:00:00-05:00,179.45029148582987,179.57028010697434,171.90069716024271,174.18057250976562,207014100,0.0,0.0
2026-02-05 00:00:00-05:00,174.92051964769362,176.81043194569037,171.020736948564,171.87069702148438,206312900,0.0,0.0
2026-02-06 00:00:00-05:00,176.6804343618602,186.98987361565233,174.59055120100808,185.39996337890625,231346200,0.0,0.0
2026-02-09 00:00:00-05:00,184.25002288009932,193.64952333361757,183.9400420976916,190.0297088623047,196387400,0.0,0.0
2026-02-10 00:00:00-05:00,191.36964298604585,192.46957427391544,188.10980972728564,188.52978515625,136764800,0.0,0.0
2026-02-11 00:00:00-05:00,192.43958265041238,193.24953637655122,188.75978911487715,190.0397186279297,144192700,0.0,0.0
2026-02-12 00:00:00-05:00,193.01955263160718,193.5995230748733,186.49990120030046,186.9298858642578,189932500,0.0,0.0
2026-02-13 00:00:00-05:00,187.4698554447334,187.4898586352177,181.58017462912434,182.80010986328125,161888000,0.0,0.0
2026-02-17 00:00:00-05:00,181.74016448672575,187.13986615921206,179.17029624003743,184.95999145507812,162276900,0.0,0.0
2026-02-18 00:00:00-05:00,188.73978069812654,190.3596881055438,186.7498829478333,187.96981811523438,164749100,0.0,0.0
2026-02-19 00:00:00-05:00,187.04988063530703,188.41980165789556,185.64996245587088,187.88983154296875,126554500,0.0,0.0
2026-02-20 00:00:00-05:00,186.5599139825128,190.31970507557438,185.92994318264132,189.8097381591797,178422300,0.0,0.0
2026-02-23 00:00:00-05:00,191.3896412925324,193.93950641757905,189.56974766836524,191.53964233398438,171584800,0.0,0.0
2026-02-24 00:00:00-05:00,191.47964208446245,193.75951747058733,187.38985183856119,192.83956909179688,175123600,0.0,0.0
2026-02-25 00:00:00-05:00,194.43946745531196,197.61930319203404,193.77949953248776,195.54940795898438,250637100,0.0,0.0
2026-02-26 00:00:00-05:00,194.25948668244985,194.27947461393586,184.31002841741252,184.87998962402344,360807900,0.0,0.0
2026-02-27 00:00:00-05:00,181.2401979138715,182.5801217841234,176.3704661683341,177.180419921875,311636500,0.0,0.0
2026-03-02 00:00:00-05:00,175.00052620838028,183.45008125730604,174.63055110847353,182.47012329101562,209095300,0.0,0.0
2026-03-03 00:00:00-05:00,178.4803396065267,180.8901975001603,176.91041730394699,180.04025268554688,178099400,0.0,0.0
2026-03-04 00:00:00-05:00,180.4302401537762,184.69000418349444,180.0502558302461,183.03009033203125,177731200,0.0,0.0
2026-03-05 00:00:00-05:00,181.1601973472636,184.05004039552568,177.87038204113773,183.330078125,198779700,0.0,0.0
2026-03-06 00:00:00-05:00,179.83025866705609,182.7500987288974,176.81043317462274,177.8103790283203,189021900,0.0,0.0
2026-03-09 00:00:00-04:00,176.82042919903367,182.90010189125664,175.55049367782217,182.64010620117188,177213600,0.0,0.0
2026-03-10 00:00:00-04:00,182.39012758732315,186.42991760168223,182.00014929336922,184.760009765625,179118500,0.0,0.0
2026-03-11 00:00:00-04:00,185.91000366210938,187.6199951171875,184.4499969482422,186.02999877929688,145280400,0.01,0.0
2026-03-12 00:00:00-04:00,184.0500030517578,184.94000244140625,181.75,183.13999938964844,155762700,0.0,0.0
2026-03-13 00:00:00-04:00,184.9199981689453,186.08999633789062,179.94000244140625,180.25,160988400,0.0,0.0
2026-03-16 00:00:00-04:00,182.97000122070312,188.8800048828125,181.41000366210938,183.22000122070312,217307400,0.0,0.0
2026-03-17 00:00:00-04:00,185.05999755859375,185.39999389648438,181.67999267578125,181.92999267578125,182497800,0.0,0.0
2026-03-18 00:00:00-04:00,182.47999572753906,183.3800048828125,180.3300018310547,180.39999389648438,156683100,0.0,0.0
2026-03-19 00:00:00-04:00,178.00999450683594,179.97999572753906,175.7899932861328,178.55999755859375,170968500,0.0,0.0
2026-03-20 00:00:00-04:00,178.0,178.25999450683594,171.72000122070312,172.6999969482422,241323500,0.0,0.0
2026-03-23 00:00:00-04:00,177.25999450683594,178.3699951171875,174.75999450683594,175.63999938964844,182836300,0.0,0.0
2026-03-24 00:00:00-04:00,174.8300018310547,176.22000122070312,173.97999572753906,175.1999969482422,147667800,0.0,0.0
2026-03-25 00:00:00-04:00,177.10000610351562,181.22000122070312,176.85000610351562,178.67999267578125,162602100,0.0,0.0
2026-03-26 00:00:00-04:00,176.07000732421875,176.50999450683594,171.13999938964844,171.24000549316406,186152200,0.0,0.0
2026-03-27 00:00:00-04:00,170.0,170.97000122070312,167.00999450683594,167.52000427246094,196212700,0.0,0.0
2026-03-30 00:00:00-04:00,168.77999877929688,169.4499969482422,164.27000427246094,165.1699981689453,185627000,0.0,0.0
2026-03-31 00:00:00-04:00,166.97000122070312,174.6199951171875,166.9600067138672,174.39999389648438,226181300,0.0,0.0
2026-04-01 00:00:00-04:00,176.0,177.3699951171875,174.75,175.75,168132000,0.0,0.0
2026-04-02 00:00:00-04:00,172.17999267578125,177.49000549316406,171.3699951171875,177.38999938964844,143143200,0.0,0.0
2026-04-06 00:00:00-04:00,177.16000366210938,177.7899932861328,175.75999450683594,177.63999938964844,107564300,0.0,0.0
2026-04-07 00:00:00-04:00,175.72999572753906,178.22999572753906,173.66000366210938,178.10000610351562,132534900,0.0,0.0
2026-04-08 00:00:00-04:00,184.5,185.25999450683594,180.3000030517578,182.0800018310547,147732700,0.0,0.0
2026-04-09 00:00:00-04:00,181.83999633789062,184.0800018310547,180.6199951171875,183.91000366210938,116428500,0.0,0.0
2026-04-10 00:00:00-04:00,184.30999755859375,190.0,184.3000030517578,188.6300048828125,160459500,0.0,0.0
2026-04-13 00:00:00-04:00,186.02999877929688,189.66000366210938,185.74000549316406,189.30999755859375,133648200,0.0,0.0
2026-04-14 00:00:00-04:00,190.83999633789062,196.50999450683594,190.77000427246094,196.50999450683594,161307000,0.0,0.0
2026-04-15 00:00:00-04:00,196.5399932861328,200.39999389648438,195.74000549316406,198.8699951171875,185338400,0.0,0.0
2026-04-16 00:00:00-04:00,197.42999267578125,199.85000610351562,195.80999755859375,198.35000610351562,134012900,0.0,0.0
2026-04-17 00:00:00-04:00,199.89999389648438,201.6999969482422,199.27000427246094,201.67999267578125,160324400,0.0,0.0
2026-04-20 00:00:00-04:00,199.97999572753906,202.1699981689453,197.83999633789062,202.05999755859375,119381400,0.0,0.0
2026-04-21 00:00:00-04:00,202.1300048828125,202.75,199.0,199.8800048828125,107945300,0.0,0.0
2026-04-22 00:00:00-04:00,200.99000549316406,202.5,199.0,202.5,107501000,0.0,0.0
2026-04-23 00:00:00-04:00,202.4600067138672,203.8300018310547,197.22000122070312,199.63999938964844,113561800,0.0,0.0
2026-04-24 00:00:00-04:00,199.9600067138672,210.9499969482422,199.80999755859375,208.27000427246094,214134400,0.0,0.0
2026-04-27 00:00:00-04:00,209.64999389648438,216.8300018310547,207.3800048828125,216.61000061035156,187172400,0.0,0.0
2026-04-28 00:00:00-04:00,209.49000549316406,214.72999572753906,208.1999969482422,213.1699981689453,180275400,0.0,0.0
2026-04-29 00:00:00-04:00,212.6999969482422,212.72000122070312,207.5800018310547,209.25,123711800,0.0,0.0
2026-04-30 00:00:00-04:00,209.92999267578125,210.3000030517578,198.6999969482422,199.57000732421875,225239200,0.0,0.0
2026-05-01 00:00:00-04:00,201.27999877929688,203.0,197.1199951171875,198.4499969482422,128647000,0.0,0.0
2026-05-04 00:00:00-04:00,199.5,201.72999572753906,194.74000549316406,198.47999572753906,125368100,0.0,0.0
2026-05-05 00:00:00-04:00,199.3000030517578,200.24000549316406,196.02999877929688,196.5,109909042,0.0,0.0
